{
	"credit": "Made with Blockbench",
	"texture_size": [64, 64],
	"textures": {
		"0": "6dt2_custom/6dt2_slenderman/6dt2_slenderman",
		"particle": "6dt2_custom/6dt2_slenderman/6dt2_slenderman"
	},
	"elements": [
		{
			"from": [7.79778, 9.39896, 24.81061],
			"to": [8.46526, 10.00576, 28.45141],
			"rotation": {"angle": 22.5, "axis": "y", "origin": [7.3811, 9.70236, 21.88698]},
			"faces": {
				"north": {"uv": [8.1875, 6.5, 9, 7.75], "rotation": 270, "texture": "#0"},
				"east": {"uv": [8.1875, 6.5, 9, 7.75], "rotation": 270, "texture": "#0"},
				"south": {"uv": [8.1875, 6.5, 9, 7.75], "rotation": 270, "texture": "#0"},
				"west": {"uv": [8.1875, 6.5, 9, 7.75], "rotation": 270, "texture": "#0"},
				"up": {"uv": [8.1875, 6.5, 9, 7.75], "rotation": 180, "texture": "#0"},
				"down": {"uv": [8.1875, 6.5, 9, 7.75], "rotation": 180, "texture": "#0"}
			}
		},
		{
			"from": [7.91914, 9.52032, 21.16981],
			"to": [8.3439, 9.8844, 24.81061],
			"rotation": {"angle": 22.5, "axis": "y", "origin": [7.3811, 9.70236, 21.88698]},
			"faces": {
				"north": {"uv": [8.1875, 6.5, 9, 7.75], "rotation": 270, "texture": "#0"},
				"east": {"uv": [8.1875, 6.5, 9, 7.75], "rotation": 270, "texture": "#0"},
				"south": {"uv": [8.1875, 6.5, 9, 7.75], "rotation": 270, "texture": "#0"},
				"west": {"uv": [8.1875, 6.5, 9, 7.75], "rotation": 270, "texture": "#0"},
				"up": {"uv": [8.1875, 6.5, 9, 7.75], "rotation": 180, "texture": "#0"},
				"down": {"uv": [8.1875, 6.5, 9, 7.75], "rotation": 180, "texture": "#0"}
			}
		},
		{
			"from": [7.19778, 14.19896, 24.61061],
			"to": [7.86526, 14.80576, 28.25141],
			"rotation": {"angle": 22.5, "axis": "y", "origin": [7.3811, 9.70236, 21.88698]},
			"faces": {
				"north": {"uv": [8.1875, 6.5, 9, 7.75], "rotation": 270, "texture": "#0"},
				"east": {"uv": [8.1875, 6.5, 9, 7.75], "rotation": 270, "texture": "#0"},
				"south": {"uv": [8.1875, 6.5, 9, 7.75], "rotation": 270, "texture": "#0"},
				"west": {"uv": [8.1875, 6.5, 9, 7.75], "rotation": 270, "texture": "#0"},
				"up": {"uv": [8.1875, 6.5, 9, 7.75], "rotation": 180, "texture": "#0"},
				"down": {"uv": [8.1875, 6.5, 9, 7.75], "rotation": 180, "texture": "#0"}
			}
		},
		{
			"from": [7.31914, 14.22032, 21.16981],
			"to": [7.7439, 14.5844, 24.81061],
			"rotation": {"angle": 22.5, "axis": "y", "origin": [7.3811, 9.70236, 21.88698]},
			"faces": {
				"north": {"uv": [8.1875, 6.5, 9, 7.75], "rotation": 270, "texture": "#0"},
				"east": {"uv": [8.1875, 6.5, 9, 7.75], "rotation": 270, "texture": "#0"},
				"south": {"uv": [8.1875, 6.5, 9, 7.75], "rotation": 270, "texture": "#0"},
				"west": {"uv": [8.1875, 6.5, 9, 7.75], "rotation": 270, "texture": "#0"},
				"up": {"uv": [8.1875, 6.5, 9, 7.75], "rotation": 180, "texture": "#0"},
				"down": {"uv": [8.1875, 6.5, 9, 7.75], "rotation": 180, "texture": "#0"}
			}
		},
		{
			"from": [15.33474, 9.39896, 21.61061],
			"to": [16.00222, 10.00576, 25.25141],
			"rotation": {"angle": -22.5, "axis": "y", "origin": [8.6189, 9.70236, 21.88698]},
			"faces": {
				"north": {"uv": [8.1875, 7.75, 9, 6.5], "rotation": 270, "texture": "#0"},
				"east": {"uv": [8.1875, 7.75, 9, 6.5], "rotation": 270, "texture": "#0"},
				"south": {"uv": [8.1875, 7.75, 9, 6.5], "rotation": 270, "texture": "#0"},
				"west": {"uv": [8.1875, 7.75, 9, 6.5], "rotation": 270, "texture": "#0"},
				"up": {"uv": [9, 6.5, 8.1875, 7.75], "rotation": 180, "texture": "#0"},
				"down": {"uv": [9, 6.5, 8.1875, 7.75], "rotation": 180, "texture": "#0"}
			}
		},
		{
			"from": [15.4561, 9.52032, 17.96981],
			"to": [15.88086, 9.8844, 21.61061],
			"rotation": {"angle": -22.5, "axis": "y", "origin": [8.6189, 9.70236, 21.88698]},
			"faces": {
				"north": {"uv": [8.1875, 7.75, 9, 6.5], "rotation": 270, "texture": "#0"},
				"east": {"uv": [8.1875, 7.75, 9, 6.5], "rotation": 270, "texture": "#0"},
				"south": {"uv": [8.1875, 7.75, 9, 6.5], "rotation": 270, "texture": "#0"},
				"west": {"uv": [8.1875, 7.75, 9, 6.5], "rotation": 270, "texture": "#0"},
				"up": {"uv": [9, 6.5, 8.1875, 7.75], "rotation": 180, "texture": "#0"},
				"down": {"uv": [9, 6.5, 8.1875, 7.75], "rotation": 180, "texture": "#0"}
			}
		},
		{
			"from": [16.13474, 14.19896, 21.31061],
			"to": [16.80222, 14.80576, 24.95141],
			"rotation": {"angle": -22.5, "axis": "y", "origin": [8.6189, 9.70236, 21.88698]},
			"faces": {
				"north": {"uv": [8.1875, 7.75, 9, 6.5], "rotation": 270, "texture": "#0"},
				"east": {"uv": [8.1875, 7.75, 9, 6.5], "rotation": 270, "texture": "#0"},
				"south": {"uv": [8.1875, 7.75, 9, 6.5], "rotation": 270, "texture": "#0"},
				"west": {"uv": [8.1875, 7.75, 9, 6.5], "rotation": 270, "texture": "#0"},
				"up": {"uv": [9, 6.5, 8.1875, 7.75], "rotation": 180, "texture": "#0"},
				"down": {"uv": [9, 6.5, 8.1875, 7.75], "rotation": 180, "texture": "#0"}
			}
		},
		{
			"from": [16.2561, 14.32032, 17.66981],
			"to": [16.68086, 14.6844, 21.31061],
			"rotation": {"angle": -22.5, "axis": "y", "origin": [8.6189, 9.70236, 21.88698]},
			"faces": {
				"north": {"uv": [8.1875, 7.75, 9, 6.5], "rotation": 270, "texture": "#0"},
				"east": {"uv": [8.1875, 7.75, 9, 6.5], "rotation": 270, "texture": "#0"},
				"south": {"uv": [8.1875, 7.75, 9, 6.5], "rotation": 270, "texture": "#0"},
				"west": {"uv": [8.1875, 7.75, 9, 6.5], "rotation": 270, "texture": "#0"},
				"up": {"uv": [9, 6.5, 8.1875, 7.75], "rotation": 180, "texture": "#0"},
				"down": {"uv": [9, 6.5, 8.1875, 7.75], "rotation": 180, "texture": "#0"}
			}
		},
		{
			"from": [10.87844, 5.72396, 26.17828],
			"to": [11.89728, 9.41726, 27.62164],
			"rotation": {"angle": 0, "axis": "y", "origin": [14.35948, 9.88423, 29.31971]},
			"faces": {
				"north": {"uv": [6.75, 7.5, 7.25, 9.75], "texture": "#0"},
				"east": {"uv": [3, 5.5, 3.75, 7.75], "texture": "#0"},
				"south": {"uv": [4.5, 8.25, 5, 10.5], "texture": "#0"},
				"west": {"uv": [3.75, 5.5, 4.5, 7.75], "texture": "#0"},
				"up": {"uv": [10, 1.5, 9.5, 0.75], "texture": "#0"},
				"down": {"uv": [10, 2.25, 9.5, 3], "texture": "#0"}
			}
		},
		{
			"from": [11.89728, 7.84655, 26.17828],
			"to": [12.10954, 9.41726, 27.62164],
			"rotation": {"angle": 0, "axis": "y", "origin": [15.37832, 9.88423, 29.31971]},
			"faces": {
				"north": {"uv": [1.5, 6, 1.75, 7], "texture": "#0"},
				"east": {"uv": [5.75, 8.5, 6.5, 9.5], "texture": "#0"},
				"south": {"uv": [6.5, 0, 6.75, 1], "texture": "#0"},
				"west": {"uv": [7.25, 8.5, 8, 9.5], "texture": "#0"},
				"up": {"uv": [6.75, 1.75, 6.5, 1], "texture": "#0"},
				"down": {"uv": [6.75, 3, 6.5, 3.75], "texture": "#0"}
			}
		},
		{
			"from": [10.96334, -0.17683, 26.26318],
			"to": [11.81238, 5.72396, 27.57919],
			"rotation": {"angle": 0, "axis": "y", "origin": [14.35948, 3.21931, 29.31971]},
			"faces": {
				"north": {"uv": [0.75, 2.5, 1.25, 6], "texture": "#0"},
				"east": {"uv": [2.25, 2.25, 3, 5.75], "texture": "#0"},
				"south": {"uv": [1.25, 2.5, 1.75, 6], "texture": "#0"},
				"west": {"uv": [0, 2.5, 0.75, 6], "texture": "#0"},
				"up": {"uv": [6.75, 10.25, 6.25, 9.5], "texture": "#0"},
				"down": {"uv": [7.75, 9.5, 7.25, 10.25], "texture": "#0"}
			}
		},
		{
			"from": [11.13315, -0.81361, 25.28679],
			"to": [11.64257, -0.60135, 25.58395],
			"rotation": {"angle": 0, "axis": "y", "origin": [14.35948, 2.58253, 27.70654]},
			"faces": {
				"north": {"uv": [4.5, 5.5, 4.75, 5.75], "texture": "#0"},
				"east": {"uv": [6.5, 1.75, 6.75, 2], "texture": "#0"},
				"south": {"uv": [6.5, 3.75, 6.75, 4], "texture": "#0"},
				"west": {"uv": [8.5, 5.25, 8.75, 5.5], "texture": "#0"},
				"up": {"uv": [6.75, 9.5, 6.5, 9.25], "texture": "#0"},
				"down": {"uv": [8, 9.5, 7.75, 9.75], "texture": "#0"}
			}
		},
		{
			"from": [11.04824, -0.81361, 25.58395],
			"to": [11.72747, -0.47399, 25.92357],
			"rotation": {"angle": 0, "axis": "y", "origin": [14.35948, 2.58253, 28.04616]},
			"faces": {
				"north": {"uv": [1.75, 5.5, 2.25, 5.75], "texture": "#0"},
				"east": {"uv": [10.25, 7.75, 10.5, 8], "texture": "#0"},
				"south": {"uv": [7.25, 5.5, 7.75, 5.75], "texture": "#0"},
				"west": {"uv": [10.25, 8, 10.5, 8.25], "texture": "#0"},
				"up": {"uv": [5.5, 8.5, 5, 8.25], "texture": "#0"},
				"down": {"uv": [9.5, 2.25, 9, 2.5], "texture": "#0"}
			}
		},
		{
			"from": [10.96334, -0.81361, 25.92357],
			"to": [11.81238, -0.38909, 27.62164],
			"rotation": {"angle": 0, "axis": "y", "origin": [14.35948, 2.58253, 29.31971]},
			"faces": {
				"north": {"uv": [1, 10.25, 1.5, 10.5], "texture": "#0"},
				"east": {"uv": [9.5, 4.5, 10.5, 4.75], "texture": "#0"},
				"south": {"uv": [1.5, 10.25, 2, 10.5], "texture": "#0"},
				"west": {"uv": [9.5, 5.75, 10.5, 6], "texture": "#0"},
				"up": {"uv": [4.5, 10, 4, 9], "texture": "#0"},
				"down": {"uv": [9.5, 0.75, 9, 1.75], "texture": "#0"}
			}
		},
		{
			"from": [11.04824, -0.81361, 27.62164],
			"to": [11.72747, -0.51644, 27.79144],
			"rotation": {"angle": 0, "axis": "y", "origin": [14.35948, 2.58253, 30.59326]},
			"faces": {
				"north": {"uv": [2, 10.25, 2.5, 10.5], "texture": "#0"},
				"east": {"uv": [10.25, 8.25, 10.5, 8.5], "texture": "#0"},
				"south": {"uv": [3.5, 10.25, 4, 10.5], "texture": "#0"},
				"west": {"uv": [10.25, 8.5, 10.5, 8.75], "texture": "#0"},
				"up": {"uv": [5.5, 10.5, 5, 10.25], "texture": "#0"},
				"down": {"uv": [6.25, 10.25, 5.75, 10.5], "texture": "#0"}
			}
		},
		{
			"from": [11.04824, -0.38909, 26.34809],
			"to": [11.72747, -0.17683, 27.49428],
			"rotation": {"angle": 0, "axis": "y", "origin": [14.35948, 3.00705, 29.31971]},
			"faces": {
				"north": {"uv": [6.25, 10.25, 6.75, 10.5], "texture": "#0"},
				"east": {"uv": [2.25, 2, 3, 2.25], "texture": "#0"},
				"south": {"uv": [6.75, 10.25, 7.25, 10.5], "texture": "#0"},
				"west": {"uv": [10, 1.25, 10.75, 1.5], "texture": "#0"},
				"up": {"uv": [3, 7.75, 2.5, 7], "texture": "#0"},
				"down": {"uv": [6.25, 9.5, 5.75, 10.25], "texture": "#0"}
			}
		},
		{
			"from": [12.66141, 5.72396, 26.17828],
			"to": [13.68025, 9.41726, 27.62164],
			"rotation": {"angle": 0, "axis": "y", "origin": [13.09389, 2.00943, 26.66382]},
			"faces": {
				"north": {"uv": [7.25, 7.5, 6.75, 9.75], "texture": "#0"},
				"east": {"uv": [4.5, 5.5, 3.75, 7.75], "texture": "#0"},
				"south": {"uv": [5, 8.25, 4.5, 10.5], "texture": "#0"},
				"west": {"uv": [3.75, 5.5, 3, 7.75], "texture": "#0"},
				"up": {"uv": [9.5, 1.5, 10, 0.75], "texture": "#0"},
				"down": {"uv": [9.5, 2.25, 10, 3], "texture": "#0"}
			}
		},
		{
			"from": [12.44915, 7.84655, 26.17828],
			"to": [12.66141, 9.41726, 27.62164],
			"rotation": {"angle": 0, "axis": "y", "origin": [13.09389, 2.00943, 26.66382]},
			"faces": {
				"north": {"uv": [1.75, 6, 1.5, 7], "texture": "#0"},
				"east": {"uv": [8, 8.5, 7.25, 9.5], "texture": "#0"},
				"south": {"uv": [6.75, 0, 6.5, 1], "texture": "#0"},
				"west": {"uv": [6.5, 8.5, 5.75, 9.5], "texture": "#0"},
				"up": {"uv": [6.5, 1.75, 6.75, 1], "texture": "#0"},
				"down": {"uv": [6.5, 3, 6.75, 3.75], "texture": "#0"}
			}
		},
		{
			"from": [12.74631, -0.17683, 26.26318],
			"to": [13.59535, 5.72396, 27.57919],
			"rotation": {"angle": 0, "axis": "y", "origin": [13.09389, 2.00943, 26.66382]},
			"faces": {
				"north": {"uv": [1.25, 2.5, 0.75, 6], "texture": "#0"},
				"east": {"uv": [0.75, 2.5, 0, 6], "texture": "#0"},
				"south": {"uv": [1.75, 2.5, 1.25, 6], "texture": "#0"},
				"west": {"uv": [3, 2.25, 2.25, 5.75], "texture": "#0"},
				"up": {"uv": [6.25, 10.25, 6.75, 9.5], "texture": "#0"},
				"down": {"uv": [7.25, 9.5, 7.75, 10.25], "texture": "#0"}
			}
		},
		{
			"from": [12.91612, -0.81361, 25.28679],
			"to": [13.42554, -0.60135, 25.58395],
			"rotation": {"angle": 0, "axis": "y", "origin": [13.09389, 2.00943, 26.66382]},
			"faces": {
				"north": {"uv": [4.75, 5.5, 4.5, 5.75], "texture": "#0"},
				"east": {"uv": [8.75, 5.25, 8.5, 5.5], "texture": "#0"},
				"south": {"uv": [6.75, 3.75, 6.5, 4], "texture": "#0"},
				"west": {"uv": [6.75, 1.75, 6.5, 2], "texture": "#0"},
				"up": {"uv": [6.5, 9.5, 6.75, 9.25], "texture": "#0"},
				"down": {"uv": [7.75, 9.5, 8, 9.75], "texture": "#0"}
			}
		},
		{
			"from": [12.83122, -0.81361, 25.58395],
			"to": [13.51044, -0.47399, 25.92357],
			"rotation": {"angle": 0, "axis": "y", "origin": [13.09389, 2.00943, 26.66382]},
			"faces": {
				"north": {"uv": [2.25, 5.5, 1.75, 5.75], "texture": "#0"},
				"east": {"uv": [10.5, 8, 10.25, 8.25], "texture": "#0"},
				"south": {"uv": [7.75, 5.5, 7.25, 5.75], "texture": "#0"},
				"west": {"uv": [10.5, 7.75, 10.25, 8], "texture": "#0"},
				"up": {"uv": [5, 8.5, 5.5, 8.25], "texture": "#0"},
				"down": {"uv": [9, 2.25, 9.5, 2.5], "texture": "#0"}
			}
		},
		{
			"from": [12.74631, -0.81361, 25.92357],
			"to": [13.59535, -0.38909, 27.62164],
			"rotation": {"angle": 0, "axis": "y", "origin": [13.09389, 2.00943, 26.66382]},
			"faces": {
				"north": {"uv": [1.5, 10.25, 1, 10.5], "texture": "#0"},
				"east": {"uv": [10.5, 5.75, 9.5, 6], "texture": "#0"},
				"south": {"uv": [2, 10.25, 1.5, 10.5], "texture": "#0"},
				"west": {"uv": [10.5, 4.5, 9.5, 4.75], "texture": "#0"},
				"up": {"uv": [4, 10, 4.5, 9], "texture": "#0"},
				"down": {"uv": [9, 0.75, 9.5, 1.75], "texture": "#0"}
			}
		},
		{
			"from": [12.83122, -0.81361, 27.62164],
			"to": [13.51044, -0.51644, 27.79144],
			"rotation": {"angle": 0, "axis": "y", "origin": [13.09389, 2.00943, 26.66382]},
			"faces": {
				"north": {"uv": [2.5, 10.25, 2, 10.5], "texture": "#0"},
				"east": {"uv": [10.5, 8.5, 10.25, 8.75], "texture": "#0"},
				"south": {"uv": [4, 10.25, 3.5, 10.5], "texture": "#0"},
				"west": {"uv": [10.5, 8.25, 10.25, 8.5], "texture": "#0"},
				"up": {"uv": [5, 10.5, 5.5, 10.25], "texture": "#0"},
				"down": {"uv": [5.75, 10.25, 6.25, 10.5], "texture": "#0"}
			}
		},
		{
			"from": [12.83122, -0.38909, 26.34809],
			"to": [13.51044, -0.17683, 27.49428],
			"rotation": {"angle": 0, "axis": "y", "origin": [13.09389, 2.00943, 26.66382]},
			"faces": {
				"north": {"uv": [6.75, 10.25, 6.25, 10.5], "texture": "#0"},
				"east": {"uv": [10.75, 1.25, 10, 1.5], "texture": "#0"},
				"south": {"uv": [7.25, 10.25, 6.75, 10.5], "texture": "#0"},
				"west": {"uv": [3, 2, 2.25, 2.25], "texture": "#0"},
				"up": {"uv": [2.5, 7.75, 3, 7], "texture": "#0"},
				"down": {"uv": [5.75, 9.5, 6.25, 10.25], "texture": "#0"}
			}
		},
		{
			"from": [12.10954, 8.73803, 26.17828],
			"to": [12.4067, 9.41726, 27.62164],
			"rotation": {"angle": 0, "axis": "y", "origin": [15.59058, 9.88423, 29.31971]},
			"faces": {
				"north": {"uv": [5.5, 7, 5.75, 7.5], "texture": "#0"},
				"east": {"uv": [9.25, 8.75, 10, 9.25], "texture": "#0"},
				"south": {"uv": [7.25, 10.25, 7.5, 10.75], "texture": "#0"},
				"west": {"uv": [9.5, 3, 10.25, 3.5], "texture": "#0"},
				"up": {"uv": [6.75, 9.25, 6.5, 8.5], "texture": "#0"},
				"down": {"uv": [8.25, 8.5, 8, 9.25], "texture": "#0"}
			}
		},
		{
			"from": [10.70863, 9.41726, 26.05092],
			"to": [13.80761, 11.6672, 27.74899],
			"rotation": {"angle": 0, "axis": "y", "origin": [14.35948, 12.8134, 29.31971]},
			"faces": {
				"north": {"uv": [3, 3, 4.75, 4.25], "texture": "#0"},
				"east": {"uv": [4.5, 7, 5.5, 8.25], "texture": "#0"},
				"south": {"uv": [3, 4.25, 4.75, 5.5], "texture": "#0"},
				"west": {"uv": [7.25, 7.25, 8.25, 8.5], "texture": "#0"},
				"up": {"uv": [6.5, 4, 4.75, 3], "texture": "#0"},
				"down": {"uv": [6.75, 2, 5, 3], "texture": "#0"}
			}
		},
		{
			"from": [10.53882, 11.65778, 26.03208],
			"to": [13.97741, 13.14359, 27.73015],
			"rotation": {"angle": 0, "axis": "x", "origin": [12.23689, 14.00205, 25.88112]},
			"faces": {
				"north": {"uv": [4.75, 4, 6.75, 4.75], "texture": "#0"},
				"east": {"uv": [7.25, 6.5, 8.25, 7.25], "texture": "#0"},
				"south": {"uv": [5.75, 5.75, 7.75, 6.5], "texture": "#0"},
				"west": {"uv": [8.5, 2.5, 9.5, 3.25], "texture": "#0"},
				"up": {"uv": [5, 3, 3, 2], "texture": "#0"},
				"down": {"uv": [6.5, 0, 4.5, 1], "texture": "#0"}
			}
		},
		{
			"from": [10.32656, 12.93417, 26.19247],
			"to": [14.14722, 15.18411, 27.89054],
			"rotation": {"angle": 0, "axis": "x", "origin": [12.23689, 13.49263, 25.5415]},
			"faces": {
				"north": {"uv": [0, 0, 2.25, 1.25], "texture": "#0"},
				"east": {"uv": [7.25, 0, 8.25, 1.25], "texture": "#0"},
				"south": {"uv": [0, 1.25, 2.25, 2.5], "texture": "#0"},
				"west": {"uv": [7.25, 1.25, 8.25, 2.5], "texture": "#0"},
				"up": {"uv": [4.5, 1, 2.25, 0], "texture": "#0"},
				"down": {"uv": [4.5, 1, 2.25, 2], "texture": "#0"}
			}
		},
		{
			"from": [10.49637, 15.18411, 26.19247],
			"to": [13.97741, 15.48128, 27.89054],
			"rotation": {"angle": 0, "axis": "x", "origin": [12.23689, 13.49263, 25.5415]},
			"faces": {
				"north": {"uv": [8.75, 6, 10.75, 6.25], "texture": "#0"},
				"east": {"uv": [2.5, 9.75, 3.5, 10], "texture": "#0"},
				"south": {"uv": [8.75, 6.25, 10.75, 6.5], "texture": "#0"},
				"west": {"uv": [7.75, 9.75, 8.75, 10], "texture": "#0"},
				"up": {"uv": [6.5, 2, 4.5, 1], "texture": "#0"},
				"down": {"uv": [6.75, 4.75, 4.75, 5.75], "texture": "#0"}
			}
		},
		{
			"from": [10.96334, 15.48128, 26.19247],
			"to": [13.46799, 15.69353, 27.89054],
			"rotation": {"angle": 0, "axis": "x", "origin": [12.23689, 13.49263, 25.5415]},
			"faces": {
				"north": {"uv": [9, 7.5, 10.5, 7.75], "texture": "#0"},
				"east": {"uv": [8.75, 9.75, 9.75, 10], "texture": "#0"},
				"south": {"uv": [9.5, 1.5, 11, 1.75], "texture": "#0"},
				"west": {"uv": [9.75, 9.75, 10.75, 10], "texture": "#0"},
				"up": {"uv": [1.5, 7, 0, 6], "texture": "#0"},
				"down": {"uv": [7.25, 6.5, 5.75, 7.5], "texture": "#0"}
			}
		},
		{
			"name": "cuello",
			"from": [11.60012, 15.6445, 26.41892],
			"to": [12.78877, 16.28128, 27.48021],
			"rotation": {"angle": 0, "axis": "x", "origin": [12.19798, 15.47017, 23.72669]},
			"faces": {
				"north": {"uv": [10, 2.75, 10.75, 3], "texture": "#0"},
				"east": {"uv": [10, 8.75, 10.75, 9], "texture": "#0"},
				"south": {"uv": [10, 9, 10.75, 9.25], "texture": "#0"},
				"west": {"uv": [10, 9.25, 10.75, 9.5], "texture": "#0"},
				"up": {"uv": [9.5, 6, 8.75, 5.25], "texture": "#0"},
				"down": {"uv": [3.25, 9, 2.5, 9.75], "texture": "#0"}
			}
		},
		{
			"from": [11.34541, 16.67844, 25.7944],
			"to": [13.08593, 17.48502, 27.70473],
			"rotation": {"angle": 0, "axis": "x", "origin": [12.19798, 15.38527, 23.93895]},
			"faces": {
				"north": {"uv": [9, 1.75, 10, 2.25], "texture": "#0"},
				"east": {"uv": [8.25, 7.75, 9.5, 8.25], "texture": "#0"},
				"south": {"uv": [9, 6.5, 10, 7], "texture": "#0"},
				"west": {"uv": [8.5, 4.75, 9.75, 5.25], "texture": "#0"},
				"up": {"uv": [3.5, 9, 2.5, 7.75], "texture": "#0"},
				"down": {"uv": [4.5, 7.75, 3.5, 9], "texture": "#0"}
			}
		},
		{
			"from": [11.1756, 17.10295, 25.75195],
			"to": [13.21328, 18.71612, 27.83208],
			"rotation": {"angle": 0, "axis": "x", "origin": [12.19798, 15.38527, 23.93895]},
			"faces": {
				"north": {"uv": [7.25, 2.5, 8.5, 3.5], "texture": "#0"},
				"east": {"uv": [7.25, 3.5, 8.5, 4.5], "texture": "#0"},
				"south": {"uv": [7.25, 4.5, 8.5, 5.5], "texture": "#0"},
				"west": {"uv": [5.5, 7.5, 6.75, 8.5], "texture": "#0"},
				"up": {"uv": [3, 7, 1.75, 5.75], "texture": "#0"},
				"down": {"uv": [5.75, 5.75, 4.5, 7], "texture": "#0"}
			}
		},
		{
			"from": [11.34541, 18.33405, 25.8793],
			"to": [13.04348, 19.05573, 27.66228],
			"rotation": {"angle": 0, "axis": "x", "origin": [12.19798, 15.38527, 23.93895]},
			"faces": {
				"north": {"uv": [9, 7, 10, 7.5], "texture": "#0"},
				"east": {"uv": [8, 9.25, 9, 9.75], "texture": "#0"},
				"south": {"uv": [9, 9.25, 10, 9.75], "texture": "#0"},
				"west": {"uv": [9.25, 8.25, 10.25, 8.75], "texture": "#0"},
				"up": {"uv": [8.75, 6.5, 7.75, 5.5], "texture": "#0"},
				"down": {"uv": [9.25, 8.25, 8.25, 9.25], "texture": "#0"}
			}
		},
		{
			"from": [11.43031, 16.04166, 25.96421],
			"to": [12.95857, 16.67844, 26.38872],
			"rotation": {"angle": 0, "axis": "x", "origin": [12.19798, 15.38527, 23.93895]},
			"faces": {
				"north": {"uv": [9.75, 0, 10.75, 0.25], "texture": "#0"},
				"east": {"uv": [10.25, 10, 10.5, 10.25], "texture": "#0"},
				"south": {"uv": [9.75, 0.25, 10.75, 0.5], "texture": "#0"},
				"west": {"uv": [0, 10.5, 0.25, 10.75], "texture": "#0"},
				"up": {"uv": [10.75, 0.75, 9.75, 0.5], "texture": "#0"},
				"down": {"uv": [10.75, 4.75, 9.75, 5], "texture": "#0"}
			}
		},
		{
			"from": [11.43031, 16.29637, 26.38872],
			"to": [12.95857, 16.67844, 27.57737],
			"rotation": {"angle": 0, "axis": "x", "origin": [12.19798, 15.38527, 23.93895]},
			"faces": {
				"north": {"uv": [9.75, 5, 10.75, 5.25], "texture": "#0"},
				"east": {"uv": [10, 9.5, 10.75, 9.75], "texture": "#0"},
				"south": {"uv": [0, 10, 1, 10.25], "texture": "#0"},
				"west": {"uv": [0, 10.25, 0.75, 10.5], "texture": "#0"},
				"up": {"uv": [9.5, 4, 8.5, 3.25], "texture": "#0"},
				"down": {"uv": [9.5, 4, 8.5, 4.75], "texture": "#0"}
			}
		},
		{
			"from": [9.22282, 12.59765, 29.55636],
			"to": [10.32656, 13.40424, 30.40539],
			"rotation": {"angle": -22.5, "axis": "x", "origin": [9.59498, 7.1503, 27.28312]},
			"faces": {
				"north": {"uv": [3, 10, 3.5, 10.5], "texture": "#0"},
				"east": {"uv": [4, 10, 4.5, 10.5], "texture": "#0"},
				"south": {"uv": [7.75, 10, 8.25, 10.5], "texture": "#0"},
				"west": {"uv": [8.25, 10, 8.75, 10.5], "texture": "#0"},
				"up": {"uv": [9.25, 10.5, 8.75, 10], "texture": "#0"},
				"down": {"uv": [9.75, 10, 9.25, 10.5], "texture": "#0"}
			}
		},
		{
			"from": [9.22282, 13.40424, 29.55636],
			"to": [10.32656, 14.38063, 30.40539],
			"rotation": {"angle": -22.5, "axis": "x", "origin": [9.59498, 7.1503, 27.28312]},
			"faces": {
				"north": {"uv": [9.5, 5.25, 10.25, 5.75], "texture": "#0"},
				"east": {"uv": [6.75, 9.75, 7.25, 10.25], "texture": "#0"},
				"south": {"uv": [9.5, 7.75, 10.25, 8.25], "texture": "#0"},
				"west": {"uv": [2.5, 10, 3, 10.5], "texture": "#0"},
				"up": {"uv": [1.75, 10.25, 1, 9.75], "texture": "#0"},
				"down": {"uv": [2.5, 9.75, 1.75, 10.25], "texture": "#0"}
			}
		},
		{
			"from": [9.56243, 14.38063, 29.55636],
			"to": [10.32656, 14.59289, 30.40539],
			"rotation": {"angle": -22.5, "axis": "x", "origin": [9.59498, 7.1503, 27.28312]},
			"faces": {
				"north": {"uv": [10.25, 3, 10.75, 3.25], "texture": "#0"},
				"east": {"uv": [10.25, 3.25, 10.75, 3.5], "texture": "#0"},
				"south": {"uv": [10.25, 3.5, 10.75, 3.75], "texture": "#0"},
				"west": {"uv": [10.25, 3.75, 10.75, 4], "texture": "#0"},
				"up": {"uv": [4, 10.25, 3.5, 9.75], "texture": "#0"},
				"down": {"uv": [5.5, 9.75, 5, 10.25], "texture": "#0"}
			}
		},
		{
			"from": [9.81714, 13.53159, 29.284],
			"to": [10.32656, 14.55043, 30.6],
			"rotation": {"angle": -22.5, "axis": "x", "origin": [9.59498, 7.1503, 27.28312]},
			"faces": {
				"north": {"uv": [7.5, 10.25, 7.75, 10.75], "texture": "#0"},
				"east": {"uv": [9.5, 3.5, 10.25, 4], "texture": "#0"},
				"south": {"uv": [10.25, 10.25, 10.5, 10.75], "texture": "#0"},
				"west": {"uv": [9.5, 4, 10.25, 4.5], "texture": "#0"},
				"up": {"uv": [5.75, 10.5, 5.5, 9.75], "texture": "#0"},
				"down": {"uv": [1, 10.25, 0.75, 11], "texture": "#0"}
			}
		},
		{
			"from": [9.22282, 8.09777, 29.55636],
			"to": [10.07185, 12.59765, 30.40539],
			"rotation": {"angle": -22.5, "axis": "x", "origin": [9.59498, 7.1503, 27.28312]},
			"faces": {
				"north": {"uv": [6.75, 3, 7.25, 5.75], "texture": "#0"},
				"east": {"uv": [1, 7, 1.5, 9.75], "texture": "#0"},
				"south": {"uv": [1.5, 7, 2, 9.75], "texture": "#0"},
				"west": {"uv": [2, 7, 2.5, 9.75], "texture": "#0"},
				"up": {"uv": [10.25, 10.5, 9.75, 10], "texture": "#0"},
				"down": {"uv": [10.5, 0.75, 10, 1.25], "texture": "#0"}
			}
		},
		{
			"from": [9.22282, 3.86977, 28.9522],
			"to": [10.07185, 9.17624, 29.80123],
			"rotation": {"angle": 0, "axis": "z", "origin": [9.47116, 3.27545, 29.35337]},
			"faces": {
				"north": {"uv": [1.75, 2.5, 2.25, 5.5], "texture": "#0"},
				"east": {"uv": [6.75, 0, 7.25, 3], "texture": "#0"},
				"south": {"uv": [0, 7, 0.5, 10], "texture": "#0"},
				"west": {"uv": [0.5, 7, 1, 10], "texture": "#0"},
				"up": {"uv": [10.5, 2.25, 10, 1.75], "texture": "#0"},
				"down": {"uv": [10.5, 2.25, 10, 2.75], "texture": "#0"}
			}
		},
		{
			"from": [9.26527, 3.53016, 28.99465],
			"to": [10.0294, 3.86977, 29.75878],
			"rotation": {"angle": 0, "axis": "z", "origin": [9.47116, 3.27545, 29.35337]},
			"faces": {
				"north": {"uv": [10.25, 4, 10.75, 4.25], "texture": "#0"},
				"east": {"uv": [10.25, 5.5, 10.75, 5.75], "texture": "#0"},
				"south": {"uv": [10.25, 4, 10.75, 4.25], "texture": "#0"},
				"west": {"uv": [10.25, 5.5, 10.75, 5.75], "texture": "#0"},
				"up": {"uv": [10.5, 7, 10, 6.5], "texture": "#0"},
				"down": {"uv": [10.25, 5.5, 10.75, 5.75], "texture": "#0"}
			}
		},
		{
			"from": [9.26527, 3.1481, 28.99465],
			"to": [9.98695, 3.53016, 29.75878],
			"rotation": {"angle": 0, "axis": "z", "origin": [9.47116, 3.27545, 29.35337]},
			"faces": {
				"north": {"uv": [10.25, 4, 10.675, 4.225], "texture": "#0"},
				"east": {"uv": [10.25, 5.5, 10.7, 5.725], "texture": "#0"},
				"south": {"uv": [10.25, 4, 10.675, 4.225], "texture": "#0"},
				"west": {"uv": [10.25, 5.5, 10.7, 5.725], "texture": "#0"},
				"up": {"uv": [0, 0, 0.425, 0.45], "texture": "#missing"},
				"down": {"uv": [10.25, 5.5, 10.7, 5.725], "rotation": 270, "texture": "#0"}
			}
		},
		{
			"from": [9.22282, 2.21416, 29.0371],
			"to": [9.43508, 2.72358, 29.24936],
			"rotation": {"angle": 0, "axis": "z", "origin": [9.47116, 3.27545, 29.35337]},
			"faces": {
				"north": {"uv": [2, 10.5, 2.25, 10.75], "texture": "#0"},
				"east": {"uv": [2.25, 10.5, 2.5, 10.75], "texture": "#0"},
				"south": {"uv": [2.5, 10.5, 2.75, 10.75], "texture": "#0"},
				"west": {"uv": [2.75, 10.5, 3, 10.75], "texture": "#0"},
				"up": {"uv": [3.25, 10.75, 3, 10.5], "texture": "#0"},
				"down": {"uv": [3.5, 10.5, 3.25, 10.75], "texture": "#0"}
			}
		},
		{
			"from": [9.22282, 2.72358, 29.0371],
			"to": [9.43508, 3.1481, 29.24936],
			"rotation": {"angle": 0, "axis": "z", "origin": [9.47116, 3.27545, 29.35337]},
			"faces": {
				"north": {"uv": [3.5, 10.5, 3.75, 10.75], "texture": "#0"},
				"east": {"uv": [3.75, 10.5, 4, 10.75], "texture": "#0"},
				"south": {"uv": [4, 10.5, 4.25, 10.75], "texture": "#0"},
				"west": {"uv": [4.25, 10.5, 4.5, 10.75], "texture": "#0"},
				"up": {"uv": [4.75, 10.75, 4.5, 10.5], "texture": "#0"},
				"down": {"uv": [5, 10.5, 4.75, 10.75], "texture": "#0"}
			}
		},
		{
			"from": [9.22282, 2.21416, 29.29181],
			"to": [9.43508, 2.72358, 29.50407],
			"rotation": {"angle": 0, "axis": "z", "origin": [9.47116, 3.27545, 29.35337]},
			"faces": {
				"north": {"uv": [2, 10.5, 2.25, 10.75], "texture": "#0"},
				"east": {"uv": [2.25, 10.5, 2.5, 10.75], "texture": "#0"},
				"south": {"uv": [2.5, 10.5, 2.75, 10.75], "texture": "#0"},
				"west": {"uv": [2.75, 10.5, 3, 10.75], "texture": "#0"},
				"up": {"uv": [3.25, 10.75, 3, 10.5], "texture": "#0"},
				"down": {"uv": [3.5, 10.5, 3.25, 10.75], "texture": "#0"}
			}
		},
		{
			"from": [9.22282, 2.72358, 29.29181],
			"to": [9.43508, 3.1481, 29.50407],
			"rotation": {"angle": 0, "axis": "z", "origin": [9.47116, 3.27545, 29.35337]},
			"faces": {
				"north": {"uv": [3.5, 10.5, 3.75, 10.75], "texture": "#0"},
				"east": {"uv": [3.75, 10.5, 4, 10.75], "texture": "#0"},
				"south": {"uv": [4, 10.5, 4.25, 10.75], "texture": "#0"},
				"west": {"uv": [4.25, 10.5, 4.5, 10.75], "texture": "#0"},
				"up": {"uv": [4.75, 10.75, 4.5, 10.5], "texture": "#0"},
				"down": {"uv": [5, 10.5, 4.75, 10.75], "texture": "#0"}
			}
		},
		{
			"from": [9.22282, 2.21416, 29.54652],
			"to": [9.43508, 2.72358, 29.75878],
			"rotation": {"angle": 0, "axis": "z", "origin": [9.47116, 3.27545, 29.35337]},
			"faces": {
				"north": {"uv": [2, 10.5, 2.25, 10.75], "texture": "#0"},
				"east": {"uv": [2.25, 10.5, 2.5, 10.75], "texture": "#0"},
				"south": {"uv": [2.5, 10.5, 2.75, 10.75], "texture": "#0"},
				"west": {"uv": [2.75, 10.5, 3, 10.75], "texture": "#0"},
				"up": {"uv": [3.25, 10.75, 3, 10.5], "texture": "#0"},
				"down": {"uv": [3.5, 10.5, 3.25, 10.75], "texture": "#0"}
			}
		},
		{
			"from": [9.22282, 2.72358, 29.54652],
			"to": [9.43508, 3.1481, 29.75878],
			"rotation": {"angle": 0, "axis": "z", "origin": [9.47116, 3.27545, 29.35337]},
			"faces": {
				"north": {"uv": [3.5, 10.5, 3.75, 10.75], "texture": "#0"},
				"east": {"uv": [3.75, 10.5, 4, 10.75], "texture": "#0"},
				"south": {"uv": [4, 10.5, 4.25, 10.75], "texture": "#0"},
				"west": {"uv": [4.25, 10.5, 4.5, 10.75], "texture": "#0"},
				"up": {"uv": [4.75, 10.75, 4.5, 10.5], "texture": "#0"},
				"down": {"uv": [5, 10.5, 4.75, 10.75], "texture": "#0"}
			}
		},
		{
			"from": [9.68979, 2.68113, 28.90975],
			"to": [9.9445, 3.27545, 29.12201],
			"rotation": {"angle": 0, "axis": "z", "origin": [9.47116, 3.27545, 29.35337]},
			"faces": {
				"north": {"uv": [0.25, 10.5, 0.5, 10.75], "texture": "#0"},
				"east": {"uv": [0.5, 10.5, 0.75, 10.75], "texture": "#0"},
				"south": {"uv": [1, 10.5, 1.25, 10.75], "texture": "#0"},
				"west": {"uv": [1.25, 10.5, 1.5, 10.75], "texture": "#0"},
				"up": {"uv": [1.75, 10.75, 1.5, 10.5], "texture": "#0"},
				"down": {"uv": [2, 10.5, 1.75, 10.75], "texture": "#0"}
			}
		},
		{
			"from": [14.17344, 12.59765, 29.55636],
			"to": [15.27718, 13.40424, 30.40539],
			"rotation": {"angle": -22.5, "axis": "x", "origin": [14.90502, 7.1503, 27.28312]},
			"faces": {
				"north": {"uv": [3.5, 10, 3, 10.5], "texture": "#0"},
				"east": {"uv": [8.75, 10, 8.25, 10.5], "texture": "#0"},
				"south": {"uv": [8.25, 10, 7.75, 10.5], "texture": "#0"},
				"west": {"uv": [4.5, 10, 4, 10.5], "texture": "#0"},
				"up": {"uv": [8.75, 10.5, 9.25, 10], "texture": "#0"},
				"down": {"uv": [9.25, 10, 9.75, 10.5], "texture": "#0"}
			}
		},
		{
			"from": [14.17344, 13.40424, 29.55636],
			"to": [15.27718, 14.38063, 30.40539],
			"rotation": {"angle": -22.5, "axis": "x", "origin": [14.90502, 7.1503, 27.28312]},
			"faces": {
				"north": {"uv": [10.25, 5.25, 9.5, 5.75], "texture": "#0"},
				"east": {"uv": [3, 10, 2.5, 10.5], "texture": "#0"},
				"south": {"uv": [10.25, 7.75, 9.5, 8.25], "texture": "#0"},
				"west": {"uv": [7.25, 9.75, 6.75, 10.25], "texture": "#0"},
				"up": {"uv": [1, 10.25, 1.75, 9.75], "texture": "#0"},
				"down": {"uv": [1.75, 9.75, 2.5, 10.25], "texture": "#0"}
			}
		},
		{
			"from": [14.17344, 14.38063, 29.55636],
			"to": [14.93757, 14.59289, 30.40539],
			"rotation": {"angle": -22.5, "axis": "x", "origin": [14.90502, 7.1503, 27.28312]},
			"faces": {
				"north": {"uv": [10.75, 3, 10.25, 3.25], "texture": "#0"},
				"east": {"uv": [10.75, 3.75, 10.25, 4], "texture": "#0"},
				"south": {"uv": [10.75, 3.5, 10.25, 3.75], "texture": "#0"},
				"west": {"uv": [10.75, 3.25, 10.25, 3.5], "texture": "#0"},
				"up": {"uv": [3.5, 10.25, 4, 9.75], "texture": "#0"},
				"down": {"uv": [5, 9.75, 5.5, 10.25], "texture": "#0"}
			}
		},
		{
			"from": [14.17344, 13.53159, 29.284],
			"to": [14.68286, 14.55043, 30.6],
			"rotation": {"angle": -22.5, "axis": "x", "origin": [14.90502, 7.1503, 27.28312]},
			"faces": {
				"north": {"uv": [7.75, 10.25, 7.5, 10.75], "texture": "#0"},
				"east": {"uv": [10.25, 4, 9.5, 4.5], "texture": "#0"},
				"south": {"uv": [10.5, 10.25, 10.25, 10.75], "texture": "#0"},
				"west": {"uv": [10.25, 3.5, 9.5, 4], "texture": "#0"},
				"up": {"uv": [5.5, 10.5, 5.75, 9.75], "texture": "#0"},
				"down": {"uv": [0.75, 10.25, 1, 11], "texture": "#0"}
			}
		},
		{
			"from": [14.42815, 8.09777, 29.55636],
			"to": [15.27718, 12.59765, 30.40539],
			"rotation": {"angle": -22.5, "axis": "x", "origin": [14.90502, 7.1503, 27.28312]},
			"faces": {
				"north": {"uv": [7.25, 3, 6.75, 5.75], "texture": "#0"},
				"east": {"uv": [2.5, 7, 2, 9.75], "texture": "#0"},
				"south": {"uv": [2, 7, 1.5, 9.75], "texture": "#0"},
				"west": {"uv": [1.5, 7, 1, 9.75], "texture": "#0"},
				"up": {"uv": [9.75, 10.5, 10.25, 10], "texture": "#0"},
				"down": {"uv": [10, 0.75, 10.5, 1.25], "texture": "#0"}
			}
		},
		{
			"from": [14.42815, 3.86977, 28.9522],
			"to": [15.27718, 9.17624, 29.80123],
			"rotation": {"angle": 0, "axis": "x", "origin": [14.90502, 7.1503, 27.28312]},
			"faces": {
				"north": {"uv": [2.25, 2.5, 1.75, 5.5], "texture": "#0"},
				"east": {"uv": [1, 7, 0.5, 10], "texture": "#0"},
				"south": {"uv": [0.5, 7, 0, 10], "texture": "#0"},
				"west": {"uv": [7.25, 0, 6.75, 3], "texture": "#0"},
				"up": {"uv": [10, 2.25, 10.5, 1.75], "texture": "#0"},
				"down": {"uv": [10, 2.25, 10.5, 2.75], "texture": "#0"}
			}
		},
		{
			"from": [14.4706, 3.53016, 28.99465],
			"to": [15.23473, 3.86977, 29.75878],
			"rotation": {"angle": 0, "axis": "x", "origin": [14.90502, 7.1503, 27.28312]},
			"faces": {
				"north": {"uv": [10.75, 4, 10.25, 4.25], "texture": "#0"},
				"east": {"uv": [10.75, 5.5, 10.25, 5.75], "texture": "#0"},
				"south": {"uv": [10.75, 4, 10.25, 4.25], "texture": "#0"},
				"west": {"uv": [10.75, 5.5, 10.25, 5.75], "texture": "#0"},
				"up": {"uv": [10, 7, 10.5, 6.5], "texture": "#0"},
				"down": {"uv": [10.75, 5.5, 10.25, 5.75], "texture": "#0"}
			}
		},
		{
			"from": [14.51305, 3.1481, 28.99465],
			"to": [15.23473, 3.53016, 29.75878],
			"rotation": {"angle": 0, "axis": "x", "origin": [14.90502, 7.1503, 27.28312]},
			"faces": {
				"north": {"uv": [10.675, 4, 10.25, 4.225], "texture": "#0"},
				"east": {"uv": [10.7, 5.5, 10.25, 5.725], "texture": "#0"},
				"south": {"uv": [10.675, 4, 10.25, 4.225], "texture": "#0"},
				"west": {"uv": [10.7, 5.5, 10.25, 5.725], "texture": "#0"},
				"up": {"uv": [0.425, 0, 0, 0.45], "texture": "#missing"},
				"down": {"uv": [10.25, 5.725, 10.7, 5.5], "rotation": 270, "texture": "#0"}
			}
		},
		{
			"from": [15.06492, 2.21416, 29.0371],
			"to": [15.27718, 2.72358, 29.24936],
			"rotation": {"angle": 0, "axis": "x", "origin": [14.90502, 7.1503, 27.28312]},
			"faces": {
				"north": {"uv": [2.25, 10.5, 2, 10.75], "texture": "#0"},
				"east": {"uv": [3, 10.5, 2.75, 10.75], "texture": "#0"},
				"south": {"uv": [2.75, 10.5, 2.5, 10.75], "texture": "#0"},
				"west": {"uv": [2.5, 10.5, 2.25, 10.75], "texture": "#0"},
				"up": {"uv": [3, 10.75, 3.25, 10.5], "texture": "#0"},
				"down": {"uv": [3.25, 10.5, 3.5, 10.75], "texture": "#0"}
			}
		},
		{
			"from": [15.06492, 2.72358, 29.0371],
			"to": [15.27718, 3.1481, 29.24936],
			"rotation": {"angle": 0, "axis": "x", "origin": [14.90502, 7.1503, 27.28312]},
			"faces": {
				"north": {"uv": [3.75, 10.5, 3.5, 10.75], "texture": "#0"},
				"east": {"uv": [4.5, 10.5, 4.25, 10.75], "texture": "#0"},
				"south": {"uv": [4.25, 10.5, 4, 10.75], "texture": "#0"},
				"west": {"uv": [4, 10.5, 3.75, 10.75], "texture": "#0"},
				"up": {"uv": [4.5, 10.75, 4.75, 10.5], "texture": "#0"},
				"down": {"uv": [4.75, 10.5, 5, 10.75], "texture": "#0"}
			}
		},
		{
			"from": [15.06492, 2.21416, 29.29181],
			"to": [15.27718, 2.72358, 29.50407],
			"rotation": {"angle": 0, "axis": "x", "origin": [14.90502, 7.1503, 27.28312]},
			"faces": {
				"north": {"uv": [2.25, 10.5, 2, 10.75], "texture": "#0"},
				"east": {"uv": [3, 10.5, 2.75, 10.75], "texture": "#0"},
				"south": {"uv": [2.75, 10.5, 2.5, 10.75], "texture": "#0"},
				"west": {"uv": [2.5, 10.5, 2.25, 10.75], "texture": "#0"},
				"up": {"uv": [3, 10.75, 3.25, 10.5], "texture": "#0"},
				"down": {"uv": [3.25, 10.5, 3.5, 10.75], "texture": "#0"}
			}
		},
		{
			"from": [15.06492, 2.72358, 29.29181],
			"to": [15.27718, 3.1481, 29.50407],
			"rotation": {"angle": 0, "axis": "x", "origin": [14.90502, 7.1503, 27.28312]},
			"faces": {
				"north": {"uv": [3.75, 10.5, 3.5, 10.75], "texture": "#0"},
				"east": {"uv": [4.5, 10.5, 4.25, 10.75], "texture": "#0"},
				"south": {"uv": [4.25, 10.5, 4, 10.75], "texture": "#0"},
				"west": {"uv": [4, 10.5, 3.75, 10.75], "texture": "#0"},
				"up": {"uv": [4.5, 10.75, 4.75, 10.5], "texture": "#0"},
				"down": {"uv": [4.75, 10.5, 5, 10.75], "texture": "#0"}
			}
		},
		{
			"from": [15.06492, 2.21416, 29.54652],
			"to": [15.27718, 2.72358, 29.75878],
			"rotation": {"angle": 0, "axis": "x", "origin": [14.90502, 7.1503, 27.28312]},
			"faces": {
				"north": {"uv": [2.25, 10.5, 2, 10.75], "texture": "#0"},
				"east": {"uv": [3, 10.5, 2.75, 10.75], "texture": "#0"},
				"south": {"uv": [2.75, 10.5, 2.5, 10.75], "texture": "#0"},
				"west": {"uv": [2.5, 10.5, 2.25, 10.75], "texture": "#0"},
				"up": {"uv": [3, 10.75, 3.25, 10.5], "texture": "#0"},
				"down": {"uv": [3.25, 10.5, 3.5, 10.75], "texture": "#0"}
			}
		},
		{
			"from": [15.06492, 2.72358, 29.54652],
			"to": [15.27718, 3.1481, 29.75878],
			"rotation": {"angle": 0, "axis": "x", "origin": [14.90502, 7.1503, 27.28312]},
			"faces": {
				"north": {"uv": [3.75, 10.5, 3.5, 10.75], "texture": "#0"},
				"east": {"uv": [4.5, 10.5, 4.25, 10.75], "texture": "#0"},
				"south": {"uv": [4.25, 10.5, 4, 10.75], "texture": "#0"},
				"west": {"uv": [4, 10.5, 3.75, 10.75], "texture": "#0"},
				"up": {"uv": [4.5, 10.75, 4.75, 10.5], "texture": "#0"},
				"down": {"uv": [4.75, 10.5, 5, 10.75], "texture": "#0"}
			}
		},
		{
			"from": [14.5555, 2.68113, 28.90975],
			"to": [14.81021, 3.27545, 29.12201],
			"rotation": {"angle": 0, "axis": "x", "origin": [14.90502, 7.1503, 27.28312]},
			"faces": {
				"north": {"uv": [0.5, 10.5, 0.25, 10.75], "texture": "#0"},
				"east": {"uv": [1.5, 10.5, 1.25, 10.75], "texture": "#0"},
				"south": {"uv": [1.25, 10.5, 1, 10.75], "texture": "#0"},
				"west": {"uv": [0.75, 10.5, 0.5, 10.75], "texture": "#0"},
				"up": {"uv": [1.5, 10.75, 1.75, 10.5], "texture": "#0"},
				"down": {"uv": [1.75, 10.5, 2, 10.75], "texture": "#0"}
			}
		}
	],
	"display": {
		"head": {
			"translation": [-16.5, -10.75, -73.5],
			"scale": [3.88, 3.68, 3.88]
		}
	},
	"groups": [
		{
			"name": "group",
			"origin": [16.1, 33.5, 22],
			"children": [
				{
					"name": "tentaculo1",
					"origin": [8, 8, 8],
					"children": [
						{
							"name": "group",
							"origin": [7.87786, 7.82128, 19.52729],
							"children": [
								{
									"name": "group",
									"origin": [7.87786, 7.82128, 19.52729],
									"children": [
										{
											"name": "group",
											"origin": [7.87786, 7.82128, 19.52729],
											"children": [
												{
													"name": "group",
													"origin": [7.87786, 7.82128, 19.52729],
													"children": [
														{
															"name": "group",
															"origin": [7.87786, 7.82128, 19.52729],
															"children": [0,
																{
																	"name": "group",
																	"origin": [7.87786, 7.82128, 19.52729],
																	"children": [
																		{
																			"name": "group",
																			"origin": [7.87786, 7.82128, 19.52729],
																			"children": [1,
																				{
																					"name": "group",
																					"origin": [7.87786, 7.82128, 19.52729],
																					"children": [
																						{
																							"name": "group",
																							"origin": [7.87786, 7.82128, 19.52729],
																							"children": [
																								{
																									"name": "group",
																									"origin": [7.87786, 7.82128, 19.52729],
																									"children": [
																										{
																											"name": "group",
																											"origin": [7.87786, 7.82128, 19.52729],
																											"children": []
																										}
																									]
																								}
																							]
																						}
																					]
																				}
																			]
																		}
																	]
																}
															]
														}
													]
												}
											]
										}
									]
								}
							]
						}
					]
				},
				{
					"name": "tentaculo1",
					"origin": [8, 8, 8],
					"children": [
						{
							"name": "group",
							"origin": [7.87786, 7.82128, 19.52729],
							"children": [
								{
									"name": "group",
									"origin": [7.87786, 7.82128, 19.52729],
									"children": [
										{
											"name": "group",
											"origin": [7.87786, 7.82128, 19.52729],
											"children": [
												{
													"name": "group",
													"origin": [7.87786, 7.82128, 19.52729],
													"children": [
														{
															"name": "group",
															"origin": [7.87786, 7.82128, 19.52729],
															"children": [2,
																{
																	"name": "group",
																	"origin": [7.87786, 7.82128, 19.52729],
																	"children": [
																		{
																			"name": "group",
																			"origin": [7.87786, 7.82128, 19.52729],
																			"children": [3,
																				{
																					"name": "group",
																					"origin": [7.87786, 7.82128, 19.52729],
																					"children": [
																						{
																							"name": "group",
																							"origin": [7.87786, 7.82128, 19.52729],
																							"children": [
																								{
																									"name": "group",
																									"origin": [7.87786, 7.82128, 19.52729],
																									"children": [
																										{
																											"name": "group",
																											"origin": [7.87786, 7.82128, 19.52729],
																											"children": []
																										}
																									]
																								}
																							]
																						}
																					]
																				}
																			]
																		}
																	]
																}
															]
														}
													]
												}
											]
										}
									]
								}
							]
						}
					]
				},
				{
					"name": "tentaculo1",
					"origin": [8, 8, 8],
					"children": [
						{
							"name": "group",
							"origin": [7.87786, 7.82128, 19.52729],
							"children": [
								{
									"name": "group",
									"origin": [7.87786, 7.82128, 19.52729],
									"children": [
										{
											"name": "group",
											"origin": [7.87786, 7.82128, 19.52729],
											"children": [
												{
													"name": "group",
													"origin": [7.87786, 7.82128, 19.52729],
													"children": [
														{
															"name": "group",
															"origin": [7.87786, 7.82128, 19.52729],
															"children": [4,
																{
																	"name": "group",
																	"origin": [7.87786, 7.82128, 19.52729],
																	"children": [
																		{
																			"name": "group",
																			"origin": [7.87786, 7.82128, 19.52729],
																			"children": [5,
																				{
																					"name": "group",
																					"origin": [7.87786, 7.82128, 19.52729],
																					"children": [
																						{
																							"name": "group",
																							"origin": [7.87786, 7.82128, 19.52729],
																							"children": [
																								{
																									"name": "group",
																									"origin": [7.87786, 7.82128, 19.52729],
																									"children": [
																										{
																											"name": "group",
																											"origin": [7.87786, 7.82128, 19.52729],
																											"children": []
																										}
																									]
																								}
																							]
																						}
																					]
																				}
																			]
																		}
																	]
																}
															]
														}
													]
												}
											]
										}
									]
								}
							]
						}
					]
				},
				{
					"name": "tentaculo1",
					"origin": [8, 8, 8],
					"children": [
						{
							"name": "group",
							"origin": [7.87786, 7.82128, 19.52729],
							"children": [
								{
									"name": "group",
									"origin": [7.87786, 7.82128, 19.52729],
									"children": [
										{
											"name": "group",
											"origin": [7.87786, 7.82128, 19.52729],
											"children": [
												{
													"name": "group",
													"origin": [7.87786, 7.82128, 19.52729],
													"children": [
														{
															"name": "group",
															"origin": [7.87786, 7.82128, 19.52729],
															"children": [6,
																{
																	"name": "group",
																	"origin": [7.87786, 7.82128, 19.52729],
																	"children": [
																		{
																			"name": "group",
																			"origin": [7.87786, 7.82128, 19.52729],
																			"children": [7,
																				{
																					"name": "group",
																					"origin": [7.87786, 7.82128, 19.52729],
																					"children": [
																						{
																							"name": "group",
																							"origin": [7.87786, 7.82128, 19.52729],
																							"children": [
																								{
																									"name": "group",
																									"origin": [7.87786, 7.82128, 19.52729],
																									"children": [
																										{
																											"name": "group",
																											"origin": [7.87786, 7.82128, 19.52729],
																											"children": []
																										}
																									]
																								}
																							]
																						}
																					]
																				}
																			]
																		}
																	]
																}
															]
														}
													]
												}
											]
										}
									]
								}
							]
						}
					]
				},
				{
					"name": "pierna1",
					"origin": [14.4, 9.2, 15],
					"children": [8, 9,
						{
							"name": "pierna2",
							"origin": [12, -6.5, 15],
							"children": [10,
								{
									"name": "zapato",
									"origin": [12, -7, 15],
									"children": [11, 12, 13, 14, 15]
								}
							]
						}
					]
				},
				{
					"name": "pierna2",
					"origin": [14.4, 9.2, 15],
					"children": [16, 17,
						{
							"name": "pierna2",
							"origin": [12, -6.5, 15],
							"children": [18,
								{
									"name": "zapato",
									"origin": [12, -7, 15],
									"children": [19, 20, 21, 22, 23]
								}
							]
						}
					]
				},
				{
					"name": "cuerpo",
					"origin": [12, 30.9, 15],
					"children": [24,
						{
							"name": "cuerpo2",
							"origin": [12, 30.9, 15],
							"children": [25,
								{
									"name": "cuerpo3",
									"origin": [12, 30.9, 15],
									"children": [26,
										{
											"name": "cuerpo4",
											"origin": [12, 30.9, 15],
											"children": [27, 28, 29]
										}
									]
								}
							]
						}
					]
				},
				{
					"name": "cabeza",
					"origin": [12.4, 33, 15],
					"children": [30,
						{
							"name": "cabeza2",
							"origin": [12.4, 33, 15],
							"children": [
								{
									"name": "boca1",
									"origin": [12.4, 37.7, 15],
									"children": [31, 32, 33]
								},
								{
									"name": "boca2",
									"origin": [12.4, 33, 15],
									"children": [34, 35]
								}
							]
						}
					]
				},
				{
					"name": "brazo1",
					"origin": [3, 25.2, 15],
					"children": [36, 37, 38, 39,
						{
							"name": "brazo2",
							"origin": [2.6, 20.9, 14.9],
							"children": [40,
								{
									"name": "brazo3",
									"origin": [2.6, 10.3, 14.9],
									"children": [41,
										{
											"name": "mano",
											"origin": [2.6, 0, 15],
											"children": [42, 43,
												{
													"name": "dedo1",
													"origin": [2.2, -1.7, 15],
													"children": [44, 45]
												},
												{
													"name": "dedo2",
													"origin": [2.2, -1.7, 15.6],
													"children": [46, 47]
												},
												{
													"name": "dedo3",
													"origin": [2.2, -1.7, 16.2],
													"children": [48, 49]
												},
												{
													"name": "pulgar",
													"origin": [3.3, -1.4, 13.4],
													"children": [50]
												}
											]
										}
									]
								}
							]
						}
					]
				},
				{
					"name": "brazo1",
					"origin": [3, 25.2, 15],
					"children": [51, 52, 53, 54,
						{
							"name": "brazo2",
							"origin": [2.6, 20.9, 14.9],
							"children": [55,
								{
									"name": "brazo3",
									"origin": [2.6, 10.3, 14.9],
									"children": [56,
										{
											"name": "mano",
											"origin": [2.6, 0, 15],
											"children": [57, 58,
												{
													"name": "dedo1",
													"origin": [2.2, -1.7, 15],
													"children": [59, 60]
												},
												{
													"name": "dedo2",
													"origin": [2.2, -1.7, 15.6],
													"children": [61, 62]
												},
												{
													"name": "dedo3",
													"origin": [2.2, -1.7, 16.2],
													"children": [63, 64]
												},
												{
													"name": "pulgar",
													"origin": [3.3, -1.4, 13.4],
													"children": [65]
												}
											]
										}
									]
								}
							]
						}
					]
				}
			]
		}
	]
}