{
	"credit": "Made with Blockbench",
	"texture_size": [64, 64],
	"textures": {
		"0": "6dt2_custom/6dt2_slenderman/6dt2_slenderman",
		"particle": "6dt2_custom/6dt2_slenderman/6dt2_slenderman"
	},
	"elements": [
		{
			"from": [12.58422, 9.03488, 22.09145],
			"to": [16.22502, 10.36984, 23.48709],
			"rotation": {"angle": -22.5, "axis": "y", "origin": [1.66247, 9.70236, 11.93558]},
			"faces": {
				"north": {"uv": [8.1875, 6.5, 9, 7.75], "rotation": 270, "texture": "#0"},
				"east": {"uv": [8.1875, 6.5, 9, 7.75], "rotation": 270, "texture": "#0"},
				"south": {"uv": [8.1875, 6.5, 9, 7.75], "rotation": 270, "texture": "#0"},
				"west": {"uv": [8.1875, 6.5, 9, 7.75], "rotation": 270, "texture": "#0"},
				"up": {"uv": [8.1875, 6.5, 9, 7.75], "rotation": 90, "texture": "#0"},
				"down": {"uv": [8.1875, 6.5, 9, 7.75], "rotation": 270, "texture": "#0"}
			}
		},
		{
			"from": [-4.7971, 9.15624, 22.79039],
			"to": [-3.64418, 10.24848, 26.43119],
			"rotation": {"angle": 45, "axis": "y", "origin": [1.66247, 9.70236, 11.93558]},
			"faces": {
				"north": {"uv": [8.1875, 6.5, 9, 7.75], "rotation": 270, "texture": "#0"},
				"east": {"uv": [8.1875, 6.5, 9, 7.75], "rotation": 270, "texture": "#0"},
				"south": {"uv": [8.1875, 6.5, 9, 7.75], "rotation": 270, "texture": "#0"},
				"west": {"uv": [8.1875, 6.5, 9, 7.75], "rotation": 270, "texture": "#0"},
				"up": {"uv": [8.1875, 6.5, 9, 7.75], "rotation": 180, "texture": "#0"},
				"down": {"uv": [8.1875, 6.5, 9, 7.75], "rotation": 180, "texture": "#0"}
			}
		},
		{
			"from": [4.998, 9.2776, 6.32224],
			"to": [5.9082, 10.12712, 9.96304],
			"rotation": {"angle": 0, "axis": "y", "origin": [6.66247, 9.70236, 11.93558]},
			"faces": {
				"north": {"uv": [8.1875, 6.5, 9, 7.75], "rotation": 270, "texture": "#0"},
				"east": {"uv": [8.1875, 6.5, 9, 7.75], "rotation": 270, "texture": "#0"},
				"south": {"uv": [8.1875, 6.5, 9, 7.75], "rotation": 270, "texture": "#0"},
				"west": {"uv": [8.1875, 6.5, 9, 7.75], "rotation": 270, "texture": "#0"},
				"up": {"uv": [8.1875, 6.5, 9, 7.75], "rotation": 180, "texture": "#0"},
				"down": {"uv": [8.1875, 6.5, 9, 7.75], "rotation": 180, "texture": "#0"}
			}
		},
		{
			"from": [2.86769, 9.2776, 3.96949],
			"to": [3.77789, 10.12712, 7.61029],
			"rotation": {"angle": -22.5, "axis": "y", "origin": [6.66247, 9.70236, 11.93558]},
			"faces": {
				"north": {"uv": [8.1875, 6.5, 9, 7.75], "rotation": 270, "texture": "#0"},
				"east": {"uv": [8.1875, 6.5, 9, 7.75], "rotation": 270, "texture": "#0"},
				"south": {"uv": [8.1875, 6.5, 9, 7.75], "rotation": 270, "texture": "#0"},
				"west": {"uv": [8.1875, 6.5, 9, 7.75], "rotation": 270, "texture": "#0"},
				"up": {"uv": [8.1875, 6.5, 9, 7.75], "rotation": 180, "texture": "#0"},
				"down": {"uv": [8.1875, 6.5, 9, 7.75], "rotation": 180, "texture": "#0"}
			}
		},
		{
			"from": [2.95941, 9.39896, -3.25771],
			"to": [3.62689, 10.00576, 0.38309],
			"rotation": {"angle": -22.5, "axis": "y", "origin": [6.66247, 9.70236, 11.93558]},
			"faces": {
				"north": {"uv": [8.1875, 6.5, 9, 7.75], "rotation": 270, "texture": "#0"},
				"east": {"uv": [8.1875, 6.5, 9, 7.75], "rotation": 270, "texture": "#0"},
				"south": {"uv": [8.1875, 6.5, 9, 7.75], "rotation": 270, "texture": "#0"},
				"west": {"uv": [8.1875, 6.5, 9, 7.75], "rotation": 270, "texture": "#0"},
				"up": {"uv": [8.1875, 6.5, 9, 7.75], "rotation": 180, "texture": "#0"},
				"down": {"uv": [8.1875, 6.5, 9, 7.75], "rotation": 180, "texture": "#0"}
			}
		},
		{
			"from": [2.95941, 9.39896, 0.34229],
			"to": [3.62689, 10.00576, 3.98309],
			"rotation": {"angle": -22.5, "axis": "y", "origin": [6.66247, 9.70236, 11.93558]},
			"faces": {
				"north": {"uv": [8.1875, 6.5, 9, 7.75], "rotation": 270, "texture": "#0"},
				"east": {"uv": [8.1875, 6.5, 9, 7.75], "rotation": 270, "texture": "#0"},
				"south": {"uv": [8.1875, 6.5, 9, 7.75], "rotation": 270, "texture": "#0"},
				"west": {"uv": [8.1875, 6.5, 9, 7.75], "rotation": 270, "texture": "#0"},
				"up": {"uv": [8.1875, 6.5, 9, 7.75], "rotation": 180, "texture": "#0"},
				"down": {"uv": [8.1875, 6.5, 9, 7.75], "rotation": 180, "texture": "#0"}
			}
		},
		{
			"from": [3.08077, 9.52032, -6.89851],
			"to": [3.50553, 9.8844, -3.25771],
			"rotation": {"angle": -22.5, "axis": "y", "origin": [6.66247, 9.70236, 11.93558]},
			"faces": {
				"north": {"uv": [8.1875, 6.5, 9, 7.75], "rotation": 270, "texture": "#0"},
				"east": {"uv": [8.1875, 6.5, 9, 7.75], "rotation": 270, "texture": "#0"},
				"south": {"uv": [8.1875, 6.5, 9, 7.75], "rotation": 270, "texture": "#0"},
				"west": {"uv": [8.1875, 6.5, 9, 7.75], "rotation": 270, "texture": "#0"},
				"up": {"uv": [8.1875, 6.5, 9, 7.75], "rotation": 180, "texture": "#0"},
				"down": {"uv": [8.1875, 6.5, 9, 7.75], "rotation": 180, "texture": "#0"}
			}
		},
		{
			"from": [4.998, 9.2776, 9.96304],
			"to": [5.9082, 10.12712, 13.60384],
			"rotation": {"angle": 0, "axis": "y", "origin": [6.66247, 9.70236, 11.93558]},
			"faces": {
				"north": {"uv": [8.1875, 6.5, 9, 7.75], "rotation": 270, "texture": "#0"},
				"east": {"uv": [8.1875, 6.5, 9, 7.75], "rotation": 270, "texture": "#0"},
				"south": {"uv": [8.1875, 6.5, 9, 7.75], "rotation": 270, "texture": "#0"},
				"west": {"uv": [8.1875, 6.5, 9, 7.75], "rotation": 270, "texture": "#0"},
				"up": {"uv": [8.1875, 6.5, 9, 7.75], "rotation": 180, "texture": "#0"},
				"down": {"uv": [8.1875, 6.5, 9, 7.75], "rotation": 180, "texture": "#0"}
			}
		},
		{
			"from": [4.998, 9.2776, 13.56304],
			"to": [5.9082, 10.12712, 17.20384],
			"rotation": {"angle": 0, "axis": "y", "origin": [6.66247, 9.70236, 11.93558]},
			"faces": {
				"north": {"uv": [8.1875, 6.5, 9, 7.75], "rotation": 270, "texture": "#0"},
				"east": {"uv": [8.1875, 6.5, 9, 7.75], "rotation": 270, "texture": "#0"},
				"south": {"uv": [8.1875, 6.5, 9, 7.75], "rotation": 270, "texture": "#0"},
				"west": {"uv": [8.1875, 6.5, 9, 7.75], "rotation": 270, "texture": "#0"},
				"up": {"uv": [8.1875, 6.5, 9, 7.75], "rotation": 180, "texture": "#0"},
				"down": {"uv": [8.1875, 6.5, 9, 7.75], "rotation": 180, "texture": "#0"}
			}
		},
		{
			"from": [4.87664, 9.15624, 17.20384],
			"to": [6.02956, 10.24848, 20.84464],
			"rotation": {"angle": 0, "axis": "y", "origin": [6.66247, 9.70236, 11.93558]},
			"faces": {
				"north": {"uv": [8.1875, 6.5, 9, 7.75], "rotation": 270, "texture": "#0"},
				"east": {"uv": [8.1875, 6.5, 9, 7.75], "rotation": 270, "texture": "#0"},
				"south": {"uv": [8.1875, 6.5, 9, 7.75], "rotation": 270, "texture": "#0"},
				"west": {"uv": [8.1875, 6.5, 9, 7.75], "rotation": 270, "texture": "#0"},
				"up": {"uv": [8.1875, 6.5, 9, 7.75], "rotation": 180, "texture": "#0"},
				"down": {"uv": [8.1875, 6.5, 9, 7.75], "rotation": 180, "texture": "#0"}
			}
		},
		{
			"from": [4.87664, 9.15624, 20.80384],
			"to": [6.02956, 10.24848, 24.44464],
			"rotation": {"angle": 0, "axis": "y", "origin": [6.66247, 9.70236, 11.93558]},
			"faces": {
				"north": {"uv": [8.1875, 6.5, 9, 7.75], "rotation": 270, "texture": "#0"},
				"east": {"uv": [8.1875, 6.5, 9, 7.75], "rotation": 270, "texture": "#0"},
				"south": {"uv": [8.1875, 6.5, 9, 7.75], "rotation": 270, "texture": "#0"},
				"west": {"uv": [8.1875, 6.5, 9, 7.75], "rotation": 270, "texture": "#0"},
				"up": {"uv": [8.1875, 6.5, 9, 7.75], "rotation": 180, "texture": "#0"},
				"down": {"uv": [8.1875, 6.5, 9, 7.75], "rotation": 180, "texture": "#0"}
			}
		},
		{
			"from": [12.58422, 12.63488, 20.89145],
			"to": [16.22502, 13.96984, 22.28709],
			"rotation": {"angle": -22.5, "axis": "y", "origin": [1.66247, 13.30236, 10.73558]},
			"faces": {
				"north": {"uv": [8.1875, 6.5, 9, 7.75], "rotation": 270, "texture": "#0"},
				"east": {"uv": [8.1875, 6.5, 9, 7.75], "rotation": 270, "texture": "#0"},
				"south": {"uv": [8.1875, 6.5, 9, 7.75], "rotation": 270, "texture": "#0"},
				"west": {"uv": [8.1875, 6.5, 9, 7.75], "rotation": 270, "texture": "#0"},
				"up": {"uv": [8.1875, 6.5, 9, 7.75], "rotation": 90, "texture": "#0"},
				"down": {"uv": [8.1875, 6.5, 9, 7.75], "rotation": 270, "texture": "#0"}
			}
		},
		{
			"from": [-4.7971, 12.75624, 21.59039],
			"to": [-3.64418, 13.84848, 25.23119],
			"rotation": {"angle": 45, "axis": "y", "origin": [1.66247, 13.30236, 10.73558]},
			"faces": {
				"north": {"uv": [8.1875, 6.5, 9, 7.75], "rotation": 270, "texture": "#0"},
				"east": {"uv": [8.1875, 6.5, 9, 7.75], "rotation": 270, "texture": "#0"},
				"south": {"uv": [8.1875, 6.5, 9, 7.75], "rotation": 270, "texture": "#0"},
				"west": {"uv": [8.1875, 6.5, 9, 7.75], "rotation": 270, "texture": "#0"},
				"up": {"uv": [8.1875, 6.5, 9, 7.75], "rotation": 180, "texture": "#0"},
				"down": {"uv": [8.1875, 6.5, 9, 7.75], "rotation": 180, "texture": "#0"}
			}
		},
		{
			"from": [4.998, 12.8776, 5.12224],
			"to": [5.9082, 13.72712, 8.76304],
			"rotation": {"angle": 0, "axis": "y", "origin": [6.66247, 13.30236, 10.73558]},
			"faces": {
				"north": {"uv": [8.1875, 6.5, 9, 7.75], "rotation": 270, "texture": "#0"},
				"east": {"uv": [8.1875, 6.5, 9, 7.75], "rotation": 270, "texture": "#0"},
				"south": {"uv": [8.1875, 6.5, 9, 7.75], "rotation": 270, "texture": "#0"},
				"west": {"uv": [8.1875, 6.5, 9, 7.75], "rotation": 270, "texture": "#0"},
				"up": {"uv": [8.1875, 6.5, 9, 7.75], "rotation": 180, "texture": "#0"},
				"down": {"uv": [8.1875, 6.5, 9, 7.75], "rotation": 180, "texture": "#0"}
			}
		},
		{
			"from": [2.86769, 12.8776, 2.76949],
			"to": [3.77789, 13.72712, 6.41029],
			"rotation": {"angle": -22.5, "axis": "y", "origin": [6.66247, 13.30236, 10.73558]},
			"faces": {
				"north": {"uv": [8.1875, 6.5, 9, 7.75], "rotation": 270, "texture": "#0"},
				"east": {"uv": [8.1875, 6.5, 9, 7.75], "rotation": 270, "texture": "#0"},
				"south": {"uv": [8.1875, 6.5, 9, 7.75], "rotation": 270, "texture": "#0"},
				"west": {"uv": [8.1875, 6.5, 9, 7.75], "rotation": 270, "texture": "#0"},
				"up": {"uv": [8.1875, 6.5, 9, 7.75], "rotation": 180, "texture": "#0"},
				"down": {"uv": [8.1875, 6.5, 9, 7.75], "rotation": 180, "texture": "#0"}
			}
		},
		{
			"from": [2.95941, 12.99896, -4.45771],
			"to": [3.62689, 13.60576, -0.81691],
			"rotation": {"angle": -22.5, "axis": "y", "origin": [6.66247, 13.30236, 10.73558]},
			"faces": {
				"north": {"uv": [8.1875, 6.5, 9, 7.75], "rotation": 270, "texture": "#0"},
				"east": {"uv": [8.1875, 6.5, 9, 7.75], "rotation": 270, "texture": "#0"},
				"south": {"uv": [8.1875, 6.5, 9, 7.75], "rotation": 270, "texture": "#0"},
				"west": {"uv": [8.1875, 6.5, 9, 7.75], "rotation": 270, "texture": "#0"},
				"up": {"uv": [8.1875, 6.5, 9, 7.75], "rotation": 180, "texture": "#0"},
				"down": {"uv": [8.1875, 6.5, 9, 7.75], "rotation": 180, "texture": "#0"}
			}
		},
		{
			"from": [2.95941, 12.99896, -0.85771],
			"to": [3.62689, 13.60576, 2.78309],
			"rotation": {"angle": -22.5, "axis": "y", "origin": [6.66247, 13.30236, 10.73558]},
			"faces": {
				"north": {"uv": [8.1875, 6.5, 9, 7.75], "rotation": 270, "texture": "#0"},
				"east": {"uv": [8.1875, 6.5, 9, 7.75], "rotation": 270, "texture": "#0"},
				"south": {"uv": [8.1875, 6.5, 9, 7.75], "rotation": 270, "texture": "#0"},
				"west": {"uv": [8.1875, 6.5, 9, 7.75], "rotation": 270, "texture": "#0"},
				"up": {"uv": [8.1875, 6.5, 9, 7.75], "rotation": 180, "texture": "#0"},
				"down": {"uv": [8.1875, 6.5, 9, 7.75], "rotation": 180, "texture": "#0"}
			}
		},
		{
			"from": [3.08077, 13.12032, -8.09851],
			"to": [3.50553, 13.4844, -4.45771],
			"rotation": {"angle": -22.5, "axis": "y", "origin": [6.66247, 13.30236, 10.73558]},
			"faces": {
				"north": {"uv": [8.1875, 6.5, 9, 7.75], "rotation": 270, "texture": "#0"},
				"east": {"uv": [8.1875, 6.5, 9, 7.75], "rotation": 270, "texture": "#0"},
				"south": {"uv": [8.1875, 6.5, 9, 7.75], "rotation": 270, "texture": "#0"},
				"west": {"uv": [8.1875, 6.5, 9, 7.75], "rotation": 270, "texture": "#0"},
				"up": {"uv": [8.1875, 6.5, 9, 7.75], "rotation": 180, "texture": "#0"},
				"down": {"uv": [8.1875, 6.5, 9, 7.75], "rotation": 180, "texture": "#0"}
			}
		},
		{
			"from": [4.998, 12.8776, 8.76304],
			"to": [5.9082, 13.72712, 12.40384],
			"rotation": {"angle": 0, "axis": "y", "origin": [6.66247, 13.30236, 10.73558]},
			"faces": {
				"north": {"uv": [8.1875, 6.5, 9, 7.75], "rotation": 270, "texture": "#0"},
				"east": {"uv": [8.1875, 6.5, 9, 7.75], "rotation": 270, "texture": "#0"},
				"south": {"uv": [8.1875, 6.5, 9, 7.75], "rotation": 270, "texture": "#0"},
				"west": {"uv": [8.1875, 6.5, 9, 7.75], "rotation": 270, "texture": "#0"},
				"up": {"uv": [8.1875, 6.5, 9, 7.75], "rotation": 180, "texture": "#0"},
				"down": {"uv": [8.1875, 6.5, 9, 7.75], "rotation": 180, "texture": "#0"}
			}
		},
		{
			"from": [4.998, 12.8776, 12.36304],
			"to": [5.9082, 13.72712, 16.00384],
			"rotation": {"angle": 0, "axis": "y", "origin": [6.66247, 13.30236, 10.73558]},
			"faces": {
				"north": {"uv": [8.1875, 6.5, 9, 7.75], "rotation": 270, "texture": "#0"},
				"east": {"uv": [8.1875, 6.5, 9, 7.75], "rotation": 270, "texture": "#0"},
				"south": {"uv": [8.1875, 6.5, 9, 7.75], "rotation": 270, "texture": "#0"},
				"west": {"uv": [8.1875, 6.5, 9, 7.75], "rotation": 270, "texture": "#0"},
				"up": {"uv": [8.1875, 6.5, 9, 7.75], "rotation": 180, "texture": "#0"},
				"down": {"uv": [8.1875, 6.5, 9, 7.75], "rotation": 180, "texture": "#0"}
			}
		},
		{
			"from": [4.87664, 12.75624, 16.00384],
			"to": [6.02956, 13.84848, 19.64464],
			"rotation": {"angle": 0, "axis": "y", "origin": [6.66247, 13.30236, 10.73558]},
			"faces": {
				"north": {"uv": [8.1875, 6.5, 9, 7.75], "rotation": 270, "texture": "#0"},
				"east": {"uv": [8.1875, 6.5, 9, 7.75], "rotation": 270, "texture": "#0"},
				"south": {"uv": [8.1875, 6.5, 9, 7.75], "rotation": 270, "texture": "#0"},
				"west": {"uv": [8.1875, 6.5, 9, 7.75], "rotation": 270, "texture": "#0"},
				"up": {"uv": [8.1875, 6.5, 9, 7.75], "rotation": 180, "texture": "#0"},
				"down": {"uv": [8.1875, 6.5, 9, 7.75], "rotation": 180, "texture": "#0"}
			}
		},
		{
			"from": [4.87664, 12.75624, 19.60384],
			"to": [6.02956, 13.84848, 23.24464],
			"rotation": {"angle": 0, "axis": "y", "origin": [6.66247, 13.30236, 10.73558]},
			"faces": {
				"north": {"uv": [8.1875, 6.5, 9, 7.75], "rotation": 270, "texture": "#0"},
				"east": {"uv": [8.1875, 6.5, 9, 7.75], "rotation": 270, "texture": "#0"},
				"south": {"uv": [8.1875, 6.5, 9, 7.75], "rotation": 270, "texture": "#0"},
				"west": {"uv": [8.1875, 6.5, 9, 7.75], "rotation": 270, "texture": "#0"},
				"up": {"uv": [8.1875, 6.5, 9, 7.75], "rotation": 180, "texture": "#0"},
				"down": {"uv": [8.1875, 6.5, 9, 7.75], "rotation": 180, "texture": "#0"}
			}
		},
		{
			"from": [8.17498, 9.03488, 22.09145],
			"to": [11.81578, 10.36984, 23.48709],
			"rotation": {"angle": 22.5, "axis": "y", "origin": [22.73753, 9.70236, 11.93558]},
			"faces": {
				"north": {"uv": [8.1875, 7.75, 9, 6.5], "rotation": 270, "texture": "#0"},
				"east": {"uv": [8.1875, 7.75, 9, 6.5], "rotation": 270, "texture": "#0"},
				"south": {"uv": [8.1875, 7.75, 9, 6.5], "rotation": 270, "texture": "#0"},
				"west": {"uv": [8.1875, 7.75, 9, 6.5], "rotation": 270, "texture": "#0"},
				"up": {"uv": [8.1875, 7.75, 9, 6.5], "rotation": 90, "texture": "#0"},
				"down": {"uv": [8.1875, 7.75, 9, 6.5], "rotation": 270, "texture": "#0"}
			}
		},
		{
			"from": [28.04418, 9.15624, 22.79039],
			"to": [29.1971, 10.24848, 26.43119],
			"rotation": {"angle": -45, "axis": "y", "origin": [22.73753, 9.70236, 11.93558]},
			"faces": {
				"north": {"uv": [8.1875, 7.75, 9, 6.5], "rotation": 270, "texture": "#0"},
				"east": {"uv": [8.1875, 7.75, 9, 6.5], "rotation": 270, "texture": "#0"},
				"south": {"uv": [8.1875, 7.75, 9, 6.5], "rotation": 270, "texture": "#0"},
				"west": {"uv": [8.1875, 7.75, 9, 6.5], "rotation": 270, "texture": "#0"},
				"up": {"uv": [9, 6.5, 8.1875, 7.75], "rotation": 180, "texture": "#0"},
				"down": {"uv": [9, 6.5, 8.1875, 7.75], "rotation": 180, "texture": "#0"}
			}
		},
		{
			"from": [18.4918, 9.2776, 6.32224],
			"to": [19.402, 10.12712, 9.96304],
			"rotation": {"angle": 0, "axis": "y", "origin": [17.73753, 9.70236, 11.93558]},
			"faces": {
				"north": {"uv": [8.1875, 7.75, 9, 6.5], "rotation": 270, "texture": "#0"},
				"east": {"uv": [8.1875, 7.75, 9, 6.5], "rotation": 270, "texture": "#0"},
				"south": {"uv": [8.1875, 7.75, 9, 6.5], "rotation": 270, "texture": "#0"},
				"west": {"uv": [8.1875, 7.75, 9, 6.5], "rotation": 270, "texture": "#0"},
				"up": {"uv": [9, 6.5, 8.1875, 7.75], "rotation": 180, "texture": "#0"},
				"down": {"uv": [9, 6.5, 8.1875, 7.75], "rotation": 180, "texture": "#0"}
			}
		},
		{
			"from": [20.62211, 9.2776, 3.96949],
			"to": [21.53231, 10.12712, 7.61029],
			"rotation": {"angle": 22.5, "axis": "y", "origin": [17.73753, 9.70236, 11.93558]},
			"faces": {
				"north": {"uv": [8.1875, 7.75, 9, 6.5], "rotation": 270, "texture": "#0"},
				"east": {"uv": [8.1875, 7.75, 9, 6.5], "rotation": 270, "texture": "#0"},
				"south": {"uv": [8.1875, 7.75, 9, 6.5], "rotation": 270, "texture": "#0"},
				"west": {"uv": [8.1875, 7.75, 9, 6.5], "rotation": 270, "texture": "#0"},
				"up": {"uv": [9, 6.5, 8.1875, 7.75], "rotation": 180, "texture": "#0"},
				"down": {"uv": [9, 6.5, 8.1875, 7.75], "rotation": 180, "texture": "#0"}
			}
		},
		{
			"from": [20.77311, 9.39896, -3.25771],
			"to": [21.44059, 10.00576, 0.38309],
			"rotation": {"angle": 22.5, "axis": "y", "origin": [17.73753, 9.70236, 11.93558]},
			"faces": {
				"north": {"uv": [8.1875, 7.75, 9, 6.5], "rotation": 270, "texture": "#0"},
				"east": {"uv": [8.1875, 7.75, 9, 6.5], "rotation": 270, "texture": "#0"},
				"south": {"uv": [8.1875, 7.75, 9, 6.5], "rotation": 270, "texture": "#0"},
				"west": {"uv": [8.1875, 7.75, 9, 6.5], "rotation": 270, "texture": "#0"},
				"up": {"uv": [9, 6.5, 8.1875, 7.75], "rotation": 180, "texture": "#0"},
				"down": {"uv": [9, 6.5, 8.1875, 7.75], "rotation": 180, "texture": "#0"}
			}
		},
		{
			"from": [20.77311, 9.39896, 0.34229],
			"to": [21.44059, 10.00576, 3.98309],
			"rotation": {"angle": 22.5, "axis": "y", "origin": [17.73753, 9.70236, 11.93558]},
			"faces": {
				"north": {"uv": [8.1875, 7.75, 9, 6.5], "rotation": 270, "texture": "#0"},
				"east": {"uv": [8.1875, 7.75, 9, 6.5], "rotation": 270, "texture": "#0"},
				"south": {"uv": [8.1875, 7.75, 9, 6.5], "rotation": 270, "texture": "#0"},
				"west": {"uv": [8.1875, 7.75, 9, 6.5], "rotation": 270, "texture": "#0"},
				"up": {"uv": [9, 6.5, 8.1875, 7.75], "rotation": 180, "texture": "#0"},
				"down": {"uv": [9, 6.5, 8.1875, 7.75], "rotation": 180, "texture": "#0"}
			}
		},
		{
			"from": [20.89447, 9.52032, -6.89851],
			"to": [21.31923, 9.8844, -3.25771],
			"rotation": {"angle": 22.5, "axis": "y", "origin": [17.73753, 9.70236, 11.93558]},
			"faces": {
				"north": {"uv": [8.1875, 7.75, 9, 6.5], "rotation": 270, "texture": "#0"},
				"east": {"uv": [8.1875, 7.75, 9, 6.5], "rotation": 270, "texture": "#0"},
				"south": {"uv": [8.1875, 7.75, 9, 6.5], "rotation": 270, "texture": "#0"},
				"west": {"uv": [8.1875, 7.75, 9, 6.5], "rotation": 270, "texture": "#0"},
				"up": {"uv": [9, 6.5, 8.1875, 7.75], "rotation": 180, "texture": "#0"},
				"down": {"uv": [9, 6.5, 8.1875, 7.75], "rotation": 180, "texture": "#0"}
			}
		},
		{
			"from": [18.4918, 9.2776, 9.96304],
			"to": [19.402, 10.12712, 13.60384],
			"rotation": {"angle": 0, "axis": "y", "origin": [17.73753, 9.70236, 11.93558]},
			"faces": {
				"north": {"uv": [8.1875, 7.75, 9, 6.5], "rotation": 270, "texture": "#0"},
				"east": {"uv": [8.1875, 7.75, 9, 6.5], "rotation": 270, "texture": "#0"},
				"south": {"uv": [8.1875, 7.75, 9, 6.5], "rotation": 270, "texture": "#0"},
				"west": {"uv": [8.1875, 7.75, 9, 6.5], "rotation": 270, "texture": "#0"},
				"up": {"uv": [9, 6.5, 8.1875, 7.75], "rotation": 180, "texture": "#0"},
				"down": {"uv": [9, 6.5, 8.1875, 7.75], "rotation": 180, "texture": "#0"}
			}
		},
		{
			"from": [18.4918, 9.2776, 13.56304],
			"to": [19.402, 10.12712, 17.20384],
			"rotation": {"angle": 0, "axis": "y", "origin": [17.73753, 9.70236, 11.93558]},
			"faces": {
				"north": {"uv": [8.1875, 7.75, 9, 6.5], "rotation": 270, "texture": "#0"},
				"east": {"uv": [8.1875, 7.75, 9, 6.5], "rotation": 270, "texture": "#0"},
				"south": {"uv": [8.1875, 7.75, 9, 6.5], "rotation": 270, "texture": "#0"},
				"west": {"uv": [8.1875, 7.75, 9, 6.5], "rotation": 270, "texture": "#0"},
				"up": {"uv": [9, 6.5, 8.1875, 7.75], "rotation": 180, "texture": "#0"},
				"down": {"uv": [9, 6.5, 8.1875, 7.75], "rotation": 180, "texture": "#0"}
			}
		},
		{
			"from": [18.37044, 9.15624, 17.20384],
			"to": [19.52336, 10.24848, 20.84464],
			"rotation": {"angle": 0, "axis": "y", "origin": [17.73753, 9.70236, 11.93558]},
			"faces": {
				"north": {"uv": [8.1875, 7.75, 9, 6.5], "rotation": 270, "texture": "#0"},
				"east": {"uv": [8.1875, 7.75, 9, 6.5], "rotation": 270, "texture": "#0"},
				"south": {"uv": [8.1875, 7.75, 9, 6.5], "rotation": 270, "texture": "#0"},
				"west": {"uv": [8.1875, 7.75, 9, 6.5], "rotation": 270, "texture": "#0"},
				"up": {"uv": [9, 6.5, 8.1875, 7.75], "rotation": 180, "texture": "#0"},
				"down": {"uv": [9, 6.5, 8.1875, 7.75], "rotation": 180, "texture": "#0"}
			}
		},
		{
			"from": [18.37044, 9.15624, 20.80384],
			"to": [19.52336, 10.24848, 24.44464],
			"rotation": {"angle": 0, "axis": "y", "origin": [17.73753, 9.70236, 11.93558]},
			"faces": {
				"north": {"uv": [8.1875, 7.75, 9, 6.5], "rotation": 270, "texture": "#0"},
				"east": {"uv": [8.1875, 7.75, 9, 6.5], "rotation": 270, "texture": "#0"},
				"south": {"uv": [8.1875, 7.75, 9, 6.5], "rotation": 270, "texture": "#0"},
				"west": {"uv": [8.1875, 7.75, 9, 6.5], "rotation": 270, "texture": "#0"},
				"up": {"uv": [9, 6.5, 8.1875, 7.75], "rotation": 180, "texture": "#0"},
				"down": {"uv": [9, 6.5, 8.1875, 7.75], "rotation": 180, "texture": "#0"}
			}
		},
		{
			"from": [8.17498, 12.93488, 20.89145],
			"to": [11.81578, 14.26984, 22.28709],
			"rotation": {"angle": 22.5, "axis": "y", "origin": [22.73753, 13.60236, 10.73558]},
			"faces": {
				"north": {"uv": [8.1875, 7.75, 9, 6.5], "rotation": 270, "texture": "#0"},
				"east": {"uv": [8.1875, 7.75, 9, 6.5], "rotation": 270, "texture": "#0"},
				"south": {"uv": [8.1875, 7.75, 9, 6.5], "rotation": 270, "texture": "#0"},
				"west": {"uv": [8.1875, 7.75, 9, 6.5], "rotation": 270, "texture": "#0"},
				"up": {"uv": [8.1875, 7.75, 9, 6.5], "rotation": 90, "texture": "#0"},
				"down": {"uv": [8.1875, 7.75, 9, 6.5], "rotation": 270, "texture": "#0"}
			}
		},
		{
			"from": [28.04418, 13.05624, 21.59039],
			"to": [29.1971, 14.14848, 25.23119],
			"rotation": {"angle": -45, "axis": "y", "origin": [22.73753, 13.60236, 10.73558]},
			"faces": {
				"north": {"uv": [8.1875, 7.75, 9, 6.5], "rotation": 270, "texture": "#0"},
				"east": {"uv": [8.1875, 7.75, 9, 6.5], "rotation": 270, "texture": "#0"},
				"south": {"uv": [8.1875, 7.75, 9, 6.5], "rotation": 270, "texture": "#0"},
				"west": {"uv": [8.1875, 7.75, 9, 6.5], "rotation": 270, "texture": "#0"},
				"up": {"uv": [9, 6.5, 8.1875, 7.75], "rotation": 180, "texture": "#0"},
				"down": {"uv": [9, 6.5, 8.1875, 7.75], "rotation": 180, "texture": "#0"}
			}
		},
		{
			"from": [18.4918, 13.1776, 5.12224],
			"to": [19.402, 14.02712, 8.76304],
			"rotation": {"angle": 0, "axis": "y", "origin": [17.73753, 13.60236, 10.73558]},
			"faces": {
				"north": {"uv": [8.1875, 7.75, 9, 6.5], "rotation": 270, "texture": "#0"},
				"east": {"uv": [8.1875, 7.75, 9, 6.5], "rotation": 270, "texture": "#0"},
				"south": {"uv": [8.1875, 7.75, 9, 6.5], "rotation": 270, "texture": "#0"},
				"west": {"uv": [8.1875, 7.75, 9, 6.5], "rotation": 270, "texture": "#0"},
				"up": {"uv": [9, 6.5, 8.1875, 7.75], "rotation": 180, "texture": "#0"},
				"down": {"uv": [9, 6.5, 8.1875, 7.75], "rotation": 180, "texture": "#0"}
			}
		},
		{
			"from": [20.62211, 13.1776, 2.76949],
			"to": [21.53231, 14.02712, 6.41029],
			"rotation": {"angle": 22.5, "axis": "y", "origin": [17.73753, 13.60236, 10.73558]},
			"faces": {
				"north": {"uv": [8.1875, 7.75, 9, 6.5], "rotation": 270, "texture": "#0"},
				"east": {"uv": [8.1875, 7.75, 9, 6.5], "rotation": 270, "texture": "#0"},
				"south": {"uv": [8.1875, 7.75, 9, 6.5], "rotation": 270, "texture": "#0"},
				"west": {"uv": [8.1875, 7.75, 9, 6.5], "rotation": 270, "texture": "#0"},
				"up": {"uv": [9, 6.5, 8.1875, 7.75], "rotation": 180, "texture": "#0"},
				"down": {"uv": [9, 6.5, 8.1875, 7.75], "rotation": 180, "texture": "#0"}
			}
		},
		{
			"from": [20.77311, 13.29896, -4.45771],
			"to": [21.44059, 13.90576, -0.81691],
			"rotation": {"angle": 22.5, "axis": "y", "origin": [17.73753, 13.60236, 10.73558]},
			"faces": {
				"north": {"uv": [8.1875, 7.75, 9, 6.5], "rotation": 270, "texture": "#0"},
				"east": {"uv": [8.1875, 7.75, 9, 6.5], "rotation": 270, "texture": "#0"},
				"south": {"uv": [8.1875, 7.75, 9, 6.5], "rotation": 270, "texture": "#0"},
				"west": {"uv": [8.1875, 7.75, 9, 6.5], "rotation": 270, "texture": "#0"},
				"up": {"uv": [9, 6.5, 8.1875, 7.75], "rotation": 180, "texture": "#0"},
				"down": {"uv": [9, 6.5, 8.1875, 7.75], "rotation": 180, "texture": "#0"}
			}
		},
		{
			"from": [20.77311, 13.29896, -0.85771],
			"to": [21.44059, 13.90576, 2.78309],
			"rotation": {"angle": 22.5, "axis": "y", "origin": [17.73753, 13.60236, 10.73558]},
			"faces": {
				"north": {"uv": [8.1875, 7.75, 9, 6.5], "rotation": 270, "texture": "#0"},
				"east": {"uv": [8.1875, 7.75, 9, 6.5], "rotation": 270, "texture": "#0"},
				"south": {"uv": [8.1875, 7.75, 9, 6.5], "rotation": 270, "texture": "#0"},
				"west": {"uv": [8.1875, 7.75, 9, 6.5], "rotation": 270, "texture": "#0"},
				"up": {"uv": [9, 6.5, 8.1875, 7.75], "rotation": 180, "texture": "#0"},
				"down": {"uv": [9, 6.5, 8.1875, 7.75], "rotation": 180, "texture": "#0"}
			}
		},
		{
			"from": [20.89447, 13.42032, -8.09851],
			"to": [21.31923, 13.7844, -4.45771],
			"rotation": {"angle": 22.5, "axis": "y", "origin": [17.73753, 13.60236, 10.73558]},
			"faces": {
				"north": {"uv": [8.1875, 7.75, 9, 6.5], "rotation": 270, "texture": "#0"},
				"east": {"uv": [8.1875, 7.75, 9, 6.5], "rotation": 270, "texture": "#0"},
				"south": {"uv": [8.1875, 7.75, 9, 6.5], "rotation": 270, "texture": "#0"},
				"west": {"uv": [8.1875, 7.75, 9, 6.5], "rotation": 270, "texture": "#0"},
				"up": {"uv": [9, 6.5, 8.1875, 7.75], "rotation": 180, "texture": "#0"},
				"down": {"uv": [9, 6.5, 8.1875, 7.75], "rotation": 180, "texture": "#0"}
			}
		},
		{
			"from": [18.4918, 13.1776, 8.76304],
			"to": [19.402, 14.02712, 12.40384],
			"rotation": {"angle": 0, "axis": "y", "origin": [17.73753, 13.60236, 10.73558]},
			"faces": {
				"north": {"uv": [8.1875, 7.75, 9, 6.5], "rotation": 270, "texture": "#0"},
				"east": {"uv": [8.1875, 7.75, 9, 6.5], "rotation": 270, "texture": "#0"},
				"south": {"uv": [8.1875, 7.75, 9, 6.5], "rotation": 270, "texture": "#0"},
				"west": {"uv": [8.1875, 7.75, 9, 6.5], "rotation": 270, "texture": "#0"},
				"up": {"uv": [9, 6.5, 8.1875, 7.75], "rotation": 180, "texture": "#0"},
				"down": {"uv": [9, 6.5, 8.1875, 7.75], "rotation": 180, "texture": "#0"}
			}
		},
		{
			"from": [18.4918, 13.1776, 12.36304],
			"to": [19.402, 14.02712, 16.00384],
			"rotation": {"angle": 0, "axis": "y", "origin": [17.73753, 13.60236, 10.73558]},
			"faces": {
				"north": {"uv": [8.1875, 7.75, 9, 6.5], "rotation": 270, "texture": "#0"},
				"east": {"uv": [8.1875, 7.75, 9, 6.5], "rotation": 270, "texture": "#0"},
				"south": {"uv": [8.1875, 7.75, 9, 6.5], "rotation": 270, "texture": "#0"},
				"west": {"uv": [8.1875, 7.75, 9, 6.5], "rotation": 270, "texture": "#0"},
				"up": {"uv": [9, 6.5, 8.1875, 7.75], "rotation": 180, "texture": "#0"},
				"down": {"uv": [9, 6.5, 8.1875, 7.75], "rotation": 180, "texture": "#0"}
			}
		},
		{
			"from": [18.37044, 13.05624, 16.00384],
			"to": [19.52336, 14.14848, 19.64464],
			"rotation": {"angle": 0, "axis": "y", "origin": [17.73753, 13.60236, 10.73558]},
			"faces": {
				"north": {"uv": [8.1875, 7.75, 9, 6.5], "rotation": 270, "texture": "#0"},
				"east": {"uv": [8.1875, 7.75, 9, 6.5], "rotation": 270, "texture": "#0"},
				"south": {"uv": [8.1875, 7.75, 9, 6.5], "rotation": 270, "texture": "#0"},
				"west": {"uv": [8.1875, 7.75, 9, 6.5], "rotation": 270, "texture": "#0"},
				"up": {"uv": [9, 6.5, 8.1875, 7.75], "rotation": 180, "texture": "#0"},
				"down": {"uv": [9, 6.5, 8.1875, 7.75], "rotation": 180, "texture": "#0"}
			}
		},
		{
			"from": [18.37044, 13.05624, 19.60384],
			"to": [19.52336, 14.14848, 23.24464],
			"rotation": {"angle": 0, "axis": "y", "origin": [17.73753, 13.60236, 10.73558]},
			"faces": {
				"north": {"uv": [8.1875, 7.75, 9, 6.5], "rotation": 270, "texture": "#0"},
				"east": {"uv": [8.1875, 7.75, 9, 6.5], "rotation": 270, "texture": "#0"},
				"south": {"uv": [8.1875, 7.75, 9, 6.5], "rotation": 270, "texture": "#0"},
				"west": {"uv": [8.1875, 7.75, 9, 6.5], "rotation": 270, "texture": "#0"},
				"up": {"uv": [9, 6.5, 8.1875, 7.75], "rotation": 180, "texture": "#0"},
				"down": {"uv": [9, 6.5, 8.1875, 7.75], "rotation": 180, "texture": "#0"}
			}
		},
		{
			"from": [12.58422, 9.03488, 22.09145],
			"to": [16.22502, 10.36984, 23.48709],
			"rotation": {"angle": -22.5, "axis": "y", "origin": [1.66247, 9.70236, 11.93558]},
			"faces": {
				"north": {"uv": [8.1875, 6.5, 9, 7.75], "rotation": 270, "texture": "#0"},
				"east": {"uv": [8.1875, 6.5, 9, 7.75], "rotation": 270, "texture": "#0"},
				"south": {"uv": [8.1875, 6.5, 9, 7.75], "rotation": 270, "texture": "#0"},
				"west": {"uv": [8.1875, 6.5, 9, 7.75], "rotation": 270, "texture": "#0"},
				"up": {"uv": [8.1875, 6.5, 9, 7.75], "rotation": 90, "texture": "#0"},
				"down": {"uv": [8.1875, 6.5, 9, 7.75], "rotation": 270, "texture": "#0"}
			}
		},
		{
			"from": [-4.7971, 9.15624, 22.79039],
			"to": [-3.64418, 10.24848, 26.43119],
			"rotation": {"angle": 45, "axis": "y", "origin": [1.66247, 9.70236, 11.93558]},
			"faces": {
				"north": {"uv": [8.1875, 6.5, 9, 7.75], "rotation": 270, "texture": "#0"},
				"east": {"uv": [8.1875, 6.5, 9, 7.75], "rotation": 270, "texture": "#0"},
				"south": {"uv": [8.1875, 6.5, 9, 7.75], "rotation": 270, "texture": "#0"},
				"west": {"uv": [8.1875, 6.5, 9, 7.75], "rotation": 270, "texture": "#0"},
				"up": {"uv": [8.1875, 6.5, 9, 7.75], "rotation": 180, "texture": "#0"},
				"down": {"uv": [8.1875, 6.5, 9, 7.75], "rotation": 180, "texture": "#0"}
			}
		},
		{
			"from": [5.198, 9.2776, 6.32224],
			"to": [6.1082, 10.12712, 9.96304],
			"rotation": {"angle": 0, "axis": "y", "origin": [6.86247, 9.70236, 11.93558]},
			"faces": {
				"north": {"uv": [8.1875, 6.5, 9, 7.75], "rotation": 270, "texture": "#0"},
				"east": {"uv": [8.1875, 6.5, 9, 7.75], "rotation": 270, "texture": "#0"},
				"south": {"uv": [8.1875, 6.5, 9, 7.75], "rotation": 270, "texture": "#0"},
				"west": {"uv": [8.1875, 6.5, 9, 7.75], "rotation": 270, "texture": "#0"},
				"up": {"uv": [8.1875, 6.5, 9, 7.75], "rotation": 180, "texture": "#0"},
				"down": {"uv": [8.1875, 6.5, 9, 7.75], "rotation": 180, "texture": "#0"}
			}
		},
		{
			"from": [3.06769, 9.2776, 3.96949],
			"to": [3.97789, 10.12712, 7.61029],
			"rotation": {"angle": -22.5, "axis": "y", "origin": [6.86247, 9.70236, 11.93558]},
			"faces": {
				"north": {"uv": [8.1875, 6.5, 9, 7.75], "rotation": 270, "texture": "#0"},
				"east": {"uv": [8.1875, 6.5, 9, 7.75], "rotation": 270, "texture": "#0"},
				"south": {"uv": [8.1875, 6.5, 9, 7.75], "rotation": 270, "texture": "#0"},
				"west": {"uv": [8.1875, 6.5, 9, 7.75], "rotation": 270, "texture": "#0"},
				"up": {"uv": [8.1875, 6.5, 9, 7.75], "rotation": 180, "texture": "#0"},
				"down": {"uv": [8.1875, 6.5, 9, 7.75], "rotation": 180, "texture": "#0"}
			}
		},
		{
			"from": [3.15941, 9.39896, -3.25771],
			"to": [3.82689, 10.00576, 0.38309],
			"rotation": {"angle": -22.5, "axis": "y", "origin": [6.86247, 9.70236, 11.93558]},
			"faces": {
				"north": {"uv": [8.1875, 6.5, 9, 7.75], "rotation": 270, "texture": "#0"},
				"east": {"uv": [8.1875, 6.5, 9, 7.75], "rotation": 270, "texture": "#0"},
				"south": {"uv": [8.1875, 6.5, 9, 7.75], "rotation": 270, "texture": "#0"},
				"west": {"uv": [8.1875, 6.5, 9, 7.75], "rotation": 270, "texture": "#0"},
				"up": {"uv": [8.1875, 6.5, 9, 7.75], "rotation": 180, "texture": "#0"},
				"down": {"uv": [8.1875, 6.5, 9, 7.75], "rotation": 180, "texture": "#0"}
			}
		},
		{
			"from": [3.15941, 9.39896, 0.34229],
			"to": [3.82689, 10.00576, 3.98309],
			"rotation": {"angle": -22.5, "axis": "y", "origin": [6.86247, 9.70236, 11.93558]},
			"faces": {
				"north": {"uv": [8.1875, 6.5, 9, 7.75], "rotation": 270, "texture": "#0"},
				"east": {"uv": [8.1875, 6.5, 9, 7.75], "rotation": 270, "texture": "#0"},
				"south": {"uv": [8.1875, 6.5, 9, 7.75], "rotation": 270, "texture": "#0"},
				"west": {"uv": [8.1875, 6.5, 9, 7.75], "rotation": 270, "texture": "#0"},
				"up": {"uv": [8.1875, 6.5, 9, 7.75], "rotation": 180, "texture": "#0"},
				"down": {"uv": [8.1875, 6.5, 9, 7.75], "rotation": 180, "texture": "#0"}
			}
		},
		{
			"from": [3.28077, 9.52032, -6.89851],
			"to": [3.70553, 9.8844, -3.25771],
			"rotation": {"angle": -22.5, "axis": "y", "origin": [6.86247, 9.70236, 11.93558]},
			"faces": {
				"north": {"uv": [8.1875, 6.5, 9, 7.75], "rotation": 270, "texture": "#0"},
				"east": {"uv": [8.1875, 6.5, 9, 7.75], "rotation": 270, "texture": "#0"},
				"south": {"uv": [8.1875, 6.5, 9, 7.75], "rotation": 270, "texture": "#0"},
				"west": {"uv": [8.1875, 6.5, 9, 7.75], "rotation": 270, "texture": "#0"},
				"up": {"uv": [8.1875, 6.5, 9, 7.75], "rotation": 180, "texture": "#0"},
				"down": {"uv": [8.1875, 6.5, 9, 7.75], "rotation": 180, "texture": "#0"}
			}
		},
		{
			"from": [5.198, 9.2776, 9.96304],
			"to": [6.1082, 10.12712, 13.60384],
			"rotation": {"angle": 0, "axis": "y", "origin": [6.86247, 9.70236, 11.93558]},
			"faces": {
				"north": {"uv": [8.1875, 6.5, 9, 7.75], "rotation": 270, "texture": "#0"},
				"east": {"uv": [8.1875, 6.5, 9, 7.75], "rotation": 270, "texture": "#0"},
				"south": {"uv": [8.1875, 6.5, 9, 7.75], "rotation": 270, "texture": "#0"},
				"west": {"uv": [8.1875, 6.5, 9, 7.75], "rotation": 270, "texture": "#0"},
				"up": {"uv": [8.1875, 6.5, 9, 7.75], "rotation": 180, "texture": "#0"},
				"down": {"uv": [8.1875, 6.5, 9, 7.75], "rotation": 180, "texture": "#0"}
			}
		},
		{
			"from": [5.198, 9.2776, 13.56304],
			"to": [6.1082, 10.12712, 17.20384],
			"rotation": {"angle": 0, "axis": "y", "origin": [6.86247, 9.70236, 11.93558]},
			"faces": {
				"north": {"uv": [8.1875, 6.5, 9, 7.75], "rotation": 270, "texture": "#0"},
				"east": {"uv": [8.1875, 6.5, 9, 7.75], "rotation": 270, "texture": "#0"},
				"south": {"uv": [8.1875, 6.5, 9, 7.75], "rotation": 270, "texture": "#0"},
				"west": {"uv": [8.1875, 6.5, 9, 7.75], "rotation": 270, "texture": "#0"},
				"up": {"uv": [8.1875, 6.5, 9, 7.75], "rotation": 180, "texture": "#0"},
				"down": {"uv": [8.1875, 6.5, 9, 7.75], "rotation": 180, "texture": "#0"}
			}
		},
		{
			"from": [5.07664, 9.15624, 17.20384],
			"to": [6.22956, 10.24848, 20.84464],
			"rotation": {"angle": 0, "axis": "y", "origin": [6.86247, 9.70236, 11.93558]},
			"faces": {
				"north": {"uv": [8.1875, 6.5, 9, 7.75], "rotation": 270, "texture": "#0"},
				"east": {"uv": [8.1875, 6.5, 9, 7.75], "rotation": 270, "texture": "#0"},
				"south": {"uv": [8.1875, 6.5, 9, 7.75], "rotation": 270, "texture": "#0"},
				"west": {"uv": [8.1875, 6.5, 9, 7.75], "rotation": 270, "texture": "#0"},
				"up": {"uv": [8.1875, 6.5, 9, 7.75], "rotation": 180, "texture": "#0"},
				"down": {"uv": [8.1875, 6.5, 9, 7.75], "rotation": 180, "texture": "#0"}
			}
		},
		{
			"from": [5.07664, 9.15624, 20.80384],
			"to": [6.22956, 10.24848, 24.44464],
			"rotation": {"angle": 0, "axis": "y", "origin": [6.86247, 9.70236, 11.93558]},
			"faces": {
				"north": {"uv": [8.1875, 6.5, 9, 7.75], "rotation": 270, "texture": "#0"},
				"east": {"uv": [8.1875, 6.5, 9, 7.75], "rotation": 270, "texture": "#0"},
				"south": {"uv": [8.1875, 6.5, 9, 7.75], "rotation": 270, "texture": "#0"},
				"west": {"uv": [8.1875, 6.5, 9, 7.75], "rotation": 270, "texture": "#0"},
				"up": {"uv": [8.1875, 6.5, 9, 7.75], "rotation": 180, "texture": "#0"},
				"down": {"uv": [8.1875, 6.5, 9, 7.75], "rotation": 180, "texture": "#0"}
			}
		},
		{
			"from": [10.87844, 5.72396, 26.17828],
			"to": [11.89728, 9.41726, 27.62164],
			"rotation": {"angle": 0, "axis": "y", "origin": [14.35948, 9.88423, 29.31971]},
			"faces": {
				"north": {"uv": [6.75, 7.5, 7.25, 9.75], "texture": "#0"},
				"east": {"uv": [3, 5.5, 3.75, 7.75], "texture": "#0"},
				"south": {"uv": [4.5, 8.25, 5, 10.5], "texture": "#0"},
				"west": {"uv": [3.75, 5.5, 4.5, 7.75], "texture": "#0"},
				"up": {"uv": [10, 1.5, 9.5, 0.75], "texture": "#0"},
				"down": {"uv": [10, 2.25, 9.5, 3], "texture": "#0"}
			}
		},
		{
			"from": [11.89728, 7.84655, 26.17828],
			"to": [12.10954, 9.41726, 27.62164],
			"rotation": {"angle": 0, "axis": "y", "origin": [15.37832, 9.88423, 29.31971]},
			"faces": {
				"north": {"uv": [1.5, 6, 1.75, 7], "texture": "#0"},
				"east": {"uv": [5.75, 8.5, 6.5, 9.5], "texture": "#0"},
				"south": {"uv": [6.5, 0, 6.75, 1], "texture": "#0"},
				"west": {"uv": [7.25, 8.5, 8, 9.5], "texture": "#0"},
				"up": {"uv": [6.75, 1.75, 6.5, 1], "texture": "#0"},
				"down": {"uv": [6.75, 3, 6.5, 3.75], "texture": "#0"}
			}
		},
		{
			"from": [10.96334, -0.17683, 26.26318],
			"to": [11.81238, 5.72396, 27.57919],
			"rotation": {"angle": 0, "axis": "y", "origin": [14.35948, 3.21931, 29.31971]},
			"faces": {
				"north": {"uv": [0.75, 2.5, 1.25, 6], "texture": "#0"},
				"east": {"uv": [2.25, 2.25, 3, 5.75], "texture": "#0"},
				"south": {"uv": [1.25, 2.5, 1.75, 6], "texture": "#0"},
				"west": {"uv": [0, 2.5, 0.75, 6], "texture": "#0"},
				"up": {"uv": [6.75, 10.25, 6.25, 9.5], "texture": "#0"},
				"down": {"uv": [7.75, 9.5, 7.25, 10.25], "texture": "#0"}
			}
		},
		{
			"from": [11.13315, -0.81361, 25.28679],
			"to": [11.64257, -0.60135, 25.58395],
			"rotation": {"angle": 0, "axis": "y", "origin": [14.35948, 2.58253, 27.70654]},
			"faces": {
				"north": {"uv": [4.5, 5.5, 4.75, 5.75], "texture": "#0"},
				"east": {"uv": [6.5, 1.75, 6.75, 2], "texture": "#0"},
				"south": {"uv": [6.5, 3.75, 6.75, 4], "texture": "#0"},
				"west": {"uv": [8.5, 5.25, 8.75, 5.5], "texture": "#0"},
				"up": {"uv": [6.75, 9.5, 6.5, 9.25], "texture": "#0"},
				"down": {"uv": [8, 9.5, 7.75, 9.75], "texture": "#0"}
			}
		},
		{
			"from": [11.04824, -0.81361, 25.58395],
			"to": [11.72747, -0.47399, 25.92357],
			"rotation": {"angle": 0, "axis": "y", "origin": [14.35948, 2.58253, 28.04616]},
			"faces": {
				"north": {"uv": [1.75, 5.5, 2.25, 5.75], "texture": "#0"},
				"east": {"uv": [10.25, 7.75, 10.5, 8], "texture": "#0"},
				"south": {"uv": [7.25, 5.5, 7.75, 5.75], "texture": "#0"},
				"west": {"uv": [10.25, 8, 10.5, 8.25], "texture": "#0"},
				"up": {"uv": [5.5, 8.5, 5, 8.25], "texture": "#0"},
				"down": {"uv": [9.5, 2.25, 9, 2.5], "texture": "#0"}
			}
		},
		{
			"from": [10.96334, -0.81361, 25.92357],
			"to": [11.81238, -0.38909, 27.62164],
			"rotation": {"angle": 0, "axis": "y", "origin": [14.35948, 2.58253, 29.31971]},
			"faces": {
				"north": {"uv": [1, 10.25, 1.5, 10.5], "texture": "#0"},
				"east": {"uv": [9.5, 4.5, 10.5, 4.75], "texture": "#0"},
				"south": {"uv": [1.5, 10.25, 2, 10.5], "texture": "#0"},
				"west": {"uv": [9.5, 5.75, 10.5, 6], "texture": "#0"},
				"up": {"uv": [4.5, 10, 4, 9], "texture": "#0"},
				"down": {"uv": [9.5, 0.75, 9, 1.75], "texture": "#0"}
			}
		},
		{
			"from": [11.04824, -0.81361, 27.62164],
			"to": [11.72747, -0.51644, 27.79144],
			"rotation": {"angle": 0, "axis": "y", "origin": [14.35948, 2.58253, 30.59326]},
			"faces": {
				"north": {"uv": [2, 10.25, 2.5, 10.5], "texture": "#0"},
				"east": {"uv": [10.25, 8.25, 10.5, 8.5], "texture": "#0"},
				"south": {"uv": [3.5, 10.25, 4, 10.5], "texture": "#0"},
				"west": {"uv": [10.25, 8.5, 10.5, 8.75], "texture": "#0"},
				"up": {"uv": [5.5, 10.5, 5, 10.25], "texture": "#0"},
				"down": {"uv": [6.25, 10.25, 5.75, 10.5], "texture": "#0"}
			}
		},
		{
			"from": [11.04824, -0.38909, 26.34809],
			"to": [11.72747, -0.17683, 27.49428],
			"rotation": {"angle": 0, "axis": "y", "origin": [14.35948, 3.00705, 29.31971]},
			"faces": {
				"north": {"uv": [6.25, 10.25, 6.75, 10.5], "texture": "#0"},
				"east": {"uv": [2.25, 2, 3, 2.25], "texture": "#0"},
				"south": {"uv": [6.75, 10.25, 7.25, 10.5], "texture": "#0"},
				"west": {"uv": [10, 1.25, 10.75, 1.5], "texture": "#0"},
				"up": {"uv": [3, 7.75, 2.5, 7], "texture": "#0"},
				"down": {"uv": [6.25, 9.5, 5.75, 10.25], "texture": "#0"}
			}
		},
		{
			"from": [12.66141, 5.72396, 26.17828],
			"to": [13.68025, 9.41726, 27.62164],
			"rotation": {"angle": 0, "axis": "y", "origin": [13.09389, 2.00943, 26.66382]},
			"faces": {
				"north": {"uv": [7.25, 7.5, 6.75, 9.75], "texture": "#0"},
				"east": {"uv": [4.5, 5.5, 3.75, 7.75], "texture": "#0"},
				"south": {"uv": [5, 8.25, 4.5, 10.5], "texture": "#0"},
				"west": {"uv": [3.75, 5.5, 3, 7.75], "texture": "#0"},
				"up": {"uv": [9.5, 1.5, 10, 0.75], "texture": "#0"},
				"down": {"uv": [9.5, 2.25, 10, 3], "texture": "#0"}
			}
		},
		{
			"from": [12.44915, 7.84655, 26.17828],
			"to": [12.66141, 9.41726, 27.62164],
			"rotation": {"angle": 0, "axis": "y", "origin": [13.09389, 2.00943, 26.66382]},
			"faces": {
				"north": {"uv": [1.75, 6, 1.5, 7], "texture": "#0"},
				"east": {"uv": [8, 8.5, 7.25, 9.5], "texture": "#0"},
				"south": {"uv": [6.75, 0, 6.5, 1], "texture": "#0"},
				"west": {"uv": [6.5, 8.5, 5.75, 9.5], "texture": "#0"},
				"up": {"uv": [6.5, 1.75, 6.75, 1], "texture": "#0"},
				"down": {"uv": [6.5, 3, 6.75, 3.75], "texture": "#0"}
			}
		},
		{
			"from": [12.74631, -0.17683, 26.26318],
			"to": [13.59535, 5.72396, 27.57919],
			"rotation": {"angle": 0, "axis": "y", "origin": [13.09389, 2.00943, 26.66382]},
			"faces": {
				"north": {"uv": [1.25, 2.5, 0.75, 6], "texture": "#0"},
				"east": {"uv": [0.75, 2.5, 0, 6], "texture": "#0"},
				"south": {"uv": [1.75, 2.5, 1.25, 6], "texture": "#0"},
				"west": {"uv": [3, 2.25, 2.25, 5.75], "texture": "#0"},
				"up": {"uv": [6.25, 10.25, 6.75, 9.5], "texture": "#0"},
				"down": {"uv": [7.25, 9.5, 7.75, 10.25], "texture": "#0"}
			}
		},
		{
			"from": [12.91612, -0.81361, 25.28679],
			"to": [13.42554, -0.60135, 25.58395],
			"rotation": {"angle": 0, "axis": "y", "origin": [13.09389, 2.00943, 26.66382]},
			"faces": {
				"north": {"uv": [4.75, 5.5, 4.5, 5.75], "texture": "#0"},
				"east": {"uv": [8.75, 5.25, 8.5, 5.5], "texture": "#0"},
				"south": {"uv": [6.75, 3.75, 6.5, 4], "texture": "#0"},
				"west": {"uv": [6.75, 1.75, 6.5, 2], "texture": "#0"},
				"up": {"uv": [6.5, 9.5, 6.75, 9.25], "texture": "#0"},
				"down": {"uv": [7.75, 9.5, 8, 9.75], "texture": "#0"}
			}
		},
		{
			"from": [12.83122, -0.81361, 25.58395],
			"to": [13.51044, -0.47399, 25.92357],
			"rotation": {"angle": 0, "axis": "y", "origin": [13.09389, 2.00943, 26.66382]},
			"faces": {
				"north": {"uv": [2.25, 5.5, 1.75, 5.75], "texture": "#0"},
				"east": {"uv": [10.5, 8, 10.25, 8.25], "texture": "#0"},
				"south": {"uv": [7.75, 5.5, 7.25, 5.75], "texture": "#0"},
				"west": {"uv": [10.5, 7.75, 10.25, 8], "texture": "#0"},
				"up": {"uv": [5, 8.5, 5.5, 8.25], "texture": "#0"},
				"down": {"uv": [9, 2.25, 9.5, 2.5], "texture": "#0"}
			}
		},
		{
			"from": [12.74631, -0.81361, 25.92357],
			"to": [13.59535, -0.38909, 27.62164],
			"rotation": {"angle": 0, "axis": "y", "origin": [13.09389, 2.00943, 26.66382]},
			"faces": {
				"north": {"uv": [1.5, 10.25, 1, 10.5], "texture": "#0"},
				"east": {"uv": [10.5, 5.75, 9.5, 6], "texture": "#0"},
				"south": {"uv": [2, 10.25, 1.5, 10.5], "texture": "#0"},
				"west": {"uv": [10.5, 4.5, 9.5, 4.75], "texture": "#0"},
				"up": {"uv": [4, 10, 4.5, 9], "texture": "#0"},
				"down": {"uv": [9, 0.75, 9.5, 1.75], "texture": "#0"}
			}
		},
		{
			"from": [12.83122, -0.81361, 27.62164],
			"to": [13.51044, -0.51644, 27.79144],
			"rotation": {"angle": 0, "axis": "y", "origin": [13.09389, 2.00943, 26.66382]},
			"faces": {
				"north": {"uv": [2.5, 10.25, 2, 10.5], "texture": "#0"},
				"east": {"uv": [10.5, 8.5, 10.25, 8.75], "texture": "#0"},
				"south": {"uv": [4, 10.25, 3.5, 10.5], "texture": "#0"},
				"west": {"uv": [10.5, 8.25, 10.25, 8.5], "texture": "#0"},
				"up": {"uv": [5, 10.5, 5.5, 10.25], "texture": "#0"},
				"down": {"uv": [5.75, 10.25, 6.25, 10.5], "texture": "#0"}
			}
		},
		{
			"from": [12.83122, -0.38909, 26.34809],
			"to": [13.51044, -0.17683, 27.49428],
			"rotation": {"angle": 0, "axis": "y", "origin": [13.09389, 2.00943, 26.66382]},
			"faces": {
				"north": {"uv": [6.75, 10.25, 6.25, 10.5], "texture": "#0"},
				"east": {"uv": [10.75, 1.25, 10, 1.5], "texture": "#0"},
				"south": {"uv": [7.25, 10.25, 6.75, 10.5], "texture": "#0"},
				"west": {"uv": [3, 2, 2.25, 2.25], "texture": "#0"},
				"up": {"uv": [2.5, 7.75, 3, 7], "texture": "#0"},
				"down": {"uv": [5.75, 9.5, 6.25, 10.25], "texture": "#0"}
			}
		},
		{
			"from": [12.10954, 8.73803, 26.17828],
			"to": [12.4067, 9.41726, 27.62164],
			"rotation": {"angle": 0, "axis": "y", "origin": [15.59058, 9.88423, 29.31971]},
			"faces": {
				"north": {"uv": [5.5, 7, 5.75, 7.5], "texture": "#0"},
				"east": {"uv": [9.25, 8.75, 10, 9.25], "texture": "#0"},
				"south": {"uv": [7.25, 10.25, 7.5, 10.75], "texture": "#0"},
				"west": {"uv": [9.5, 3, 10.25, 3.5], "texture": "#0"},
				"up": {"uv": [6.75, 9.25, 6.5, 8.5], "texture": "#0"},
				"down": {"uv": [8.25, 8.5, 8, 9.25], "texture": "#0"}
			}
		},
		{
			"from": [10.70863, 9.41726, 26.05092],
			"to": [13.80761, 11.6672, 27.74899],
			"rotation": {"angle": 0, "axis": "y", "origin": [14.35948, 12.8134, 29.31971]},
			"faces": {
				"north": {"uv": [3, 3, 4.75, 4.25], "texture": "#0"},
				"east": {"uv": [4.5, 7, 5.5, 8.25], "texture": "#0"},
				"south": {"uv": [3, 4.25, 4.75, 5.5], "texture": "#0"},
				"west": {"uv": [7.25, 7.25, 8.25, 8.5], "texture": "#0"},
				"up": {"uv": [6.5, 4, 4.75, 3], "texture": "#0"},
				"down": {"uv": [6.75, 2, 5, 3], "texture": "#0"}
			}
		},
		{
			"from": [10.53882, 11.15778, 25.03208],
			"to": [13.97741, 12.64359, 26.73015],
			"rotation": {"angle": -22.5, "axis": "x", "origin": [12.23689, 14.00205, 25.88112]},
			"faces": {
				"north": {"uv": [4.75, 4, 6.75, 4.75], "texture": "#0"},
				"east": {"uv": [7.25, 6.5, 8.25, 7.25], "texture": "#0"},
				"south": {"uv": [5.75, 5.75, 7.75, 6.5], "texture": "#0"},
				"west": {"uv": [8.5, 2.5, 9.5, 3.25], "texture": "#0"},
				"up": {"uv": [5, 3, 3, 2], "texture": "#0"},
				"down": {"uv": [6.5, 0, 4.5, 1], "texture": "#0"}
			}
		},
		{
			"from": [10.32656, 12.6436, 24.65002],
			"to": [14.14722, 14.34167, 26.89996],
			"rotation": {"angle": 45, "axis": "x", "origin": [12.23689, 13.49263, 25.5415]},
			"faces": {
				"north": {"uv": [4.5, 1, 2.25, 0], "rotation": 180, "texture": "#0"},
				"east": {"uv": [7.25, 0, 8.25, 1.25], "rotation": 90, "texture": "#0"},
				"south": {"uv": [4.5, 1, 2.25, 2], "texture": "#0"},
				"west": {"uv": [7.25, 1.25, 8.25, 2.5], "rotation": 270, "texture": "#0"},
				"up": {"uv": [0, 1.25, 2.25, 2.5], "texture": "#0"},
				"down": {"uv": [0, 0, 2.25, 1.25], "rotation": 180, "texture": "#0"}
			}
		},
		{
			"from": [10.49637, 12.6436, 24.35285],
			"to": [13.97741, 14.34167, 24.65002],
			"rotation": {"angle": 45, "axis": "x", "origin": [12.23689, 13.49263, 25.5415]},
			"faces": {
				"north": {"uv": [6.5, 2, 4.5, 1], "rotation": 180, "texture": "#0"},
				"east": {"uv": [2.5, 9.75, 3.5, 10], "rotation": 90, "texture": "#0"},
				"south": {"uv": [6.75, 4.75, 4.75, 5.75], "texture": "#0"},
				"west": {"uv": [7.75, 9.75, 8.75, 10], "rotation": 270, "texture": "#0"},
				"up": {"uv": [8.75, 6.25, 10.75, 6.5], "texture": "#0"},
				"down": {"uv": [8.75, 6, 10.75, 6.25], "rotation": 180, "texture": "#0"}
			}
		},
		{
			"from": [10.96334, 12.6436, 24.1406],
			"to": [13.46799, 14.34167, 24.35285],
			"rotation": {"angle": 45, "axis": "x", "origin": [12.23689, 13.49263, 25.5415]},
			"faces": {
				"north": {"uv": [1.5, 7, 0, 6], "rotation": 180, "texture": "#0"},
				"east": {"uv": [8.75, 9.75, 9.75, 10], "rotation": 90, "texture": "#0"},
				"south": {"uv": [7.25, 6.5, 5.75, 7.5], "texture": "#0"},
				"west": {"uv": [9.75, 9.75, 10.75, 10], "rotation": 270, "texture": "#0"},
				"up": {"uv": [9.5, 1.5, 11, 1.75], "texture": "#0"},
				"down": {"uv": [9, 7.5, 10.5, 7.75], "rotation": 180, "texture": "#0"}
			}
		},
		{
			"name": "cuello",
			"from": [11.60012, 14.0445, 23.51892],
			"to": [12.78877, 14.68128, 24.58021],
			"rotation": {"angle": -22.5, "axis": "x", "origin": [12.19798, 15.47017, 23.72669]},
			"faces": {
				"north": {"uv": [10, 2.75, 10.75, 3], "texture": "#0"},
				"east": {"uv": [10, 8.75, 10.75, 9], "texture": "#0"},
				"south": {"uv": [10, 9, 10.75, 9.25], "texture": "#0"},
				"west": {"uv": [10, 9.25, 10.75, 9.5], "texture": "#0"},
				"up": {"uv": [9.5, 6, 8.75, 5.25], "texture": "#0"},
				"down": {"uv": [3.25, 9, 2.5, 9.75], "texture": "#0"}
			}
		},
		{
			"from": [11.34541, 15.07844, 22.8944],
			"to": [13.08593, 15.88502, 24.80473],
			"rotation": {"angle": -22.5, "axis": "x", "origin": [12.19798, 15.38527, 23.93895]},
			"faces": {
				"north": {"uv": [9, 1.75, 10, 2.25], "texture": "#0"},
				"east": {"uv": [8.25, 7.75, 9.5, 8.25], "texture": "#0"},
				"south": {"uv": [9, 6.5, 10, 7], "texture": "#0"},
				"west": {"uv": [8.5, 4.75, 9.75, 5.25], "texture": "#0"},
				"up": {"uv": [3.5, 9, 2.5, 7.75], "texture": "#0"},
				"down": {"uv": [4.5, 7.75, 3.5, 9], "texture": "#0"}
			}
		},
		{
			"from": [11.1756, 15.50295, 22.85195],
			"to": [13.21328, 17.11612, 24.93208],
			"rotation": {"angle": -22.5, "axis": "x", "origin": [12.19798, 15.38527, 23.93895]},
			"faces": {
				"north": {"uv": [7.25, 2.5, 8.5, 3.5], "texture": "#0"},
				"east": {"uv": [7.25, 3.5, 8.5, 4.5], "texture": "#0"},
				"south": {"uv": [7.25, 4.5, 8.5, 5.5], "texture": "#0"},
				"west": {"uv": [5.5, 7.5, 6.75, 8.5], "texture": "#0"},
				"up": {"uv": [3, 7, 1.75, 5.75], "texture": "#0"},
				"down": {"uv": [5.75, 5.75, 4.5, 7], "texture": "#0"}
			}
		},
		{
			"from": [11.34541, 16.73405, 22.9793],
			"to": [13.04348, 17.45573, 24.76228],
			"rotation": {"angle": -22.5, "axis": "x", "origin": [12.19798, 15.38527, 23.93895]},
			"faces": {
				"north": {"uv": [9, 7, 10, 7.5], "texture": "#0"},
				"east": {"uv": [8, 9.25, 9, 9.75], "texture": "#0"},
				"south": {"uv": [9, 9.25, 10, 9.75], "texture": "#0"},
				"west": {"uv": [9.25, 8.25, 10.25, 8.75], "texture": "#0"},
				"up": {"uv": [8.75, 6.5, 7.75, 5.5], "texture": "#0"},
				"down": {"uv": [9.25, 8.25, 8.25, 9.25], "texture": "#0"}
			}
		},
		{
			"from": [11.43031, 14.44166, 23.06421],
			"to": [12.95857, 15.07844, 23.48872],
			"rotation": {"angle": -22.5, "axis": "x", "origin": [12.19798, 15.38527, 23.93895]},
			"faces": {
				"north": {"uv": [9.75, 0, 10.75, 0.25], "texture": "#0"},
				"east": {"uv": [10.25, 10, 10.5, 10.25], "texture": "#0"},
				"south": {"uv": [9.75, 0.25, 10.75, 0.5], "texture": "#0"},
				"west": {"uv": [0, 10.5, 0.25, 10.75], "texture": "#0"},
				"up": {"uv": [10.75, 0.75, 9.75, 0.5], "texture": "#0"},
				"down": {"uv": [10.75, 4.75, 9.75, 5], "texture": "#0"}
			}
		},
		{
			"from": [11.43031, 14.69637, 23.48872],
			"to": [12.95857, 15.07844, 24.67737],
			"rotation": {"angle": -22.5, "axis": "x", "origin": [12.19798, 15.38527, 23.93895]},
			"faces": {
				"north": {"uv": [9.75, 5, 10.75, 5.25], "texture": "#0"},
				"east": {"uv": [10, 9.5, 10.75, 9.75], "texture": "#0"},
				"south": {"uv": [0, 10, 1, 10.25], "texture": "#0"},
				"west": {"uv": [0, 10.25, 0.75, 10.5], "texture": "#0"},
				"up": {"uv": [9.5, 4, 8.5, 3.25], "texture": "#0"},
				"down": {"uv": [9.5, 4, 8.5, 4.75], "texture": "#0"}
			}
		},
		{
			"from": [9.22282, 13.98191, 23.2982],
			"to": [10.32656, 14.7885, 24.14723],
			"rotation": {"angle": 22.5, "axis": "x", "origin": [9.59498, 9.80113, 20.23813]},
			"faces": {
				"north": {"uv": [3, 10, 3.5, 10.5], "texture": "#0"},
				"east": {"uv": [4, 10, 4.5, 10.5], "texture": "#0"},
				"south": {"uv": [7.75, 10, 8.25, 10.5], "texture": "#0"},
				"west": {"uv": [8.25, 10, 8.75, 10.5], "texture": "#0"},
				"up": {"uv": [9.25, 10.5, 8.75, 10], "texture": "#0"},
				"down": {"uv": [9.75, 10, 9.25, 10.5], "texture": "#0"}
			}
		},
		{
			"from": [9.22282, 14.7885, 23.2982],
			"to": [10.32656, 15.76489, 24.14723],
			"rotation": {"angle": 22.5, "axis": "x", "origin": [9.59498, 9.80113, 20.23813]},
			"faces": {
				"north": {"uv": [9.5, 5.25, 10.25, 5.75], "texture": "#0"},
				"east": {"uv": [6.75, 9.75, 7.25, 10.25], "texture": "#0"},
				"south": {"uv": [9.5, 7.75, 10.25, 8.25], "texture": "#0"},
				"west": {"uv": [2.5, 10, 3, 10.5], "texture": "#0"},
				"up": {"uv": [1.75, 10.25, 1, 9.75], "texture": "#0"},
				"down": {"uv": [2.5, 9.75, 1.75, 10.25], "texture": "#0"}
			}
		},
		{
			"from": [9.56243, 15.76489, 23.2982],
			"to": [10.32656, 15.97715, 24.14723],
			"rotation": {"angle": 22.5, "axis": "x", "origin": [9.59498, 9.80113, 20.23813]},
			"faces": {
				"north": {"uv": [10.25, 3, 10.75, 3.25], "texture": "#0"},
				"east": {"uv": [10.25, 3.25, 10.75, 3.5], "texture": "#0"},
				"south": {"uv": [10.25, 3.5, 10.75, 3.75], "texture": "#0"},
				"west": {"uv": [10.25, 3.75, 10.75, 4], "texture": "#0"},
				"up": {"uv": [4, 10.25, 3.5, 9.75], "texture": "#0"},
				"down": {"uv": [5.5, 9.75, 5, 10.25], "texture": "#0"}
			}
		},
		{
			"from": [9.81714, 14.91585, 23.04349],
			"to": [10.32656, 15.93469, 24.35949],
			"rotation": {"angle": 22.5, "axis": "x", "origin": [9.59498, 9.80113, 20.23813]},
			"faces": {
				"north": {"uv": [7.5, 10.25, 7.75, 10.75], "texture": "#0"},
				"east": {"uv": [9.5, 3.5, 10.25, 4], "texture": "#0"},
				"south": {"uv": [10.25, 10.25, 10.5, 10.75], "texture": "#0"},
				"west": {"uv": [9.5, 4, 10.25, 4.5], "texture": "#0"},
				"up": {"uv": [5.75, 10.5, 5.5, 9.75], "texture": "#0"},
				"down": {"uv": [1, 10.25, 0.75, 11], "texture": "#0"}
			}
		},
		{
			"from": [9.22282, 9.48203, 23.2982],
			"to": [10.07185, 13.98191, 24.14723],
			"rotation": {"angle": 22.5, "axis": "x", "origin": [9.59498, 9.80113, 20.23813]},
			"faces": {
				"north": {"uv": [6.75, 3, 7.25, 5.75], "texture": "#0"},
				"east": {"uv": [1, 7, 1.5, 9.75], "texture": "#0"},
				"south": {"uv": [1.5, 7, 2, 9.75], "texture": "#0"},
				"west": {"uv": [2, 7, 2.5, 9.75], "texture": "#0"},
				"up": {"uv": [10.25, 10.5, 9.75, 10], "texture": "#0"},
				"down": {"uv": [10.5, 0.75, 10, 1.25], "texture": "#0"}
			}
		},
		{
			"from": [9.22282, 6.83104, 17.51837],
			"to": [10.07185, 7.68007, 22.82484],
			"rotation": {"angle": -22.5, "axis": "x", "origin": [9.59498, 9.80113, 20.23813]},
			"faces": {
				"north": {"uv": [10.5, 2.25, 10, 2.75], "rotation": 180, "texture": "#0"},
				"east": {"uv": [6.75, 0, 7.25, 3], "rotation": 270, "texture": "#0"},
				"south": {"uv": [10.5, 2.25, 10, 1.75], "texture": "#0"},
				"west": {"uv": [0.5, 7, 1, 10], "rotation": 90, "texture": "#0"},
				"up": {"uv": [1.75, 2.5, 2.25, 5.5], "rotation": 180, "texture": "#0"},
				"down": {"uv": [0, 7, 0.5, 10], "texture": "#0"}
			}
		},
		{
			"from": [9.26527, 6.87349, 17.17876],
			"to": [10.0294, 7.63762, 17.51837],
			"rotation": {"angle": -22.5, "axis": "x", "origin": [9.59498, 9.80113, 20.23813]},
			"faces": {
				"north": {"uv": [10.25, 5.5, 10.75, 5.75], "rotation": 180, "texture": "#0"},
				"east": {"uv": [10.25, 5.5, 10.75, 5.75], "rotation": 270, "texture": "#0"},
				"south": {"uv": [10.5, 7, 10, 6.5], "texture": "#0"},
				"west": {"uv": [10.25, 5.5, 10.75, 5.75], "rotation": 90, "texture": "#0"},
				"up": {"uv": [10.25, 4, 10.75, 4.25], "rotation": 180, "texture": "#0"},
				"down": {"uv": [10.25, 4, 10.75, 4.25], "texture": "#0"}
			}
		},
		{
			"from": [9.26527, 6.87349, 16.7967],
			"to": [9.98695, 7.63762, 17.17876],
			"rotation": {"angle": -22.5, "axis": "x", "origin": [9.59498, 9.80113, 20.23813]},
			"faces": {
				"north": {"uv": [10.25, 5.5, 10.7, 5.725], "rotation": 90, "texture": "#0"},
				"east": {"uv": [10.25, 5.5, 10.7, 5.725], "rotation": 270, "texture": "#0"},
				"south": {"uv": [0, 0, 0.425, 0.45], "texture": "#missing"},
				"west": {"uv": [10.25, 5.5, 10.7, 5.725], "rotation": 90, "texture": "#0"},
				"up": {"uv": [10.25, 4, 10.675, 4.225], "rotation": 180, "texture": "#0"},
				"down": {"uv": [10.25, 4, 10.675, 4.225], "texture": "#0"}
			}
		},
		{
			"from": [9.22282, 7.38291, 15.86276],
			"to": [9.43508, 7.59517, 16.37218],
			"rotation": {"angle": -22.5, "axis": "x", "origin": [9.59498, 9.80113, 20.23813]},
			"faces": {
				"north": {"uv": [3.5, 10.5, 3.25, 10.75], "rotation": 180, "texture": "#0"},
				"east": {"uv": [2.25, 10.5, 2.5, 10.75], "rotation": 270, "texture": "#0"},
				"south": {"uv": [3.25, 10.75, 3, 10.5], "texture": "#0"},
				"west": {"uv": [2.75, 10.5, 3, 10.75], "rotation": 90, "texture": "#0"},
				"up": {"uv": [2, 10.5, 2.25, 10.75], "rotation": 180, "texture": "#0"},
				"down": {"uv": [2.5, 10.5, 2.75, 10.75], "texture": "#0"}
			}
		},
		{
			"from": [9.22282, 7.38291, 16.37218],
			"to": [9.43508, 7.59517, 16.7967],
			"rotation": {"angle": -22.5, "axis": "x", "origin": [9.59498, 9.80113, 20.23813]},
			"faces": {
				"north": {"uv": [5, 10.5, 4.75, 10.75], "rotation": 180, "texture": "#0"},
				"east": {"uv": [3.75, 10.5, 4, 10.75], "rotation": 270, "texture": "#0"},
				"south": {"uv": [4.75, 10.75, 4.5, 10.5], "texture": "#0"},
				"west": {"uv": [4.25, 10.5, 4.5, 10.75], "rotation": 90, "texture": "#0"},
				"up": {"uv": [3.5, 10.5, 3.75, 10.75], "rotation": 180, "texture": "#0"},
				"down": {"uv": [4, 10.5, 4.25, 10.75], "texture": "#0"}
			}
		},
		{
			"from": [9.22282, 7.1282, 15.86276],
			"to": [9.43508, 7.34046, 16.37218],
			"rotation": {"angle": -22.5, "axis": "x", "origin": [9.59498, 9.80113, 20.23813]},
			"faces": {
				"north": {"uv": [3.5, 10.5, 3.25, 10.75], "rotation": 180, "texture": "#0"},
				"east": {"uv": [2.25, 10.5, 2.5, 10.75], "rotation": 270, "texture": "#0"},
				"south": {"uv": [3.25, 10.75, 3, 10.5], "texture": "#0"},
				"west": {"uv": [2.75, 10.5, 3, 10.75], "rotation": 90, "texture": "#0"},
				"up": {"uv": [2, 10.5, 2.25, 10.75], "rotation": 180, "texture": "#0"},
				"down": {"uv": [2.5, 10.5, 2.75, 10.75], "texture": "#0"}
			}
		},
		{
			"from": [9.22282, 7.1282, 16.37218],
			"to": [9.43508, 7.34046, 16.7967],
			"rotation": {"angle": -22.5, "axis": "x", "origin": [9.59498, 9.80113, 20.23813]},
			"faces": {
				"north": {"uv": [5, 10.5, 4.75, 10.75], "rotation": 180, "texture": "#0"},
				"east": {"uv": [3.75, 10.5, 4, 10.75], "rotation": 270, "texture": "#0"},
				"south": {"uv": [4.75, 10.75, 4.5, 10.5], "texture": "#0"},
				"west": {"uv": [4.25, 10.5, 4.5, 10.75], "rotation": 90, "texture": "#0"},
				"up": {"uv": [3.5, 10.5, 3.75, 10.75], "rotation": 180, "texture": "#0"},
				"down": {"uv": [4, 10.5, 4.25, 10.75], "texture": "#0"}
			}
		},
		{
			"from": [9.22282, 6.87349, 15.86276],
			"to": [9.43508, 7.08575, 16.37218],
			"rotation": {"angle": -22.5, "axis": "x", "origin": [9.59498, 9.80113, 20.23813]},
			"faces": {
				"north": {"uv": [3.5, 10.5, 3.25, 10.75], "rotation": 180, "texture": "#0"},
				"east": {"uv": [2.25, 10.5, 2.5, 10.75], "rotation": 270, "texture": "#0"},
				"south": {"uv": [3.25, 10.75, 3, 10.5], "texture": "#0"},
				"west": {"uv": [2.75, 10.5, 3, 10.75], "rotation": 90, "texture": "#0"},
				"up": {"uv": [2, 10.5, 2.25, 10.75], "rotation": 180, "texture": "#0"},
				"down": {"uv": [2.5, 10.5, 2.75, 10.75], "texture": "#0"}
			}
		},
		{
			"from": [9.22282, 6.87349, 16.37218],
			"to": [9.43508, 7.08575, 16.7967],
			"rotation": {"angle": -22.5, "axis": "x", "origin": [9.59498, 9.80113, 20.23813]},
			"faces": {
				"north": {"uv": [5, 10.5, 4.75, 10.75], "rotation": 180, "texture": "#0"},
				"east": {"uv": [3.75, 10.5, 4, 10.75], "rotation": 270, "texture": "#0"},
				"south": {"uv": [4.75, 10.75, 4.5, 10.5], "texture": "#0"},
				"west": {"uv": [4.25, 10.5, 4.5, 10.75], "rotation": 90, "texture": "#0"},
				"up": {"uv": [3.5, 10.5, 3.75, 10.75], "rotation": 180, "texture": "#0"},
				"down": {"uv": [4, 10.5, 4.25, 10.75], "texture": "#0"}
			}
		},
		{
			"from": [9.68979, 7.51026, 16.32973],
			"to": [9.9445, 7.72252, 16.92405],
			"rotation": {"angle": -22.5, "axis": "x", "origin": [9.59498, 9.80113, 20.23813]},
			"faces": {
				"north": {"uv": [2, 10.5, 1.75, 10.75], "rotation": 180, "texture": "#0"},
				"east": {"uv": [0.5, 10.5, 0.75, 10.75], "rotation": 270, "texture": "#0"},
				"south": {"uv": [1.75, 10.75, 1.5, 10.5], "texture": "#0"},
				"west": {"uv": [1.25, 10.5, 1.5, 10.75], "rotation": 90, "texture": "#0"},
				"up": {"uv": [0.25, 10.5, 0.5, 10.75], "rotation": 180, "texture": "#0"},
				"down": {"uv": [1, 10.5, 1.25, 10.75], "texture": "#0"}
			}
		},
		{
			"from": [14.07344, 13.98191, 23.2982],
			"to": [15.17718, 14.7885, 24.14723],
			"rotation": {"angle": 22.5, "axis": "x", "origin": [14.80502, 9.80113, 20.23813]},
			"faces": {
				"north": {"uv": [3.5, 10, 3, 10.5], "texture": "#0"},
				"east": {"uv": [8.75, 10, 8.25, 10.5], "texture": "#0"},
				"south": {"uv": [8.25, 10, 7.75, 10.5], "texture": "#0"},
				"west": {"uv": [4.5, 10, 4, 10.5], "texture": "#0"},
				"up": {"uv": [8.75, 10.5, 9.25, 10], "texture": "#0"},
				"down": {"uv": [9.25, 10, 9.75, 10.5], "texture": "#0"}
			}
		},
		{
			"from": [14.07344, 14.7885, 23.2982],
			"to": [15.17718, 15.76489, 24.14723],
			"rotation": {"angle": 22.5, "axis": "x", "origin": [14.80502, 9.80113, 20.23813]},
			"faces": {
				"north": {"uv": [10.25, 5.25, 9.5, 5.75], "texture": "#0"},
				"east": {"uv": [3, 10, 2.5, 10.5], "texture": "#0"},
				"south": {"uv": [10.25, 7.75, 9.5, 8.25], "texture": "#0"},
				"west": {"uv": [7.25, 9.75, 6.75, 10.25], "texture": "#0"},
				"up": {"uv": [1, 10.25, 1.75, 9.75], "texture": "#0"},
				"down": {"uv": [1.75, 9.75, 2.5, 10.25], "texture": "#0"}
			}
		},
		{
			"from": [14.07344, 15.76489, 23.2982],
			"to": [14.83757, 15.97715, 24.14723],
			"rotation": {"angle": 22.5, "axis": "x", "origin": [14.80502, 9.80113, 20.23813]},
			"faces": {
				"north": {"uv": [10.75, 3, 10.25, 3.25], "texture": "#0"},
				"east": {"uv": [10.75, 3.75, 10.25, 4], "texture": "#0"},
				"south": {"uv": [10.75, 3.5, 10.25, 3.75], "texture": "#0"},
				"west": {"uv": [10.75, 3.25, 10.25, 3.5], "texture": "#0"},
				"up": {"uv": [3.5, 10.25, 4, 9.75], "texture": "#0"},
				"down": {"uv": [5, 9.75, 5.5, 10.25], "texture": "#0"}
			}
		},
		{
			"from": [14.07344, 14.91585, 23.04349],
			"to": [14.58286, 15.93469, 24.35949],
			"rotation": {"angle": 22.5, "axis": "x", "origin": [14.80502, 9.80113, 20.23813]},
			"faces": {
				"north": {"uv": [7.75, 10.25, 7.5, 10.75], "texture": "#0"},
				"east": {"uv": [10.25, 4, 9.5, 4.5], "texture": "#0"},
				"south": {"uv": [10.5, 10.25, 10.25, 10.75], "texture": "#0"},
				"west": {"uv": [10.25, 3.5, 9.5, 4], "texture": "#0"},
				"up": {"uv": [5.5, 10.5, 5.75, 9.75], "texture": "#0"},
				"down": {"uv": [0.75, 10.25, 1, 11], "texture": "#0"}
			}
		},
		{
			"from": [14.32815, 9.48203, 23.2982],
			"to": [15.17718, 13.98191, 24.14723],
			"rotation": {"angle": 22.5, "axis": "x", "origin": [14.80502, 9.80113, 20.23813]},
			"faces": {
				"north": {"uv": [7.25, 3, 6.75, 5.75], "texture": "#0"},
				"east": {"uv": [2.5, 7, 2, 9.75], "texture": "#0"},
				"south": {"uv": [2, 7, 1.5, 9.75], "texture": "#0"},
				"west": {"uv": [1.5, 7, 1, 9.75], "texture": "#0"},
				"up": {"uv": [9.75, 10.5, 10.25, 10], "texture": "#0"},
				"down": {"uv": [10, 0.75, 10.5, 1.25], "texture": "#0"}
			}
		},
		{
			"from": [14.32815, 6.83104, 17.51837],
			"to": [15.17718, 7.68007, 22.82484],
			"rotation": {"angle": -22.5, "axis": "x", "origin": [14.80502, 9.80113, 20.23813]},
			"faces": {
				"north": {"uv": [10, 2.25, 10.5, 2.75], "rotation": 180, "texture": "#0"},
				"east": {"uv": [0.5, 10, 1, 7], "rotation": 90, "texture": "#0"},
				"south": {"uv": [10, 2.25, 10.5, 1.75], "texture": "#0"},
				"west": {"uv": [6.75, 3, 7.25, 0], "rotation": 270, "texture": "#0"},
				"up": {"uv": [2.25, 2.5, 1.75, 5.5], "rotation": 180, "texture": "#0"},
				"down": {"uv": [0.5, 7, 0, 10], "texture": "#0"}
			}
		},
		{
			"from": [14.3706, 6.87349, 17.17876],
			"to": [15.13473, 7.63762, 17.51837],
			"rotation": {"angle": -22.5, "axis": "x", "origin": [14.80502, 9.80113, 20.23813]},
			"faces": {
				"north": {"uv": [10.75, 5.5, 10.25, 5.75], "rotation": 180, "texture": "#0"},
				"east": {"uv": [10.25, 5.75, 10.75, 5.5], "rotation": 90, "texture": "#0"},
				"south": {"uv": [10, 7, 10.5, 6.5], "texture": "#0"},
				"west": {"uv": [10.25, 5.75, 10.75, 5.5], "rotation": 270, "texture": "#0"},
				"up": {"uv": [10.75, 4, 10.25, 4.25], "rotation": 180, "texture": "#0"},
				"down": {"uv": [10.75, 4, 10.25, 4.25], "texture": "#0"}
			}
		},
		{
			"from": [14.41305, 6.87349, 16.7967],
			"to": [15.13473, 7.63762, 17.17876],
			"rotation": {"angle": -22.5, "axis": "x", "origin": [14.80502, 9.80113, 20.23813]},
			"faces": {
				"north": {"uv": [10.25, 5.725, 10.7, 5.5], "rotation": 90, "texture": "#0"},
				"east": {"uv": [10.25, 5.725, 10.7, 5.5], "rotation": 90, "texture": "#0"},
				"south": {"uv": [0.425, 0, 0, 0.45], "texture": "#missing"},
				"west": {"uv": [10.25, 5.725, 10.7, 5.5], "rotation": 270, "texture": "#0"},
				"up": {"uv": [10.675, 4, 10.25, 4.225], "rotation": 180, "texture": "#0"},
				"down": {"uv": [10.675, 4, 10.25, 4.225], "texture": "#0"}
			}
		},
		{
			"from": [14.96492, 7.38291, 15.86276],
			"to": [15.17718, 7.59517, 16.37218],
			"rotation": {"angle": -22.5, "axis": "x", "origin": [14.80502, 9.80113, 20.23813]},
			"faces": {
				"north": {"uv": [3.25, 10.5, 3.5, 10.75], "rotation": 180, "texture": "#0"},
				"east": {"uv": [2.75, 10.75, 3, 10.5], "rotation": 90, "texture": "#0"},
				"south": {"uv": [3, 10.75, 3.25, 10.5], "texture": "#0"},
				"west": {"uv": [2.25, 10.75, 2.5, 10.5], "rotation": 270, "texture": "#0"},
				"up": {"uv": [2.25, 10.5, 2, 10.75], "rotation": 180, "texture": "#0"},
				"down": {"uv": [2.75, 10.5, 2.5, 10.75], "texture": "#0"}
			}
		},
		{
			"from": [14.96492, 7.38291, 16.37218],
			"to": [15.17718, 7.59517, 16.7967],
			"rotation": {"angle": -22.5, "axis": "x", "origin": [14.80502, 9.80113, 20.23813]},
			"faces": {
				"north": {"uv": [4.75, 10.5, 5, 10.75], "rotation": 180, "texture": "#0"},
				"east": {"uv": [4.25, 10.75, 4.5, 10.5], "rotation": 90, "texture": "#0"},
				"south": {"uv": [4.5, 10.75, 4.75, 10.5], "texture": "#0"},
				"west": {"uv": [3.75, 10.75, 4, 10.5], "rotation": 270, "texture": "#0"},
				"up": {"uv": [3.75, 10.5, 3.5, 10.75], "rotation": 180, "texture": "#0"},
				"down": {"uv": [4.25, 10.5, 4, 10.75], "texture": "#0"}
			}
		},
		{
			"from": [14.96492, 7.1282, 15.86276],
			"to": [15.17718, 7.34046, 16.37218],
			"rotation": {"angle": -22.5, "axis": "x", "origin": [14.80502, 9.80113, 20.23813]},
			"faces": {
				"north": {"uv": [3.25, 10.5, 3.5, 10.75], "rotation": 180, "texture": "#0"},
				"east": {"uv": [2.75, 10.75, 3, 10.5], "rotation": 90, "texture": "#0"},
				"south": {"uv": [3, 10.75, 3.25, 10.5], "texture": "#0"},
				"west": {"uv": [2.25, 10.75, 2.5, 10.5], "rotation": 270, "texture": "#0"},
				"up": {"uv": [2.25, 10.5, 2, 10.75], "rotation": 180, "texture": "#0"},
				"down": {"uv": [2.75, 10.5, 2.5, 10.75], "texture": "#0"}
			}
		},
		{
			"from": [14.96492, 7.1282, 16.37218],
			"to": [15.17718, 7.34046, 16.7967],
			"rotation": {"angle": -22.5, "axis": "x", "origin": [14.80502, 9.80113, 20.23813]},
			"faces": {
				"north": {"uv": [4.75, 10.5, 5, 10.75], "rotation": 180, "texture": "#0"},
				"east": {"uv": [4.25, 10.75, 4.5, 10.5], "rotation": 90, "texture": "#0"},
				"south": {"uv": [4.5, 10.75, 4.75, 10.5], "texture": "#0"},
				"west": {"uv": [3.75, 10.75, 4, 10.5], "rotation": 270, "texture": "#0"},
				"up": {"uv": [3.75, 10.5, 3.5, 10.75], "rotation": 180, "texture": "#0"},
				"down": {"uv": [4.25, 10.5, 4, 10.75], "texture": "#0"}
			}
		},
		{
			"from": [14.96492, 6.87349, 15.86276],
			"to": [15.17718, 7.08575, 16.37218],
			"rotation": {"angle": -22.5, "axis": "x", "origin": [14.80502, 9.80113, 20.23813]},
			"faces": {
				"north": {"uv": [3.25, 10.5, 3.5, 10.75], "rotation": 180, "texture": "#0"},
				"east": {"uv": [2.75, 10.75, 3, 10.5], "rotation": 90, "texture": "#0"},
				"south": {"uv": [3, 10.75, 3.25, 10.5], "texture": "#0"},
				"west": {"uv": [2.25, 10.75, 2.5, 10.5], "rotation": 270, "texture": "#0"},
				"up": {"uv": [2.25, 10.5, 2, 10.75], "rotation": 180, "texture": "#0"},
				"down": {"uv": [2.75, 10.5, 2.5, 10.75], "texture": "#0"}
			}
		},
		{
			"from": [14.96492, 6.87349, 16.37218],
			"to": [15.17718, 7.08575, 16.7967],
			"rotation": {"angle": -22.5, "axis": "x", "origin": [14.80502, 9.80113, 20.23813]},
			"faces": {
				"north": {"uv": [4.75, 10.5, 5, 10.75], "rotation": 180, "texture": "#0"},
				"east": {"uv": [4.25, 10.75, 4.5, 10.5], "rotation": 90, "texture": "#0"},
				"south": {"uv": [4.5, 10.75, 4.75, 10.5], "texture": "#0"},
				"west": {"uv": [3.75, 10.75, 4, 10.5], "rotation": 270, "texture": "#0"},
				"up": {"uv": [3.75, 10.5, 3.5, 10.75], "rotation": 180, "texture": "#0"},
				"down": {"uv": [4.25, 10.5, 4, 10.75], "texture": "#0"}
			}
		},
		{
			"from": [14.4555, 7.51026, 16.32973],
			"to": [14.71021, 7.72252, 16.92405],
			"rotation": {"angle": -22.5, "axis": "x", "origin": [14.80502, 9.80113, 20.23813]},
			"faces": {
				"north": {"uv": [1.75, 10.5, 2, 10.75], "rotation": 180, "texture": "#0"},
				"east": {"uv": [1.25, 10.75, 1.5, 10.5], "rotation": 90, "texture": "#0"},
				"south": {"uv": [1.5, 10.75, 1.75, 10.5], "texture": "#0"},
				"west": {"uv": [0.5, 10.75, 0.75, 10.5], "rotation": 270, "texture": "#0"},
				"up": {"uv": [0.5, 10.5, 0.25, 10.75], "rotation": 180, "texture": "#0"},
				"down": {"uv": [1.25, 10.5, 1, 10.75], "texture": "#0"}
			}
		}
	],
	"display": {
		"head": {
			"translation": [-16.5, -10.75, -73.5],
			"scale": [3.88, 3.68, 3.88]
		}
	},
	"groups": [
		{
			"name": "group",
			"origin": [16.1, 33.5, 22],
			"children": [
				{
					"name": "tentaculo1",
					"origin": [8, 8, 8],
					"children": [
						{
							"name": "group",
							"origin": [7.87786, 7.82128, 19.52729],
							"children": [0,
								{
									"name": "group",
									"origin": [7.87786, 7.82128, 19.52729],
									"children": [1,
										{
											"name": "group",
											"origin": [7.87786, 7.82128, 19.52729],
											"children": [2,
												{
													"name": "group",
													"origin": [7.87786, 7.82128, 19.52729],
													"children": [3,
														{
															"name": "group",
															"origin": [7.87786, 7.82128, 19.52729],
															"children": [4,
																{
																	"name": "group",
																	"origin": [7.87786, 7.82128, 19.52729],
																	"children": [5,
																		{
																			"name": "group",
																			"origin": [7.87786, 7.82128, 19.52729],
																			"children": [6,
																				{
																					"name": "group",
																					"origin": [7.87786, 7.82128, 19.52729],
																					"children": [7,
																						{
																							"name": "group",
																							"origin": [7.87786, 7.82128, 19.52729],
																							"children": [8,
																								{
																									"name": "group",
																									"origin": [7.87786, 7.82128, 19.52729],
																									"children": [9,
																										{
																											"name": "group",
																											"origin": [7.87786, 7.82128, 19.52729],
																											"children": [10]
																										}
																									]
																								}
																							]
																						}
																					]
																				}
																			]
																		}
																	]
																}
															]
														}
													]
												}
											]
										}
									]
								}
							]
						}
					]
				},
				{
					"name": "tentaculo1",
					"origin": [8, 8, 8],
					"children": [
						{
							"name": "group",
							"origin": [7.87786, 7.82128, 19.52729],
							"children": [11,
								{
									"name": "group",
									"origin": [7.87786, 7.82128, 19.52729],
									"children": [12,
										{
											"name": "group",
											"origin": [7.87786, 7.82128, 19.52729],
											"children": [13,
												{
													"name": "group",
													"origin": [7.87786, 7.82128, 19.52729],
													"children": [14,
														{
															"name": "group",
															"origin": [7.87786, 7.82128, 19.52729],
															"children": [15,
																{
																	"name": "group",
																	"origin": [7.87786, 7.82128, 19.52729],
																	"children": [16,
																		{
																			"name": "group",
																			"origin": [7.87786, 7.82128, 19.52729],
																			"children": [17,
																				{
																					"name": "group",
																					"origin": [7.87786, 7.82128, 19.52729],
																					"children": [18,
																						{
																							"name": "group",
																							"origin": [7.87786, 7.82128, 19.52729],
																							"children": [19,
																								{
																									"name": "group",
																									"origin": [7.87786, 7.82128, 19.52729],
																									"children": [20,
																										{
																											"name": "group",
																											"origin": [7.87786, 7.82128, 19.52729],
																											"children": [21]
																										}
																									]
																								}
																							]
																						}
																					]
																				}
																			]
																		}
																	]
																}
															]
														}
													]
												}
											]
										}
									]
								}
							]
						}
					]
				},
				{
					"name": "tentaculo1",
					"origin": [8, 8, 8],
					"children": [
						{
							"name": "group",
							"origin": [7.87786, 7.82128, 19.52729],
							"children": [22,
								{
									"name": "group",
									"origin": [7.87786, 7.82128, 19.52729],
									"children": [23,
										{
											"name": "group",
											"origin": [7.87786, 7.82128, 19.52729],
											"children": [24,
												{
													"name": "group",
													"origin": [7.87786, 7.82128, 19.52729],
													"children": [25,
														{
															"name": "group",
															"origin": [7.87786, 7.82128, 19.52729],
															"children": [26,
																{
																	"name": "group",
																	"origin": [7.87786, 7.82128, 19.52729],
																	"children": [27,
																		{
																			"name": "group",
																			"origin": [7.87786, 7.82128, 19.52729],
																			"children": [28,
																				{
																					"name": "group",
																					"origin": [7.87786, 7.82128, 19.52729],
																					"children": [29,
																						{
																							"name": "group",
																							"origin": [7.87786, 7.82128, 19.52729],
																							"children": [30,
																								{
																									"name": "group",
																									"origin": [7.87786, 7.82128, 19.52729],
																									"children": [31,
																										{
																											"name": "group",
																											"origin": [7.87786, 7.82128, 19.52729],
																											"children": [32]
																										}
																									]
																								}
																							]
																						}
																					]
																				}
																			]
																		}
																	]
																}
															]
														}
													]
												}
											]
										}
									]
								}
							]
						}
					]
				},
				{
					"name": "tentaculo1",
					"origin": [8, 8, 8],
					"children": [
						{
							"name": "group",
							"origin": [7.87786, 7.82128, 19.52729],
							"children": [33,
								{
									"name": "group",
									"origin": [7.87786, 7.82128, 19.52729],
									"children": [34,
										{
											"name": "group",
											"origin": [7.87786, 7.82128, 19.52729],
											"children": [35,
												{
													"name": "group",
													"origin": [7.87786, 7.82128, 19.52729],
													"children": [36,
														{
															"name": "group",
															"origin": [7.87786, 7.82128, 19.52729],
															"children": [37,
																{
																	"name": "group",
																	"origin": [7.87786, 7.82128, 19.52729],
																	"children": [38,
																		{
																			"name": "group",
																			"origin": [7.87786, 7.82128, 19.52729],
																			"children": [39,
																				{
																					"name": "group",
																					"origin": [7.87786, 7.82128, 19.52729],
																					"children": [40,
																						{
																							"name": "group",
																							"origin": [7.87786, 7.82128, 19.52729],
																							"children": [41,
																								{
																									"name": "group",
																									"origin": [7.87786, 7.82128, 19.52729],
																									"children": [42,
																										{
																											"name": "group",
																											"origin": [7.87786, 7.82128, 19.52729],
																											"children": [43]
																										}
																									]
																								}
																							]
																						}
																					]
																				}
																			]
																		}
																	]
																}
															]
														}
													]
												}
											]
										}
									]
								}
							]
						}
					]
				},
				{
					"name": "tentaculo1",
					"origin": [8, 8, 8],
					"children": [
						{
							"name": "group",
							"origin": [7.87786, 7.82128, 19.52729],
							"children": [44,
								{
									"name": "group",
									"origin": [7.87786, 7.82128, 19.52729],
									"children": [45,
										{
											"name": "group",
											"origin": [7.87786, 7.82128, 19.52729],
											"children": [46,
												{
													"name": "group",
													"origin": [7.87786, 7.82128, 19.52729],
													"children": [47,
														{
															"name": "group",
															"origin": [7.87786, 7.82128, 19.52729],
															"children": [48,
																{
																	"name": "group",
																	"origin": [7.87786, 7.82128, 19.52729],
																	"children": [49,
																		{
																			"name": "group",
																			"origin": [7.87786, 7.82128, 19.52729],
																			"children": [50,
																				{
																					"name": "group",
																					"origin": [7.87786, 7.82128, 19.52729],
																					"children": [51,
																						{
																							"name": "group",
																							"origin": [7.87786, 7.82128, 19.52729],
																							"children": [52,
																								{
																									"name": "group",
																									"origin": [7.87786, 7.82128, 19.52729],
																									"children": [53,
																										{
																											"name": "group",
																											"origin": [7.87786, 7.82128, 19.52729],
																											"children": [54]
																										}
																									]
																								}
																							]
																						}
																					]
																				}
																			]
																		}
																	]
																}
															]
														}
													]
												}
											]
										}
									]
								}
							]
						}
					]
				},
				{
					"name": "pierna1",
					"origin": [14.4, 9.2, 15],
					"children": [55, 56,
						{
							"name": "pierna2",
							"origin": [12, -6.5, 15],
							"children": [57,
								{
									"name": "zapato",
									"origin": [12, -7, 15],
									"children": [58, 59, 60, 61, 62]
								}
							]
						}
					]
				},
				{
					"name": "pierna2",
					"origin": [14.4, 9.2, 15],
					"children": [63, 64,
						{
							"name": "pierna2",
							"origin": [12, -6.5, 15],
							"children": [65,
								{
									"name": "zapato",
									"origin": [12, -7, 15],
									"children": [66, 67, 68, 69, 70]
								}
							]
						}
					]
				},
				{
					"name": "cuerpo",
					"origin": [12, 30.9, 15],
					"children": [71,
						{
							"name": "cuerpo2",
							"origin": [12, 30.9, 15],
							"children": [72,
								{
									"name": "cuerpo3",
									"origin": [12, 30.9, 15],
									"children": [73,
										{
											"name": "cuerpo4",
											"origin": [12, 30.9, 15],
											"children": [74, 75, 76]
										}
									]
								}
							]
						}
					]
				},
				{
					"name": "cabeza",
					"origin": [12.4, 33, 15],
					"children": [77,
						{
							"name": "cabeza2",
							"origin": [12.4, 33, 15],
							"children": [
								{
									"name": "boca1",
									"origin": [12.4, 37.7, 15],
									"children": [78, 79, 80]
								},
								{
									"name": "boca2",
									"origin": [12.4, 33, 15],
									"children": [81, 82]
								}
							]
						}
					]
				},
				{
					"name": "brazo1",
					"origin": [3, 25.2, 15],
					"children": [83, 84, 85, 86,
						{
							"name": "brazo2",
							"origin": [2.6, 20.9, 14.9],
							"children": [87,
								{
									"name": "brazo3",
									"origin": [2.6, 10.3, 14.9],
									"children": [88,
										{
											"name": "mano",
											"origin": [2.6, 0, 15],
											"children": [89, 90,
												{
													"name": "dedo1",
													"origin": [2.2, -1.7, 15],
													"children": [91, 92]
												},
												{
													"name": "dedo2",
													"origin": [2.2, -1.7, 15.6],
													"children": [93, 94]
												},
												{
													"name": "dedo3",
													"origin": [2.2, -1.7, 16.2],
													"children": [95, 96]
												},
												{
													"name": "pulgar",
													"origin": [3.3, -1.4, 13.4],
													"children": [97]
												}
											]
										}
									]
								}
							]
						}
					]
				},
				{
					"name": "brazo1",
					"origin": [3, 25.2, 15],
					"children": [98, 99, 100, 101,
						{
							"name": "brazo2",
							"origin": [2.6, 20.9, 14.9],
							"children": [102,
								{
									"name": "brazo3",
									"origin": [2.6, 10.3, 14.9],
									"children": [103,
										{
											"name": "mano",
											"origin": [2.6, 0, 15],
											"children": [104, 105,
												{
													"name": "dedo1",
													"origin": [2.2, -1.7, 15],
													"children": [106, 107]
												},
												{
													"name": "dedo2",
													"origin": [2.2, -1.7, 15.6],
													"children": [108, 109]
												},
												{
													"name": "dedo3",
													"origin": [2.2, -1.7, 16.2],
													"children": [110, 111]
												},
												{
													"name": "pulgar",
													"origin": [3.3, -1.4, 13.4],
													"children": [112]
												}
											]
										}
									]
								}
							]
						}
					]
				}
			]
		}
	]
}