{
	"credit": "Made with Blockbench",
	"texture_size": [64, 64],
	"textures": {
		"0": "6dt2_custom/6dt2_slenderman/6dt2_slenderman",
		"particle": "6dt2_custom/6dt2_slenderman/6dt2_slenderman"
	},
	"elements": [
		{
			"from": [4.9162, 9.2776, 21.94904],
			"to": [5.8264, 10.12712, 25.58984],
			"rotation": {"angle": 22.5, "axis": "y", "origin": [6.34318, 9.70236, 18.73805]},
			"faces": {
				"north": {"uv": [8.1875, 6.5, 9, 7.75], "rotation": 270, "texture": "#0"},
				"east": {"uv": [8.1875, 6.5, 9, 7.75], "rotation": 270, "texture": "#0"},
				"south": {"uv": [8.1875, 6.5, 9, 7.75], "rotation": 270, "texture": "#0"},
				"west": {"uv": [8.1875, 6.5, 9, 7.75], "rotation": 270, "texture": "#0"},
				"up": {"uv": [8.1875, 6.5, 9, 7.75], "rotation": 180, "texture": "#0"},
				"down": {"uv": [8.1875, 6.5, 9, 7.75], "rotation": 180, "texture": "#0"}
			}
		},
		{
			"from": [4.87185, 9.2776, 18.29093],
			"to": [5.78205, 10.12712, 21.93173],
			"rotation": {"angle": 22.5, "axis": "y", "origin": [6.34318, 9.70236, 18.73805]},
			"faces": {
				"north": {"uv": [8.1875, 6.5, 9, 7.75], "rotation": 270, "texture": "#0"},
				"east": {"uv": [8.1875, 6.5, 9, 7.75], "rotation": 270, "texture": "#0"},
				"south": {"uv": [8.1875, 6.5, 9, 7.75], "rotation": 270, "texture": "#0"},
				"west": {"uv": [8.1875, 6.5, 9, 7.75], "rotation": 270, "texture": "#0"},
				"up": {"uv": [8.1875, 6.5, 9, 7.75], "rotation": 180, "texture": "#0"},
				"down": {"uv": [8.1875, 6.5, 9, 7.75], "rotation": 180, "texture": "#0"}
			}
		},
		{
			"from": [4.99778, 9.39896, 11.91061],
			"to": [5.66526, 10.00576, 15.55141],
			"rotation": {"angle": 0, "axis": "y", "origin": [6.34318, 9.70236, 18.73805]},
			"faces": {
				"north": {"uv": [8.1875, 6.5, 9, 7.75], "rotation": 270, "texture": "#0"},
				"east": {"uv": [8.1875, 6.5, 9, 7.75], "rotation": 270, "texture": "#0"},
				"south": {"uv": [8.1875, 6.5, 9, 7.75], "rotation": 270, "texture": "#0"},
				"west": {"uv": [8.1875, 6.5, 9, 7.75], "rotation": 270, "texture": "#0"},
				"up": {"uv": [8.1875, 6.5, 9, 7.75], "rotation": 180, "texture": "#0"},
				"down": {"uv": [8.1875, 6.5, 9, 7.75], "rotation": 180, "texture": "#0"}
			}
		},
		{
			"from": [4.99778, 9.39896, 15.51061],
			"to": [5.66526, 10.00576, 19.15141],
			"rotation": {"angle": 0, "axis": "y", "origin": [6.34318, 9.70236, 18.73805]},
			"faces": {
				"north": {"uv": [8.1875, 6.5, 9, 7.75], "rotation": 270, "texture": "#0"},
				"east": {"uv": [8.1875, 6.5, 9, 7.75], "rotation": 270, "texture": "#0"},
				"south": {"uv": [8.1875, 6.5, 9, 7.75], "rotation": 270, "texture": "#0"},
				"west": {"uv": [8.1875, 6.5, 9, 7.75], "rotation": 270, "texture": "#0"},
				"up": {"uv": [8.1875, 6.5, 9, 7.75], "rotation": 180, "texture": "#0"},
				"down": {"uv": [8.1875, 6.5, 9, 7.75], "rotation": 180, "texture": "#0"}
			}
		},
		{
			"from": [5.11914, 9.52032, 8.26981],
			"to": [5.5439, 9.8844, 11.91061],
			"rotation": {"angle": 0, "axis": "y", "origin": [6.34318, 9.70236, 18.73805]},
			"faces": {
				"north": {"uv": [8.1875, 6.5, 9, 7.75], "rotation": 270, "texture": "#0"},
				"east": {"uv": [8.1875, 6.5, 9, 7.75], "rotation": 270, "texture": "#0"},
				"south": {"uv": [8.1875, 6.5, 9, 7.75], "rotation": 270, "texture": "#0"},
				"west": {"uv": [8.1875, 6.5, 9, 7.75], "rotation": 270, "texture": "#0"},
				"up": {"uv": [8.1875, 6.5, 9, 7.75], "rotation": 180, "texture": "#0"},
				"down": {"uv": [8.1875, 6.5, 9, 7.75], "rotation": 180, "texture": "#0"}
			}
		},
		{
			"from": [2.4162, 9.2776, 26.48984],
			"to": [3.3264, 10.12712, 30.13064],
			"rotation": {"angle": 45, "axis": "y", "origin": [3.84318, 9.70236, 19.63805]},
			"faces": {
				"north": {"uv": [8.1875, 6.5, 9, 7.75], "rotation": 270, "texture": "#0"},
				"east": {"uv": [8.1875, 6.5, 9, 7.75], "rotation": 270, "texture": "#0"},
				"south": {"uv": [8.1875, 6.5, 9, 7.75], "rotation": 270, "texture": "#0"},
				"west": {"uv": [8.1875, 6.5, 9, 7.75], "rotation": 270, "texture": "#0"},
				"up": {"uv": [8.1875, 6.5, 9, 7.75], "rotation": 180, "texture": "#0"},
				"down": {"uv": [8.1875, 6.5, 9, 7.75], "rotation": 180, "texture": "#0"}
			}
		},
		{
			"from": [18.1736, 9.2776, 21.94904],
			"to": [19.0838, 10.12712, 25.58984],
			"rotation": {"angle": -22.5, "axis": "y", "origin": [17.65682, 9.70236, 18.73805]},
			"faces": {
				"north": {"uv": [8.1875, 7.75, 9, 6.5], "rotation": 270, "texture": "#0"},
				"east": {"uv": [8.1875, 7.75, 9, 6.5], "rotation": 270, "texture": "#0"},
				"south": {"uv": [8.1875, 7.75, 9, 6.5], "rotation": 270, "texture": "#0"},
				"west": {"uv": [8.1875, 7.75, 9, 6.5], "rotation": 270, "texture": "#0"},
				"up": {"uv": [9, 6.5, 8.1875, 7.75], "rotation": 180, "texture": "#0"},
				"down": {"uv": [9, 6.5, 8.1875, 7.75], "rotation": 180, "texture": "#0"}
			}
		},
		{
			"from": [18.21795, 9.2776, 18.29093],
			"to": [19.12815, 10.12712, 21.93173],
			"rotation": {"angle": -22.5, "axis": "y", "origin": [17.65682, 9.70236, 18.73805]},
			"faces": {
				"north": {"uv": [8.1875, 7.75, 9, 6.5], "rotation": 270, "texture": "#0"},
				"east": {"uv": [8.1875, 7.75, 9, 6.5], "rotation": 270, "texture": "#0"},
				"south": {"uv": [8.1875, 7.75, 9, 6.5], "rotation": 270, "texture": "#0"},
				"west": {"uv": [8.1875, 7.75, 9, 6.5], "rotation": 270, "texture": "#0"},
				"up": {"uv": [9, 6.5, 8.1875, 7.75], "rotation": 180, "texture": "#0"},
				"down": {"uv": [9, 6.5, 8.1875, 7.75], "rotation": 180, "texture": "#0"}
			}
		},
		{
			"from": [18.33474, 9.39896, 11.91061],
			"to": [19.00222, 10.00576, 15.55141],
			"rotation": {"angle": 0, "axis": "y", "origin": [17.65682, 9.70236, 18.73805]},
			"faces": {
				"north": {"uv": [8.1875, 7.75, 9, 6.5], "rotation": 270, "texture": "#0"},
				"east": {"uv": [8.1875, 7.75, 9, 6.5], "rotation": 270, "texture": "#0"},
				"south": {"uv": [8.1875, 7.75, 9, 6.5], "rotation": 270, "texture": "#0"},
				"west": {"uv": [8.1875, 7.75, 9, 6.5], "rotation": 270, "texture": "#0"},
				"up": {"uv": [9, 6.5, 8.1875, 7.75], "rotation": 180, "texture": "#0"},
				"down": {"uv": [9, 6.5, 8.1875, 7.75], "rotation": 180, "texture": "#0"}
			}
		},
		{
			"from": [18.33474, 9.39896, 15.51061],
			"to": [19.00222, 10.00576, 19.15141],
			"rotation": {"angle": 0, "axis": "y", "origin": [17.65682, 9.70236, 18.73805]},
			"faces": {
				"north": {"uv": [8.1875, 7.75, 9, 6.5], "rotation": 270, "texture": "#0"},
				"east": {"uv": [8.1875, 7.75, 9, 6.5], "rotation": 270, "texture": "#0"},
				"south": {"uv": [8.1875, 7.75, 9, 6.5], "rotation": 270, "texture": "#0"},
				"west": {"uv": [8.1875, 7.75, 9, 6.5], "rotation": 270, "texture": "#0"},
				"up": {"uv": [9, 6.5, 8.1875, 7.75], "rotation": 180, "texture": "#0"},
				"down": {"uv": [9, 6.5, 8.1875, 7.75], "rotation": 180, "texture": "#0"}
			}
		},
		{
			"from": [18.4561, 9.52032, 8.26981],
			"to": [18.88086, 9.8844, 11.91061],
			"rotation": {"angle": 0, "axis": "y", "origin": [17.65682, 9.70236, 18.73805]},
			"faces": {
				"north": {"uv": [8.1875, 7.75, 9, 6.5], "rotation": 270, "texture": "#0"},
				"east": {"uv": [8.1875, 7.75, 9, 6.5], "rotation": 270, "texture": "#0"},
				"south": {"uv": [8.1875, 7.75, 9, 6.5], "rotation": 270, "texture": "#0"},
				"west": {"uv": [8.1875, 7.75, 9, 6.5], "rotation": 270, "texture": "#0"},
				"up": {"uv": [9, 6.5, 8.1875, 7.75], "rotation": 180, "texture": "#0"},
				"down": {"uv": [9, 6.5, 8.1875, 7.75], "rotation": 180, "texture": "#0"}
			}
		},
		{
			"from": [20.6736, 9.2776, 26.48984],
			"to": [21.5838, 10.12712, 30.13064],
			"rotation": {"angle": -45, "axis": "y", "origin": [20.15682, 9.70236, 19.63805]},
			"faces": {
				"north": {"uv": [8.1875, 7.75, 9, 6.5], "rotation": 270, "texture": "#0"},
				"east": {"uv": [8.1875, 7.75, 9, 6.5], "rotation": 270, "texture": "#0"},
				"south": {"uv": [8.1875, 7.75, 9, 6.5], "rotation": 270, "texture": "#0"},
				"west": {"uv": [8.1875, 7.75, 9, 6.5], "rotation": 270, "texture": "#0"},
				"up": {"uv": [9, 6.5, 8.1875, 7.75], "rotation": 180, "texture": "#0"},
				"down": {"uv": [9, 6.5, 8.1875, 7.75], "rotation": 180, "texture": "#0"}
			}
		},
		{
			"from": [19.2736, 13.9776, 20.74904],
			"to": [20.1838, 14.82712, 24.38984],
			"rotation": {"angle": -22.5, "axis": "y", "origin": [18.75682, 14.40236, 17.53805]},
			"faces": {
				"north": {"uv": [8.1875, 7.75, 9, 6.5], "rotation": 270, "texture": "#0"},
				"east": {"uv": [8.1875, 7.75, 9, 6.5], "rotation": 270, "texture": "#0"},
				"south": {"uv": [8.1875, 7.75, 9, 6.5], "rotation": 270, "texture": "#0"},
				"west": {"uv": [8.1875, 7.75, 9, 6.5], "rotation": 270, "texture": "#0"},
				"up": {"uv": [9, 6.5, 8.1875, 7.75], "rotation": 180, "texture": "#0"},
				"down": {"uv": [9, 6.5, 8.1875, 7.75], "rotation": 180, "texture": "#0"}
			}
		},
		{
			"from": [19.31795, 13.9776, 17.09093],
			"to": [20.22815, 14.82712, 20.73173],
			"rotation": {"angle": -22.5, "axis": "y", "origin": [18.75682, 14.40236, 17.53805]},
			"faces": {
				"north": {"uv": [8.1875, 7.75, 9, 6.5], "rotation": 270, "texture": "#0"},
				"east": {"uv": [8.1875, 7.75, 9, 6.5], "rotation": 270, "texture": "#0"},
				"south": {"uv": [8.1875, 7.75, 9, 6.5], "rotation": 270, "texture": "#0"},
				"west": {"uv": [8.1875, 7.75, 9, 6.5], "rotation": 270, "texture": "#0"},
				"up": {"uv": [9, 6.5, 8.1875, 7.75], "rotation": 180, "texture": "#0"},
				"down": {"uv": [9, 6.5, 8.1875, 7.75], "rotation": 180, "texture": "#0"}
			}
		},
		{
			"from": [19.43474, 14.09896, 10.71061],
			"to": [20.10222, 14.70576, 14.35141],
			"rotation": {"angle": 0, "axis": "y", "origin": [18.75682, 14.40236, 17.53805]},
			"faces": {
				"north": {"uv": [8.1875, 7.75, 9, 6.5], "rotation": 270, "texture": "#0"},
				"east": {"uv": [8.1875, 7.75, 9, 6.5], "rotation": 270, "texture": "#0"},
				"south": {"uv": [8.1875, 7.75, 9, 6.5], "rotation": 270, "texture": "#0"},
				"west": {"uv": [8.1875, 7.75, 9, 6.5], "rotation": 270, "texture": "#0"},
				"up": {"uv": [9, 6.5, 8.1875, 7.75], "rotation": 180, "texture": "#0"},
				"down": {"uv": [9, 6.5, 8.1875, 7.75], "rotation": 180, "texture": "#0"}
			}
		},
		{
			"from": [19.43474, 14.09896, 14.31061],
			"to": [20.10222, 14.70576, 17.95141],
			"rotation": {"angle": 0, "axis": "y", "origin": [18.75682, 14.40236, 17.53805]},
			"faces": {
				"north": {"uv": [8.1875, 7.75, 9, 6.5], "rotation": 270, "texture": "#0"},
				"east": {"uv": [8.1875, 7.75, 9, 6.5], "rotation": 270, "texture": "#0"},
				"south": {"uv": [8.1875, 7.75, 9, 6.5], "rotation": 270, "texture": "#0"},
				"west": {"uv": [8.1875, 7.75, 9, 6.5], "rotation": 270, "texture": "#0"},
				"up": {"uv": [9, 6.5, 8.1875, 7.75], "rotation": 180, "texture": "#0"},
				"down": {"uv": [9, 6.5, 8.1875, 7.75], "rotation": 180, "texture": "#0"}
			}
		},
		{
			"from": [19.5561, 14.22032, 7.06981],
			"to": [19.98086, 14.5844, 10.71061],
			"rotation": {"angle": 0, "axis": "y", "origin": [18.75682, 14.40236, 17.53805]},
			"faces": {
				"north": {"uv": [8.1875, 7.75, 9, 6.5], "rotation": 270, "texture": "#0"},
				"east": {"uv": [8.1875, 7.75, 9, 6.5], "rotation": 270, "texture": "#0"},
				"south": {"uv": [8.1875, 7.75, 9, 6.5], "rotation": 270, "texture": "#0"},
				"west": {"uv": [8.1875, 7.75, 9, 6.5], "rotation": 270, "texture": "#0"},
				"up": {"uv": [9, 6.5, 8.1875, 7.75], "rotation": 180, "texture": "#0"},
				"down": {"uv": [9, 6.5, 8.1875, 7.75], "rotation": 180, "texture": "#0"}
			}
		},
		{
			"from": [21.7736, 13.9776, 25.28984],
			"to": [22.6838, 14.82712, 28.93064],
			"rotation": {"angle": -45, "axis": "y", "origin": [21.25682, 14.40236, 18.43805]},
			"faces": {
				"north": {"uv": [8.1875, 7.75, 9, 6.5], "rotation": 270, "texture": "#0"},
				"east": {"uv": [8.1875, 7.75, 9, 6.5], "rotation": 270, "texture": "#0"},
				"south": {"uv": [8.1875, 7.75, 9, 6.5], "rotation": 270, "texture": "#0"},
				"west": {"uv": [8.1875, 7.75, 9, 6.5], "rotation": 270, "texture": "#0"},
				"up": {"uv": [9, 6.5, 8.1875, 7.75], "rotation": 180, "texture": "#0"},
				"down": {"uv": [9, 6.5, 8.1875, 7.75], "rotation": 180, "texture": "#0"}
			}
		},
		{
			"from": [3.8162, 13.8776, 20.74904],
			"to": [4.7264, 14.72712, 24.38984],
			"rotation": {"angle": 22.5, "axis": "y", "origin": [5.24318, 14.30236, 17.53805]},
			"faces": {
				"north": {"uv": [8.1875, 6.5, 9, 7.75], "rotation": 270, "texture": "#0"},
				"east": {"uv": [8.1875, 6.5, 9, 7.75], "rotation": 270, "texture": "#0"},
				"south": {"uv": [8.1875, 6.5, 9, 7.75], "rotation": 270, "texture": "#0"},
				"west": {"uv": [8.1875, 6.5, 9, 7.75], "rotation": 270, "texture": "#0"},
				"up": {"uv": [8.1875, 6.5, 9, 7.75], "rotation": 180, "texture": "#0"},
				"down": {"uv": [8.1875, 6.5, 9, 7.75], "rotation": 180, "texture": "#0"}
			}
		},
		{
			"from": [3.77185, 13.8776, 17.09093],
			"to": [4.68205, 14.72712, 20.73173],
			"rotation": {"angle": 22.5, "axis": "y", "origin": [5.24318, 14.30236, 17.53805]},
			"faces": {
				"north": {"uv": [8.1875, 6.5, 9, 7.75], "rotation": 270, "texture": "#0"},
				"east": {"uv": [8.1875, 6.5, 9, 7.75], "rotation": 270, "texture": "#0"},
				"south": {"uv": [8.1875, 6.5, 9, 7.75], "rotation": 270, "texture": "#0"},
				"west": {"uv": [8.1875, 6.5, 9, 7.75], "rotation": 270, "texture": "#0"},
				"up": {"uv": [8.1875, 6.5, 9, 7.75], "rotation": 180, "texture": "#0"},
				"down": {"uv": [8.1875, 6.5, 9, 7.75], "rotation": 180, "texture": "#0"}
			}
		},
		{
			"from": [3.89778, 13.99896, 10.71061],
			"to": [4.56526, 14.60576, 14.35141],
			"rotation": {"angle": 0, "axis": "y", "origin": [5.24318, 14.30236, 17.53805]},
			"faces": {
				"north": {"uv": [8.1875, 6.5, 9, 7.75], "rotation": 270, "texture": "#0"},
				"east": {"uv": [8.1875, 6.5, 9, 7.75], "rotation": 270, "texture": "#0"},
				"south": {"uv": [8.1875, 6.5, 9, 7.75], "rotation": 270, "texture": "#0"},
				"west": {"uv": [8.1875, 6.5, 9, 7.75], "rotation": 270, "texture": "#0"},
				"up": {"uv": [8.1875, 6.5, 9, 7.75], "rotation": 180, "texture": "#0"},
				"down": {"uv": [8.1875, 6.5, 9, 7.75], "rotation": 180, "texture": "#0"}
			}
		},
		{
			"from": [3.89778, 13.99896, 14.31061],
			"to": [4.56526, 14.60576, 17.95141],
			"rotation": {"angle": 0, "axis": "y", "origin": [5.24318, 14.30236, 17.53805]},
			"faces": {
				"north": {"uv": [8.1875, 6.5, 9, 7.75], "rotation": 270, "texture": "#0"},
				"east": {"uv": [8.1875, 6.5, 9, 7.75], "rotation": 270, "texture": "#0"},
				"south": {"uv": [8.1875, 6.5, 9, 7.75], "rotation": 270, "texture": "#0"},
				"west": {"uv": [8.1875, 6.5, 9, 7.75], "rotation": 270, "texture": "#0"},
				"up": {"uv": [8.1875, 6.5, 9, 7.75], "rotation": 180, "texture": "#0"},
				"down": {"uv": [8.1875, 6.5, 9, 7.75], "rotation": 180, "texture": "#0"}
			}
		},
		{
			"from": [4.01914, 14.12032, 7.06981],
			"to": [4.4439, 14.4844, 10.71061],
			"rotation": {"angle": 0, "axis": "y", "origin": [5.24318, 14.30236, 17.53805]},
			"faces": {
				"north": {"uv": [8.1875, 6.5, 9, 7.75], "rotation": 270, "texture": "#0"},
				"east": {"uv": [8.1875, 6.5, 9, 7.75], "rotation": 270, "texture": "#0"},
				"south": {"uv": [8.1875, 6.5, 9, 7.75], "rotation": 270, "texture": "#0"},
				"west": {"uv": [8.1875, 6.5, 9, 7.75], "rotation": 270, "texture": "#0"},
				"up": {"uv": [8.1875, 6.5, 9, 7.75], "rotation": 180, "texture": "#0"},
				"down": {"uv": [8.1875, 6.5, 9, 7.75], "rotation": 180, "texture": "#0"}
			}
		},
		{
			"from": [1.3162, 13.8776, 25.28984],
			"to": [2.2264, 14.72712, 28.93064],
			"rotation": {"angle": 45, "axis": "y", "origin": [2.74318, 14.30236, 18.43805]},
			"faces": {
				"north": {"uv": [8.1875, 6.5, 9, 7.75], "rotation": 270, "texture": "#0"},
				"east": {"uv": [8.1875, 6.5, 9, 7.75], "rotation": 270, "texture": "#0"},
				"south": {"uv": [8.1875, 6.5, 9, 7.75], "rotation": 270, "texture": "#0"},
				"west": {"uv": [8.1875, 6.5, 9, 7.75], "rotation": 270, "texture": "#0"},
				"up": {"uv": [8.1875, 6.5, 9, 7.75], "rotation": 180, "texture": "#0"},
				"down": {"uv": [8.1875, 6.5, 9, 7.75], "rotation": 180, "texture": "#0"}
			}
		},
		{
			"from": [10.87844, 5.72396, 26.17828],
			"to": [11.89728, 9.41726, 27.62164],
			"rotation": {"angle": 0, "axis": "y", "origin": [14.35948, 9.88423, 29.31971]},
			"faces": {
				"north": {"uv": [6.75, 7.5, 7.25, 9.75], "texture": "#0"},
				"east": {"uv": [3, 5.5, 3.75, 7.75], "texture": "#0"},
				"south": {"uv": [4.5, 8.25, 5, 10.5], "texture": "#0"},
				"west": {"uv": [3.75, 5.5, 4.5, 7.75], "texture": "#0"},
				"up": {"uv": [10, 1.5, 9.5, 0.75], "texture": "#0"},
				"down": {"uv": [10, 2.25, 9.5, 3], "texture": "#0"}
			}
		},
		{
			"from": [11.89728, 7.84655, 26.17828],
			"to": [12.10954, 9.41726, 27.62164],
			"rotation": {"angle": 0, "axis": "y", "origin": [15.37832, 9.88423, 29.31971]},
			"faces": {
				"north": {"uv": [1.5, 6, 1.75, 7], "texture": "#0"},
				"east": {"uv": [5.75, 8.5, 6.5, 9.5], "texture": "#0"},
				"south": {"uv": [6.5, 0, 6.75, 1], "texture": "#0"},
				"west": {"uv": [7.25, 8.5, 8, 9.5], "texture": "#0"},
				"up": {"uv": [6.75, 1.75, 6.5, 1], "texture": "#0"},
				"down": {"uv": [6.75, 3, 6.5, 3.75], "texture": "#0"}
			}
		},
		{
			"from": [10.96334, -0.17683, 26.26318],
			"to": [11.81238, 5.72396, 27.57919],
			"rotation": {"angle": 0, "axis": "y", "origin": [14.35948, 3.21931, 29.31971]},
			"faces": {
				"north": {"uv": [0.75, 2.5, 1.25, 6], "texture": "#0"},
				"east": {"uv": [2.25, 2.25, 3, 5.75], "texture": "#0"},
				"south": {"uv": [1.25, 2.5, 1.75, 6], "texture": "#0"},
				"west": {"uv": [0, 2.5, 0.75, 6], "texture": "#0"},
				"up": {"uv": [6.75, 10.25, 6.25, 9.5], "texture": "#0"},
				"down": {"uv": [7.75, 9.5, 7.25, 10.25], "texture": "#0"}
			}
		},
		{
			"from": [11.13315, -0.81361, 25.28679],
			"to": [11.64257, -0.60135, 25.58395],
			"rotation": {"angle": 0, "axis": "y", "origin": [14.35948, 2.58253, 27.70654]},
			"faces": {
				"north": {"uv": [4.5, 5.5, 4.75, 5.75], "texture": "#0"},
				"east": {"uv": [6.5, 1.75, 6.75, 2], "texture": "#0"},
				"south": {"uv": [6.5, 3.75, 6.75, 4], "texture": "#0"},
				"west": {"uv": [8.5, 5.25, 8.75, 5.5], "texture": "#0"},
				"up": {"uv": [6.75, 9.5, 6.5, 9.25], "texture": "#0"},
				"down": {"uv": [8, 9.5, 7.75, 9.75], "texture": "#0"}
			}
		},
		{
			"from": [11.04824, -0.81361, 25.58395],
			"to": [11.72747, -0.47399, 25.92357],
			"rotation": {"angle": 0, "axis": "y", "origin": [14.35948, 2.58253, 28.04616]},
			"faces": {
				"north": {"uv": [1.75, 5.5, 2.25, 5.75], "texture": "#0"},
				"east": {"uv": [10.25, 7.75, 10.5, 8], "texture": "#0"},
				"south": {"uv": [7.25, 5.5, 7.75, 5.75], "texture": "#0"},
				"west": {"uv": [10.25, 8, 10.5, 8.25], "texture": "#0"},
				"up": {"uv": [5.5, 8.5, 5, 8.25], "texture": "#0"},
				"down": {"uv": [9.5, 2.25, 9, 2.5], "texture": "#0"}
			}
		},
		{
			"from": [10.96334, -0.81361, 25.92357],
			"to": [11.81238, -0.38909, 27.62164],
			"rotation": {"angle": 0, "axis": "y", "origin": [14.35948, 2.58253, 29.31971]},
			"faces": {
				"north": {"uv": [1, 10.25, 1.5, 10.5], "texture": "#0"},
				"east": {"uv": [9.5, 4.5, 10.5, 4.75], "texture": "#0"},
				"south": {"uv": [1.5, 10.25, 2, 10.5], "texture": "#0"},
				"west": {"uv": [9.5, 5.75, 10.5, 6], "texture": "#0"},
				"up": {"uv": [4.5, 10, 4, 9], "texture": "#0"},
				"down": {"uv": [9.5, 0.75, 9, 1.75], "texture": "#0"}
			}
		},
		{
			"from": [11.04824, -0.81361, 27.62164],
			"to": [11.72747, -0.51644, 27.79144],
			"rotation": {"angle": 0, "axis": "y", "origin": [14.35948, 2.58253, 30.59326]},
			"faces": {
				"north": {"uv": [2, 10.25, 2.5, 10.5], "texture": "#0"},
				"east": {"uv": [10.25, 8.25, 10.5, 8.5], "texture": "#0"},
				"south": {"uv": [3.5, 10.25, 4, 10.5], "texture": "#0"},
				"west": {"uv": [10.25, 8.5, 10.5, 8.75], "texture": "#0"},
				"up": {"uv": [5.5, 10.5, 5, 10.25], "texture": "#0"},
				"down": {"uv": [6.25, 10.25, 5.75, 10.5], "texture": "#0"}
			}
		},
		{
			"from": [11.04824, -0.38909, 26.34809],
			"to": [11.72747, -0.17683, 27.49428],
			"rotation": {"angle": 0, "axis": "y", "origin": [14.35948, 3.00705, 29.31971]},
			"faces": {
				"north": {"uv": [6.25, 10.25, 6.75, 10.5], "texture": "#0"},
				"east": {"uv": [2.25, 2, 3, 2.25], "texture": "#0"},
				"south": {"uv": [6.75, 10.25, 7.25, 10.5], "texture": "#0"},
				"west": {"uv": [10, 1.25, 10.75, 1.5], "texture": "#0"},
				"up": {"uv": [3, 7.75, 2.5, 7], "texture": "#0"},
				"down": {"uv": [6.25, 9.5, 5.75, 10.25], "texture": "#0"}
			}
		},
		{
			"from": [12.66141, 5.72396, 26.17828],
			"to": [13.68025, 9.41726, 27.62164],
			"rotation": {"angle": 0, "axis": "y", "origin": [13.09389, 2.00943, 26.66382]},
			"faces": {
				"north": {"uv": [7.25, 7.5, 6.75, 9.75], "texture": "#0"},
				"east": {"uv": [4.5, 5.5, 3.75, 7.75], "texture": "#0"},
				"south": {"uv": [5, 8.25, 4.5, 10.5], "texture": "#0"},
				"west": {"uv": [3.75, 5.5, 3, 7.75], "texture": "#0"},
				"up": {"uv": [9.5, 1.5, 10, 0.75], "texture": "#0"},
				"down": {"uv": [9.5, 2.25, 10, 3], "texture": "#0"}
			}
		},
		{
			"from": [12.44915, 7.84655, 26.17828],
			"to": [12.66141, 9.41726, 27.62164],
			"rotation": {"angle": 0, "axis": "y", "origin": [13.09389, 2.00943, 26.66382]},
			"faces": {
				"north": {"uv": [1.75, 6, 1.5, 7], "texture": "#0"},
				"east": {"uv": [8, 8.5, 7.25, 9.5], "texture": "#0"},
				"south": {"uv": [6.75, 0, 6.5, 1], "texture": "#0"},
				"west": {"uv": [6.5, 8.5, 5.75, 9.5], "texture": "#0"},
				"up": {"uv": [6.5, 1.75, 6.75, 1], "texture": "#0"},
				"down": {"uv": [6.5, 3, 6.75, 3.75], "texture": "#0"}
			}
		},
		{
			"from": [12.74631, -0.17683, 26.26318],
			"to": [13.59535, 5.72396, 27.57919],
			"rotation": {"angle": 0, "axis": "y", "origin": [13.09389, 2.00943, 26.66382]},
			"faces": {
				"north": {"uv": [1.25, 2.5, 0.75, 6], "texture": "#0"},
				"east": {"uv": [0.75, 2.5, 0, 6], "texture": "#0"},
				"south": {"uv": [1.75, 2.5, 1.25, 6], "texture": "#0"},
				"west": {"uv": [3, 2.25, 2.25, 5.75], "texture": "#0"},
				"up": {"uv": [6.25, 10.25, 6.75, 9.5], "texture": "#0"},
				"down": {"uv": [7.25, 9.5, 7.75, 10.25], "texture": "#0"}
			}
		},
		{
			"from": [12.91612, -0.81361, 25.28679],
			"to": [13.42554, -0.60135, 25.58395],
			"rotation": {"angle": 0, "axis": "y", "origin": [13.09389, 2.00943, 26.66382]},
			"faces": {
				"north": {"uv": [4.75, 5.5, 4.5, 5.75], "texture": "#0"},
				"east": {"uv": [8.75, 5.25, 8.5, 5.5], "texture": "#0"},
				"south": {"uv": [6.75, 3.75, 6.5, 4], "texture": "#0"},
				"west": {"uv": [6.75, 1.75, 6.5, 2], "texture": "#0"},
				"up": {"uv": [6.5, 9.5, 6.75, 9.25], "texture": "#0"},
				"down": {"uv": [7.75, 9.5, 8, 9.75], "texture": "#0"}
			}
		},
		{
			"from": [12.83122, -0.81361, 25.58395],
			"to": [13.51044, -0.47399, 25.92357],
			"rotation": {"angle": 0, "axis": "y", "origin": [13.09389, 2.00943, 26.66382]},
			"faces": {
				"north": {"uv": [2.25, 5.5, 1.75, 5.75], "texture": "#0"},
				"east": {"uv": [10.5, 8, 10.25, 8.25], "texture": "#0"},
				"south": {"uv": [7.75, 5.5, 7.25, 5.75], "texture": "#0"},
				"west": {"uv": [10.5, 7.75, 10.25, 8], "texture": "#0"},
				"up": {"uv": [5, 8.5, 5.5, 8.25], "texture": "#0"},
				"down": {"uv": [9, 2.25, 9.5, 2.5], "texture": "#0"}
			}
		},
		{
			"from": [12.74631, -0.81361, 25.92357],
			"to": [13.59535, -0.38909, 27.62164],
			"rotation": {"angle": 0, "axis": "y", "origin": [13.09389, 2.00943, 26.66382]},
			"faces": {
				"north": {"uv": [1.5, 10.25, 1, 10.5], "texture": "#0"},
				"east": {"uv": [10.5, 5.75, 9.5, 6], "texture": "#0"},
				"south": {"uv": [2, 10.25, 1.5, 10.5], "texture": "#0"},
				"west": {"uv": [10.5, 4.5, 9.5, 4.75], "texture": "#0"},
				"up": {"uv": [4, 10, 4.5, 9], "texture": "#0"},
				"down": {"uv": [9, 0.75, 9.5, 1.75], "texture": "#0"}
			}
		},
		{
			"from": [12.83122, -0.81361, 27.62164],
			"to": [13.51044, -0.51644, 27.79144],
			"rotation": {"angle": 0, "axis": "y", "origin": [13.09389, 2.00943, 26.66382]},
			"faces": {
				"north": {"uv": [2.5, 10.25, 2, 10.5], "texture": "#0"},
				"east": {"uv": [10.5, 8.5, 10.25, 8.75], "texture": "#0"},
				"south": {"uv": [4, 10.25, 3.5, 10.5], "texture": "#0"},
				"west": {"uv": [10.5, 8.25, 10.25, 8.5], "texture": "#0"},
				"up": {"uv": [5, 10.5, 5.5, 10.25], "texture": "#0"},
				"down": {"uv": [5.75, 10.25, 6.25, 10.5], "texture": "#0"}
			}
		},
		{
			"from": [12.83122, -0.38909, 26.34809],
			"to": [13.51044, -0.17683, 27.49428],
			"rotation": {"angle": 0, "axis": "y", "origin": [13.09389, 2.00943, 26.66382]},
			"faces": {
				"north": {"uv": [6.75, 10.25, 6.25, 10.5], "texture": "#0"},
				"east": {"uv": [10.75, 1.25, 10, 1.5], "texture": "#0"},
				"south": {"uv": [7.25, 10.25, 6.75, 10.5], "texture": "#0"},
				"west": {"uv": [3, 2, 2.25, 2.25], "texture": "#0"},
				"up": {"uv": [2.5, 7.75, 3, 7], "texture": "#0"},
				"down": {"uv": [5.75, 9.5, 6.25, 10.25], "texture": "#0"}
			}
		},
		{
			"from": [12.10954, 8.73803, 26.17828],
			"to": [12.4067, 9.41726, 27.62164],
			"rotation": {"angle": 0, "axis": "y", "origin": [15.59058, 9.88423, 29.31971]},
			"faces": {
				"north": {"uv": [5.5, 7, 5.75, 7.5], "texture": "#0"},
				"east": {"uv": [9.25, 8.75, 10, 9.25], "texture": "#0"},
				"south": {"uv": [7.25, 10.25, 7.5, 10.75], "texture": "#0"},
				"west": {"uv": [9.5, 3, 10.25, 3.5], "texture": "#0"},
				"up": {"uv": [6.75, 9.25, 6.5, 8.5], "texture": "#0"},
				"down": {"uv": [8.25, 8.5, 8, 9.25], "texture": "#0"}
			}
		},
		{
			"from": [10.70863, 9.41726, 26.05092],
			"to": [13.80761, 11.6672, 27.74899],
			"rotation": {"angle": 0, "axis": "y", "origin": [14.35948, 12.8134, 29.31971]},
			"faces": {
				"north": {"uv": [3, 3, 4.75, 4.25], "texture": "#0"},
				"east": {"uv": [4.5, 7, 5.5, 8.25], "texture": "#0"},
				"south": {"uv": [3, 4.25, 4.75, 5.5], "texture": "#0"},
				"west": {"uv": [7.25, 7.25, 8.25, 8.5], "texture": "#0"},
				"up": {"uv": [6.5, 4, 4.75, 3], "texture": "#0"},
				"down": {"uv": [6.75, 2, 5, 3], "texture": "#0"}
			}
		},
		{
			"from": [10.53882, 11.15778, 25.03208],
			"to": [13.97741, 12.64359, 26.73015],
			"rotation": {"angle": -22.5, "axis": "x", "origin": [12.23689, 14.00205, 25.88112]},
			"faces": {
				"north": {"uv": [4.75, 4, 6.75, 4.75], "texture": "#0"},
				"east": {"uv": [7.25, 6.5, 8.25, 7.25], "texture": "#0"},
				"south": {"uv": [5.75, 5.75, 7.75, 6.5], "texture": "#0"},
				"west": {"uv": [8.5, 2.5, 9.5, 3.25], "texture": "#0"},
				"up": {"uv": [5, 3, 3, 2], "texture": "#0"},
				"down": {"uv": [6.5, 0, 4.5, 1], "texture": "#0"}
			}
		},
		{
			"from": [10.32656, 12.43417, 25.29247],
			"to": [14.14722, 14.68411, 26.99054],
			"rotation": {"angle": -22.5, "axis": "x", "origin": [12.23689, 13.49263, 25.5415]},
			"faces": {
				"north": {"uv": [0, 0, 2.25, 1.25], "texture": "#0"},
				"east": {"uv": [7.25, 0, 8.25, 1.25], "texture": "#0"},
				"south": {"uv": [0, 1.25, 2.25, 2.5], "texture": "#0"},
				"west": {"uv": [7.25, 1.25, 8.25, 2.5], "texture": "#0"},
				"up": {"uv": [4.5, 1, 2.25, 0], "texture": "#0"},
				"down": {"uv": [4.5, 1, 2.25, 2], "texture": "#0"}
			}
		},
		{
			"from": [10.49637, 14.68411, 25.29247],
			"to": [13.97741, 14.98128, 26.99054],
			"rotation": {"angle": -22.5, "axis": "x", "origin": [12.23689, 13.49263, 25.5415]},
			"faces": {
				"north": {"uv": [8.75, 6, 10.75, 6.25], "texture": "#0"},
				"east": {"uv": [2.5, 9.75, 3.5, 10], "texture": "#0"},
				"south": {"uv": [8.75, 6.25, 10.75, 6.5], "texture": "#0"},
				"west": {"uv": [7.75, 9.75, 8.75, 10], "texture": "#0"},
				"up": {"uv": [6.5, 2, 4.5, 1], "texture": "#0"},
				"down": {"uv": [6.75, 4.75, 4.75, 5.75], "texture": "#0"}
			}
		},
		{
			"from": [10.96334, 14.98128, 25.29247],
			"to": [13.46799, 15.19353, 26.99054],
			"rotation": {"angle": -22.5, "axis": "x", "origin": [12.23689, 13.49263, 25.5415]},
			"faces": {
				"north": {"uv": [9, 7.5, 10.5, 7.75], "texture": "#0"},
				"east": {"uv": [8.75, 9.75, 9.75, 10], "texture": "#0"},
				"south": {"uv": [9.5, 1.5, 11, 1.75], "texture": "#0"},
				"west": {"uv": [9.75, 9.75, 10.75, 10], "texture": "#0"},
				"up": {"uv": [1.5, 7, 0, 6], "texture": "#0"},
				"down": {"uv": [7.25, 6.5, 5.75, 7.5], "texture": "#0"}
			}
		},
		{
			"name": "cuello",
			"from": [11.60012, 15.0445, 24.81892],
			"to": [12.78877, 15.68128, 25.88021],
			"rotation": {"angle": 0, "axis": "x", "origin": [12.19798, 15.47017, 23.72669]},
			"faces": {
				"north": {"uv": [10, 2.75, 10.75, 3], "texture": "#0"},
				"east": {"uv": [10, 8.75, 10.75, 9], "texture": "#0"},
				"south": {"uv": [10, 9, 10.75, 9.25], "texture": "#0"},
				"west": {"uv": [10, 9.25, 10.75, 9.5], "texture": "#0"},
				"up": {"uv": [9.5, 6, 8.75, 5.25], "texture": "#0"},
				"down": {"uv": [3.25, 9, 2.5, 9.75], "texture": "#0"}
			}
		},
		{
			"from": [11.34541, 16.07844, 24.1944],
			"to": [13.08593, 16.88502, 26.10473],
			"rotation": {"angle": 0, "axis": "x", "origin": [12.19798, 15.38527, 23.93895]},
			"faces": {
				"north": {"uv": [9, 1.75, 10, 2.25], "texture": "#0"},
				"east": {"uv": [8.25, 7.75, 9.5, 8.25], "texture": "#0"},
				"south": {"uv": [9, 6.5, 10, 7], "texture": "#0"},
				"west": {"uv": [8.5, 4.75, 9.75, 5.25], "texture": "#0"},
				"up": {"uv": [3.5, 9, 2.5, 7.75], "texture": "#0"},
				"down": {"uv": [4.5, 7.75, 3.5, 9], "texture": "#0"}
			}
		},
		{
			"from": [11.1756, 16.50295, 24.15195],
			"to": [13.21328, 18.11612, 26.23208],
			"rotation": {"angle": 0, "axis": "x", "origin": [12.19798, 15.38527, 23.93895]},
			"faces": {
				"north": {"uv": [7.25, 2.5, 8.5, 3.5], "texture": "#0"},
				"east": {"uv": [7.25, 3.5, 8.5, 4.5], "texture": "#0"},
				"south": {"uv": [7.25, 4.5, 8.5, 5.5], "texture": "#0"},
				"west": {"uv": [5.5, 7.5, 6.75, 8.5], "texture": "#0"},
				"up": {"uv": [3, 7, 1.75, 5.75], "texture": "#0"},
				"down": {"uv": [5.75, 5.75, 4.5, 7], "texture": "#0"}
			}
		},
		{
			"from": [11.34541, 17.73405, 24.2793],
			"to": [13.04348, 18.45573, 26.06228],
			"rotation": {"angle": 0, "axis": "x", "origin": [12.19798, 15.38527, 23.93895]},
			"faces": {
				"north": {"uv": [9, 7, 10, 7.5], "texture": "#0"},
				"east": {"uv": [8, 9.25, 9, 9.75], "texture": "#0"},
				"south": {"uv": [9, 9.25, 10, 9.75], "texture": "#0"},
				"west": {"uv": [9.25, 8.25, 10.25, 8.75], "texture": "#0"},
				"up": {"uv": [8.75, 6.5, 7.75, 5.5], "texture": "#0"},
				"down": {"uv": [9.25, 8.25, 8.25, 9.25], "texture": "#0"}
			}
		},
		{
			"from": [11.43031, 15.44166, 24.36421],
			"to": [12.95857, 16.07844, 24.78872],
			"rotation": {"angle": 0, "axis": "x", "origin": [12.19798, 15.38527, 23.93895]},
			"faces": {
				"north": {"uv": [9.75, 0, 10.75, 0.25], "texture": "#0"},
				"east": {"uv": [10.25, 10, 10.5, 10.25], "texture": "#0"},
				"south": {"uv": [9.75, 0.25, 10.75, 0.5], "texture": "#0"},
				"west": {"uv": [0, 10.5, 0.25, 10.75], "texture": "#0"},
				"up": {"uv": [10.75, 0.75, 9.75, 0.5], "texture": "#0"},
				"down": {"uv": [10.75, 4.75, 9.75, 5], "texture": "#0"}
			}
		},
		{
			"from": [11.43031, 15.69637, 24.78872],
			"to": [12.95857, 16.07844, 25.97737],
			"rotation": {"angle": 0, "axis": "x", "origin": [12.19798, 15.38527, 23.93895]},
			"faces": {
				"north": {"uv": [9.75, 5, 10.75, 5.25], "texture": "#0"},
				"east": {"uv": [10, 9.5, 10.75, 9.75], "texture": "#0"},
				"south": {"uv": [0, 10, 1, 10.25], "texture": "#0"},
				"west": {"uv": [0, 10.25, 0.75, 10.5], "texture": "#0"},
				"up": {"uv": [9.5, 4, 8.5, 3.25], "texture": "#0"},
				"down": {"uv": [9.5, 4, 8.5, 4.75], "texture": "#0"}
			}
		},
		{
			"from": [9.22282, 13.17004, 30.88969],
			"to": [10.32656, 13.97663, 31.73872],
			"rotation": {"angle": -45, "axis": "x", "origin": [9.59498, 7.81697, 28.61645]},
			"faces": {
				"north": {"uv": [3, 10, 3.5, 10.5], "texture": "#0"},
				"east": {"uv": [4, 10, 4.5, 10.5], "texture": "#0"},
				"south": {"uv": [7.75, 10, 8.25, 10.5], "texture": "#0"},
				"west": {"uv": [8.25, 10, 8.75, 10.5], "texture": "#0"},
				"up": {"uv": [9.25, 10.5, 8.75, 10], "texture": "#0"},
				"down": {"uv": [9.75, 10, 9.25, 10.5], "texture": "#0"}
			}
		},
		{
			"from": [9.22282, 13.97663, 30.88969],
			"to": [10.32656, 14.95302, 31.73872],
			"rotation": {"angle": -45, "axis": "x", "origin": [9.59498, 7.81697, 28.61645]},
			"faces": {
				"north": {"uv": [9.5, 5.25, 10.25, 5.75], "texture": "#0"},
				"east": {"uv": [6.75, 9.75, 7.25, 10.25], "texture": "#0"},
				"south": {"uv": [9.5, 7.75, 10.25, 8.25], "texture": "#0"},
				"west": {"uv": [2.5, 10, 3, 10.5], "texture": "#0"},
				"up": {"uv": [1.75, 10.25, 1, 9.75], "texture": "#0"},
				"down": {"uv": [2.5, 9.75, 1.75, 10.25], "texture": "#0"}
			}
		},
		{
			"from": [9.56243, 14.95302, 30.88969],
			"to": [10.32656, 15.16528, 31.73872],
			"rotation": {"angle": -45, "axis": "x", "origin": [9.59498, 7.81697, 28.61645]},
			"faces": {
				"north": {"uv": [10.25, 3, 10.75, 3.25], "texture": "#0"},
				"east": {"uv": [10.25, 3.25, 10.75, 3.5], "texture": "#0"},
				"south": {"uv": [10.25, 3.5, 10.75, 3.75], "texture": "#0"},
				"west": {"uv": [10.25, 3.75, 10.75, 4], "texture": "#0"},
				"up": {"uv": [4, 10.25, 3.5, 9.75], "texture": "#0"},
				"down": {"uv": [5.5, 9.75, 5, 10.25], "texture": "#0"}
			}
		},
		{
			"from": [9.81714, 14.10398, 30.63498],
			"to": [10.32656, 15.12282, 31.95098],
			"rotation": {"angle": -45, "axis": "x", "origin": [9.59498, 7.81697, 28.61645]},
			"faces": {
				"north": {"uv": [7.5, 10.25, 7.75, 10.75], "texture": "#0"},
				"east": {"uv": [9.5, 3.5, 10.25, 4], "texture": "#0"},
				"south": {"uv": [10.25, 10.25, 10.5, 10.75], "texture": "#0"},
				"west": {"uv": [9.5, 4, 10.25, 4.5], "texture": "#0"},
				"up": {"uv": [5.75, 10.5, 5.5, 9.75], "texture": "#0"},
				"down": {"uv": [1, 10.25, 0.75, 11], "texture": "#0"}
			}
		},
		{
			"from": [9.22282, 8.67016, 30.88969],
			"to": [10.07185, 13.17004, 31.73872],
			"rotation": {"angle": -45, "axis": "x", "origin": [9.59498, 7.81697, 28.61645]},
			"faces": {
				"north": {"uv": [6.75, 3, 7.25, 5.75], "texture": "#0"},
				"east": {"uv": [1, 7, 1.5, 9.75], "texture": "#0"},
				"south": {"uv": [1.5, 7, 2, 9.75], "texture": "#0"},
				"west": {"uv": [2, 7, 2.5, 9.75], "texture": "#0"},
				"up": {"uv": [10.25, 10.5, 9.75, 10], "texture": "#0"},
				"down": {"uv": [10.5, 0.75, 10, 1.25], "texture": "#0"}
			}
		},
		{
			"from": [9.22282, 4.96977, 27.1522],
			"to": [10.07185, 10.27624, 28.00123],
			"rotation": {"angle": 22.5, "axis": "x", "origin": [9.47116, 4.77545, 29.75337]},
			"faces": {
				"north": {"uv": [1.75, 2.5, 2.25, 5.5], "texture": "#0"},
				"east": {"uv": [6.75, 0, 7.25, 3], "texture": "#0"},
				"south": {"uv": [0, 7, 0.5, 10], "texture": "#0"},
				"west": {"uv": [0.5, 7, 1, 10], "texture": "#0"},
				"up": {"uv": [10.5, 2.25, 10, 1.75], "texture": "#0"},
				"down": {"uv": [10.5, 2.25, 10, 2.75], "texture": "#0"}
			}
		},
		{
			"from": [9.26527, 4.63016, 27.19465],
			"to": [10.0294, 4.96977, 27.95878],
			"rotation": {"angle": 22.5, "axis": "x", "origin": [9.47116, 4.77545, 29.75337]},
			"faces": {
				"north": {"uv": [10.25, 4, 10.75, 4.25], "texture": "#0"},
				"east": {"uv": [10.25, 5.5, 10.75, 5.75], "texture": "#0"},
				"south": {"uv": [10.25, 4, 10.75, 4.25], "texture": "#0"},
				"west": {"uv": [10.25, 5.5, 10.75, 5.75], "texture": "#0"},
				"up": {"uv": [10.5, 7, 10, 6.5], "texture": "#0"},
				"down": {"uv": [10.25, 5.5, 10.75, 5.75], "texture": "#0"}
			}
		},
		{
			"from": [9.26527, 4.2481, 27.19465],
			"to": [9.98695, 4.63016, 27.95878],
			"rotation": {"angle": 22.5, "axis": "x", "origin": [9.47116, 4.77545, 29.75337]},
			"faces": {
				"north": {"uv": [10.25, 4, 10.675, 4.225], "texture": "#0"},
				"east": {"uv": [10.25, 5.5, 10.7, 5.725], "texture": "#0"},
				"south": {"uv": [10.25, 4, 10.675, 4.225], "texture": "#0"},
				"west": {"uv": [10.25, 5.5, 10.7, 5.725], "texture": "#0"},
				"up": {"uv": [0, 0, 0.425, 0.45], "texture": "#missing"},
				"down": {"uv": [10.25, 5.5, 10.7, 5.725], "rotation": 270, "texture": "#0"}
			}
		},
		{
			"from": [9.22282, 3.31416, 27.2371],
			"to": [9.43508, 3.82358, 27.44936],
			"rotation": {"angle": 22.5, "axis": "x", "origin": [9.47116, 4.77545, 29.75337]},
			"faces": {
				"north": {"uv": [2, 10.5, 2.25, 10.75], "texture": "#0"},
				"east": {"uv": [2.25, 10.5, 2.5, 10.75], "texture": "#0"},
				"south": {"uv": [2.5, 10.5, 2.75, 10.75], "texture": "#0"},
				"west": {"uv": [2.75, 10.5, 3, 10.75], "texture": "#0"},
				"up": {"uv": [3.25, 10.75, 3, 10.5], "texture": "#0"},
				"down": {"uv": [3.5, 10.5, 3.25, 10.75], "texture": "#0"}
			}
		},
		{
			"from": [9.22282, 3.82358, 27.2371],
			"to": [9.43508, 4.2481, 27.44936],
			"rotation": {"angle": 22.5, "axis": "x", "origin": [9.47116, 4.77545, 29.75337]},
			"faces": {
				"north": {"uv": [3.5, 10.5, 3.75, 10.75], "texture": "#0"},
				"east": {"uv": [3.75, 10.5, 4, 10.75], "texture": "#0"},
				"south": {"uv": [4, 10.5, 4.25, 10.75], "texture": "#0"},
				"west": {"uv": [4.25, 10.5, 4.5, 10.75], "texture": "#0"},
				"up": {"uv": [4.75, 10.75, 4.5, 10.5], "texture": "#0"},
				"down": {"uv": [5, 10.5, 4.75, 10.75], "texture": "#0"}
			}
		},
		{
			"from": [9.22282, 3.31416, 27.49181],
			"to": [9.43508, 3.82358, 27.70407],
			"rotation": {"angle": 22.5, "axis": "x", "origin": [9.47116, 4.77545, 29.75337]},
			"faces": {
				"north": {"uv": [2, 10.5, 2.25, 10.75], "texture": "#0"},
				"east": {"uv": [2.25, 10.5, 2.5, 10.75], "texture": "#0"},
				"south": {"uv": [2.5, 10.5, 2.75, 10.75], "texture": "#0"},
				"west": {"uv": [2.75, 10.5, 3, 10.75], "texture": "#0"},
				"up": {"uv": [3.25, 10.75, 3, 10.5], "texture": "#0"},
				"down": {"uv": [3.5, 10.5, 3.25, 10.75], "texture": "#0"}
			}
		},
		{
			"from": [9.22282, 3.82358, 27.49181],
			"to": [9.43508, 4.2481, 27.70407],
			"rotation": {"angle": 22.5, "axis": "x", "origin": [9.47116, 4.77545, 29.75337]},
			"faces": {
				"north": {"uv": [3.5, 10.5, 3.75, 10.75], "texture": "#0"},
				"east": {"uv": [3.75, 10.5, 4, 10.75], "texture": "#0"},
				"south": {"uv": [4, 10.5, 4.25, 10.75], "texture": "#0"},
				"west": {"uv": [4.25, 10.5, 4.5, 10.75], "texture": "#0"},
				"up": {"uv": [4.75, 10.75, 4.5, 10.5], "texture": "#0"},
				"down": {"uv": [5, 10.5, 4.75, 10.75], "texture": "#0"}
			}
		},
		{
			"from": [9.22282, 3.31416, 27.74652],
			"to": [9.43508, 3.82358, 27.95878],
			"rotation": {"angle": 22.5, "axis": "x", "origin": [9.47116, 4.77545, 29.75337]},
			"faces": {
				"north": {"uv": [2, 10.5, 2.25, 10.75], "texture": "#0"},
				"east": {"uv": [2.25, 10.5, 2.5, 10.75], "texture": "#0"},
				"south": {"uv": [2.5, 10.5, 2.75, 10.75], "texture": "#0"},
				"west": {"uv": [2.75, 10.5, 3, 10.75], "texture": "#0"},
				"up": {"uv": [3.25, 10.75, 3, 10.5], "texture": "#0"},
				"down": {"uv": [3.5, 10.5, 3.25, 10.75], "texture": "#0"}
			}
		},
		{
			"from": [9.22282, 3.82358, 27.74652],
			"to": [9.43508, 4.2481, 27.95878],
			"rotation": {"angle": 22.5, "axis": "x", "origin": [9.47116, 4.77545, 29.75337]},
			"faces": {
				"north": {"uv": [3.5, 10.5, 3.75, 10.75], "texture": "#0"},
				"east": {"uv": [3.75, 10.5, 4, 10.75], "texture": "#0"},
				"south": {"uv": [4, 10.5, 4.25, 10.75], "texture": "#0"},
				"west": {"uv": [4.25, 10.5, 4.5, 10.75], "texture": "#0"},
				"up": {"uv": [4.75, 10.75, 4.5, 10.5], "texture": "#0"},
				"down": {"uv": [5, 10.5, 4.75, 10.75], "texture": "#0"}
			}
		},
		{
			"from": [9.68979, 3.78113, 27.10975],
			"to": [9.9445, 4.37545, 27.32201],
			"rotation": {"angle": 22.5, "axis": "x", "origin": [9.47116, 4.77545, 29.75337]},
			"faces": {
				"north": {"uv": [0.25, 10.5, 0.5, 10.75], "texture": "#0"},
				"east": {"uv": [0.5, 10.5, 0.75, 10.75], "texture": "#0"},
				"south": {"uv": [1, 10.5, 1.25, 10.75], "texture": "#0"},
				"west": {"uv": [1.25, 10.5, 1.5, 10.75], "texture": "#0"},
				"up": {"uv": [1.75, 10.75, 1.5, 10.5], "texture": "#0"},
				"down": {"uv": [2, 10.5, 1.75, 10.75], "texture": "#0"}
			}
		},
		{
			"from": [13.87344, 13.17004, 30.88969],
			"to": [14.97718, 13.97663, 31.73872],
			"rotation": {"angle": -45, "axis": "x", "origin": [14.60502, 7.81697, 28.61645]},
			"faces": {
				"north": {"uv": [3.5, 10, 3, 10.5], "texture": "#0"},
				"east": {"uv": [8.75, 10, 8.25, 10.5], "texture": "#0"},
				"south": {"uv": [8.25, 10, 7.75, 10.5], "texture": "#0"},
				"west": {"uv": [4.5, 10, 4, 10.5], "texture": "#0"},
				"up": {"uv": [8.75, 10.5, 9.25, 10], "texture": "#0"},
				"down": {"uv": [9.25, 10, 9.75, 10.5], "texture": "#0"}
			}
		},
		{
			"from": [13.87344, 13.97663, 30.88969],
			"to": [14.97718, 14.95302, 31.73872],
			"rotation": {"angle": -45, "axis": "x", "origin": [14.60502, 7.81697, 28.61645]},
			"faces": {
				"north": {"uv": [10.25, 5.25, 9.5, 5.75], "texture": "#0"},
				"east": {"uv": [3, 10, 2.5, 10.5], "texture": "#0"},
				"south": {"uv": [10.25, 7.75, 9.5, 8.25], "texture": "#0"},
				"west": {"uv": [7.25, 9.75, 6.75, 10.25], "texture": "#0"},
				"up": {"uv": [1, 10.25, 1.75, 9.75], "texture": "#0"},
				"down": {"uv": [1.75, 9.75, 2.5, 10.25], "texture": "#0"}
			}
		},
		{
			"from": [13.87344, 14.95302, 30.88969],
			"to": [14.63757, 15.16528, 31.73872],
			"rotation": {"angle": -45, "axis": "x", "origin": [14.60502, 7.81697, 28.61645]},
			"faces": {
				"north": {"uv": [10.75, 3, 10.25, 3.25], "texture": "#0"},
				"east": {"uv": [10.75, 3.75, 10.25, 4], "texture": "#0"},
				"south": {"uv": [10.75, 3.5, 10.25, 3.75], "texture": "#0"},
				"west": {"uv": [10.75, 3.25, 10.25, 3.5], "texture": "#0"},
				"up": {"uv": [3.5, 10.25, 4, 9.75], "texture": "#0"},
				"down": {"uv": [5, 9.75, 5.5, 10.25], "texture": "#0"}
			}
		},
		{
			"from": [13.87344, 14.10398, 30.63498],
			"to": [14.38286, 15.12282, 31.95098],
			"rotation": {"angle": -45, "axis": "x", "origin": [14.60502, 7.81697, 28.61645]},
			"faces": {
				"north": {"uv": [7.75, 10.25, 7.5, 10.75], "texture": "#0"},
				"east": {"uv": [10.25, 4, 9.5, 4.5], "texture": "#0"},
				"south": {"uv": [10.5, 10.25, 10.25, 10.75], "texture": "#0"},
				"west": {"uv": [10.25, 3.5, 9.5, 4], "texture": "#0"},
				"up": {"uv": [5.5, 10.5, 5.75, 9.75], "texture": "#0"},
				"down": {"uv": [0.75, 10.25, 1, 11], "texture": "#0"}
			}
		},
		{
			"from": [14.12815, 8.67016, 30.88969],
			"to": [14.97718, 13.17004, 31.73872],
			"rotation": {"angle": -45, "axis": "x", "origin": [14.60502, 7.81697, 28.61645]},
			"faces": {
				"north": {"uv": [7.25, 3, 6.75, 5.75], "texture": "#0"},
				"east": {"uv": [2.5, 7, 2, 9.75], "texture": "#0"},
				"south": {"uv": [2, 7, 1.5, 9.75], "texture": "#0"},
				"west": {"uv": [1.5, 7, 1, 9.75], "texture": "#0"},
				"up": {"uv": [9.75, 10.5, 10.25, 10], "texture": "#0"},
				"down": {"uv": [10, 0.75, 10.5, 1.25], "texture": "#0"}
			}
		},
		{
			"from": [14.12815, 4.96977, 27.1522],
			"to": [14.97718, 10.27624, 28.00123],
			"rotation": {"angle": 22.5, "axis": "x", "origin": [14.72884, 4.77545, 29.75337]},
			"faces": {
				"north": {"uv": [2.25, 2.5, 1.75, 5.5], "texture": "#0"},
				"east": {"uv": [1, 7, 0.5, 10], "texture": "#0"},
				"south": {"uv": [0.5, 7, 0, 10], "texture": "#0"},
				"west": {"uv": [7.25, 0, 6.75, 3], "texture": "#0"},
				"up": {"uv": [10, 2.25, 10.5, 1.75], "texture": "#0"},
				"down": {"uv": [10, 2.25, 10.5, 2.75], "texture": "#0"}
			}
		},
		{
			"from": [14.1706, 4.63016, 27.19465],
			"to": [14.93473, 4.96977, 27.95878],
			"rotation": {"angle": 22.5, "axis": "x", "origin": [14.72884, 4.77545, 29.75337]},
			"faces": {
				"north": {"uv": [10.75, 4, 10.25, 4.25], "texture": "#0"},
				"east": {"uv": [10.75, 5.5, 10.25, 5.75], "texture": "#0"},
				"south": {"uv": [10.75, 4, 10.25, 4.25], "texture": "#0"},
				"west": {"uv": [10.75, 5.5, 10.25, 5.75], "texture": "#0"},
				"up": {"uv": [10, 7, 10.5, 6.5], "texture": "#0"},
				"down": {"uv": [10.75, 5.5, 10.25, 5.75], "texture": "#0"}
			}
		},
		{
			"from": [14.21305, 4.2481, 27.19465],
			"to": [14.93473, 4.63016, 27.95878],
			"rotation": {"angle": 22.5, "axis": "x", "origin": [14.72884, 4.77545, 29.75337]},
			"faces": {
				"north": {"uv": [10.675, 4, 10.25, 4.225], "texture": "#0"},
				"east": {"uv": [10.7, 5.5, 10.25, 5.725], "texture": "#0"},
				"south": {"uv": [10.675, 4, 10.25, 4.225], "texture": "#0"},
				"west": {"uv": [10.7, 5.5, 10.25, 5.725], "texture": "#0"},
				"up": {"uv": [0.425, 0, 0, 0.45], "texture": "#missing"},
				"down": {"uv": [10.25, 5.725, 10.7, 5.5], "rotation": 270, "texture": "#0"}
			}
		},
		{
			"from": [14.76492, 3.31416, 27.2371],
			"to": [14.97718, 3.82358, 27.44936],
			"rotation": {"angle": 22.5, "axis": "x", "origin": [14.72884, 4.77545, 29.75337]},
			"faces": {
				"north": {"uv": [2.25, 10.5, 2, 10.75], "texture": "#0"},
				"east": {"uv": [3, 10.5, 2.75, 10.75], "texture": "#0"},
				"south": {"uv": [2.75, 10.5, 2.5, 10.75], "texture": "#0"},
				"west": {"uv": [2.5, 10.5, 2.25, 10.75], "texture": "#0"},
				"up": {"uv": [3, 10.75, 3.25, 10.5], "texture": "#0"},
				"down": {"uv": [3.25, 10.5, 3.5, 10.75], "texture": "#0"}
			}
		},
		{
			"from": [14.76492, 3.82358, 27.2371],
			"to": [14.97718, 4.2481, 27.44936],
			"rotation": {"angle": 22.5, "axis": "x", "origin": [14.72884, 4.77545, 29.75337]},
			"faces": {
				"north": {"uv": [3.75, 10.5, 3.5, 10.75], "texture": "#0"},
				"east": {"uv": [4.5, 10.5, 4.25, 10.75], "texture": "#0"},
				"south": {"uv": [4.25, 10.5, 4, 10.75], "texture": "#0"},
				"west": {"uv": [4, 10.5, 3.75, 10.75], "texture": "#0"},
				"up": {"uv": [4.5, 10.75, 4.75, 10.5], "texture": "#0"},
				"down": {"uv": [4.75, 10.5, 5, 10.75], "texture": "#0"}
			}
		},
		{
			"from": [14.76492, 3.31416, 27.49181],
			"to": [14.97718, 3.82358, 27.70407],
			"rotation": {"angle": 22.5, "axis": "x", "origin": [14.72884, 4.77545, 29.75337]},
			"faces": {
				"north": {"uv": [2.25, 10.5, 2, 10.75], "texture": "#0"},
				"east": {"uv": [3, 10.5, 2.75, 10.75], "texture": "#0"},
				"south": {"uv": [2.75, 10.5, 2.5, 10.75], "texture": "#0"},
				"west": {"uv": [2.5, 10.5, 2.25, 10.75], "texture": "#0"},
				"up": {"uv": [3, 10.75, 3.25, 10.5], "texture": "#0"},
				"down": {"uv": [3.25, 10.5, 3.5, 10.75], "texture": "#0"}
			}
		},
		{
			"from": [14.76492, 3.82358, 27.49181],
			"to": [14.97718, 4.2481, 27.70407],
			"rotation": {"angle": 22.5, "axis": "x", "origin": [14.72884, 4.77545, 29.75337]},
			"faces": {
				"north": {"uv": [3.75, 10.5, 3.5, 10.75], "texture": "#0"},
				"east": {"uv": [4.5, 10.5, 4.25, 10.75], "texture": "#0"},
				"south": {"uv": [4.25, 10.5, 4, 10.75], "texture": "#0"},
				"west": {"uv": [4, 10.5, 3.75, 10.75], "texture": "#0"},
				"up": {"uv": [4.5, 10.75, 4.75, 10.5], "texture": "#0"},
				"down": {"uv": [4.75, 10.5, 5, 10.75], "texture": "#0"}
			}
		},
		{
			"from": [14.76492, 3.31416, 27.74652],
			"to": [14.97718, 3.82358, 27.95878],
			"rotation": {"angle": 22.5, "axis": "x", "origin": [14.72884, 4.77545, 29.75337]},
			"faces": {
				"north": {"uv": [2.25, 10.5, 2, 10.75], "texture": "#0"},
				"east": {"uv": [3, 10.5, 2.75, 10.75], "texture": "#0"},
				"south": {"uv": [2.75, 10.5, 2.5, 10.75], "texture": "#0"},
				"west": {"uv": [2.5, 10.5, 2.25, 10.75], "texture": "#0"},
				"up": {"uv": [3, 10.75, 3.25, 10.5], "texture": "#0"},
				"down": {"uv": [3.25, 10.5, 3.5, 10.75], "texture": "#0"}
			}
		},
		{
			"from": [14.76492, 3.82358, 27.74652],
			"to": [14.97718, 4.2481, 27.95878],
			"rotation": {"angle": 22.5, "axis": "x", "origin": [14.72884, 4.77545, 29.75337]},
			"faces": {
				"north": {"uv": [3.75, 10.5, 3.5, 10.75], "texture": "#0"},
				"east": {"uv": [4.5, 10.5, 4.25, 10.75], "texture": "#0"},
				"south": {"uv": [4.25, 10.5, 4, 10.75], "texture": "#0"},
				"west": {"uv": [4, 10.5, 3.75, 10.75], "texture": "#0"},
				"up": {"uv": [4.5, 10.75, 4.75, 10.5], "texture": "#0"},
				"down": {"uv": [4.75, 10.5, 5, 10.75], "texture": "#0"}
			}
		},
		{
			"from": [14.2555, 3.78113, 27.10975],
			"to": [14.51021, 4.37545, 27.32201],
			"rotation": {"angle": 22.5, "axis": "x", "origin": [14.72884, 4.77545, 29.75337]},
			"faces": {
				"north": {"uv": [0.5, 10.5, 0.25, 10.75], "texture": "#0"},
				"east": {"uv": [1.5, 10.5, 1.25, 10.75], "texture": "#0"},
				"south": {"uv": [1.25, 10.5, 1, 10.75], "texture": "#0"},
				"west": {"uv": [0.75, 10.5, 0.5, 10.75], "texture": "#0"},
				"up": {"uv": [1.5, 10.75, 1.75, 10.5], "texture": "#0"},
				"down": {"uv": [1.75, 10.5, 2, 10.75], "texture": "#0"}
			}
		}
	],
	"display": {
		"head": {
			"translation": [-16.5, -10.75, -73.5],
			"scale": [3.88, 3.68, 3.88]
		}
	},
	"groups": [
		{
			"name": "group",
			"origin": [16.1, 33.5, 22],
			"children": [
				{
					"name": "tentaculo1",
					"origin": [8, 8, 8],
					"children": [
						{
							"name": "group",
							"origin": [7.87786, 7.82128, 19.52729],
							"children": [
								{
									"name": "group",
									"origin": [7.87786, 7.82128, 19.52729],
									"children": [
										{
											"name": "group",
											"origin": [7.87786, 7.82128, 19.52729],
											"children": [0,
												{
													"name": "group",
													"origin": [7.87786, 7.82128, 19.52729],
													"children": [1,
														{
															"name": "group",
															"origin": [7.87786, 7.82128, 19.52729],
															"children": [2,
																{
																	"name": "group",
																	"origin": [7.87786, 7.82128, 19.52729],
																	"children": [3,
																		{
																			"name": "group",
																			"origin": [7.87786, 7.82128, 19.52729],
																			"children": [4,
																				{
																					"name": "group",
																					"origin": [7.87786, 7.82128, 19.52729],
																					"children": [5,
																						{
																							"name": "group",
																							"origin": [7.87786, 7.82128, 19.52729],
																							"children": [
																								{
																									"name": "group",
																									"origin": [7.87786, 7.82128, 19.52729],
																									"children": [
																										{
																											"name": "group",
																											"origin": [7.87786, 7.82128, 19.52729],
																											"children": []
																										}
																									]
																								}
																							]
																						}
																					]
																				}
																			]
																		}
																	]
																}
															]
														}
													]
												}
											]
										}
									]
								}
							]
						}
					]
				},
				{
					"name": "tentaculo1",
					"origin": [8, 8, 8],
					"children": [
						{
							"name": "group",
							"origin": [7.87786, 7.82128, 19.52729],
							"children": [
								{
									"name": "group",
									"origin": [7.87786, 7.82128, 19.52729],
									"children": [
										{
											"name": "group",
											"origin": [7.87786, 7.82128, 19.52729],
											"children": [6,
												{
													"name": "group",
													"origin": [7.87786, 7.82128, 19.52729],
													"children": [7,
														{
															"name": "group",
															"origin": [7.87786, 7.82128, 19.52729],
															"children": [8,
																{
																	"name": "group",
																	"origin": [7.87786, 7.82128, 19.52729],
																	"children": [9,
																		{
																			"name": "group",
																			"origin": [7.87786, 7.82128, 19.52729],
																			"children": [10,
																				{
																					"name": "group",
																					"origin": [7.87786, 7.82128, 19.52729],
																					"children": [11,
																						{
																							"name": "group",
																							"origin": [7.87786, 7.82128, 19.52729],
																							"children": [
																								{
																									"name": "group",
																									"origin": [7.87786, 7.82128, 19.52729],
																									"children": [
																										{
																											"name": "group",
																											"origin": [7.87786, 7.82128, 19.52729],
																											"children": []
																										}
																									]
																								}
																							]
																						}
																					]
																				}
																			]
																		}
																	]
																}
															]
														}
													]
												}
											]
										}
									]
								}
							]
						}
					]
				},
				{
					"name": "tentaculo1",
					"origin": [8, 8, 8],
					"children": [
						{
							"name": "group",
							"origin": [7.87786, 7.82128, 19.52729],
							"children": [
								{
									"name": "group",
									"origin": [7.87786, 7.82128, 19.52729],
									"children": [
										{
											"name": "group",
											"origin": [7.87786, 7.82128, 19.52729],
											"children": [12,
												{
													"name": "group",
													"origin": [7.87786, 7.82128, 19.52729],
													"children": [13,
														{
															"name": "group",
															"origin": [7.87786, 7.82128, 19.52729],
															"children": [14,
																{
																	"name": "group",
																	"origin": [7.87786, 7.82128, 19.52729],
																	"children": [15,
																		{
																			"name": "group",
																			"origin": [7.87786, 7.82128, 19.52729],
																			"children": [16,
																				{
																					"name": "group",
																					"origin": [7.87786, 7.82128, 19.52729],
																					"children": [17,
																						{
																							"name": "group",
																							"origin": [7.87786, 7.82128, 19.52729],
																							"children": [
																								{
																									"name": "group",
																									"origin": [7.87786, 7.82128, 19.52729],
																									"children": [
																										{
																											"name": "group",
																											"origin": [7.87786, 7.82128, 19.52729],
																											"children": []
																										}
																									]
																								}
																							]
																						}
																					]
																				}
																			]
																		}
																	]
																}
															]
														}
													]
												}
											]
										}
									]
								}
							]
						}
					]
				},
				{
					"name": "tentaculo1",
					"origin": [8, 8, 8],
					"children": [
						{
							"name": "group",
							"origin": [7.87786, 7.82128, 19.52729],
							"children": [
								{
									"name": "group",
									"origin": [7.87786, 7.82128, 19.52729],
									"children": [
										{
											"name": "group",
											"origin": [7.87786, 7.82128, 19.52729],
											"children": [18,
												{
													"name": "group",
													"origin": [7.87786, 7.82128, 19.52729],
													"children": [19,
														{
															"name": "group",
															"origin": [7.87786, 7.82128, 19.52729],
															"children": [20,
																{
																	"name": "group",
																	"origin": [7.87786, 7.82128, 19.52729],
																	"children": [21,
																		{
																			"name": "group",
																			"origin": [7.87786, 7.82128, 19.52729],
																			"children": [22,
																				{
																					"name": "group",
																					"origin": [7.87786, 7.82128, 19.52729],
																					"children": [23,
																						{
																							"name": "group",
																							"origin": [7.87786, 7.82128, 19.52729],
																							"children": [
																								{
																									"name": "group",
																									"origin": [7.87786, 7.82128, 19.52729],
																									"children": [
																										{
																											"name": "group",
																											"origin": [7.87786, 7.82128, 19.52729],
																											"children": []
																										}
																									]
																								}
																							]
																						}
																					]
																				}
																			]
																		}
																	]
																}
															]
														}
													]
												}
											]
										}
									]
								}
							]
						}
					]
				},
				{
					"name": "pierna1",
					"origin": [14.4, 9.2, 15],
					"children": [24, 25,
						{
							"name": "pierna2",
							"origin": [12, -6.5, 15],
							"children": [26,
								{
									"name": "zapato",
									"origin": [12, -7, 15],
									"children": [27, 28, 29, 30, 31]
								}
							]
						}
					]
				},
				{
					"name": "pierna2",
					"origin": [14.4, 9.2, 15],
					"children": [32, 33,
						{
							"name": "pierna2",
							"origin": [12, -6.5, 15],
							"children": [34,
								{
									"name": "zapato",
									"origin": [12, -7, 15],
									"children": [35, 36, 37, 38, 39]
								}
							]
						}
					]
				},
				{
					"name": "cuerpo",
					"origin": [12, 30.9, 15],
					"children": [40,
						{
							"name": "cuerpo2",
							"origin": [12, 30.9, 15],
							"children": [41,
								{
									"name": "cuerpo3",
									"origin": [12, 30.9, 15],
									"children": [42,
										{
											"name": "cuerpo4",
											"origin": [12, 30.9, 15],
											"children": [43, 44, 45]
										}
									]
								}
							]
						}
					]
				},
				{
					"name": "cabeza",
					"origin": [12.4, 33, 15],
					"children": [46,
						{
							"name": "cabeza2",
							"origin": [12.4, 33, 15],
							"children": [
								{
									"name": "boca1",
									"origin": [12.4, 37.7, 15],
									"children": [47, 48, 49]
								},
								{
									"name": "boca2",
									"origin": [12.4, 33, 15],
									"children": [50, 51]
								}
							]
						}
					]
				},
				{
					"name": "brazo1",
					"origin": [3, 25.2, 15],
					"children": [52, 53, 54, 55,
						{
							"name": "brazo2",
							"origin": [2.6, 20.9, 14.9],
							"children": [56,
								{
									"name": "brazo3",
									"origin": [2.6, 10.3, 14.9],
									"children": [57,
										{
											"name": "mano",
											"origin": [2.6, 0, 15],
											"children": [58, 59,
												{
													"name": "dedo1",
													"origin": [2.2, -1.7, 15],
													"children": [60, 61]
												},
												{
													"name": "dedo2",
													"origin": [2.2, -1.7, 15.6],
													"children": [62, 63]
												},
												{
													"name": "dedo3",
													"origin": [2.2, -1.7, 16.2],
													"children": [64, 65]
												},
												{
													"name": "pulgar",
													"origin": [3.3, -1.4, 13.4],
													"children": [66]
												}
											]
										}
									]
								}
							]
						}
					]
				},
				{
					"name": "brazo1",
					"origin": [3, 25.2, 15],
					"children": [67, 68, 69, 70,
						{
							"name": "brazo2",
							"origin": [2.6, 20.9, 14.9],
							"children": [71,
								{
									"name": "brazo3",
									"origin": [2.6, 10.3, 14.9],
									"children": [72,
										{
											"name": "mano",
											"origin": [2.6, 0, 15],
											"children": [73, 74,
												{
													"name": "dedo1",
													"origin": [2.2, -1.7, 15],
													"children": [75, 76]
												},
												{
													"name": "dedo2",
													"origin": [2.2, -1.7, 15.6],
													"children": [77, 78]
												},
												{
													"name": "dedo3",
													"origin": [2.2, -1.7, 16.2],
													"children": [79, 80]
												},
												{
													"name": "pulgar",
													"origin": [3.3, -1.4, 13.4],
													"children": [81]
												}
											]
										}
									]
								}
							]
						}
					]
				}
			]
		}
	]
}