{
	"credit": "Made with Blockbench",
	"texture_size": [64, 64],
	"textures": {
		"0": "6dt2_custom/6dt2_slenderman/6dt2_slenderman",
		"particle": "6dt2_custom/6dt2_slenderman/6dt2_slenderman"
	},
	"elements": [
		{
			"from": [5.42383, 9.2776, 24.86575],
			"to": [6.33403, 10.12712, 28.50655],
			"rotation": {"angle": 45, "axis": "y", "origin": [7.3811, 9.70236, 21.88698]},
			"faces": {
				"north": {"uv": [8.1875, 6.5, 9, 7.75], "rotation": 270, "texture": "#0"},
				"east": {"uv": [8.1875, 6.5, 9, 7.75], "rotation": 270, "texture": "#0"},
				"south": {"uv": [8.1875, 6.5, 9, 7.75], "rotation": 270, "texture": "#0"},
				"west": {"uv": [8.1875, 6.5, 9, 7.75], "rotation": 270, "texture": "#0"},
				"up": {"uv": [8.1875, 6.5, 9, 7.75], "rotation": 180, "texture": "#0"},
				"down": {"uv": [8.1875, 6.5, 9, 7.75], "rotation": 180, "texture": "#0"}
			}
		},
		{
			"from": [6.89778, 9.39896, 18.41061],
			"to": [7.56526, 10.00576, 22.05141],
			"rotation": {"angle": 22.5, "axis": "y", "origin": [7.3811, 9.70236, 21.88698]},
			"faces": {
				"north": {"uv": [8.1875, 6.5, 9, 7.75], "rotation": 270, "texture": "#0"},
				"east": {"uv": [8.1875, 6.5, 9, 7.75], "rotation": 270, "texture": "#0"},
				"south": {"uv": [8.1875, 6.5, 9, 7.75], "rotation": 270, "texture": "#0"},
				"west": {"uv": [8.1875, 6.5, 9, 7.75], "rotation": 270, "texture": "#0"},
				"up": {"uv": [8.1875, 6.5, 9, 7.75], "rotation": 180, "texture": "#0"},
				"down": {"uv": [8.1875, 6.5, 9, 7.75], "rotation": 180, "texture": "#0"}
			}
		},
		{
			"from": [6.89778, 9.39896, 22.01061],
			"to": [7.56526, 10.00576, 25.65141],
			"rotation": {"angle": 22.5, "axis": "y", "origin": [7.3811, 9.70236, 21.88698]},
			"faces": {
				"north": {"uv": [8.1875, 6.5, 9, 7.75], "rotation": 270, "texture": "#0"},
				"east": {"uv": [8.1875, 6.5, 9, 7.75], "rotation": 270, "texture": "#0"},
				"south": {"uv": [8.1875, 6.5, 9, 7.75], "rotation": 270, "texture": "#0"},
				"west": {"uv": [8.1875, 6.5, 9, 7.75], "rotation": 270, "texture": "#0"},
				"up": {"uv": [8.1875, 6.5, 9, 7.75], "rotation": 180, "texture": "#0"},
				"down": {"uv": [8.1875, 6.5, 9, 7.75], "rotation": 180, "texture": "#0"}
			}
		},
		{
			"from": [7.01914, 9.52032, 14.76981],
			"to": [7.4439, 9.8844, 18.41061],
			"rotation": {"angle": 22.5, "axis": "y", "origin": [7.3811, 9.70236, 21.88698]},
			"faces": {
				"north": {"uv": [8.1875, 6.5, 9, 7.75], "rotation": 270, "texture": "#0"},
				"east": {"uv": [8.1875, 6.5, 9, 7.75], "rotation": 270, "texture": "#0"},
				"south": {"uv": [8.1875, 6.5, 9, 7.75], "rotation": 270, "texture": "#0"},
				"west": {"uv": [8.1875, 6.5, 9, 7.75], "rotation": 270, "texture": "#0"},
				"up": {"uv": [8.1875, 6.5, 9, 7.75], "rotation": 180, "texture": "#0"},
				"down": {"uv": [8.1875, 6.5, 9, 7.75], "rotation": 180, "texture": "#0"}
			}
		},
		{
			"from": [18.26597, 9.2776, 24.86575],
			"to": [19.17617, 10.12712, 28.50655],
			"rotation": {"angle": -45, "axis": "y", "origin": [17.2189, 9.70236, 21.88698]},
			"faces": {
				"north": {"uv": [8.1875, 7.75, 9, 6.5], "rotation": 270, "texture": "#0"},
				"east": {"uv": [8.1875, 7.75, 9, 6.5], "rotation": 270, "texture": "#0"},
				"south": {"uv": [8.1875, 7.75, 9, 6.5], "rotation": 270, "texture": "#0"},
				"west": {"uv": [8.1875, 7.75, 9, 6.5], "rotation": 270, "texture": "#0"},
				"up": {"uv": [9, 6.5, 8.1875, 7.75], "rotation": 180, "texture": "#0"},
				"down": {"uv": [9, 6.5, 8.1875, 7.75], "rotation": 180, "texture": "#0"}
			}
		},
		{
			"from": [17.03474, 9.39896, 18.41061],
			"to": [17.70222, 10.00576, 22.05141],
			"rotation": {"angle": -22.5, "axis": "y", "origin": [17.2189, 9.70236, 21.88698]},
			"faces": {
				"north": {"uv": [8.1875, 7.75, 9, 6.5], "rotation": 270, "texture": "#0"},
				"east": {"uv": [8.1875, 7.75, 9, 6.5], "rotation": 270, "texture": "#0"},
				"south": {"uv": [8.1875, 7.75, 9, 6.5], "rotation": 270, "texture": "#0"},
				"west": {"uv": [8.1875, 7.75, 9, 6.5], "rotation": 270, "texture": "#0"},
				"up": {"uv": [9, 6.5, 8.1875, 7.75], "rotation": 180, "texture": "#0"},
				"down": {"uv": [9, 6.5, 8.1875, 7.75], "rotation": 180, "texture": "#0"}
			}
		},
		{
			"from": [17.03474, 9.39896, 22.01061],
			"to": [17.70222, 10.00576, 25.65141],
			"rotation": {"angle": -22.5, "axis": "y", "origin": [17.2189, 9.70236, 21.88698]},
			"faces": {
				"north": {"uv": [8.1875, 7.75, 9, 6.5], "rotation": 270, "texture": "#0"},
				"east": {"uv": [8.1875, 7.75, 9, 6.5], "rotation": 270, "texture": "#0"},
				"south": {"uv": [8.1875, 7.75, 9, 6.5], "rotation": 270, "texture": "#0"},
				"west": {"uv": [8.1875, 7.75, 9, 6.5], "rotation": 270, "texture": "#0"},
				"up": {"uv": [9, 6.5, 8.1875, 7.75], "rotation": 180, "texture": "#0"},
				"down": {"uv": [9, 6.5, 8.1875, 7.75], "rotation": 180, "texture": "#0"}
			}
		},
		{
			"from": [17.1561, 9.52032, 14.76981],
			"to": [17.58086, 9.8844, 18.41061],
			"rotation": {"angle": -22.5, "axis": "y", "origin": [17.2189, 9.70236, 21.88698]},
			"faces": {
				"north": {"uv": [8.1875, 7.75, 9, 6.5], "rotation": 270, "texture": "#0"},
				"east": {"uv": [8.1875, 7.75, 9, 6.5], "rotation": 270, "texture": "#0"},
				"south": {"uv": [8.1875, 7.75, 9, 6.5], "rotation": 270, "texture": "#0"},
				"west": {"uv": [8.1875, 7.75, 9, 6.5], "rotation": 270, "texture": "#0"},
				"up": {"uv": [9, 6.5, 8.1875, 7.75], "rotation": 180, "texture": "#0"},
				"down": {"uv": [9, 6.5, 8.1875, 7.75], "rotation": 180, "texture": "#0"}
			}
		},
		{
			"from": [18.76597, 13.7776, 23.56575],
			"to": [19.67617, 14.62712, 27.20655],
			"rotation": {"angle": -45, "axis": "y", "origin": [17.7189, 14.20236, 20.58698]},
			"faces": {
				"north": {"uv": [8.1875, 7.75, 9, 6.5], "rotation": 270, "texture": "#0"},
				"east": {"uv": [8.1875, 7.75, 9, 6.5], "rotation": 270, "texture": "#0"},
				"south": {"uv": [8.1875, 7.75, 9, 6.5], "rotation": 270, "texture": "#0"},
				"west": {"uv": [8.1875, 7.75, 9, 6.5], "rotation": 270, "texture": "#0"},
				"up": {"uv": [9, 6.5, 8.1875, 7.75], "rotation": 180, "texture": "#0"},
				"down": {"uv": [9, 6.5, 8.1875, 7.75], "rotation": 180, "texture": "#0"}
			}
		},
		{
			"from": [17.53474, 13.89896, 17.11061],
			"to": [18.20222, 14.50576, 20.75141],
			"rotation": {"angle": -22.5, "axis": "y", "origin": [17.7189, 14.20236, 20.58698]},
			"faces": {
				"north": {"uv": [8.1875, 7.75, 9, 6.5], "rotation": 270, "texture": "#0"},
				"east": {"uv": [8.1875, 7.75, 9, 6.5], "rotation": 270, "texture": "#0"},
				"south": {"uv": [8.1875, 7.75, 9, 6.5], "rotation": 270, "texture": "#0"},
				"west": {"uv": [8.1875, 7.75, 9, 6.5], "rotation": 270, "texture": "#0"},
				"up": {"uv": [9, 6.5, 8.1875, 7.75], "rotation": 180, "texture": "#0"},
				"down": {"uv": [9, 6.5, 8.1875, 7.75], "rotation": 180, "texture": "#0"}
			}
		},
		{
			"from": [17.53474, 13.89896, 20.71061],
			"to": [18.20222, 14.50576, 24.35141],
			"rotation": {"angle": -22.5, "axis": "y", "origin": [17.7189, 14.20236, 20.58698]},
			"faces": {
				"north": {"uv": [8.1875, 7.75, 9, 6.5], "rotation": 270, "texture": "#0"},
				"east": {"uv": [8.1875, 7.75, 9, 6.5], "rotation": 270, "texture": "#0"},
				"south": {"uv": [8.1875, 7.75, 9, 6.5], "rotation": 270, "texture": "#0"},
				"west": {"uv": [8.1875, 7.75, 9, 6.5], "rotation": 270, "texture": "#0"},
				"up": {"uv": [9, 6.5, 8.1875, 7.75], "rotation": 180, "texture": "#0"},
				"down": {"uv": [9, 6.5, 8.1875, 7.75], "rotation": 180, "texture": "#0"}
			}
		},
		{
			"from": [17.6561, 14.02032, 13.46981],
			"to": [18.08086, 14.3844, 17.11061],
			"rotation": {"angle": -22.5, "axis": "y", "origin": [17.7189, 14.20236, 20.58698]},
			"faces": {
				"north": {"uv": [8.1875, 7.75, 9, 6.5], "rotation": 270, "texture": "#0"},
				"east": {"uv": [8.1875, 7.75, 9, 6.5], "rotation": 270, "texture": "#0"},
				"south": {"uv": [8.1875, 7.75, 9, 6.5], "rotation": 270, "texture": "#0"},
				"west": {"uv": [8.1875, 7.75, 9, 6.5], "rotation": 270, "texture": "#0"},
				"up": {"uv": [9, 6.5, 8.1875, 7.75], "rotation": 180, "texture": "#0"},
				"down": {"uv": [9, 6.5, 8.1875, 7.75], "rotation": 180, "texture": "#0"}
			}
		},
		{
			"from": [4.82383, 13.8776, 23.56575],
			"to": [5.73403, 14.72712, 27.20655],
			"rotation": {"angle": 45, "axis": "y", "origin": [6.7811, 14.30236, 20.58698]},
			"faces": {
				"north": {"uv": [8.1875, 6.5, 9, 7.75], "rotation": 270, "texture": "#0"},
				"east": {"uv": [8.1875, 6.5, 9, 7.75], "rotation": 270, "texture": "#0"},
				"south": {"uv": [8.1875, 6.5, 9, 7.75], "rotation": 270, "texture": "#0"},
				"west": {"uv": [8.1875, 6.5, 9, 7.75], "rotation": 270, "texture": "#0"},
				"up": {"uv": [8.1875, 6.5, 9, 7.75], "rotation": 180, "texture": "#0"},
				"down": {"uv": [8.1875, 6.5, 9, 7.75], "rotation": 180, "texture": "#0"}
			}
		},
		{
			"from": [6.29778, 13.99896, 17.11061],
			"to": [6.96526, 14.60576, 20.75141],
			"rotation": {"angle": 22.5, "axis": "y", "origin": [6.7811, 14.30236, 20.58698]},
			"faces": {
				"north": {"uv": [8.1875, 6.5, 9, 7.75], "rotation": 270, "texture": "#0"},
				"east": {"uv": [8.1875, 6.5, 9, 7.75], "rotation": 270, "texture": "#0"},
				"south": {"uv": [8.1875, 6.5, 9, 7.75], "rotation": 270, "texture": "#0"},
				"west": {"uv": [8.1875, 6.5, 9, 7.75], "rotation": 270, "texture": "#0"},
				"up": {"uv": [8.1875, 6.5, 9, 7.75], "rotation": 180, "texture": "#0"},
				"down": {"uv": [8.1875, 6.5, 9, 7.75], "rotation": 180, "texture": "#0"}
			}
		},
		{
			"from": [6.29778, 13.99896, 20.71061],
			"to": [6.96526, 14.60576, 24.35141],
			"rotation": {"angle": 22.5, "axis": "y", "origin": [6.7811, 14.30236, 20.58698]},
			"faces": {
				"north": {"uv": [8.1875, 6.5, 9, 7.75], "rotation": 270, "texture": "#0"},
				"east": {"uv": [8.1875, 6.5, 9, 7.75], "rotation": 270, "texture": "#0"},
				"south": {"uv": [8.1875, 6.5, 9, 7.75], "rotation": 270, "texture": "#0"},
				"west": {"uv": [8.1875, 6.5, 9, 7.75], "rotation": 270, "texture": "#0"},
				"up": {"uv": [8.1875, 6.5, 9, 7.75], "rotation": 180, "texture": "#0"},
				"down": {"uv": [8.1875, 6.5, 9, 7.75], "rotation": 180, "texture": "#0"}
			}
		},
		{
			"from": [6.41914, 14.12032, 13.46981],
			"to": [6.8439, 14.4844, 17.11061],
			"rotation": {"angle": 22.5, "axis": "y", "origin": [6.7811, 14.30236, 20.58698]},
			"faces": {
				"north": {"uv": [8.1875, 6.5, 9, 7.75], "rotation": 270, "texture": "#0"},
				"east": {"uv": [8.1875, 6.5, 9, 7.75], "rotation": 270, "texture": "#0"},
				"south": {"uv": [8.1875, 6.5, 9, 7.75], "rotation": 270, "texture": "#0"},
				"west": {"uv": [8.1875, 6.5, 9, 7.75], "rotation": 270, "texture": "#0"},
				"up": {"uv": [8.1875, 6.5, 9, 7.75], "rotation": 180, "texture": "#0"},
				"down": {"uv": [8.1875, 6.5, 9, 7.75], "rotation": 180, "texture": "#0"}
			}
		},
		{
			"from": [10.87844, 5.72396, 26.17828],
			"to": [11.89728, 9.41726, 27.62164],
			"rotation": {"angle": 0, "axis": "y", "origin": [14.35948, 9.88423, 29.31971]},
			"faces": {
				"north": {"uv": [6.75, 7.5, 7.25, 9.75], "texture": "#0"},
				"east": {"uv": [3, 5.5, 3.75, 7.75], "texture": "#0"},
				"south": {"uv": [4.5, 8.25, 5, 10.5], "texture": "#0"},
				"west": {"uv": [3.75, 5.5, 4.5, 7.75], "texture": "#0"},
				"up": {"uv": [10, 1.5, 9.5, 0.75], "texture": "#0"},
				"down": {"uv": [10, 2.25, 9.5, 3], "texture": "#0"}
			}
		},
		{
			"from": [11.89728, 7.84655, 26.17828],
			"to": [12.10954, 9.41726, 27.62164],
			"rotation": {"angle": 0, "axis": "y", "origin": [15.37832, 9.88423, 29.31971]},
			"faces": {
				"north": {"uv": [1.5, 6, 1.75, 7], "texture": "#0"},
				"east": {"uv": [5.75, 8.5, 6.5, 9.5], "texture": "#0"},
				"south": {"uv": [6.5, 0, 6.75, 1], "texture": "#0"},
				"west": {"uv": [7.25, 8.5, 8, 9.5], "texture": "#0"},
				"up": {"uv": [6.75, 1.75, 6.5, 1], "texture": "#0"},
				"down": {"uv": [6.75, 3, 6.5, 3.75], "texture": "#0"}
			}
		},
		{
			"from": [10.96334, -0.17683, 26.26318],
			"to": [11.81238, 5.72396, 27.57919],
			"rotation": {"angle": 0, "axis": "y", "origin": [14.35948, 3.21931, 29.31971]},
			"faces": {
				"north": {"uv": [0.75, 2.5, 1.25, 6], "texture": "#0"},
				"east": {"uv": [2.25, 2.25, 3, 5.75], "texture": "#0"},
				"south": {"uv": [1.25, 2.5, 1.75, 6], "texture": "#0"},
				"west": {"uv": [0, 2.5, 0.75, 6], "texture": "#0"},
				"up": {"uv": [6.75, 10.25, 6.25, 9.5], "texture": "#0"},
				"down": {"uv": [7.75, 9.5, 7.25, 10.25], "texture": "#0"}
			}
		},
		{
			"from": [11.13315, -0.81361, 25.28679],
			"to": [11.64257, -0.60135, 25.58395],
			"rotation": {"angle": 0, "axis": "y", "origin": [14.35948, 2.58253, 27.70654]},
			"faces": {
				"north": {"uv": [4.5, 5.5, 4.75, 5.75], "texture": "#0"},
				"east": {"uv": [6.5, 1.75, 6.75, 2], "texture": "#0"},
				"south": {"uv": [6.5, 3.75, 6.75, 4], "texture": "#0"},
				"west": {"uv": [8.5, 5.25, 8.75, 5.5], "texture": "#0"},
				"up": {"uv": [6.75, 9.5, 6.5, 9.25], "texture": "#0"},
				"down": {"uv": [8, 9.5, 7.75, 9.75], "texture": "#0"}
			}
		},
		{
			"from": [11.04824, -0.81361, 25.58395],
			"to": [11.72747, -0.47399, 25.92357],
			"rotation": {"angle": 0, "axis": "y", "origin": [14.35948, 2.58253, 28.04616]},
			"faces": {
				"north": {"uv": [1.75, 5.5, 2.25, 5.75], "texture": "#0"},
				"east": {"uv": [10.25, 7.75, 10.5, 8], "texture": "#0"},
				"south": {"uv": [7.25, 5.5, 7.75, 5.75], "texture": "#0"},
				"west": {"uv": [10.25, 8, 10.5, 8.25], "texture": "#0"},
				"up": {"uv": [5.5, 8.5, 5, 8.25], "texture": "#0"},
				"down": {"uv": [9.5, 2.25, 9, 2.5], "texture": "#0"}
			}
		},
		{
			"from": [10.96334, -0.81361, 25.92357],
			"to": [11.81238, -0.38909, 27.62164],
			"rotation": {"angle": 0, "axis": "y", "origin": [14.35948, 2.58253, 29.31971]},
			"faces": {
				"north": {"uv": [1, 10.25, 1.5, 10.5], "texture": "#0"},
				"east": {"uv": [9.5, 4.5, 10.5, 4.75], "texture": "#0"},
				"south": {"uv": [1.5, 10.25, 2, 10.5], "texture": "#0"},
				"west": {"uv": [9.5, 5.75, 10.5, 6], "texture": "#0"},
				"up": {"uv": [4.5, 10, 4, 9], "texture": "#0"},
				"down": {"uv": [9.5, 0.75, 9, 1.75], "texture": "#0"}
			}
		},
		{
			"from": [11.04824, -0.81361, 27.62164],
			"to": [11.72747, -0.51644, 27.79144],
			"rotation": {"angle": 0, "axis": "y", "origin": [14.35948, 2.58253, 30.59326]},
			"faces": {
				"north": {"uv": [2, 10.25, 2.5, 10.5], "texture": "#0"},
				"east": {"uv": [10.25, 8.25, 10.5, 8.5], "texture": "#0"},
				"south": {"uv": [3.5, 10.25, 4, 10.5], "texture": "#0"},
				"west": {"uv": [10.25, 8.5, 10.5, 8.75], "texture": "#0"},
				"up": {"uv": [5.5, 10.5, 5, 10.25], "texture": "#0"},
				"down": {"uv": [6.25, 10.25, 5.75, 10.5], "texture": "#0"}
			}
		},
		{
			"from": [11.04824, -0.38909, 26.34809],
			"to": [11.72747, -0.17683, 27.49428],
			"rotation": {"angle": 0, "axis": "y", "origin": [14.35948, 3.00705, 29.31971]},
			"faces": {
				"north": {"uv": [6.25, 10.25, 6.75, 10.5], "texture": "#0"},
				"east": {"uv": [2.25, 2, 3, 2.25], "texture": "#0"},
				"south": {"uv": [6.75, 10.25, 7.25, 10.5], "texture": "#0"},
				"west": {"uv": [10, 1.25, 10.75, 1.5], "texture": "#0"},
				"up": {"uv": [3, 7.75, 2.5, 7], "texture": "#0"},
				"down": {"uv": [6.25, 9.5, 5.75, 10.25], "texture": "#0"}
			}
		},
		{
			"from": [12.66141, 5.72396, 26.17828],
			"to": [13.68025, 9.41726, 27.62164],
			"rotation": {"angle": 0, "axis": "y", "origin": [13.09389, 2.00943, 26.66382]},
			"faces": {
				"north": {"uv": [7.25, 7.5, 6.75, 9.75], "texture": "#0"},
				"east": {"uv": [4.5, 5.5, 3.75, 7.75], "texture": "#0"},
				"south": {"uv": [5, 8.25, 4.5, 10.5], "texture": "#0"},
				"west": {"uv": [3.75, 5.5, 3, 7.75], "texture": "#0"},
				"up": {"uv": [9.5, 1.5, 10, 0.75], "texture": "#0"},
				"down": {"uv": [9.5, 2.25, 10, 3], "texture": "#0"}
			}
		},
		{
			"from": [12.44915, 7.84655, 26.17828],
			"to": [12.66141, 9.41726, 27.62164],
			"rotation": {"angle": 0, "axis": "y", "origin": [13.09389, 2.00943, 26.66382]},
			"faces": {
				"north": {"uv": [1.75, 6, 1.5, 7], "texture": "#0"},
				"east": {"uv": [8, 8.5, 7.25, 9.5], "texture": "#0"},
				"south": {"uv": [6.75, 0, 6.5, 1], "texture": "#0"},
				"west": {"uv": [6.5, 8.5, 5.75, 9.5], "texture": "#0"},
				"up": {"uv": [6.5, 1.75, 6.75, 1], "texture": "#0"},
				"down": {"uv": [6.5, 3, 6.75, 3.75], "texture": "#0"}
			}
		},
		{
			"from": [12.74631, -0.17683, 26.26318],
			"to": [13.59535, 5.72396, 27.57919],
			"rotation": {"angle": 0, "axis": "y", "origin": [13.09389, 2.00943, 26.66382]},
			"faces": {
				"north": {"uv": [1.25, 2.5, 0.75, 6], "texture": "#0"},
				"east": {"uv": [0.75, 2.5, 0, 6], "texture": "#0"},
				"south": {"uv": [1.75, 2.5, 1.25, 6], "texture": "#0"},
				"west": {"uv": [3, 2.25, 2.25, 5.75], "texture": "#0"},
				"up": {"uv": [6.25, 10.25, 6.75, 9.5], "texture": "#0"},
				"down": {"uv": [7.25, 9.5, 7.75, 10.25], "texture": "#0"}
			}
		},
		{
			"from": [12.91612, -0.81361, 25.28679],
			"to": [13.42554, -0.60135, 25.58395],
			"rotation": {"angle": 0, "axis": "y", "origin": [13.09389, 2.00943, 26.66382]},
			"faces": {
				"north": {"uv": [4.75, 5.5, 4.5, 5.75], "texture": "#0"},
				"east": {"uv": [8.75, 5.25, 8.5, 5.5], "texture": "#0"},
				"south": {"uv": [6.75, 3.75, 6.5, 4], "texture": "#0"},
				"west": {"uv": [6.75, 1.75, 6.5, 2], "texture": "#0"},
				"up": {"uv": [6.5, 9.5, 6.75, 9.25], "texture": "#0"},
				"down": {"uv": [7.75, 9.5, 8, 9.75], "texture": "#0"}
			}
		},
		{
			"from": [12.83122, -0.81361, 25.58395],
			"to": [13.51044, -0.47399, 25.92357],
			"rotation": {"angle": 0, "axis": "y", "origin": [13.09389, 2.00943, 26.66382]},
			"faces": {
				"north": {"uv": [2.25, 5.5, 1.75, 5.75], "texture": "#0"},
				"east": {"uv": [10.5, 8, 10.25, 8.25], "texture": "#0"},
				"south": {"uv": [7.75, 5.5, 7.25, 5.75], "texture": "#0"},
				"west": {"uv": [10.5, 7.75, 10.25, 8], "texture": "#0"},
				"up": {"uv": [5, 8.5, 5.5, 8.25], "texture": "#0"},
				"down": {"uv": [9, 2.25, 9.5, 2.5], "texture": "#0"}
			}
		},
		{
			"from": [12.74631, -0.81361, 25.92357],
			"to": [13.59535, -0.38909, 27.62164],
			"rotation": {"angle": 0, "axis": "y", "origin": [13.09389, 2.00943, 26.66382]},
			"faces": {
				"north": {"uv": [1.5, 10.25, 1, 10.5], "texture": "#0"},
				"east": {"uv": [10.5, 5.75, 9.5, 6], "texture": "#0"},
				"south": {"uv": [2, 10.25, 1.5, 10.5], "texture": "#0"},
				"west": {"uv": [10.5, 4.5, 9.5, 4.75], "texture": "#0"},
				"up": {"uv": [4, 10, 4.5, 9], "texture": "#0"},
				"down": {"uv": [9, 0.75, 9.5, 1.75], "texture": "#0"}
			}
		},
		{
			"from": [12.83122, -0.81361, 27.62164],
			"to": [13.51044, -0.51644, 27.79144],
			"rotation": {"angle": 0, "axis": "y", "origin": [13.09389, 2.00943, 26.66382]},
			"faces": {
				"north": {"uv": [2.5, 10.25, 2, 10.5], "texture": "#0"},
				"east": {"uv": [10.5, 8.5, 10.25, 8.75], "texture": "#0"},
				"south": {"uv": [4, 10.25, 3.5, 10.5], "texture": "#0"},
				"west": {"uv": [10.5, 8.25, 10.25, 8.5], "texture": "#0"},
				"up": {"uv": [5, 10.5, 5.5, 10.25], "texture": "#0"},
				"down": {"uv": [5.75, 10.25, 6.25, 10.5], "texture": "#0"}
			}
		},
		{
			"from": [12.83122, -0.38909, 26.34809],
			"to": [13.51044, -0.17683, 27.49428],
			"rotation": {"angle": 0, "axis": "y", "origin": [13.09389, 2.00943, 26.66382]},
			"faces": {
				"north": {"uv": [6.75, 10.25, 6.25, 10.5], "texture": "#0"},
				"east": {"uv": [10.75, 1.25, 10, 1.5], "texture": "#0"},
				"south": {"uv": [7.25, 10.25, 6.75, 10.5], "texture": "#0"},
				"west": {"uv": [3, 2, 2.25, 2.25], "texture": "#0"},
				"up": {"uv": [2.5, 7.75, 3, 7], "texture": "#0"},
				"down": {"uv": [5.75, 9.5, 6.25, 10.25], "texture": "#0"}
			}
		},
		{
			"from": [12.10954, 8.73803, 26.17828],
			"to": [12.4067, 9.41726, 27.62164],
			"rotation": {"angle": 0, "axis": "y", "origin": [15.59058, 9.88423, 29.31971]},
			"faces": {
				"north": {"uv": [5.5, 7, 5.75, 7.5], "texture": "#0"},
				"east": {"uv": [9.25, 8.75, 10, 9.25], "texture": "#0"},
				"south": {"uv": [7.25, 10.25, 7.5, 10.75], "texture": "#0"},
				"west": {"uv": [9.5, 3, 10.25, 3.5], "texture": "#0"},
				"up": {"uv": [6.75, 9.25, 6.5, 8.5], "texture": "#0"},
				"down": {"uv": [8.25, 8.5, 8, 9.25], "texture": "#0"}
			}
		},
		{
			"from": [10.70863, 9.41726, 26.05092],
			"to": [13.80761, 11.6672, 27.74899],
			"rotation": {"angle": 0, "axis": "y", "origin": [14.35948, 12.8134, 29.31971]},
			"faces": {
				"north": {"uv": [3, 3, 4.75, 4.25], "texture": "#0"},
				"east": {"uv": [4.5, 7, 5.5, 8.25], "texture": "#0"},
				"south": {"uv": [3, 4.25, 4.75, 5.5], "texture": "#0"},
				"west": {"uv": [7.25, 7.25, 8.25, 8.5], "texture": "#0"},
				"up": {"uv": [6.5, 4, 4.75, 3], "texture": "#0"},
				"down": {"uv": [6.75, 2, 5, 3], "texture": "#0"}
			}
		},
		{
			"from": [10.53882, 11.15778, 25.03208],
			"to": [13.97741, 12.64359, 26.73015],
			"rotation": {"angle": -22.5, "axis": "x", "origin": [12.23689, 14.00205, 25.88112]},
			"faces": {
				"north": {"uv": [4.75, 4, 6.75, 4.75], "texture": "#0"},
				"east": {"uv": [7.25, 6.5, 8.25, 7.25], "texture": "#0"},
				"south": {"uv": [5.75, 5.75, 7.75, 6.5], "texture": "#0"},
				"west": {"uv": [8.5, 2.5, 9.5, 3.25], "texture": "#0"},
				"up": {"uv": [5, 3, 3, 2], "texture": "#0"},
				"down": {"uv": [6.5, 0, 4.5, 1], "texture": "#0"}
			}
		},
		{
			"from": [10.32656, 12.43417, 25.19247],
			"to": [14.14722, 14.68411, 26.89054],
			"rotation": {"angle": -22.5, "axis": "x", "origin": [12.23689, 13.49263, 25.5415]},
			"faces": {
				"north": {"uv": [0, 0, 2.25, 1.25], "texture": "#0"},
				"east": {"uv": [7.25, 0, 8.25, 1.25], "texture": "#0"},
				"south": {"uv": [0, 1.25, 2.25, 2.5], "texture": "#0"},
				"west": {"uv": [7.25, 1.25, 8.25, 2.5], "texture": "#0"},
				"up": {"uv": [4.5, 1, 2.25, 0], "texture": "#0"},
				"down": {"uv": [4.5, 1, 2.25, 2], "texture": "#0"}
			}
		},
		{
			"from": [10.49637, 14.68411, 25.19247],
			"to": [13.97741, 14.98128, 26.89054],
			"rotation": {"angle": -22.5, "axis": "x", "origin": [12.23689, 13.49263, 25.5415]},
			"faces": {
				"north": {"uv": [8.75, 6, 10.75, 6.25], "texture": "#0"},
				"east": {"uv": [2.5, 9.75, 3.5, 10], "texture": "#0"},
				"south": {"uv": [8.75, 6.25, 10.75, 6.5], "texture": "#0"},
				"west": {"uv": [7.75, 9.75, 8.75, 10], "texture": "#0"},
				"up": {"uv": [6.5, 2, 4.5, 1], "texture": "#0"},
				"down": {"uv": [6.75, 4.75, 4.75, 5.75], "texture": "#0"}
			}
		},
		{
			"from": [10.96334, 14.98128, 25.19247],
			"to": [13.46799, 15.19353, 26.89054],
			"rotation": {"angle": -22.5, "axis": "x", "origin": [12.23689, 13.49263, 25.5415]},
			"faces": {
				"north": {"uv": [9, 7.5, 10.5, 7.75], "texture": "#0"},
				"east": {"uv": [8.75, 9.75, 9.75, 10], "texture": "#0"},
				"south": {"uv": [9.5, 1.5, 11, 1.75], "texture": "#0"},
				"west": {"uv": [9.75, 9.75, 10.75, 10], "texture": "#0"},
				"up": {"uv": [1.5, 7, 0, 6], "texture": "#0"},
				"down": {"uv": [7.25, 6.5, 5.75, 7.5], "texture": "#0"}
			}
		},
		{
			"name": "cuello",
			"from": [11.60012, 14.9445, 24.71892],
			"to": [12.78877, 15.58128, 25.78021],
			"rotation": {"angle": 0, "axis": "x", "origin": [12.19798, 15.47017, 23.72669]},
			"faces": {
				"north": {"uv": [10, 2.75, 10.75, 3], "texture": "#0"},
				"east": {"uv": [10, 8.75, 10.75, 9], "texture": "#0"},
				"south": {"uv": [10, 9, 10.75, 9.25], "texture": "#0"},
				"west": {"uv": [10, 9.25, 10.75, 9.5], "texture": "#0"},
				"up": {"uv": [9.5, 6, 8.75, 5.25], "texture": "#0"},
				"down": {"uv": [3.25, 9, 2.5, 9.75], "texture": "#0"}
			}
		},
		{
			"from": [11.34541, 15.97844, 24.0944],
			"to": [13.08593, 16.78502, 26.00473],
			"rotation": {"angle": 0, "axis": "x", "origin": [12.19798, 15.38527, 23.93895]},
			"faces": {
				"north": {"uv": [9, 1.75, 10, 2.25], "texture": "#0"},
				"east": {"uv": [8.25, 7.75, 9.5, 8.25], "texture": "#0"},
				"south": {"uv": [9, 6.5, 10, 7], "texture": "#0"},
				"west": {"uv": [8.5, 4.75, 9.75, 5.25], "texture": "#0"},
				"up": {"uv": [3.5, 9, 2.5, 7.75], "texture": "#0"},
				"down": {"uv": [4.5, 7.75, 3.5, 9], "texture": "#0"}
			}
		},
		{
			"from": [11.1756, 16.40295, 24.05195],
			"to": [13.21328, 18.01612, 26.13208],
			"rotation": {"angle": 0, "axis": "x", "origin": [12.19798, 15.38527, 23.93895]},
			"faces": {
				"north": {"uv": [7.25, 2.5, 8.5, 3.5], "texture": "#0"},
				"east": {"uv": [7.25, 3.5, 8.5, 4.5], "texture": "#0"},
				"south": {"uv": [7.25, 4.5, 8.5, 5.5], "texture": "#0"},
				"west": {"uv": [5.5, 7.5, 6.75, 8.5], "texture": "#0"},
				"up": {"uv": [3, 7, 1.75, 5.75], "texture": "#0"},
				"down": {"uv": [5.75, 5.75, 4.5, 7], "texture": "#0"}
			}
		},
		{
			"from": [11.34541, 17.63405, 24.1793],
			"to": [13.04348, 18.35573, 25.96228],
			"rotation": {"angle": 0, "axis": "x", "origin": [12.19798, 15.38527, 23.93895]},
			"faces": {
				"north": {"uv": [9, 7, 10, 7.5], "texture": "#0"},
				"east": {"uv": [8, 9.25, 9, 9.75], "texture": "#0"},
				"south": {"uv": [9, 9.25, 10, 9.75], "texture": "#0"},
				"west": {"uv": [9.25, 8.25, 10.25, 8.75], "texture": "#0"},
				"up": {"uv": [8.75, 6.5, 7.75, 5.5], "texture": "#0"},
				"down": {"uv": [9.25, 8.25, 8.25, 9.25], "texture": "#0"}
			}
		},
		{
			"from": [11.43031, 15.34166, 24.26421],
			"to": [12.95857, 15.97844, 24.68872],
			"rotation": {"angle": 0, "axis": "x", "origin": [12.19798, 15.38527, 23.93895]},
			"faces": {
				"north": {"uv": [9.75, 0, 10.75, 0.25], "texture": "#0"},
				"east": {"uv": [10.25, 10, 10.5, 10.25], "texture": "#0"},
				"south": {"uv": [9.75, 0.25, 10.75, 0.5], "texture": "#0"},
				"west": {"uv": [0, 10.5, 0.25, 10.75], "texture": "#0"},
				"up": {"uv": [10.75, 0.75, 9.75, 0.5], "texture": "#0"},
				"down": {"uv": [10.75, 4.75, 9.75, 5], "texture": "#0"}
			}
		},
		{
			"from": [11.43031, 15.59637, 24.68872],
			"to": [12.95857, 15.97844, 25.87737],
			"rotation": {"angle": 0, "axis": "x", "origin": [12.19798, 15.38527, 23.93895]},
			"faces": {
				"north": {"uv": [9.75, 5, 10.75, 5.25], "texture": "#0"},
				"east": {"uv": [10, 9.5, 10.75, 9.75], "texture": "#0"},
				"south": {"uv": [0, 10, 1, 10.25], "texture": "#0"},
				"west": {"uv": [0, 10.25, 0.75, 10.5], "texture": "#0"},
				"up": {"uv": [9.5, 4, 8.5, 3.25], "texture": "#0"},
				"down": {"uv": [9.5, 4, 8.5, 4.75], "texture": "#0"}
			}
		},
		{
			"from": [9.22282, 12.19765, 28.35636],
			"to": [10.32656, 13.00424, 29.20539],
			"rotation": {"angle": -22.5, "axis": "x", "origin": [9.59498, 6.7503, 26.08312]},
			"faces": {
				"north": {"uv": [3, 10, 3.5, 10.5], "texture": "#0"},
				"east": {"uv": [4, 10, 4.5, 10.5], "texture": "#0"},
				"south": {"uv": [7.75, 10, 8.25, 10.5], "texture": "#0"},
				"west": {"uv": [8.25, 10, 8.75, 10.5], "texture": "#0"},
				"up": {"uv": [9.25, 10.5, 8.75, 10], "texture": "#0"},
				"down": {"uv": [9.75, 10, 9.25, 10.5], "texture": "#0"}
			}
		},
		{
			"from": [9.22282, 13.00424, 28.35636],
			"to": [10.32656, 13.98063, 29.20539],
			"rotation": {"angle": -22.5, "axis": "x", "origin": [9.59498, 6.7503, 26.08312]},
			"faces": {
				"north": {"uv": [9.5, 5.25, 10.25, 5.75], "texture": "#0"},
				"east": {"uv": [6.75, 9.75, 7.25, 10.25], "texture": "#0"},
				"south": {"uv": [9.5, 7.75, 10.25, 8.25], "texture": "#0"},
				"west": {"uv": [2.5, 10, 3, 10.5], "texture": "#0"},
				"up": {"uv": [1.75, 10.25, 1, 9.75], "texture": "#0"},
				"down": {"uv": [2.5, 9.75, 1.75, 10.25], "texture": "#0"}
			}
		},
		{
			"from": [9.56243, 13.98063, 28.35636],
			"to": [10.32656, 14.19289, 29.20539],
			"rotation": {"angle": -22.5, "axis": "x", "origin": [9.59498, 6.7503, 26.08312]},
			"faces": {
				"north": {"uv": [10.25, 3, 10.75, 3.25], "texture": "#0"},
				"east": {"uv": [10.25, 3.25, 10.75, 3.5], "texture": "#0"},
				"south": {"uv": [10.25, 3.5, 10.75, 3.75], "texture": "#0"},
				"west": {"uv": [10.25, 3.75, 10.75, 4], "texture": "#0"},
				"up": {"uv": [4, 10.25, 3.5, 9.75], "texture": "#0"},
				"down": {"uv": [5.5, 9.75, 5, 10.25], "texture": "#0"}
			}
		},
		{
			"from": [9.81714, 13.13159, 28.084],
			"to": [10.32656, 14.15043, 29.4],
			"rotation": {"angle": -22.5, "axis": "x", "origin": [9.59498, 6.7503, 26.08312]},
			"faces": {
				"north": {"uv": [7.5, 10.25, 7.75, 10.75], "texture": "#0"},
				"east": {"uv": [9.5, 3.5, 10.25, 4], "texture": "#0"},
				"south": {"uv": [10.25, 10.25, 10.5, 10.75], "texture": "#0"},
				"west": {"uv": [9.5, 4, 10.25, 4.5], "texture": "#0"},
				"up": {"uv": [5.75, 10.5, 5.5, 9.75], "texture": "#0"},
				"down": {"uv": [1, 10.25, 0.75, 11], "texture": "#0"}
			}
		},
		{
			"from": [9.22282, 7.69777, 28.35636],
			"to": [10.07185, 12.19765, 29.20539],
			"rotation": {"angle": -22.5, "axis": "x", "origin": [9.59498, 6.7503, 26.08312]},
			"faces": {
				"north": {"uv": [6.75, 3, 7.25, 5.75], "texture": "#0"},
				"east": {"uv": [1, 7, 1.5, 9.75], "texture": "#0"},
				"south": {"uv": [1.5, 7, 2, 9.75], "texture": "#0"},
				"west": {"uv": [2, 7, 2.5, 9.75], "texture": "#0"},
				"up": {"uv": [10.25, 10.5, 9.75, 10], "texture": "#0"},
				"down": {"uv": [10.5, 0.75, 10, 1.25], "texture": "#0"}
			}
		},
		{
			"from": [9.22282, 3.46977, 27.7522],
			"to": [10.07185, 8.77624, 28.60123],
			"rotation": {"angle": 0, "axis": "x", "origin": [9.59498, 6.7503, 26.08312]},
			"faces": {
				"north": {"uv": [1.75, 2.5, 2.25, 5.5], "texture": "#0"},
				"east": {"uv": [6.75, 0, 7.25, 3], "texture": "#0"},
				"south": {"uv": [0, 7, 0.5, 10], "texture": "#0"},
				"west": {"uv": [0.5, 7, 1, 10], "texture": "#0"},
				"up": {"uv": [10.5, 2.25, 10, 1.75], "texture": "#0"},
				"down": {"uv": [10.5, 2.25, 10, 2.75], "texture": "#0"}
			}
		},
		{
			"from": [9.26527, 3.13016, 27.79465],
			"to": [10.0294, 3.46977, 28.55878],
			"rotation": {"angle": 0, "axis": "x", "origin": [9.59498, 6.7503, 26.08312]},
			"faces": {
				"north": {"uv": [10.25, 4, 10.75, 4.25], "texture": "#0"},
				"east": {"uv": [10.25, 5.5, 10.75, 5.75], "texture": "#0"},
				"south": {"uv": [10.25, 4, 10.75, 4.25], "texture": "#0"},
				"west": {"uv": [10.25, 5.5, 10.75, 5.75], "texture": "#0"},
				"up": {"uv": [10.5, 7, 10, 6.5], "texture": "#0"},
				"down": {"uv": [10.25, 5.5, 10.75, 5.75], "texture": "#0"}
			}
		},
		{
			"from": [9.26527, 2.7481, 27.79465],
			"to": [9.98695, 3.13016, 28.55878],
			"rotation": {"angle": 0, "axis": "x", "origin": [9.59498, 6.7503, 26.08312]},
			"faces": {
				"north": {"uv": [10.25, 4, 10.675, 4.225], "texture": "#0"},
				"east": {"uv": [10.25, 5.5, 10.7, 5.725], "texture": "#0"},
				"south": {"uv": [10.25, 4, 10.675, 4.225], "texture": "#0"},
				"west": {"uv": [10.25, 5.5, 10.7, 5.725], "texture": "#0"},
				"up": {"uv": [0, 0, 0.425, 0.45], "texture": "#missing"},
				"down": {"uv": [10.25, 5.5, 10.7, 5.725], "rotation": 270, "texture": "#0"}
			}
		},
		{
			"from": [9.22282, 1.81416, 27.8371],
			"to": [9.43508, 2.32358, 28.04936],
			"rotation": {"angle": 0, "axis": "x", "origin": [9.59498, 6.7503, 26.08312]},
			"faces": {
				"north": {"uv": [2, 10.5, 2.25, 10.75], "texture": "#0"},
				"east": {"uv": [2.25, 10.5, 2.5, 10.75], "texture": "#0"},
				"south": {"uv": [2.5, 10.5, 2.75, 10.75], "texture": "#0"},
				"west": {"uv": [2.75, 10.5, 3, 10.75], "texture": "#0"},
				"up": {"uv": [3.25, 10.75, 3, 10.5], "texture": "#0"},
				"down": {"uv": [3.5, 10.5, 3.25, 10.75], "texture": "#0"}
			}
		},
		{
			"from": [9.22282, 2.32358, 27.8371],
			"to": [9.43508, 2.7481, 28.04936],
			"rotation": {"angle": 0, "axis": "x", "origin": [9.59498, 6.7503, 26.08312]},
			"faces": {
				"north": {"uv": [3.5, 10.5, 3.75, 10.75], "texture": "#0"},
				"east": {"uv": [3.75, 10.5, 4, 10.75], "texture": "#0"},
				"south": {"uv": [4, 10.5, 4.25, 10.75], "texture": "#0"},
				"west": {"uv": [4.25, 10.5, 4.5, 10.75], "texture": "#0"},
				"up": {"uv": [4.75, 10.75, 4.5, 10.5], "texture": "#0"},
				"down": {"uv": [5, 10.5, 4.75, 10.75], "texture": "#0"}
			}
		},
		{
			"from": [9.22282, 1.81416, 28.09181],
			"to": [9.43508, 2.32358, 28.30407],
			"rotation": {"angle": 0, "axis": "x", "origin": [9.59498, 6.7503, 26.08312]},
			"faces": {
				"north": {"uv": [2, 10.5, 2.25, 10.75], "texture": "#0"},
				"east": {"uv": [2.25, 10.5, 2.5, 10.75], "texture": "#0"},
				"south": {"uv": [2.5, 10.5, 2.75, 10.75], "texture": "#0"},
				"west": {"uv": [2.75, 10.5, 3, 10.75], "texture": "#0"},
				"up": {"uv": [3.25, 10.75, 3, 10.5], "texture": "#0"},
				"down": {"uv": [3.5, 10.5, 3.25, 10.75], "texture": "#0"}
			}
		},
		{
			"from": [9.22282, 2.32358, 28.09181],
			"to": [9.43508, 2.7481, 28.30407],
			"rotation": {"angle": 0, "axis": "x", "origin": [9.59498, 6.7503, 26.08312]},
			"faces": {
				"north": {"uv": [3.5, 10.5, 3.75, 10.75], "texture": "#0"},
				"east": {"uv": [3.75, 10.5, 4, 10.75], "texture": "#0"},
				"south": {"uv": [4, 10.5, 4.25, 10.75], "texture": "#0"},
				"west": {"uv": [4.25, 10.5, 4.5, 10.75], "texture": "#0"},
				"up": {"uv": [4.75, 10.75, 4.5, 10.5], "texture": "#0"},
				"down": {"uv": [5, 10.5, 4.75, 10.75], "texture": "#0"}
			}
		},
		{
			"from": [9.22282, 1.81416, 28.34652],
			"to": [9.43508, 2.32358, 28.55878],
			"rotation": {"angle": 0, "axis": "x", "origin": [9.59498, 6.7503, 26.08312]},
			"faces": {
				"north": {"uv": [2, 10.5, 2.25, 10.75], "texture": "#0"},
				"east": {"uv": [2.25, 10.5, 2.5, 10.75], "texture": "#0"},
				"south": {"uv": [2.5, 10.5, 2.75, 10.75], "texture": "#0"},
				"west": {"uv": [2.75, 10.5, 3, 10.75], "texture": "#0"},
				"up": {"uv": [3.25, 10.75, 3, 10.5], "texture": "#0"},
				"down": {"uv": [3.5, 10.5, 3.25, 10.75], "texture": "#0"}
			}
		},
		{
			"from": [9.22282, 2.32358, 28.34652],
			"to": [9.43508, 2.7481, 28.55878],
			"rotation": {"angle": 0, "axis": "x", "origin": [9.59498, 6.7503, 26.08312]},
			"faces": {
				"north": {"uv": [3.5, 10.5, 3.75, 10.75], "texture": "#0"},
				"east": {"uv": [3.75, 10.5, 4, 10.75], "texture": "#0"},
				"south": {"uv": [4, 10.5, 4.25, 10.75], "texture": "#0"},
				"west": {"uv": [4.25, 10.5, 4.5, 10.75], "texture": "#0"},
				"up": {"uv": [4.75, 10.75, 4.5, 10.5], "texture": "#0"},
				"down": {"uv": [5, 10.5, 4.75, 10.75], "texture": "#0"}
			}
		},
		{
			"from": [9.68979, 2.28113, 27.70975],
			"to": [9.9445, 2.87545, 27.92201],
			"rotation": {"angle": 0, "axis": "x", "origin": [9.59498, 6.7503, 26.08312]},
			"faces": {
				"north": {"uv": [0.25, 10.5, 0.5, 10.75], "texture": "#0"},
				"east": {"uv": [0.5, 10.5, 0.75, 10.75], "texture": "#0"},
				"south": {"uv": [1, 10.5, 1.25, 10.75], "texture": "#0"},
				"west": {"uv": [1.25, 10.5, 1.5, 10.75], "texture": "#0"},
				"up": {"uv": [1.75, 10.75, 1.5, 10.5], "texture": "#0"},
				"down": {"uv": [2, 10.5, 1.75, 10.75], "texture": "#0"}
			}
		},
		{
			"from": [14.17344, 12.19765, 28.35636],
			"to": [15.27718, 13.00424, 29.20539],
			"rotation": {"angle": -22.5, "axis": "x", "origin": [14.90502, 6.7503, 26.08312]},
			"faces": {
				"north": {"uv": [3.5, 10, 3, 10.5], "texture": "#0"},
				"east": {"uv": [8.75, 10, 8.25, 10.5], "texture": "#0"},
				"south": {"uv": [8.25, 10, 7.75, 10.5], "texture": "#0"},
				"west": {"uv": [4.5, 10, 4, 10.5], "texture": "#0"},
				"up": {"uv": [8.75, 10.5, 9.25, 10], "texture": "#0"},
				"down": {"uv": [9.25, 10, 9.75, 10.5], "texture": "#0"}
			}
		},
		{
			"from": [14.17344, 13.00424, 28.35636],
			"to": [15.27718, 13.98063, 29.20539],
			"rotation": {"angle": -22.5, "axis": "x", "origin": [14.90502, 6.7503, 26.08312]},
			"faces": {
				"north": {"uv": [10.25, 5.25, 9.5, 5.75], "texture": "#0"},
				"east": {"uv": [3, 10, 2.5, 10.5], "texture": "#0"},
				"south": {"uv": [10.25, 7.75, 9.5, 8.25], "texture": "#0"},
				"west": {"uv": [7.25, 9.75, 6.75, 10.25], "texture": "#0"},
				"up": {"uv": [1, 10.25, 1.75, 9.75], "texture": "#0"},
				"down": {"uv": [1.75, 9.75, 2.5, 10.25], "texture": "#0"}
			}
		},
		{
			"from": [14.17344, 13.98063, 28.35636],
			"to": [14.93757, 14.19289, 29.20539],
			"rotation": {"angle": -22.5, "axis": "x", "origin": [14.90502, 6.7503, 26.08312]},
			"faces": {
				"north": {"uv": [10.75, 3, 10.25, 3.25], "texture": "#0"},
				"east": {"uv": [10.75, 3.75, 10.25, 4], "texture": "#0"},
				"south": {"uv": [10.75, 3.5, 10.25, 3.75], "texture": "#0"},
				"west": {"uv": [10.75, 3.25, 10.25, 3.5], "texture": "#0"},
				"up": {"uv": [3.5, 10.25, 4, 9.75], "texture": "#0"},
				"down": {"uv": [5, 9.75, 5.5, 10.25], "texture": "#0"}
			}
		},
		{
			"from": [14.17344, 13.13159, 28.084],
			"to": [14.68286, 14.15043, 29.4],
			"rotation": {"angle": -22.5, "axis": "x", "origin": [14.90502, 6.7503, 26.08312]},
			"faces": {
				"north": {"uv": [7.75, 10.25, 7.5, 10.75], "texture": "#0"},
				"east": {"uv": [10.25, 4, 9.5, 4.5], "texture": "#0"},
				"south": {"uv": [10.5, 10.25, 10.25, 10.75], "texture": "#0"},
				"west": {"uv": [10.25, 3.5, 9.5, 4], "texture": "#0"},
				"up": {"uv": [5.5, 10.5, 5.75, 9.75], "texture": "#0"},
				"down": {"uv": [0.75, 10.25, 1, 11], "texture": "#0"}
			}
		},
		{
			"from": [14.42815, 7.69777, 28.35636],
			"to": [15.27718, 12.19765, 29.20539],
			"rotation": {"angle": -22.5, "axis": "x", "origin": [14.90502, 6.7503, 26.08312]},
			"faces": {
				"north": {"uv": [7.25, 3, 6.75, 5.75], "texture": "#0"},
				"east": {"uv": [2.5, 7, 2, 9.75], "texture": "#0"},
				"south": {"uv": [2, 7, 1.5, 9.75], "texture": "#0"},
				"west": {"uv": [1.5, 7, 1, 9.75], "texture": "#0"},
				"up": {"uv": [9.75, 10.5, 10.25, 10], "texture": "#0"},
				"down": {"uv": [10, 0.75, 10.5, 1.25], "texture": "#0"}
			}
		},
		{
			"from": [14.42815, 3.46977, 27.7522],
			"to": [15.27718, 8.77624, 28.60123],
			"rotation": {"angle": 0, "axis": "x", "origin": [14.90502, 6.7503, 26.08312]},
			"faces": {
				"north": {"uv": [2.25, 2.5, 1.75, 5.5], "texture": "#0"},
				"east": {"uv": [1, 7, 0.5, 10], "texture": "#0"},
				"south": {"uv": [0.5, 7, 0, 10], "texture": "#0"},
				"west": {"uv": [7.25, 0, 6.75, 3], "texture": "#0"},
				"up": {"uv": [10, 2.25, 10.5, 1.75], "texture": "#0"},
				"down": {"uv": [10, 2.25, 10.5, 2.75], "texture": "#0"}
			}
		},
		{
			"from": [14.4706, 3.13016, 27.79465],
			"to": [15.23473, 3.46977, 28.55878],
			"rotation": {"angle": 0, "axis": "x", "origin": [14.90502, 6.7503, 26.08312]},
			"faces": {
				"north": {"uv": [10.75, 4, 10.25, 4.25], "texture": "#0"},
				"east": {"uv": [10.75, 5.5, 10.25, 5.75], "texture": "#0"},
				"south": {"uv": [10.75, 4, 10.25, 4.25], "texture": "#0"},
				"west": {"uv": [10.75, 5.5, 10.25, 5.75], "texture": "#0"},
				"up": {"uv": [10, 7, 10.5, 6.5], "texture": "#0"},
				"down": {"uv": [10.75, 5.5, 10.25, 5.75], "texture": "#0"}
			}
		},
		{
			"from": [14.51305, 2.7481, 27.79465],
			"to": [15.23473, 3.13016, 28.55878],
			"rotation": {"angle": 0, "axis": "x", "origin": [14.90502, 6.7503, 26.08312]},
			"faces": {
				"north": {"uv": [10.675, 4, 10.25, 4.225], "texture": "#0"},
				"east": {"uv": [10.7, 5.5, 10.25, 5.725], "texture": "#0"},
				"south": {"uv": [10.675, 4, 10.25, 4.225], "texture": "#0"},
				"west": {"uv": [10.7, 5.5, 10.25, 5.725], "texture": "#0"},
				"up": {"uv": [0.425, 0, 0, 0.45], "texture": "#missing"},
				"down": {"uv": [10.25, 5.725, 10.7, 5.5], "rotation": 270, "texture": "#0"}
			}
		},
		{
			"from": [15.06492, 1.81416, 27.8371],
			"to": [15.27718, 2.32358, 28.04936],
			"rotation": {"angle": 0, "axis": "x", "origin": [14.90502, 6.7503, 26.08312]},
			"faces": {
				"north": {"uv": [2.25, 10.5, 2, 10.75], "texture": "#0"},
				"east": {"uv": [3, 10.5, 2.75, 10.75], "texture": "#0"},
				"south": {"uv": [2.75, 10.5, 2.5, 10.75], "texture": "#0"},
				"west": {"uv": [2.5, 10.5, 2.25, 10.75], "texture": "#0"},
				"up": {"uv": [3, 10.75, 3.25, 10.5], "texture": "#0"},
				"down": {"uv": [3.25, 10.5, 3.5, 10.75], "texture": "#0"}
			}
		},
		{
			"from": [15.06492, 2.32358, 27.8371],
			"to": [15.27718, 2.7481, 28.04936],
			"rotation": {"angle": 0, "axis": "x", "origin": [14.90502, 6.7503, 26.08312]},
			"faces": {
				"north": {"uv": [3.75, 10.5, 3.5, 10.75], "texture": "#0"},
				"east": {"uv": [4.5, 10.5, 4.25, 10.75], "texture": "#0"},
				"south": {"uv": [4.25, 10.5, 4, 10.75], "texture": "#0"},
				"west": {"uv": [4, 10.5, 3.75, 10.75], "texture": "#0"},
				"up": {"uv": [4.5, 10.75, 4.75, 10.5], "texture": "#0"},
				"down": {"uv": [4.75, 10.5, 5, 10.75], "texture": "#0"}
			}
		},
		{
			"from": [15.06492, 1.81416, 28.09181],
			"to": [15.27718, 2.32358, 28.30407],
			"rotation": {"angle": 0, "axis": "x", "origin": [14.90502, 6.7503, 26.08312]},
			"faces": {
				"north": {"uv": [2.25, 10.5, 2, 10.75], "texture": "#0"},
				"east": {"uv": [3, 10.5, 2.75, 10.75], "texture": "#0"},
				"south": {"uv": [2.75, 10.5, 2.5, 10.75], "texture": "#0"},
				"west": {"uv": [2.5, 10.5, 2.25, 10.75], "texture": "#0"},
				"up": {"uv": [3, 10.75, 3.25, 10.5], "texture": "#0"},
				"down": {"uv": [3.25, 10.5, 3.5, 10.75], "texture": "#0"}
			}
		},
		{
			"from": [15.06492, 2.32358, 28.09181],
			"to": [15.27718, 2.7481, 28.30407],
			"rotation": {"angle": 0, "axis": "x", "origin": [14.90502, 6.7503, 26.08312]},
			"faces": {
				"north": {"uv": [3.75, 10.5, 3.5, 10.75], "texture": "#0"},
				"east": {"uv": [4.5, 10.5, 4.25, 10.75], "texture": "#0"},
				"south": {"uv": [4.25, 10.5, 4, 10.75], "texture": "#0"},
				"west": {"uv": [4, 10.5, 3.75, 10.75], "texture": "#0"},
				"up": {"uv": [4.5, 10.75, 4.75, 10.5], "texture": "#0"},
				"down": {"uv": [4.75, 10.5, 5, 10.75], "texture": "#0"}
			}
		},
		{
			"from": [15.06492, 1.81416, 28.34652],
			"to": [15.27718, 2.32358, 28.55878],
			"rotation": {"angle": 0, "axis": "x", "origin": [14.90502, 6.7503, 26.08312]},
			"faces": {
				"north": {"uv": [2.25, 10.5, 2, 10.75], "texture": "#0"},
				"east": {"uv": [3, 10.5, 2.75, 10.75], "texture": "#0"},
				"south": {"uv": [2.75, 10.5, 2.5, 10.75], "texture": "#0"},
				"west": {"uv": [2.5, 10.5, 2.25, 10.75], "texture": "#0"},
				"up": {"uv": [3, 10.75, 3.25, 10.5], "texture": "#0"},
				"down": {"uv": [3.25, 10.5, 3.5, 10.75], "texture": "#0"}
			}
		},
		{
			"from": [15.06492, 2.32358, 28.34652],
			"to": [15.27718, 2.7481, 28.55878],
			"rotation": {"angle": 0, "axis": "x", "origin": [14.90502, 6.7503, 26.08312]},
			"faces": {
				"north": {"uv": [3.75, 10.5, 3.5, 10.75], "texture": "#0"},
				"east": {"uv": [4.5, 10.5, 4.25, 10.75], "texture": "#0"},
				"south": {"uv": [4.25, 10.5, 4, 10.75], "texture": "#0"},
				"west": {"uv": [4, 10.5, 3.75, 10.75], "texture": "#0"},
				"up": {"uv": [4.5, 10.75, 4.75, 10.5], "texture": "#0"},
				"down": {"uv": [4.75, 10.5, 5, 10.75], "texture": "#0"}
			}
		},
		{
			"from": [14.5555, 2.28113, 27.70975],
			"to": [14.81021, 2.87545, 27.92201],
			"rotation": {"angle": 0, "axis": "x", "origin": [14.90502, 6.7503, 26.08312]},
			"faces": {
				"north": {"uv": [0.5, 10.5, 0.25, 10.75], "texture": "#0"},
				"east": {"uv": [1.5, 10.5, 1.25, 10.75], "texture": "#0"},
				"south": {"uv": [1.25, 10.5, 1, 10.75], "texture": "#0"},
				"west": {"uv": [0.75, 10.5, 0.5, 10.75], "texture": "#0"},
				"up": {"uv": [1.5, 10.75, 1.75, 10.5], "texture": "#0"},
				"down": {"uv": [1.75, 10.5, 2, 10.75], "texture": "#0"}
			}
		}
	],
	"display": {
		"head": {
			"translation": [-16.5, -10.75, -73.5],
			"scale": [3.88, 3.68, 3.88]
		}
	},
	"groups": [
		{
			"name": "group",
			"origin": [16.1, 33.5, 22],
			"children": [
				{
					"name": "tentaculo1",
					"origin": [8, 8, 8],
					"children": [
						{
							"name": "group",
							"origin": [7.87786, 7.82128, 19.52729],
							"children": [
								{
									"name": "group",
									"origin": [7.87786, 7.82128, 19.52729],
									"children": [
										{
											"name": "group",
											"origin": [7.87786, 7.82128, 19.52729],
											"children": [
												{
													"name": "group",
													"origin": [7.87786, 7.82128, 19.52729],
													"children": [0,
														{
															"name": "group",
															"origin": [7.87786, 7.82128, 19.52729],
															"children": [1,
																{
																	"name": "group",
																	"origin": [7.87786, 7.82128, 19.52729],
																	"children": [2,
																		{
																			"name": "group",
																			"origin": [7.87786, 7.82128, 19.52729],
																			"children": [3,
																				{
																					"name": "group",
																					"origin": [7.87786, 7.82128, 19.52729],
																					"children": [
																						{
																							"name": "group",
																							"origin": [7.87786, 7.82128, 19.52729],
																							"children": [
																								{
																									"name": "group",
																									"origin": [7.87786, 7.82128, 19.52729],
																									"children": [
																										{
																											"name": "group",
																											"origin": [7.87786, 7.82128, 19.52729],
																											"children": []
																										}
																									]
																								}
																							]
																						}
																					]
																				}
																			]
																		}
																	]
																}
															]
														}
													]
												}
											]
										}
									]
								}
							]
						}
					]
				},
				{
					"name": "tentaculo1",
					"origin": [8, 8, 8],
					"children": [
						{
							"name": "group",
							"origin": [7.87786, 7.82128, 19.52729],
							"children": [
								{
									"name": "group",
									"origin": [7.87786, 7.82128, 19.52729],
									"children": [
										{
											"name": "group",
											"origin": [7.87786, 7.82128, 19.52729],
											"children": [
												{
													"name": "group",
													"origin": [7.87786, 7.82128, 19.52729],
													"children": [4,
														{
															"name": "group",
															"origin": [7.87786, 7.82128, 19.52729],
															"children": [5,
																{
																	"name": "group",
																	"origin": [7.87786, 7.82128, 19.52729],
																	"children": [6,
																		{
																			"name": "group",
																			"origin": [7.87786, 7.82128, 19.52729],
																			"children": [7,
																				{
																					"name": "group",
																					"origin": [7.87786, 7.82128, 19.52729],
																					"children": [
																						{
																							"name": "group",
																							"origin": [7.87786, 7.82128, 19.52729],
																							"children": [
																								{
																									"name": "group",
																									"origin": [7.87786, 7.82128, 19.52729],
																									"children": [
																										{
																											"name": "group",
																											"origin": [7.87786, 7.82128, 19.52729],
																											"children": []
																										}
																									]
																								}
																							]
																						}
																					]
																				}
																			]
																		}
																	]
																}
															]
														}
													]
												}
											]
										}
									]
								}
							]
						}
					]
				},
				{
					"name": "tentaculo1",
					"origin": [8, 8, 8],
					"children": [
						{
							"name": "group",
							"origin": [7.87786, 7.82128, 19.52729],
							"children": [
								{
									"name": "group",
									"origin": [7.87786, 7.82128, 19.52729],
									"children": [
										{
											"name": "group",
											"origin": [7.87786, 7.82128, 19.52729],
											"children": [
												{
													"name": "group",
													"origin": [7.87786, 7.82128, 19.52729],
													"children": [8,
														{
															"name": "group",
															"origin": [7.87786, 7.82128, 19.52729],
															"children": [9,
																{
																	"name": "group",
																	"origin": [7.87786, 7.82128, 19.52729],
																	"children": [10,
																		{
																			"name": "group",
																			"origin": [7.87786, 7.82128, 19.52729],
																			"children": [11,
																				{
																					"name": "group",
																					"origin": [7.87786, 7.82128, 19.52729],
																					"children": [
																						{
																							"name": "group",
																							"origin": [7.87786, 7.82128, 19.52729],
																							"children": [
																								{
																									"name": "group",
																									"origin": [7.87786, 7.82128, 19.52729],
																									"children": [
																										{
																											"name": "group",
																											"origin": [7.87786, 7.82128, 19.52729],
																											"children": []
																										}
																									]
																								}
																							]
																						}
																					]
																				}
																			]
																		}
																	]
																}
															]
														}
													]
												}
											]
										}
									]
								}
							]
						}
					]
				},
				{
					"name": "tentaculo1",
					"origin": [8, 8, 8],
					"children": [
						{
							"name": "group",
							"origin": [7.87786, 7.82128, 19.52729],
							"children": [
								{
									"name": "group",
									"origin": [7.87786, 7.82128, 19.52729],
									"children": [
										{
											"name": "group",
											"origin": [7.87786, 7.82128, 19.52729],
											"children": [
												{
													"name": "group",
													"origin": [7.87786, 7.82128, 19.52729],
													"children": [12,
														{
															"name": "group",
															"origin": [7.87786, 7.82128, 19.52729],
															"children": [13,
																{
																	"name": "group",
																	"origin": [7.87786, 7.82128, 19.52729],
																	"children": [14,
																		{
																			"name": "group",
																			"origin": [7.87786, 7.82128, 19.52729],
																			"children": [15,
																				{
																					"name": "group",
																					"origin": [7.87786, 7.82128, 19.52729],
																					"children": [
																						{
																							"name": "group",
																							"origin": [7.87786, 7.82128, 19.52729],
																							"children": [
																								{
																									"name": "group",
																									"origin": [7.87786, 7.82128, 19.52729],
																									"children": [
																										{
																											"name": "group",
																											"origin": [7.87786, 7.82128, 19.52729],
																											"children": []
																										}
																									]
																								}
																							]
																						}
																					]
																				}
																			]
																		}
																	]
																}
															]
														}
													]
												}
											]
										}
									]
								}
							]
						}
					]
				},
				{
					"name": "pierna1",
					"origin": [14.4, 9.2, 15],
					"children": [16, 17,
						{
							"name": "pierna2",
							"origin": [12, -6.5, 15],
							"children": [18,
								{
									"name": "zapato",
									"origin": [12, -7, 15],
									"children": [19, 20, 21, 22, 23]
								}
							]
						}
					]
				},
				{
					"name": "pierna2",
					"origin": [14.4, 9.2, 15],
					"children": [24, 25,
						{
							"name": "pierna2",
							"origin": [12, -6.5, 15],
							"children": [26,
								{
									"name": "zapato",
									"origin": [12, -7, 15],
									"children": [27, 28, 29, 30, 31]
								}
							]
						}
					]
				},
				{
					"name": "cuerpo",
					"origin": [12, 30.9, 15],
					"children": [32,
						{
							"name": "cuerpo2",
							"origin": [12, 30.9, 15],
							"children": [33,
								{
									"name": "cuerpo3",
									"origin": [12, 30.9, 15],
									"children": [34,
										{
											"name": "cuerpo4",
											"origin": [12, 30.9, 15],
											"children": [35, 36, 37]
										}
									]
								}
							]
						}
					]
				},
				{
					"name": "cabeza",
					"origin": [12.4, 33, 15],
					"children": [38,
						{
							"name": "cabeza2",
							"origin": [12.4, 33, 15],
							"children": [
								{
									"name": "boca1",
									"origin": [12.4, 37.7, 15],
									"children": [39, 40, 41]
								},
								{
									"name": "boca2",
									"origin": [12.4, 33, 15],
									"children": [42, 43]
								}
							]
						}
					]
				},
				{
					"name": "brazo1",
					"origin": [3, 25.2, 15],
					"children": [44, 45, 46, 47,
						{
							"name": "brazo2",
							"origin": [2.6, 20.9, 14.9],
							"children": [48,
								{
									"name": "brazo3",
									"origin": [2.6, 10.3, 14.9],
									"children": [49,
										{
											"name": "mano",
											"origin": [2.6, 0, 15],
											"children": [50, 51,
												{
													"name": "dedo1",
													"origin": [2.2, -1.7, 15],
													"children": [52, 53]
												},
												{
													"name": "dedo2",
													"origin": [2.2, -1.7, 15.6],
													"children": [54, 55]
												},
												{
													"name": "dedo3",
													"origin": [2.2, -1.7, 16.2],
													"children": [56, 57]
												},
												{
													"name": "pulgar",
													"origin": [3.3, -1.4, 13.4],
													"children": [58]
												}
											]
										}
									]
								}
							]
						}
					]
				},
				{
					"name": "brazo1",
					"origin": [3, 25.2, 15],
					"children": [59, 60, 61, 62,
						{
							"name": "brazo2",
							"origin": [2.6, 20.9, 14.9],
							"children": [63,
								{
									"name": "brazo3",
									"origin": [2.6, 10.3, 14.9],
									"children": [64,
										{
											"name": "mano",
											"origin": [2.6, 0, 15],
											"children": [65, 66,
												{
													"name": "dedo1",
													"origin": [2.2, -1.7, 15],
													"children": [67, 68]
												},
												{
													"name": "dedo2",
													"origin": [2.2, -1.7, 15.6],
													"children": [69, 70]
												},
												{
													"name": "dedo3",
													"origin": [2.2, -1.7, 16.2],
													"children": [71, 72]
												},
												{
													"name": "pulgar",
													"origin": [3.3, -1.4, 13.4],
													"children": [73]
												}
											]
										}
									]
								}
							]
						}
					]
				}
			]
		}
	]
}