{
	"credit": "Made with Blockbench",
	"texture_size": [32, 32],
	"textures": {
		"0": "6dt2_custom/6dt2_cartooncat/6dt2_cartooncat",
		"particle": "6dt2_custom/6dt2_cartooncat/6dt2_cartooncat"
	},
	"elements": [
		{
			"name": "pata",
			"from": [6.434, 4.33, 7.604],
			"to": [7.304, 8.68, 8.474],
			"rotation": {"angle": 0, "axis": "y", "origin": [20.354, 18.25, 20.654]},
			"faces": {
				"north": {"uv": [5.5, 3, 6, 4.5], "texture": "#0"},
				"east": {"uv": [0, 6, 0.5, 7.5], "texture": "#0"},
				"south": {"uv": [5.5, 3, 6, 4.5], "texture": "#0"},
				"west": {"uv": [2, 6, 2.5, 7.5], "texture": "#0"},
				"up": {"uv": [3, 4, 2.5, 3.5], "texture": "#0"},
				"down": {"uv": [3, 4, 2.5, 3.5], "texture": "#0"}
			}
		},
		{
			"name": "pata",
			"from": [6.434, -0.02, 7.604],
			"to": [7.304, 4.33, 8.474],
			"rotation": {"angle": 0, "axis": "y", "origin": [20.354, 13.9, 20.654]},
			"faces": {
				"north": {"uv": [2.5, 6, 3, 7.5], "texture": "#0"},
				"east": {"uv": [2.5, 6, 3, 7.5], "texture": "#0"},
				"south": {"uv": [2.5, 6, 3, 7.5], "texture": "#0"},
				"west": {"uv": [2.5, 6, 3, 7.5], "texture": "#0"},
				"up": {"uv": [2.5, 5, 2, 4.5], "texture": "#0"},
				"down": {"uv": [2.5, 5, 2, 4.5], "texture": "#0"}
			}
		},
		{
			"name": "pata",
			"from": [8.87, 4.33, 7.604],
			"to": [9.74, 8.68, 8.474],
			"rotation": {"angle": 0, "axis": "y", "origin": [22.79, 18.25, 20.654]},
			"faces": {
				"north": {"uv": [5.5, 3, 6, 4.5], "texture": "#0"},
				"east": {"uv": [5.5, 3, 6, 4.5], "texture": "#0"},
				"south": {"uv": [5.5, 3, 6, 4.5], "texture": "#0"},
				"west": {"uv": [5.5, 3, 6, 4.5], "texture": "#0"},
				"up": {"uv": [3, 4, 2.5, 3.5], "texture": "#0"},
				"down": {"uv": [3, 4, 2.5, 3.5], "texture": "#0"}
			}
		},
		{
			"name": "pata",
			"from": [8.87, -0.02, 7.604],
			"to": [9.74, 4.33, 8.474],
			"rotation": {"angle": 0, "axis": "y", "origin": [22.79, 13.9, 20.654]},
			"faces": {
				"north": {"uv": [2.5, 6, 3, 7.5], "texture": "#0"},
				"east": {"uv": [2.5, 6, 3, 7.5], "texture": "#0"},
				"south": {"uv": [2.5, 6, 3, 7.5], "texture": "#0"},
				"west": {"uv": [2.5, 6, 3, 7.5], "texture": "#0"},
				"up": {"uv": [2.5, 5, 2, 4.5], "texture": "#0"},
				"down": {"uv": [2.5, 5, 2, 4.5], "texture": "#0"}
			}
		},
		{
			"from": [5.912, 19.884, -1.992],
			"to": [10.262, 22.494, 0.27],
			"rotation": {"angle": -22.5, "axis": "x", "origin": [20.18, 33.804, 12.102]},
			"faces": {
				"north": {"uv": [3, 1, 4, 2], "texture": "#0"},
				"east": {"uv": [5.5, 0, 6, 1], "texture": "#0"},
				"south": {"uv": [3, 1, 4, 2], "texture": "#0"},
				"west": {"uv": [5.5, 4.5, 6, 5.5], "texture": "#0"},
				"up": {"uv": [5.5, 4.5, 4.5, 4], "texture": "#0"},
				"down": {"uv": [7.5, 3, 6.5, 3.5], "texture": "#0"}
			}
		},
		{
			"from": [5.564, 10.79, 5.208],
			"to": [10.61, 16.184, 7.47],
			"rotation": {"angle": -22.5, "axis": "x", "origin": [8.087, 13.487, 6.339]},
			"faces": {
				"north": {"uv": [0, 0, 1.5, 1.5], "texture": "#0"},
				"east": {"uv": [5, 6.5, 5.5, 8], "texture": "#0"},
				"south": {"uv": [0, 0, 1.5, 1.5], "texture": "#0"},
				"west": {"uv": [5.5, 6.5, 6, 8], "texture": "#0"},
				"up": {"uv": [3, 1.5, 1.5, 1], "texture": "#0"},
				"down": {"uv": [8, 6.5, 6.5, 7], "texture": "#0"}
			}
		},
		{
			"from": [5.912, 8.68, 7.082],
			"to": [10.262, 11.29, 8.996],
			"rotation": {"angle": -22.5, "axis": "x", "origin": [8.087, 9.985, 8.039]},
			"faces": {
				"north": {"uv": [1.5, 1.5, 3, 2.5], "texture": "#0"},
				"east": {"uv": [6.5, 3.5, 7, 4.5], "texture": "#0"},
				"south": {"uv": [1.5, 1.5, 3, 2.5], "texture": "#0"},
				"west": {"uv": [6.5, 4.5, 7, 5.5], "texture": "#0"},
				"up": {"uv": [8, 0.5, 6.5, 0], "texture": "#0"},
				"down": {"uv": [8, 0.5, 6.5, 1], "texture": "#0"}
			}
		},
		{
			"from": [3.44233, 26.08095, 3.99368],
			"to": [5.41897, 28.05759, 5.47616],
			"rotation": {"angle": -22.5, "axis": "x", "origin": [8.10732, 18.33036, 4.55884]},
			"faces": {
				"north": {"uv": [11, 0, 11.5, 0.5], "rotation": 270, "texture": "#0"},
				"east": {"uv": [11.5, 3.5, 11, 3], "rotation": 90, "texture": "#0"},
				"south": {"uv": [11, 2, 11.5, 2.5], "rotation": 90, "texture": "#0"},
				"west": {"uv": [11.5, 3.5, 11, 4], "rotation": 90, "texture": "#0"},
				"up": {"uv": [11, 2.5, 11.5, 3], "rotation": 90, "texture": "#0"},
				"down": {"uv": [11, 0.5, 11.5, 1], "rotation": 90, "texture": "#0"}
			}
		},
		{
			"from": [3.0178, 27.53071, 4.48784],
			"to": [4.00612, 29.01319, 4.982],
			"rotation": {"angle": -22.5, "axis": "x", "origin": [8.10732, 18.33036, 4.55884]},
			"faces": {
				"north": {"uv": [11, 4, 11.5, 4.5], "rotation": 270, "texture": "#0"},
				"east": {"uv": [11.5, 7.5, 11, 7], "rotation": 90, "texture": "#0"},
				"south": {"uv": [11, 6, 11.5, 6.5], "rotation": 90, "texture": "#0"},
				"west": {"uv": [11.5, 7.5, 11, 8], "rotation": 90, "texture": "#0"},
				"up": {"uv": [11, 6.5, 11.5, 7], "rotation": 90, "texture": "#0"},
				"down": {"uv": [11, 4.5, 11.5, 5], "rotation": 90, "texture": "#0"}
			}
		},
		{
			"from": [10.44771, 25.94043, 3.99368],
			"to": [12.42435, 27.91707, 5.47616],
			"rotation": {"angle": -22.5, "axis": "x", "origin": [8.10732, 18.33036, 4.55884]},
			"faces": {
				"north": {"uv": [11, 8.5, 11.5, 9], "texture": "#0"},
				"east": {"uv": [11, 10, 11.5, 10.5], "texture": "#0"},
				"south": {"uv": [11, 10.5, 11.5, 11], "texture": "#0"},
				"west": {"uv": [1, 11.5, 1.5, 12], "texture": "#0"},
				"up": {"uv": [2, 12, 1.5, 11.5], "texture": "#0"},
				"down": {"uv": [2.5, 11.5, 2, 12], "texture": "#0"}
			}
		},
		{
			"from": [11.86055, 27.28512, 4.48784],
			"to": [12.84887, 28.7676, 4.982],
			"rotation": {"angle": -22.5, "axis": "x", "origin": [8.10732, 18.33036, 4.55884]},
			"faces": {
				"north": {"uv": [2.5, 11.5, 3, 12], "texture": "#0"},
				"east": {"uv": [3, 11.5, 3.5, 12], "texture": "#0"},
				"south": {"uv": [4.5, 11.5, 5, 12], "texture": "#0"},
				"west": {"uv": [5, 11.5, 5.5, 12], "texture": "#0"},
				"up": {"uv": [6, 12, 5.5, 11.5], "texture": "#0"},
				"down": {"uv": [6.5, 11.5, 6, 12], "texture": "#0"}
			}
		},
		{
			"from": [3.69964, 19.86396, 1.76996],
			"to": [4.93504, 23.076, 7.4528],
			"rotation": {"angle": -22.5, "axis": "x", "origin": [8.10732, 18.33036, 4.55884]},
			"faces": {
				"north": {"uv": [6.5, 11.5, 7, 12], "texture": "#0"},
				"east": {"uv": [6.5, 5.5, 7.5, 6], "texture": "#0"},
				"south": {"uv": [7, 11.5, 7.5, 12], "texture": "#0"},
				"west": {"uv": [6.5, 6, 7.5, 6.5], "texture": "#0"},
				"up": {"uv": [7, 8, 6.5, 7], "texture": "#0"},
				"down": {"uv": [7.5, 7, 7, 8], "texture": "#0"}
			}
		},
		{
			"from": [6.17044, 18.38148, 3.49952],
			"to": [9.87664, 18.87564, 5.72324],
			"rotation": {"angle": -22.5, "axis": "x", "origin": [8.10732, 18.33036, 4.55884]},
			"faces": {
				"north": {"uv": [7, 3.5, 8, 4], "texture": "#0"},
				"east": {"uv": [8.5, 11.5, 9, 12], "texture": "#0"},
				"south": {"uv": [7, 4, 8, 4.5], "texture": "#0"},
				"west": {"uv": [9, 11.5, 9.5, 12], "texture": "#0"},
				"up": {"uv": [8, 5, 7, 4.5], "texture": "#0"},
				"down": {"uv": [8, 5, 7, 5.5], "texture": "#0"}
			}
		},
		{
			"from": [4.93504, 18.87564, 1.76996],
			"to": [11.11204, 19.86396, 7.4528],
			"rotation": {"angle": -22.5, "axis": "x", "origin": [8.10732, 18.33036, 4.55884]},
			"faces": {
				"north": {"uv": [6.5, 1, 8, 1.5], "texture": "#0"},
				"east": {"uv": [0, 7.5, 1, 8], "texture": "#0"},
				"south": {"uv": [6.5, 1.5, 8, 2], "texture": "#0"},
				"west": {"uv": [2, 7.5, 3, 8], "texture": "#0"},
				"up": {"uv": [3, 3.5, 1.5, 2.5], "texture": "#0"},
				"down": {"uv": [1.5, 3, 0, 4], "texture": "#0"}
			}
		},
		{
			"from": [10.86496, 19.86396, 1.76996],
			"to": [12.10036, 23.076, 7.4528],
			"rotation": {"angle": -22.5, "axis": "x", "origin": [8.10732, 18.33036, 4.55884]},
			"faces": {
				"north": {"uv": [6.5, 11.5, 7, 12], "texture": "#0"},
				"east": {"uv": [6.5, 6, 7.5, 6.5], "texture": "#0"},
				"south": {"uv": [7, 11.5, 7.5, 12], "texture": "#0"},
				"west": {"uv": [6.5, 5.5, 7.5, 6], "texture": "#0"},
				"up": {"uv": [7, 8, 6.5, 7], "texture": "#0"},
				"down": {"uv": [7.5, 7, 7, 8], "texture": "#0"}
			}
		},
		{
			"name": "pepe",
			"from": [4.93504, 21.59352, 1.76996],
			"to": [10.86496, 23.076, 7.4528],
			"rotation": {"angle": -22.5, "axis": "x", "origin": [8.10732, 18.33036, 4.55884]},
			"faces": {
				"north": {"uv": [7.5, 3, 8.5, 3.5], "texture": "#0"},
				"east": {"uv": [7.5, 7, 8.5, 7.5], "texture": "#0"},
				"south": {"uv": [0, 8, 1, 8.5], "texture": "#0"},
				"west": {"uv": [1, 8, 2, 8.5], "texture": "#0"},
				"up": {"uv": [2.5, 4.5, 1.5, 3.5], "texture": "#0"},
				"down": {"uv": [1, 4, 0, 5], "texture": "#0"}
			}
		},
		{
			"from": [4.93504, 19.86396, 3.00536],
			"to": [10.86496, 21.59352, 7.4528],
			"rotation": {"angle": -22.5, "axis": "x", "origin": [8.10732, 18.33036, 4.55884]},
			"faces": {
				"north": {"uv": [2, 8, 3, 8.5], "texture": "#0"},
				"east": {"uv": [3, 8, 4, 8.5], "texture": "#0"},
				"south": {"uv": [4, 8, 5, 8.5], "texture": "#0"},
				"west": {"uv": [5, 8, 6, 8.5], "texture": "#0"},
				"up": {"uv": [3.5, 5, 2.5, 4], "texture": "#0"},
				"down": {"uv": [4.5, 4, 3.5, 5], "texture": "#0"}
			}
		},
		{
			"from": [11.11204, 23.076, 2.26412],
			"to": [11.85328, 26.04096, 6.95864],
			"rotation": {"angle": -22.5, "axis": "x", "origin": [8.10732, 18.33036, 4.55884]},
			"faces": {
				"north": {"uv": [11.5, 11.5, 12, 12], "texture": "#0"},
				"east": {"uv": [8, 2.5, 9, 3], "texture": "#0"},
				"south": {"uv": [11.5, 0, 12, 0.5], "texture": "#0"},
				"west": {"uv": [8, 2, 9, 2.5], "texture": "#0"},
				"up": {"uv": [8.5, 4.5, 8, 3.5], "texture": "#0"},
				"down": {"uv": [8.5, 4.5, 8, 5.5], "texture": "#0"}
			}
		},
		{
			"from": [3.94672, 23.076, 2.26412],
			"to": [4.68796, 26.04096, 6.95864],
			"rotation": {"angle": -22.5, "axis": "x", "origin": [8.10732, 18.33036, 4.55884]},
			"faces": {
				"north": {"uv": [11.5, 11.5, 12, 12], "texture": "#0"},
				"east": {"uv": [8, 2, 9, 2.5], "texture": "#0"},
				"south": {"uv": [11.5, 0, 12, 0.5], "texture": "#0"},
				"west": {"uv": [8, 2.5, 9, 3], "texture": "#0"},
				"up": {"uv": [8.5, 4.5, 8, 3.5], "texture": "#0"},
				"down": {"uv": [8.5, 4.5, 8, 5.5], "texture": "#0"}
			}
		},
		{
			"from": [4.68796, 23.076, 6.2174],
			"to": [11.35912, 26.7822, 6.95864],
			"rotation": {"angle": -22.5, "axis": "x", "origin": [8.10732, 18.33036, 4.55884]},
			"faces": {
				"north": {"uv": [4, 1, 5, 2], "texture": "#0"},
				"east": {"uv": [8, 5.5, 8.5, 6.5], "texture": "#0"},
				"south": {"uv": [4, 2, 5, 3], "texture": "#0"},
				"west": {"uv": [0, 8.5, 0.5, 9.5], "texture": "#0"},
				"up": {"uv": [9, 7, 8, 6.5], "texture": "#0"},
				"down": {"uv": [1.5, 8.5, 0.5, 9], "texture": "#0"}
			}
		},
		{
			"from": [7.40584, 23.076, 2.26412],
			"to": [8.39416, 26.04096, 6.71156],
			"rotation": {"angle": -22.5, "axis": "x", "origin": [8.10732, 18.33036, 4.55884]},
			"faces": {
				"north": {"uv": [11.5, 11.5, 12, 12], "texture": "#0"},
				"east": {"uv": [8, 2, 9, 2.5], "texture": "#0"},
				"south": {"uv": [11.5, 0, 12, 0.5], "texture": "#0"},
				"west": {"uv": [8, 2, 9, 2.5], "texture": "#0"},
				"up": {"uv": [8.5, 4.5, 8, 3.5], "texture": "#0"},
				"down": {"uv": [8.5, 4.5, 8, 5.5], "texture": "#0"}
			}
		},
		{
			"from": [7.40584, 21.8406, 1.52288],
			"to": [8.64124, 22.82892, 2.01704],
			"rotation": {"angle": -22.5, "axis": "x", "origin": [8.10732, 18.33036, 4.55884]},
			"faces": {
				"north": {"uv": [11.5, 1.5, 12, 2], "texture": "#0"},
				"east": {"uv": [11.5, 2, 12, 2.5], "texture": "#0"},
				"south": {"uv": [11.5, 2.5, 12, 3], "texture": "#0"},
				"west": {"uv": [11.5, 3, 12, 3.5], "texture": "#0"},
				"up": {"uv": [12, 4, 11.5, 3.5], "texture": "#0"},
				"down": {"uv": [12, 4, 11.5, 4.5], "texture": "#0"}
			}
		},
		{
			"from": [4.44088, 26.53512, 2.26412],
			"to": [11.35912, 27.02928, 6.95864],
			"rotation": {"angle": -22.5, "axis": "x", "origin": [8.10732, 18.33036, 4.55884]},
			"faces": {
				"north": {"uv": [6.5, 2, 8, 2.5], "texture": "#0"},
				"east": {"uv": [4.5, 8.5, 5.5, 9], "texture": "#0"},
				"south": {"uv": [6.5, 2.5, 8, 3], "texture": "#0"},
				"west": {"uv": [5.5, 8.5, 6.5, 9], "texture": "#0"},
				"up": {"uv": [4.5, 4, 3, 3], "texture": "#0"},
				"down": {"uv": [4.5, 0, 3, 1], "texture": "#0"}
			}
		},
		{
			"from": [5.67628, 27.02928, 2.5112],
			"to": [10.3708, 27.52344, 6.71156],
			"rotation": {"angle": -22.5, "axis": "x", "origin": [8.10732, 18.33036, 4.55884]},
			"faces": {
				"north": {"uv": [6.5, 8.5, 7.5, 9], "texture": "#0"},
				"east": {"uv": [7.5, 8.5, 8.5, 9], "texture": "#0"},
				"south": {"uv": [8.5, 8.5, 9.5, 9], "texture": "#0"},
				"west": {"uv": [8.5, 0, 9.5, 0.5], "texture": "#0"},
				"up": {"uv": [2, 5.5, 1, 4.5], "texture": "#0"},
				"down": {"uv": [5.5, 4.5, 4.5, 5.5], "texture": "#0"}
			}
		},
		{
			"from": [3.94672, 26.04096, 2.26412],
			"to": [5.18212, 26.53512, 6.95864],
			"rotation": {"angle": -22.5, "axis": "x", "origin": [8.10732, 18.33036, 4.55884]},
			"faces": {
				"north": {"uv": [11.5, 4.5, 12, 5], "texture": "#0"},
				"east": {"uv": [8.5, 0.5, 9.5, 1], "texture": "#0"},
				"south": {"uv": [11.5, 5, 12, 5.5], "texture": "#0"},
				"west": {"uv": [8.5, 1, 9.5, 1.5], "texture": "#0"},
				"up": {"uv": [9, 4, 8.5, 3], "texture": "#0"},
				"down": {"uv": [9, 4, 8.5, 5], "texture": "#0"}
			}
		},
		{
			"from": [7.15876, 26.04096, 2.26412],
			"to": [8.64124, 26.53512, 6.95864],
			"rotation": {"angle": -22.5, "axis": "x", "origin": [8.10732, 18.33036, 4.55884]},
			"faces": {
				"north": {"uv": [11.5, 4.5, 12, 5], "texture": "#0"},
				"east": {"uv": [8.5, 1, 9.5, 1.5], "texture": "#0"},
				"south": {"uv": [11.5, 5, 12, 5.5], "texture": "#0"},
				"west": {"uv": [8.5, 1, 9.5, 1.5], "texture": "#0"},
				"up": {"uv": [9, 4, 8.5, 3], "texture": "#0"},
				"down": {"uv": [9, 4, 8.5, 5], "texture": "#0"}
			}
		},
		{
			"from": [10.61788, 26.04096, 2.26412],
			"to": [11.85328, 26.53512, 6.95864],
			"rotation": {"angle": -22.5, "axis": "x", "origin": [8.10732, 18.33036, 4.55884]},
			"faces": {
				"north": {"uv": [11.5, 4.5, 12, 5], "texture": "#0"},
				"east": {"uv": [8.5, 1, 9.5, 1.5], "texture": "#0"},
				"south": {"uv": [11.5, 5, 12, 5.5], "texture": "#0"},
				"west": {"uv": [8.5, 1, 9.5, 1.5], "texture": "#0"},
				"up": {"uv": [9, 4, 8.5, 3], "texture": "#0"},
				"down": {"uv": [9, 4, 8.5, 5], "texture": "#0"}
			}
		},
		{
			"from": [4.68116, 19.78024, 1.76996],
			"to": [5.45364, 20.52148, 7.20572],
			"rotation": {"angle": -22.5, "axis": "x", "origin": [8.10732, 18.33036, 4.55884]},
			"faces": {
				"north": {"uv": [11.5, 7.5, 12, 8], "texture": "#0"},
				"east": {"uv": [2.5, 9, 3.5, 9.5], "texture": "#0"},
				"south": {"uv": [11.5, 8, 12, 8.5], "texture": "#0"},
				"west": {"uv": [4.5, 9, 5.5, 9.5], "texture": "#0"},
				"up": {"uv": [6, 10, 5.5, 9], "texture": "#0"},
				"down": {"uv": [6.5, 9, 6, 10], "texture": "#0"}
			}
		},
		{
			"from": [10.54682, 19.6967, 1.76996],
			"to": [11.3193, 20.43794, 7.20572],
			"rotation": {"angle": -22.5, "axis": "x", "origin": [8.10732, 18.33036, 4.55884]},
			"faces": {
				"north": {"uv": [11.5, 7.5, 12, 8], "texture": "#0"},
				"east": {"uv": [2.5, 9, 3.5, 9.5], "texture": "#0"},
				"south": {"uv": [11.5, 7.5, 12, 8], "texture": "#0"},
				"west": {"uv": [2.5, 9, 3.5, 9.5], "texture": "#0"},
				"up": {"uv": [2.5, 9, 3.5, 9.5], "texture": "#0"},
				"down": {"uv": [2.5, 9, 3.5, 9.5], "texture": "#0"}
			}
		},
		{
			"from": [4.68796, 23.076, 2.75828],
			"to": [11.11204, 26.53512, 6.71156],
			"rotation": {"angle": -22.5, "axis": "x", "origin": [8.10732, 18.33036, 4.55884]},
			"faces": {
				"north": {"uv": [4.5, 0, 5.5, 1], "texture": "#0"},
				"east": {"uv": [4.5, 3, 5.5, 4], "texture": "#0"},
				"south": {"uv": [0, 5, 1, 6], "texture": "#0"},
				"west": {"uv": [2, 5, 3, 6], "texture": "#0"},
				"up": {"uv": [4, 6, 3, 5], "texture": "#0"},
				"down": {"uv": [6, 1, 5, 2], "texture": "#0"}
			}
		},
		{
			"from": [4.93504, 23.32308, 2.5112],
			"to": [7.15876, 25.79388, 2.75828],
			"rotation": {"angle": -22.5, "axis": "x", "origin": [8.10732, 18.33036, 4.55884]},
			"faces": {
				"north": {"uv": [11.5, 9.5, 12, 10], "texture": "#0"},
				"east": {"uv": [11.5, 10, 12, 10.5], "texture": "#0"},
				"south": {"uv": [11.5, 10.5, 12, 11], "texture": "#0"},
				"west": {"uv": [11.5, 11, 12, 11.5], "texture": "#0"},
				"up": {"uv": [0.5, 12.5, 0, 12], "texture": "#0"},
				"down": {"uv": [1, 12, 0.5, 12.5], "texture": "#0"}
			}
		},
		{
			"from": [5.4292, 25.79388, 2.5112],
			"to": [6.91168, 26.28804, 2.75828],
			"rotation": {"angle": -22.5, "axis": "x", "origin": [8.10732, 18.33036, 4.55884]},
			"faces": {
				"north": {"uv": [1, 12, 1.5, 12.5], "texture": "#0"},
				"east": {"uv": [1.5, 12, 2, 12.5], "texture": "#0"},
				"south": {"uv": [2, 12, 2.5, 12.5], "texture": "#0"},
				"west": {"uv": [2.5, 12, 3, 12.5], "texture": "#0"},
				"up": {"uv": [3.5, 12.5, 3, 12], "texture": "#0"},
				"down": {"uv": [4, 12, 3.5, 12.5], "texture": "#0"}
			}
		},
		{
			"from": [8.64124, 23.32308, 2.5112],
			"to": [10.86496, 25.79388, 2.75828],
			"rotation": {"angle": -22.5, "axis": "x", "origin": [8.10732, 18.33036, 4.55884]},
			"faces": {
				"north": {"uv": [11.5, 9.5, 12, 10], "texture": "#0"},
				"east": {"uv": [11.5, 10, 12, 10.5], "texture": "#0"},
				"south": {"uv": [11.5, 9.5, 12, 10], "texture": "#0"},
				"west": {"uv": [11.5, 10, 12, 10.5], "texture": "#0"},
				"up": {"uv": [0.5, 12.5, 0, 12], "texture": "#0"},
				"down": {"uv": [0.5, 12.5, 0, 12], "texture": "#0"}
			}
		},
		{
			"from": [8.88832, 25.79388, 2.5112],
			"to": [10.3708, 26.28804, 2.75828],
			"rotation": {"angle": -22.5, "axis": "x", "origin": [8.10732, 18.33036, 4.55884]},
			"faces": {
				"north": {"uv": [1, 12, 1.5, 12.5], "texture": "#0"},
				"east": {"uv": [1.5, 12, 2, 12.5], "texture": "#0"},
				"south": {"uv": [1, 12, 1.5, 12.5], "texture": "#0"},
				"west": {"uv": [1.5, 12, 2, 12.5], "texture": "#0"},
				"up": {"uv": [3.5, 12.5, 3, 12], "texture": "#0"},
				"down": {"uv": [3.5, 12.5, 3, 12], "texture": "#0"}
			}
		},
		{
			"from": [5.67628, 19.86396, 2.01704],
			"to": [10.54972, 20.11104, 7.20572],
			"rotation": {"angle": -22.5, "axis": "x", "origin": [8.10732, 18.33036, 4.55884]},
			"faces": {
				"north": {"uv": [9, 2, 10, 2.5], "texture": "#0"},
				"east": {"uv": [9, 2.5, 10, 3], "texture": "#0"},
				"south": {"uv": [9, 3, 10, 3.5], "texture": "#0"},
				"west": {"uv": [9, 3.5, 10, 4], "texture": "#0"},
				"up": {"uv": [6, 3, 5, 2], "texture": "#0"},
				"down": {"uv": [2, 5.5, 1, 6.5], "texture": "#0"}
			}
		},
		{
			"from": [5.11459, 19.76035, 2.01704],
			"to": [5.75075, 20.56975, 7.20572],
			"rotation": {"angle": -22.5, "axis": "x", "origin": [8.10732, 18.33036, 4.55884]},
			"faces": {
				"north": {"uv": [10, 12, 10.5, 12.5], "rotation": 270, "texture": "#0"},
				"east": {"uv": [9.5, 6.5, 9, 5.5], "rotation": 90, "texture": "#0"},
				"south": {"uv": [10.5, 12, 11, 12.5], "rotation": 90, "texture": "#0"},
				"west": {"uv": [9.5, 6.5, 9, 7.5], "rotation": 90, "texture": "#0"},
				"up": {"uv": [9, 4.5, 10, 5], "rotation": 90, "texture": "#0"},
				"down": {"uv": [9, 4, 10, 4.5], "rotation": 90, "texture": "#0"}
			}
		},
		{
			"from": [4.55057, 19.9624, 2.01704],
			"to": [5.29181, 21.44488, 7.20572],
			"rotation": {"angle": -22.5, "axis": "x", "origin": [8.10732, 18.33036, 4.55884]},
			"faces": {
				"north": {"uv": [11, 12, 11.5, 12.5], "texture": "#0"},
				"east": {"uv": [9, 7.5, 10, 8], "texture": "#0"},
				"south": {"uv": [11.5, 12, 12, 12.5], "texture": "#0"},
				"west": {"uv": [0, 9.5, 1, 10], "texture": "#0"},
				"up": {"uv": [1.5, 10.5, 1, 9.5], "texture": "#0"},
				"down": {"uv": [3, 9.5, 2.5, 10.5], "texture": "#0"}
			}
		},
		{
			"from": [10.35543, 20.08501, 2.01704],
			"to": [10.99159, 20.61041, 7.20572],
			"rotation": {"angle": -22.5, "axis": "x", "origin": [8.10732, 18.33036, 4.55884]},
			"faces": {
				"north": {"uv": [10, 12, 10.5, 12.5], "rotation": 270, "texture": "#0"},
				"east": {"uv": [9.5, 6.5, 9, 5.5], "rotation": 90, "texture": "#0"},
				"south": {"uv": [12, 0, 12.5, 0.5], "rotation": 90, "texture": "#0"},
				"west": {"uv": [9.5, 6.5, 9, 5.5], "rotation": 90, "texture": "#0"},
				"up": {"uv": [9, 4, 10, 4.5], "rotation": 90, "texture": "#0"},
				"down": {"uv": [9, 4, 10, 4.5], "rotation": 90, "texture": "#0"}
			}
		},
		{
			"from": [10.65662, 20.21774, 2.01704],
			"to": [11.64494, 21.45314, 7.20572],
			"rotation": {"angle": -22.5, "axis": "x", "origin": [8.10732, 18.33036, 4.55884]},
			"faces": {
				"north": {"uv": [11, 12, 11.5, 12.5], "texture": "#0"},
				"east": {"uv": [0, 9.5, 1, 10], "texture": "#0"},
				"south": {"uv": [11, 12, 11.5, 12.5], "texture": "#0"},
				"west": {"uv": [0, 9.5, 1, 10], "texture": "#0"},
				"up": {"uv": [1.5, 10.5, 1, 9.5], "texture": "#0"},
				"down": {"uv": [1.5, 10.5, 1, 9.5], "texture": "#0"}
			}
		},
		{
			"from": [4.93504, 21.34644, 2.01704],
			"to": [10.86496, 22.33476, 7.20572],
			"rotation": {"angle": -22.5, "axis": "x", "origin": [8.10732, 18.33036, 4.55884]},
			"faces": {
				"north": {"uv": [9.5, 1, 10.5, 1.5], "texture": "#0"},
				"east": {"uv": [9.5, 1.5, 10.5, 2], "texture": "#0"},
				"south": {"uv": [9.5, 5, 10.5, 5.5], "texture": "#0"},
				"west": {"uv": [9.5, 5.5, 10.5, 6], "texture": "#0"},
				"up": {"uv": [5, 6.5, 4, 5.5], "texture": "#0"},
				"down": {"uv": [6, 5.5, 5, 6.5], "texture": "#0"}
			}
		},
		{
			"from": [6.6646, 20.11104, 2.26412],
			"to": [7.15876, 20.6052, 7.20572],
			"rotation": {"angle": -22.5, "axis": "x", "origin": [8.10732, 18.33036, 4.55884]},
			"faces": {
				"north": {"uv": [12, 1.5, 12.5, 2], "texture": "#0"},
				"east": {"uv": [9.5, 6, 10.5, 6.5], "texture": "#0"},
				"south": {"uv": [12, 2, 12.5, 2.5], "texture": "#0"},
				"west": {"uv": [9.5, 6.5, 10.5, 7], "texture": "#0"},
				"up": {"uv": [10, 9, 9.5, 8], "texture": "#0"},
				"down": {"uv": [0.5, 10, 0, 11], "texture": "#0"}
			}
		},
		{
			"from": [6.6646, 20.85228, 2.26412],
			"to": [7.15876, 21.34644, 7.20572],
			"rotation": {"angle": -22.5, "axis": "x", "origin": [8.10732, 18.33036, 4.55884]},
			"faces": {
				"north": {"uv": [12, 1.5, 12.5, 2], "texture": "#0"},
				"east": {"uv": [9.5, 6.5, 10.5, 7], "texture": "#0"},
				"south": {"uv": [12, 3, 12.5, 3.5], "texture": "#0"},
				"west": {"uv": [9.5, 6.5, 10.5, 7], "texture": "#0"},
				"up": {"uv": [9.5, 6.5, 10.5, 7], "texture": "#0"},
				"down": {"uv": [9.5, 6.5, 10.5, 7], "texture": "#0"}
			}
		},
		{
			"from": [7.40584, 20.11104, 2.26412],
			"to": [7.9, 20.6052, 7.20572],
			"rotation": {"angle": -22.5, "axis": "x", "origin": [8.10732, 18.33036, 4.55884]},
			"faces": {
				"north": {"uv": [12, 1.5, 12.5, 2], "texture": "#0"},
				"east": {"uv": [9.5, 6.5, 10.5, 7], "texture": "#0"},
				"south": {"uv": [12, 4, 12.5, 4.5], "texture": "#0"},
				"west": {"uv": [9.5, 6.5, 10.5, 7], "texture": "#0"},
				"up": {"uv": [9.5, 6.5, 10.5, 7], "texture": "#0"},
				"down": {"uv": [9.5, 6.5, 10.5, 7], "texture": "#0"}
			}
		},
		{
			"from": [8.14708, 20.11104, 2.26412],
			"to": [8.64124, 20.6052, 7.20572],
			"rotation": {"angle": -22.5, "axis": "x", "origin": [8.10732, 18.33036, 4.55884]},
			"faces": {
				"north": {"uv": [12, 1.5, 12.5, 2], "texture": "#0"},
				"east": {"uv": [9.5, 6.5, 10.5, 7], "texture": "#0"},
				"south": {"uv": [12, 5, 12.5, 5.5], "texture": "#0"},
				"west": {"uv": [9.5, 6.5, 10.5, 7], "texture": "#0"},
				"up": {"uv": [9.5, 6.5, 10.5, 7], "texture": "#0"},
				"down": {"uv": [9.5, 6.5, 10.5, 7], "texture": "#0"}
			}
		},
		{
			"from": [8.88832, 20.11104, 2.26412],
			"to": [9.38248, 20.6052, 7.20572],
			"rotation": {"angle": -22.5, "axis": "x", "origin": [8.10732, 18.33036, 4.55884]},
			"faces": {
				"north": {"uv": [12, 1.5, 12.5, 2], "texture": "#0"},
				"east": {"uv": [9.5, 6.5, 10.5, 7], "texture": "#0"},
				"south": {"uv": [12, 6, 12.5, 6.5], "texture": "#0"},
				"west": {"uv": [9.5, 6.5, 10.5, 7], "texture": "#0"},
				"up": {"uv": [9.5, 6.5, 10.5, 7], "texture": "#0"},
				"down": {"uv": [9.5, 6.5, 10.5, 7], "texture": "#0"}
			}
		},
		{
			"from": [5.92336, 20.11104, 2.26412],
			"to": [6.41752, 20.6052, 7.20572],
			"rotation": {"angle": -22.5, "axis": "x", "origin": [8.10732, 18.33036, 4.55884]},
			"faces": {
				"north": {"uv": [12, 1.5, 12.5, 2], "texture": "#0"},
				"east": {"uv": [9.5, 6.5, 10.5, 7], "texture": "#0"},
				"south": {"uv": [12, 7, 12.5, 7.5], "texture": "#0"},
				"west": {"uv": [9.5, 6.5, 10.5, 7], "texture": "#0"},
				"up": {"uv": [9.5, 6.5, 10.5, 7], "texture": "#0"},
				"down": {"uv": [9.5, 6.5, 10.5, 7], "texture": "#0"}
			}
		},
		{
			"from": [5.92336, 20.85228, 2.26412],
			"to": [6.41752, 21.34644, 7.20572],
			"rotation": {"angle": -22.5, "axis": "x", "origin": [8.10732, 18.33036, 4.55884]},
			"faces": {
				"north": {"uv": [12, 1.5, 12.5, 2], "texture": "#0"},
				"east": {"uv": [9.5, 6.5, 10.5, 7], "texture": "#0"},
				"south": {"uv": [12, 8, 12.5, 8.5], "texture": "#0"},
				"west": {"uv": [9.5, 6.5, 10.5, 7], "texture": "#0"},
				"up": {"uv": [9.5, 6.5, 10.5, 7], "texture": "#0"},
				"down": {"uv": [9.5, 6.5, 10.5, 7], "texture": "#0"}
			}
		},
		{
			"from": [7.40584, 20.85228, 2.26412],
			"to": [7.9, 21.34644, 7.20572],
			"rotation": {"angle": -22.5, "axis": "x", "origin": [8.10732, 18.33036, 4.55884]},
			"faces": {
				"north": {"uv": [12, 1.5, 12.5, 2], "texture": "#0"},
				"east": {"uv": [9.5, 6.5, 10.5, 7], "texture": "#0"},
				"south": {"uv": [12, 9, 12.5, 9.5], "texture": "#0"},
				"west": {"uv": [9.5, 6.5, 10.5, 7], "texture": "#0"},
				"up": {"uv": [9.5, 6.5, 10.5, 7], "texture": "#0"},
				"down": {"uv": [9.5, 6.5, 10.5, 7], "texture": "#0"}
			}
		},
		{
			"from": [8.14708, 20.85228, 2.26412],
			"to": [8.64124, 21.34644, 7.20572],
			"rotation": {"angle": -22.5, "axis": "x", "origin": [8.10732, 18.33036, 4.55884]},
			"faces": {
				"north": {"uv": [12, 1.5, 12.5, 2], "texture": "#0"},
				"east": {"uv": [9.5, 6.5, 10.5, 7], "texture": "#0"},
				"south": {"uv": [12, 10, 12.5, 10.5], "texture": "#0"},
				"west": {"uv": [9.5, 6.5, 10.5, 7], "texture": "#0"},
				"up": {"uv": [9.5, 6.5, 10.5, 7], "texture": "#0"},
				"down": {"uv": [9.5, 6.5, 10.5, 7], "texture": "#0"}
			}
		},
		{
			"from": [8.88832, 20.85228, 2.26412],
			"to": [9.38248, 21.34644, 7.20572],
			"rotation": {"angle": -22.5, "axis": "x", "origin": [8.10732, 18.33036, 4.55884]},
			"faces": {
				"north": {"uv": [12, 1.5, 12.5, 2], "texture": "#0"},
				"east": {"uv": [9.5, 6.5, 10.5, 7], "texture": "#0"},
				"south": {"uv": [12, 11, 12.5, 11.5], "texture": "#0"},
				"west": {"uv": [9.5, 6.5, 10.5, 7], "texture": "#0"},
				"up": {"uv": [9.5, 6.5, 10.5, 7], "texture": "#0"},
				"down": {"uv": [9.5, 6.5, 10.5, 7], "texture": "#0"}
			}
		},
		{
			"from": [9.62956, 20.85228, 2.26412],
			"to": [10.12372, 21.34644, 7.20572],
			"rotation": {"angle": -22.5, "axis": "x", "origin": [8.10732, 18.33036, 4.55884]},
			"faces": {
				"north": {"uv": [12, 1.5, 12.5, 2], "texture": "#0"},
				"east": {"uv": [9.5, 6.5, 10.5, 7], "texture": "#0"},
				"south": {"uv": [0, 12.5, 0.5, 13], "texture": "#0"},
				"west": {"uv": [9.5, 6.5, 10.5, 7], "texture": "#0"},
				"up": {"uv": [9.5, 6.5, 10.5, 7], "texture": "#0"},
				"down": {"uv": [9.5, 6.5, 10.5, 7], "texture": "#0"}
			}
		},
		{
			"from": [5.18212, 20.85228, 2.26412],
			"to": [5.67628, 21.34644, 7.20572],
			"rotation": {"angle": -22.5, "axis": "x", "origin": [8.10732, 18.33036, 4.55884]},
			"faces": {
				"north": {"uv": [12, 1.5, 12.5, 2], "texture": "#0"},
				"east": {"uv": [9.5, 6.5, 10.5, 7], "texture": "#0"},
				"south": {"uv": [1, 12.5, 1.5, 13], "texture": "#0"},
				"west": {"uv": [9.5, 6.5, 10.5, 7], "texture": "#0"},
				"up": {"uv": [9.5, 6.5, 10.5, 7], "texture": "#0"},
				"down": {"uv": [9.5, 6.5, 10.5, 7], "texture": "#0"}
			}
		},
		{
			"from": [10.3708, 20.85228, 2.26412],
			"to": [10.86496, 21.34644, 7.20572],
			"rotation": {"angle": -22.5, "axis": "x", "origin": [8.10732, 18.33036, 4.55884]},
			"faces": {
				"north": {"uv": [12, 1.5, 12.5, 2], "texture": "#0"},
				"east": {"uv": [9.5, 6.5, 10.5, 7], "texture": "#0"},
				"south": {"uv": [2, 12.5, 2.5, 13], "texture": "#0"},
				"west": {"uv": [9.5, 6.5, 10.5, 7], "texture": "#0"},
				"up": {"uv": [9.5, 6.5, 10.5, 7], "texture": "#0"},
				"down": {"uv": [9.5, 6.5, 10.5, 7], "texture": "#0"}
			}
		},
		{
			"from": [9.62956, 20.11104, 2.26412],
			"to": [10.12372, 20.6052, 7.20572],
			"rotation": {"angle": -22.5, "axis": "x", "origin": [8.10732, 18.33036, 4.55884]},
			"faces": {
				"north": {"uv": [12, 1.5, 12.5, 2], "texture": "#0"},
				"east": {"uv": [9.5, 6.5, 10.5, 7], "texture": "#0"},
				"south": {"uv": [3, 12.5, 3.5, 13], "texture": "#0"},
				"west": {"uv": [9.5, 6.5, 10.5, 7], "texture": "#0"},
				"up": {"uv": [9.5, 6.5, 10.5, 7], "texture": "#0"},
				"down": {"uv": [9.5, 6.5, 10.5, 7], "texture": "#0"}
			}
		},
		{
			"from": [4.842, 16.536, 4.13],
			"to": [5.886, 18.798, 5.174],
			"rotation": {"angle": -22.5, "axis": "x", "origin": [6.234, 18.337, 4.652]},
			"faces": {
				"north": {"uv": [3.5, 12.5, 4, 13], "texture": "#0"},
				"east": {"uv": [4, 12.5, 4.5, 13], "texture": "#0"},
				"south": {"uv": [4.5, 12.5, 5, 13], "texture": "#0"},
				"west": {"uv": [5, 12.5, 5.5, 13], "texture": "#0"},
				"up": {"uv": [6, 13, 5.5, 12.5], "texture": "#0"},
				"down": {"uv": [6.5, 12.5, 6, 13], "texture": "#0"}
			}
		},
		{
			"from": [4.868, 14.318, 4.13],
			"to": [5.912, 16.58, 5.174],
			"rotation": {"angle": -22.5, "axis": "x", "origin": [6.234, 18.337, 4.652]},
			"faces": {
				"north": {"uv": [6.5, 12.5, 7, 13], "texture": "#0"},
				"east": {"uv": [7, 12.5, 7.5, 13], "texture": "#0"},
				"south": {"uv": [7.5, 12.5, 8, 13], "texture": "#0"},
				"west": {"uv": [8, 12.5, 8.5, 13], "texture": "#0"},
				"up": {"uv": [9, 13, 8.5, 12.5], "texture": "#0"},
				"down": {"uv": [9.5, 12.5, 9, 13], "texture": "#0"}
			}
		},
		{
			"from": [4.902, 12.026, 4.13],
			"to": [5.946, 14.288, 5.174],
			"rotation": {"angle": -22.5, "axis": "x", "origin": [6.234, 18.337, 4.652]},
			"faces": {
				"north": {"uv": [9.5, 12.5, 10, 13], "texture": "#0"},
				"east": {"uv": [10, 12.5, 10.5, 13], "texture": "#0"},
				"south": {"uv": [10.5, 12.5, 11, 13], "texture": "#0"},
				"west": {"uv": [11, 12.5, 11.5, 13], "texture": "#0"},
				"up": {"uv": [12, 13, 11.5, 12.5], "texture": "#0"},
				"down": {"uv": [12.5, 12.5, 12, 13], "texture": "#0"}
			}
		},
		{
			"from": [4.902, 9.764, 4.13],
			"to": [5.946, 12.026, 5.174],
			"rotation": {"angle": -22.5, "axis": "x", "origin": [6.234, 18.337, 4.652]},
			"faces": {
				"north": {"uv": [12.5, 12.5, 13, 13], "texture": "#0"},
				"east": {"uv": [12.5, 0, 13, 0.5], "texture": "#0"},
				"south": {"uv": [12.5, 0.5, 13, 1], "texture": "#0"},
				"west": {"uv": [12.5, 1, 13, 1.5], "texture": "#0"},
				"up": {"uv": [13, 2, 12.5, 1.5], "texture": "#0"},
				"down": {"uv": [13, 2, 12.5, 2.5], "texture": "#0"}
			}
		},
		{
			"from": [4.902, 7.502, 4.13],
			"to": [5.946, 9.764, 5.174],
			"rotation": {"angle": -22.5, "axis": "x", "origin": [6.234, 18.337, 4.652]},
			"faces": {
				"north": {"uv": [12.5, 2.5, 13, 3], "texture": "#0"},
				"east": {"uv": [12.5, 3, 13, 3.5], "texture": "#0"},
				"south": {"uv": [12.5, 3.5, 13, 4], "texture": "#0"},
				"west": {"uv": [12.5, 4, 13, 4.5], "texture": "#0"},
				"up": {"uv": [13, 5, 12.5, 4.5], "texture": "#0"},
				"down": {"uv": [13, 5, 12.5, 5.5], "texture": "#0"}
			}
		},
		{
			"from": [4.604, 6.932, 3.782],
			"to": [6.344, 7.454, 5.522],
			"rotation": {"angle": -22.5, "axis": "x", "origin": [6.234, 18.337, 4.652]},
			"faces": {
				"north": {"uv": [12.5, 6, 13, 6.5], "texture": "#0"},
				"east": {"uv": [12.5, 6.5, 13, 7], "texture": "#0"},
				"south": {"uv": [12.5, 7, 13, 7.5], "texture": "#0"},
				"west": {"uv": [12.5, 5.5, 13, 6], "texture": "#0"},
				"up": {"uv": [13, 8, 12.5, 7.5], "rotation": 270, "texture": "#0"},
				"down": {"uv": [13, 8, 12.5, 8.5], "rotation": 90, "texture": "#0"}
			}
		},
		{
			"from": [4.778, 5.888, 3.956],
			"to": [6.17, 6.932, 5.348],
			"rotation": {"angle": -22.5, "axis": "x", "origin": [6.234, 18.337, 4.652]},
			"faces": {
				"north": {"uv": [12.5, 9, 13, 9.5], "texture": "#0"},
				"east": {"uv": [12.5, 9.5, 13, 10], "texture": "#0"},
				"south": {"uv": [12.5, 10, 13, 10.5], "texture": "#0"},
				"west": {"uv": [12.5, 8.5, 13, 9], "texture": "#0"},
				"up": {"uv": [13, 11, 12.5, 10.5], "rotation": 270, "texture": "#0"},
				"down": {"uv": [13, 11, 12.5, 11.5], "rotation": 90, "texture": "#0"}
			}
		},
		{
			"from": [4.604, 5.192, 5],
			"to": [4.952, 6.236, 5.348],
			"rotation": {"angle": -22.5, "axis": "x", "origin": [6.234, 18.337, 4.652]},
			"faces": {
				"north": {"uv": [0.5, 13, 1, 13.5], "texture": "#0"},
				"east": {"uv": [0, 13, 0.5, 13.5], "texture": "#0"},
				"south": {"uv": [0.5, 13, 1, 13.5], "texture": "#0"},
				"west": {"uv": [12.5, 11.5, 13, 12], "texture": "#0"},
				"up": {"uv": [1.5, 13.5, 1, 13], "rotation": 270, "texture": "#0"},
				"down": {"uv": [2, 13, 1.5, 13.5], "rotation": 90, "texture": "#0"}
			}
		},
		{
			"from": [4.604, 4.496, 5],
			"to": [4.952, 5.192, 5.348],
			"rotation": {"angle": -22.5, "axis": "x", "origin": [6.234, 18.337, 4.652]},
			"faces": {
				"north": {"uv": [2.5, 13, 3, 13.5], "texture": "#0"},
				"east": {"uv": [3, 13, 3.5, 13.5], "texture": "#0"},
				"south": {"uv": [3.5, 13, 4, 13.5], "texture": "#0"},
				"west": {"uv": [2, 13, 2.5, 13.5], "texture": "#0"},
				"up": {"uv": [4.5, 13.5, 4, 13], "rotation": 270, "texture": "#0"},
				"down": {"uv": [5, 13, 4.5, 13.5], "rotation": 90, "texture": "#0"}
			}
		},
		{
			"from": [4.604, 5.192, 4.478],
			"to": [4.952, 6.236, 4.826],
			"rotation": {"angle": -22.5, "axis": "x", "origin": [6.234, 18.337, 4.652]},
			"faces": {
				"north": {"uv": [0.5, 13, 1, 13.5], "texture": "#0"},
				"east": {"uv": [0, 13, 0.5, 13.5], "texture": "#0"},
				"south": {"uv": [0.5, 13, 1, 13.5], "texture": "#0"},
				"west": {"uv": [12.5, 11.5, 13, 12], "texture": "#0"},
				"up": {"uv": [1.5, 13.5, 1, 13], "rotation": 270, "texture": "#0"},
				"down": {"uv": [2, 13, 1.5, 13.5], "rotation": 90, "texture": "#0"}
			}
		},
		{
			"from": [4.604, 4.496, 4.478],
			"to": [4.952, 5.192, 4.826],
			"rotation": {"angle": -22.5, "axis": "x", "origin": [6.234, 18.337, 4.652]},
			"faces": {
				"north": {"uv": [3.5, 13, 4, 13.5], "texture": "#0"},
				"east": {"uv": [2, 13, 2.5, 13.5], "texture": "#0"},
				"south": {"uv": [3.5, 13, 4, 13.5], "texture": "#0"},
				"west": {"uv": [2, 13, 2.5, 13.5], "texture": "#0"},
				"up": {"uv": [4.5, 13.5, 4, 13], "rotation": 270, "texture": "#0"},
				"down": {"uv": [5, 13, 4.5, 13.5], "rotation": 90, "texture": "#0"}
			}
		},
		{
			"from": [4.604, 5.192, 3.956],
			"to": [4.952, 6.236, 4.304],
			"rotation": {"angle": -22.5, "axis": "x", "origin": [6.234, 18.337, 4.652]},
			"faces": {
				"north": {"uv": [0.5, 13, 1, 13.5], "texture": "#0"},
				"east": {"uv": [0, 13, 0.5, 13.5], "texture": "#0"},
				"south": {"uv": [0.5, 13, 1, 13.5], "texture": "#0"},
				"west": {"uv": [12.5, 11.5, 13, 12], "texture": "#0"},
				"up": {"uv": [1.5, 13.5, 1, 13], "rotation": 270, "texture": "#0"},
				"down": {"uv": [2, 13, 1.5, 13.5], "rotation": 90, "texture": "#0"}
			}
		},
		{
			"from": [4.604, 4.496, 3.956],
			"to": [4.952, 5.192, 4.304],
			"rotation": {"angle": -22.5, "axis": "x", "origin": [6.234, 18.337, 4.652]},
			"faces": {
				"north": {"uv": [3.5, 13, 4, 13.5], "texture": "#0"},
				"east": {"uv": [2, 13, 2.5, 13.5], "texture": "#0"},
				"south": {"uv": [3.5, 13, 4, 13.5], "texture": "#0"},
				"west": {"uv": [2, 13, 2.5, 13.5], "texture": "#0"},
				"up": {"uv": [4.5, 13.5, 4, 13], "rotation": 270, "texture": "#0"},
				"down": {"uv": [5, 13, 4.5, 13.5], "rotation": 90, "texture": "#0"}
			}
		},
		{
			"from": [5.3, 5.192, 3.782],
			"to": [5.822, 6.236, 4.13],
			"rotation": {"angle": -22.5, "axis": "x", "origin": [6.234, 18.337, 4.652]},
			"faces": {
				"north": {"uv": [13, 4, 13.5, 4.5], "texture": "#0"},
				"east": {"uv": [13, 4.5, 13.5, 5], "texture": "#0"},
				"south": {"uv": [13, 5, 13.5, 5.5], "texture": "#0"},
				"west": {"uv": [13, 3.5, 13.5, 4], "texture": "#0"},
				"up": {"uv": [13.5, 6, 13, 5.5], "rotation": 270, "texture": "#0"},
				"down": {"uv": [13.5, 6, 13, 6.5], "rotation": 90, "texture": "#0"}
			}
		},
		{
			"from": [10.114, 16.136, 4.43],
			"to": [11.158, 18.398, 5.474],
			"rotation": {"angle": -22.5, "axis": "x", "origin": [9.766, 17.937, 4.952]},
			"faces": {
				"north": {"uv": [4, 12.5, 3.5, 13], "texture": "#0"},
				"east": {"uv": [5.5, 12.5, 5, 13], "texture": "#0"},
				"south": {"uv": [5, 12.5, 4.5, 13], "texture": "#0"},
				"west": {"uv": [4.5, 12.5, 4, 13], "texture": "#0"},
				"up": {"uv": [5.5, 13, 6, 12.5], "texture": "#0"},
				"down": {"uv": [6, 12.5, 6.5, 13], "texture": "#0"}
			}
		},
		{
			"from": [10.088, 13.918, 4.43],
			"to": [11.132, 16.18, 5.474],
			"rotation": {"angle": -22.5, "axis": "x", "origin": [9.766, 17.937, 4.952]},
			"faces": {
				"north": {"uv": [7, 12.5, 6.5, 13], "texture": "#0"},
				"east": {"uv": [8.5, 12.5, 8, 13], "texture": "#0"},
				"south": {"uv": [8, 12.5, 7.5, 13], "texture": "#0"},
				"west": {"uv": [7.5, 12.5, 7, 13], "texture": "#0"},
				"up": {"uv": [8.5, 13, 9, 12.5], "texture": "#0"},
				"down": {"uv": [9, 12.5, 9.5, 13], "texture": "#0"}
			}
		},
		{
			"from": [10.054, 11.626, 4.43],
			"to": [11.098, 13.888, 5.474],
			"rotation": {"angle": -22.5, "axis": "x", "origin": [9.766, 17.937, 4.952]},
			"faces": {
				"north": {"uv": [10, 12.5, 9.5, 13], "texture": "#0"},
				"east": {"uv": [11.5, 12.5, 11, 13], "texture": "#0"},
				"south": {"uv": [11, 12.5, 10.5, 13], "texture": "#0"},
				"west": {"uv": [10.5, 12.5, 10, 13], "texture": "#0"},
				"up": {"uv": [11.5, 13, 12, 12.5], "texture": "#0"},
				"down": {"uv": [12, 12.5, 12.5, 13], "texture": "#0"}
			}
		},
		{
			"from": [10.054, 9.364, 4.43],
			"to": [11.098, 11.626, 5.474],
			"rotation": {"angle": -22.5, "axis": "x", "origin": [9.766, 17.937, 4.952]},
			"faces": {
				"north": {"uv": [13, 12.5, 12.5, 13], "texture": "#0"},
				"east": {"uv": [13, 1, 12.5, 1.5], "texture": "#0"},
				"south": {"uv": [13, 0.5, 12.5, 1], "texture": "#0"},
				"west": {"uv": [13, 0, 12.5, 0.5], "texture": "#0"},
				"up": {"uv": [12.5, 2, 13, 1.5], "texture": "#0"},
				"down": {"uv": [12.5, 2, 13, 2.5], "texture": "#0"}
			}
		},
		{
			"from": [10.054, 7.102, 4.43],
			"to": [11.098, 9.364, 5.474],
			"rotation": {"angle": -22.5, "axis": "x", "origin": [9.766, 17.937, 4.952]},
			"faces": {
				"north": {"uv": [13, 2.5, 12.5, 3], "texture": "#0"},
				"east": {"uv": [13, 4, 12.5, 4.5], "texture": "#0"},
				"south": {"uv": [13, 3.5, 12.5, 4], "texture": "#0"},
				"west": {"uv": [13, 3, 12.5, 3.5], "texture": "#0"},
				"up": {"uv": [12.5, 5, 13, 4.5], "texture": "#0"},
				"down": {"uv": [12.5, 5, 13, 5.5], "texture": "#0"}
			}
		},
		{
			"from": [9.656, 6.532, 4.082],
			"to": [11.396, 7.054, 5.822],
			"rotation": {"angle": -22.5, "axis": "x", "origin": [9.766, 17.937, 4.952]},
			"faces": {
				"north": {"uv": [13, 6, 12.5, 6.5], "texture": "#0"},
				"east": {"uv": [13, 5.5, 12.5, 6], "texture": "#0"},
				"south": {"uv": [13, 7, 12.5, 7.5], "texture": "#0"},
				"west": {"uv": [13, 6.5, 12.5, 7], "texture": "#0"},
				"up": {"uv": [13, 7.5, 12.5, 8], "rotation": 270, "texture": "#0"},
				"down": {"uv": [13, 8.5, 12.5, 8], "rotation": 90, "texture": "#0"}
			}
		},
		{
			"from": [9.83, 5.488, 4.256],
			"to": [11.222, 6.532, 5.648],
			"rotation": {"angle": -22.5, "axis": "x", "origin": [9.766, 17.937, 4.952]},
			"faces": {
				"north": {"uv": [13, 9, 12.5, 9.5], "texture": "#0"},
				"east": {"uv": [13, 8.5, 12.5, 9], "texture": "#0"},
				"south": {"uv": [13, 10, 12.5, 10.5], "texture": "#0"},
				"west": {"uv": [13, 9.5, 12.5, 10], "texture": "#0"},
				"up": {"uv": [13, 10.5, 12.5, 11], "rotation": 270, "texture": "#0"},
				"down": {"uv": [13, 11.5, 12.5, 11], "rotation": 90, "texture": "#0"}
			}
		},
		{
			"from": [11.048, 4.792, 5.3],
			"to": [11.396, 5.836, 5.648],
			"rotation": {"angle": -22.5, "axis": "x", "origin": [9.766, 17.937, 4.952]},
			"faces": {
				"north": {"uv": [1, 13, 0.5, 13.5], "texture": "#0"},
				"east": {"uv": [13, 11.5, 12.5, 12], "texture": "#0"},
				"south": {"uv": [1, 13, 0.5, 13.5], "texture": "#0"},
				"west": {"uv": [0.5, 13, 0, 13.5], "texture": "#0"},
				"up": {"uv": [1.5, 13, 1, 13.5], "rotation": 270, "texture": "#0"},
				"down": {"uv": [2, 13.5, 1.5, 13], "rotation": 90, "texture": "#0"}
			}
		},
		{
			"from": [11.048, 4.096, 5.3],
			"to": [11.396, 4.792, 5.648],
			"rotation": {"angle": -22.5, "axis": "x", "origin": [9.766, 17.937, 4.952]},
			"faces": {
				"north": {"uv": [3, 13, 2.5, 13.5], "texture": "#0"},
				"east": {"uv": [2.5, 13, 2, 13.5], "texture": "#0"},
				"south": {"uv": [4, 13, 3.5, 13.5], "texture": "#0"},
				"west": {"uv": [3.5, 13, 3, 13.5], "texture": "#0"},
				"up": {"uv": [4.5, 13, 4, 13.5], "rotation": 270, "texture": "#0"},
				"down": {"uv": [5, 13.5, 4.5, 13], "rotation": 90, "texture": "#0"}
			}
		},
		{
			"from": [11.048, 4.792, 4.778],
			"to": [11.396, 5.836, 5.126],
			"rotation": {"angle": -22.5, "axis": "x", "origin": [9.766, 17.937, 4.952]},
			"faces": {
				"north": {"uv": [1, 13, 0.5, 13.5], "texture": "#0"},
				"east": {"uv": [13, 11.5, 12.5, 12], "texture": "#0"},
				"south": {"uv": [1, 13, 0.5, 13.5], "texture": "#0"},
				"west": {"uv": [0.5, 13, 0, 13.5], "texture": "#0"},
				"up": {"uv": [1.5, 13, 1, 13.5], "rotation": 270, "texture": "#0"},
				"down": {"uv": [2, 13.5, 1.5, 13], "rotation": 90, "texture": "#0"}
			}
		},
		{
			"from": [11.048, 4.096, 4.778],
			"to": [11.396, 4.792, 5.126],
			"rotation": {"angle": -22.5, "axis": "x", "origin": [9.766, 17.937, 4.952]},
			"faces": {
				"north": {"uv": [4, 13, 3.5, 13.5], "texture": "#0"},
				"east": {"uv": [2.5, 13, 2, 13.5], "texture": "#0"},
				"south": {"uv": [4, 13, 3.5, 13.5], "texture": "#0"},
				"west": {"uv": [2.5, 13, 2, 13.5], "texture": "#0"},
				"up": {"uv": [4.5, 13, 4, 13.5], "rotation": 270, "texture": "#0"},
				"down": {"uv": [5, 13.5, 4.5, 13], "rotation": 90, "texture": "#0"}
			}
		},
		{
			"from": [11.048, 4.792, 4.256],
			"to": [11.396, 5.836, 4.604],
			"rotation": {"angle": -22.5, "axis": "x", "origin": [9.766, 17.937, 4.952]},
			"faces": {
				"north": {"uv": [1, 13, 0.5, 13.5], "texture": "#0"},
				"east": {"uv": [13, 11.5, 12.5, 12], "texture": "#0"},
				"south": {"uv": [1, 13, 0.5, 13.5], "texture": "#0"},
				"west": {"uv": [0.5, 13, 0, 13.5], "texture": "#0"},
				"up": {"uv": [1.5, 13, 1, 13.5], "rotation": 270, "texture": "#0"},
				"down": {"uv": [2, 13.5, 1.5, 13], "rotation": 90, "texture": "#0"}
			}
		},
		{
			"from": [11.048, 4.096, 4.256],
			"to": [11.396, 4.792, 4.604],
			"rotation": {"angle": -22.5, "axis": "x", "origin": [9.766, 17.937, 4.952]},
			"faces": {
				"north": {"uv": [4, 13, 3.5, 13.5], "texture": "#0"},
				"east": {"uv": [2.5, 13, 2, 13.5], "texture": "#0"},
				"south": {"uv": [4, 13, 3.5, 13.5], "texture": "#0"},
				"west": {"uv": [2.5, 13, 2, 13.5], "texture": "#0"},
				"up": {"uv": [4.5, 13, 4, 13.5], "rotation": 270, "texture": "#0"},
				"down": {"uv": [5, 13.5, 4.5, 13], "rotation": 90, "texture": "#0"}
			}
		},
		{
			"from": [10.178, 4.792, 4.082],
			"to": [10.7, 5.836, 4.43],
			"rotation": {"angle": -22.5, "axis": "x", "origin": [9.766, 17.937, 4.952]},
			"faces": {
				"north": {"uv": [13.5, 4, 13, 4.5], "texture": "#0"},
				"east": {"uv": [13.5, 3.5, 13, 4], "texture": "#0"},
				"south": {"uv": [13.5, 5, 13, 5.5], "texture": "#0"},
				"west": {"uv": [13.5, 4.5, 13, 5], "texture": "#0"},
				"up": {"uv": [13.5, 5.5, 13, 6], "rotation": 270, "texture": "#0"},
				"down": {"uv": [13.5, 6.5, 13, 6], "rotation": 90, "texture": "#0"}
			}
		}
	],
	"display": {
		"head": {
			"translation": [0, -20.5, 0],
			"scale": [2.8418, 3.08008, 3.68164]
		}
	},
	"groups": [
		{
			"name": "todo",
			"origin": [8, 8, 8],
			"children": [
				{
					"name": "pata1",
					"origin": [13, 8, 16],
					"children": [0, 1]
				},
				{
					"name": "pata2",
					"origin": [13, 8, 16],
					"children": [2, 3]
				},
				{
					"name": "cuerpo",
					"origin": [13, 13, 16.2],
					"children": [4, 5, 6]
				},
				{
					"name": "cabeza",
					"origin": [13, 19.8, 16.2],
					"children": [
						{
							"name": "oreja1",
							"origin": [12.3, 17, 16.5],
							"children": [7, 8]
						},
						{
							"name": "oreja2",
							"origin": [12.3, 17, 16.5],
							"children": [9, 10]
						}, 11, 12, 13, 14, 15, 16, 17, 18, 19, 20, 21, 22, 23, 24, 25, 26, 27, 28, 29, 30, 31, 32, 33, 34, 35, 36, 37, 38, 39, 40, 41, 42, 43, 44, 45, 46, 47, 48, 49, 50, 51, 52, 53]
				},
				{
					"name": "brazo1",
					"origin": [10.8, 18, 16],
					"children": [54,
						{
							"name": "1.1",
							"origin": [12.1, 16.6, 16],
							"children": [55,
								{
									"name": "1.2",
									"origin": [12.1, 10.1, 15.4],
									"children": [56,
										{
											"name": "1.3",
											"origin": [12.1, 10.1, 15.4],
											"children": [57,
												{
													"name": "1.4",
													"origin": [12.1, 10.1, 15.4],
													"children": [58,
														{
															"name": "mano",
															"origin": [12.1, 10.1, 15.4],
															"children": [59, 60,
																{
																	"name": "dedo1",
																	"origin": [12.1, 10.1, 15.4],
																	"children": [61,
																		{
																			"name": "dedo1.1",
																			"origin": [12.4, 10.7, 15.4],
																			"children": [62]
																		}
																	]
																},
																{
																	"name": "dedo2",
																	"origin": [12.4, 10.7, 15.4],
																	"children": [63,
																		{
																			"name": "dedo1.1",
																			"origin": [12.4, 10.7, 15.4],
																			"children": [64]
																		}
																	]
																},
																{
																	"name": "dedo3",
																	"origin": [12.7, 10.7, 15.4],
																	"children": [65,
																		{
																			"name": "dedo1.1",
																			"origin": [12.4, 10.7, 15.4],
																			"children": [66]
																		}
																	]
																},
																{
																	"name": "dedo4",
																	"origin": [12.8, 10.7, 15.8],
																	"children": [67]
																}
															]
														}
													]
												}
											]
										}
									]
								}
							]
						}
					]
				},
				{
					"name": "brazo2",
					"origin": [10.8, 18, 16],
					"children": [68,
						{
							"name": "1.1",
							"origin": [12.1, 16.6, 16],
							"children": [69,
								{
									"name": "1.2",
									"origin": [12.1, 10.1, 15.4],
									"children": [70,
										{
											"name": "1.3",
											"origin": [12.1, 10.1, 15.4],
											"children": [71,
												{
													"name": "1.4",
													"origin": [12.1, 10.1, 15.4],
													"children": [72,
														{
															"name": "mano",
															"origin": [12.1, 10.1, 15.4],
															"children": [73, 74,
																{
																	"name": "dedo1",
																	"origin": [12.1, 10.1, 15.4],
																	"children": [75,
																		{
																			"name": "dedo1.1",
																			"origin": [12.4, 10.7, 15.4],
																			"children": [76]
																		}
																	]
																},
																{
																	"name": "dedo2",
																	"origin": [12.4, 10.7, 15.4],
																	"children": [77,
																		{
																			"name": "dedo1.1",
																			"origin": [12.4, 10.7, 15.4],
																			"children": [78]
																		}
																	]
																},
																{
																	"name": "dedo3",
																	"origin": [12.7, 10.7, 15.4],
																	"children": [79,
																		{
																			"name": "dedo1.1",
																			"origin": [12.4, 10.7, 15.4],
																			"children": [80]
																		}
																	]
																},
																{
																	"name": "dedo4",
																	"origin": [12.8, 10.7, 15.8],
																	"children": [81]
																}
															]
														}
													]
												}
											]
										}
									]
								}
							]
						}
					]
				}
			]
		}
	]
}