{
	"credit": "Made with Blockbench",
	"texture_size": [32, 32],
	"textures": {
		"0": "6dt2_custom/6dt2_cartooncat/6dt2_cartooncat",
		"particle": "6dt2_custom/6dt2_cartooncat/6dt2_cartooncat"
	},
	"elements": [
		{
			"name": "pata",
			"from": [6.434, -1.27, 10.504],
			"to": [7.304, 3.08, 11.374],
			"rotation": {"angle": 22.5, "axis": "x", "origin": [20.354, 12.65, 23.554]},
			"faces": {
				"north": {"uv": [5.5, 3, 6, 4.5], "texture": "#0"},
				"east": {"uv": [0, 6, 0.5, 7.5], "texture": "#0"},
				"south": {"uv": [5.5, 3, 6, 4.5], "texture": "#0"},
				"west": {"uv": [2, 6, 2.5, 7.5], "texture": "#0"},
				"up": {"uv": [3, 4, 2.5, 3.5], "texture": "#0"},
				"down": {"uv": [3, 4, 2.5, 3.5], "texture": "#0"}
			}
		},
		{
			"name": "pata",
			"from": [6.434, -5.22, 8.804],
			"to": [7.304, -0.87, 9.674],
			"rotation": {"angle": 22.5, "axis": "x", "origin": [20.354, 8.7, 21.854]},
			"faces": {
				"north": {"uv": [2.5, 6, 3, 7.5], "texture": "#0"},
				"east": {"uv": [2.5, 6, 3, 7.5], "texture": "#0"},
				"south": {"uv": [2.5, 6, 3, 7.5], "texture": "#0"},
				"west": {"uv": [2.5, 6, 3, 7.5], "texture": "#0"},
				"up": {"uv": [2.5, 5, 2, 4.5], "texture": "#0"},
				"down": {"uv": [2.5, 5, 2, 4.5], "texture": "#0"}
			}
		},
		{
			"name": "pata",
			"from": [8.87, -1.27, 10.404],
			"to": [9.74, 3.08, 11.274],
			"rotation": {"angle": 22.5, "axis": "x", "origin": [22.79, 12.65, 23.454]},
			"faces": {
				"north": {"uv": [5.5, 3, 6, 4.5], "texture": "#0"},
				"east": {"uv": [5.5, 3, 6, 4.5], "texture": "#0"},
				"south": {"uv": [5.5, 3, 6, 4.5], "texture": "#0"},
				"west": {"uv": [5.5, 3, 6, 4.5], "texture": "#0"},
				"up": {"uv": [3, 4, 2.5, 3.5], "texture": "#0"},
				"down": {"uv": [3, 4, 2.5, 3.5], "texture": "#0"}
			}
		},
		{
			"name": "pata",
			"from": [8.87, -5.22, 8.704],
			"to": [9.74, -0.87, 9.574],
			"rotation": {"angle": 22.5, "axis": "x", "origin": [22.79, 8.7, 21.754]},
			"faces": {
				"north": {"uv": [2.5, 6, 3, 7.5], "texture": "#0"},
				"east": {"uv": [2.5, 6, 3, 7.5], "texture": "#0"},
				"south": {"uv": [2.5, 6, 3, 7.5], "texture": "#0"},
				"west": {"uv": [2.5, 6, 3, 7.5], "texture": "#0"},
				"up": {"uv": [2.5, 5, 2, 4.5], "texture": "#0"},
				"down": {"uv": [2.5, 5, 2, 4.5], "texture": "#0"}
			}
		},
		{
			"from": [5.912, 20.184, -1.092],
			"to": [10.262, 22.794, 1.17],
			"rotation": {"angle": -22.5, "axis": "x", "origin": [20.18, 34.104, 13.002]},
			"faces": {
				"north": {"uv": [3, 1, 4, 2], "texture": "#0"},
				"east": {"uv": [5.5, 0, 6, 1], "texture": "#0"},
				"south": {"uv": [3, 1, 4, 2], "texture": "#0"},
				"west": {"uv": [5.5, 4.5, 6, 5.5], "texture": "#0"},
				"up": {"uv": [5.5, 4.5, 4.5, 4], "texture": "#0"},
				"down": {"uv": [7.5, 3, 6.5, 3.5], "texture": "#0"}
			}
		},
		{
			"from": [5.564, 15.09, 0.808],
			"to": [10.61, 20.484, 3.07],
			"rotation": {"angle": -22.5, "axis": "x", "origin": [20.18, 29.01, 14.902]},
			"faces": {
				"north": {"uv": [0, 0, 1.5, 1.5], "texture": "#0"},
				"east": {"uv": [5, 6.5, 5.5, 8], "texture": "#0"},
				"south": {"uv": [0, 0, 1.5, 1.5], "texture": "#0"},
				"west": {"uv": [5.5, 6.5, 6, 8], "texture": "#0"},
				"up": {"uv": [3, 1.5, 1.5, 1], "texture": "#0"},
				"down": {"uv": [8, 6.5, 6.5, 7], "texture": "#0"}
			}
		},
		{
			"from": [5.912, 8.68, 7.082],
			"to": [10.262, 11.29, 8.996],
			"rotation": {"angle": 0, "axis": "y", "origin": [20.18, 22.6, 21.002]},
			"faces": {
				"north": {"uv": [1.5, 1.5, 3, 2.5], "texture": "#0"},
				"east": {"uv": [6.5, 3.5, 7, 4.5], "texture": "#0"},
				"south": {"uv": [1.5, 1.5, 3, 2.5], "texture": "#0"},
				"west": {"uv": [6.5, 4.5, 7, 5.5], "texture": "#0"},
				"up": {"uv": [8, 0.5, 6.5, 0], "texture": "#0"},
				"down": {"uv": [8, 0.5, 6.5, 1], "texture": "#0"}
			}
		},
		{
			"from": [4.70966, 24.46945, 4.36032],
			"to": [6.21302, 25.97281, 5.48784],
			"rotation": {"angle": 0, "axis": "y", "origin": [8.25768, 18.57464, 4.79016]},
			"faces": {
				"north": {"uv": [11, 0, 11.5, 0.5], "rotation": 270, "texture": "#0"},
				"east": {"uv": [11.5, 3.5, 11, 3], "rotation": 90, "texture": "#0"},
				"south": {"uv": [11, 2, 11.5, 2.5], "rotation": 90, "texture": "#0"},
				"west": {"uv": [11.5, 3.5, 11, 4], "rotation": 90, "texture": "#0"},
				"up": {"uv": [11, 2.5, 11.5, 3], "rotation": 90, "texture": "#0"},
				"down": {"uv": [11, 0.5, 11.5, 1], "rotation": 90, "texture": "#0"}
			}
		},
		{
			"from": [4.38678, 25.57209, 4.73616],
			"to": [5.13846, 26.69961, 5.112],
			"rotation": {"angle": 0, "axis": "y", "origin": [8.25768, 18.57464, 4.79016]},
			"faces": {
				"north": {"uv": [11, 4, 11.5, 4.5], "rotation": 270, "texture": "#0"},
				"east": {"uv": [11.5, 7.5, 11, 7], "rotation": 90, "texture": "#0"},
				"south": {"uv": [11, 6, 11.5, 6.5], "rotation": 90, "texture": "#0"},
				"west": {"uv": [11.5, 7.5, 11, 8], "rotation": 90, "texture": "#0"},
				"up": {"uv": [11, 6.5, 11.5, 7], "rotation": 90, "texture": "#0"},
				"down": {"uv": [11, 4.5, 11.5, 5], "rotation": 90, "texture": "#0"}
			}
		},
		{
			"from": [10.03769, 24.36258, 4.36032],
			"to": [11.54105, 25.86594, 5.48784],
			"rotation": {"angle": 0, "axis": "y", "origin": [8.25768, 18.57464, 4.79016]},
			"faces": {
				"north": {"uv": [11, 8.5, 11.5, 9], "texture": "#0"},
				"east": {"uv": [11, 10, 11.5, 10.5], "texture": "#0"},
				"south": {"uv": [11, 10.5, 11.5, 11], "texture": "#0"},
				"west": {"uv": [1, 11.5, 1.5, 12], "texture": "#0"},
				"up": {"uv": [2, 12, 1.5, 11.5], "texture": "#0"},
				"down": {"uv": [2.5, 11.5, 2, 12], "texture": "#0"}
			}
		},
		{
			"from": [11.11225, 25.3853, 4.73616],
			"to": [11.86393, 26.51282, 5.112],
			"rotation": {"angle": 0, "axis": "y", "origin": [8.25768, 18.57464, 4.79016]},
			"faces": {
				"north": {"uv": [2.5, 11.5, 3, 12], "texture": "#0"},
				"east": {"uv": [3, 11.5, 3.5, 12], "texture": "#0"},
				"south": {"uv": [4.5, 11.5, 5, 12], "texture": "#0"},
				"west": {"uv": [5, 11.5, 5.5, 12], "texture": "#0"},
				"up": {"uv": [6, 12, 5.5, 11.5], "texture": "#0"},
				"down": {"uv": [6.5, 11.5, 6, 12], "texture": "#0"}
			}
		},
		{
			"from": [4.90536, 19.74104, 2.66904],
			"to": [5.84496, 22.184, 6.9912],
			"rotation": {"angle": 0, "axis": "y", "origin": [8.25768, 18.57464, 4.79016]},
			"faces": {
				"north": {"uv": [6.5, 11.5, 7, 12], "texture": "#0"},
				"east": {"uv": [6.5, 5.5, 7.5, 6], "texture": "#0"},
				"south": {"uv": [7, 11.5, 7.5, 12], "texture": "#0"},
				"west": {"uv": [6.5, 6, 7.5, 6.5], "texture": "#0"},
				"up": {"uv": [7, 8, 6.5, 7], "texture": "#0"},
				"down": {"uv": [7.5, 7, 7, 8], "texture": "#0"}
			}
		},
		{
			"from": [6.78456, 18.61352, 3.98448],
			"to": [9.60336, 18.98936, 5.67576],
			"rotation": {"angle": 0, "axis": "y", "origin": [8.25768, 18.57464, 4.79016]},
			"faces": {
				"north": {"uv": [7, 3.5, 8, 4], "texture": "#0"},
				"east": {"uv": [8.5, 11.5, 9, 12], "texture": "#0"},
				"south": {"uv": [7, 4, 8, 4.5], "texture": "#0"},
				"west": {"uv": [9, 11.5, 9.5, 12], "texture": "#0"},
				"up": {"uv": [8, 5, 7, 4.5], "texture": "#0"},
				"down": {"uv": [8, 5, 7, 5.5], "texture": "#0"}
			}
		},
		{
			"from": [5.84496, 18.98936, 2.66904],
			"to": [10.54296, 19.74104, 6.9912],
			"rotation": {"angle": 0, "axis": "y", "origin": [8.25768, 18.57464, 4.79016]},
			"faces": {
				"north": {"uv": [6.5, 1, 8, 1.5], "texture": "#0"},
				"east": {"uv": [0, 7.5, 1, 8], "texture": "#0"},
				"south": {"uv": [6.5, 1.5, 8, 2], "texture": "#0"},
				"west": {"uv": [2, 7.5, 3, 8], "texture": "#0"},
				"up": {"uv": [3, 3.5, 1.5, 2.5], "texture": "#0"},
				"down": {"uv": [1.5, 3, 0, 4], "texture": "#0"}
			}
		},
		{
			"from": [10.35504, 19.74104, 2.66904],
			"to": [11.29464, 22.184, 6.9912],
			"rotation": {"angle": 0, "axis": "y", "origin": [8.25768, 18.57464, 4.79016]},
			"faces": {
				"north": {"uv": [6.5, 11.5, 7, 12], "texture": "#0"},
				"east": {"uv": [6.5, 6, 7.5, 6.5], "texture": "#0"},
				"south": {"uv": [7, 11.5, 7.5, 12], "texture": "#0"},
				"west": {"uv": [6.5, 5.5, 7.5, 6], "texture": "#0"},
				"up": {"uv": [7, 8, 6.5, 7], "texture": "#0"},
				"down": {"uv": [7.5, 7, 7, 8], "texture": "#0"}
			}
		},
		{
			"name": "pepe",
			"from": [5.84496, 21.05648, 2.66904],
			"to": [10.35504, 22.184, 6.9912],
			"rotation": {"angle": 0, "axis": "y", "origin": [8.25768, 18.57464, 4.79016]},
			"faces": {
				"north": {"uv": [7.5, 3, 8.5, 3.5], "texture": "#0"},
				"east": {"uv": [7.5, 7, 8.5, 7.5], "texture": "#0"},
				"south": {"uv": [0, 8, 1, 8.5], "texture": "#0"},
				"west": {"uv": [1, 8, 2, 8.5], "texture": "#0"},
				"up": {"uv": [2.5, 4.5, 1.5, 3.5], "texture": "#0"},
				"down": {"uv": [1, 4, 0, 5], "texture": "#0"}
			}
		},
		{
			"from": [5.84496, 19.74104, 3.60864],
			"to": [10.35504, 21.05648, 6.9912],
			"rotation": {"angle": 0, "axis": "y", "origin": [8.25768, 18.57464, 4.79016]},
			"faces": {
				"north": {"uv": [2, 8, 3, 8.5], "texture": "#0"},
				"east": {"uv": [3, 8, 4, 8.5], "texture": "#0"},
				"south": {"uv": [4, 8, 5, 8.5], "texture": "#0"},
				"west": {"uv": [5, 8, 6, 8.5], "texture": "#0"},
				"up": {"uv": [3.5, 5, 2.5, 4], "texture": "#0"},
				"down": {"uv": [4.5, 4, 3.5, 5], "texture": "#0"}
			}
		},
		{
			"from": [10.54296, 22.184, 3.04488],
			"to": [11.10672, 24.43904, 6.61536],
			"rotation": {"angle": 0, "axis": "y", "origin": [8.25768, 18.57464, 4.79016]},
			"faces": {
				"north": {"uv": [11.5, 11.5, 12, 12], "texture": "#0"},
				"east": {"uv": [8, 2.5, 9, 3], "texture": "#0"},
				"south": {"uv": [11.5, 0, 12, 0.5], "texture": "#0"},
				"west": {"uv": [8, 2, 9, 2.5], "texture": "#0"},
				"up": {"uv": [8.5, 4.5, 8, 3.5], "texture": "#0"},
				"down": {"uv": [8.5, 4.5, 8, 5.5], "texture": "#0"}
			}
		},
		{
			"from": [5.09328, 22.184, 3.04488],
			"to": [5.65704, 24.43904, 6.61536],
			"rotation": {"angle": 0, "axis": "y", "origin": [8.25768, 18.57464, 4.79016]},
			"faces": {
				"north": {"uv": [11.5, 11.5, 12, 12], "texture": "#0"},
				"east": {"uv": [8, 2, 9, 2.5], "texture": "#0"},
				"south": {"uv": [11.5, 0, 12, 0.5], "texture": "#0"},
				"west": {"uv": [8, 2.5, 9, 3], "texture": "#0"},
				"up": {"uv": [8.5, 4.5, 8, 3.5], "texture": "#0"},
				"down": {"uv": [8.5, 4.5, 8, 5.5], "texture": "#0"}
			}
		},
		{
			"from": [5.65704, 22.184, 6.0516],
			"to": [10.73088, 25.0028, 6.61536],
			"rotation": {"angle": 0, "axis": "y", "origin": [8.25768, 18.57464, 4.79016]},
			"faces": {
				"north": {"uv": [4, 1, 5, 2], "texture": "#0"},
				"east": {"uv": [8, 5.5, 8.5, 6.5], "texture": "#0"},
				"south": {"uv": [4, 2, 5, 3], "texture": "#0"},
				"west": {"uv": [0, 8.5, 0.5, 9.5], "texture": "#0"},
				"up": {"uv": [9, 7, 8, 6.5], "texture": "#0"},
				"down": {"uv": [1.5, 8.5, 0.5, 9], "texture": "#0"}
			}
		},
		{
			"from": [7.72416, 22.184, 3.04488],
			"to": [8.47584, 24.43904, 6.42744],
			"rotation": {"angle": 0, "axis": "y", "origin": [8.25768, 18.57464, 4.79016]},
			"faces": {
				"north": {"uv": [11.5, 11.5, 12, 12], "texture": "#0"},
				"east": {"uv": [8, 2, 9, 2.5], "texture": "#0"},
				"south": {"uv": [11.5, 0, 12, 0.5], "texture": "#0"},
				"west": {"uv": [8, 2, 9, 2.5], "texture": "#0"},
				"up": {"uv": [8.5, 4.5, 8, 3.5], "texture": "#0"},
				"down": {"uv": [8.5, 4.5, 8, 5.5], "texture": "#0"}
			}
		},
		{
			"from": [7.72416, 21.2444, 2.48112],
			"to": [8.66376, 21.99608, 2.85696],
			"rotation": {"angle": 0, "axis": "y", "origin": [8.25768, 18.57464, 4.79016]},
			"faces": {
				"north": {"uv": [11.5, 1.5, 12, 2], "texture": "#0"},
				"east": {"uv": [11.5, 2, 12, 2.5], "texture": "#0"},
				"south": {"uv": [11.5, 2.5, 12, 3], "texture": "#0"},
				"west": {"uv": [11.5, 3, 12, 3.5], "texture": "#0"},
				"up": {"uv": [12, 4, 11.5, 3.5], "texture": "#0"},
				"down": {"uv": [12, 4, 11.5, 4.5], "texture": "#0"}
			}
		},
		{
			"from": [5.46912, 24.81488, 3.04488],
			"to": [10.73088, 25.19072, 6.61536],
			"rotation": {"angle": 0, "axis": "y", "origin": [8.25768, 18.57464, 4.79016]},
			"faces": {
				"north": {"uv": [6.5, 2, 8, 2.5], "texture": "#0"},
				"east": {"uv": [4.5, 8.5, 5.5, 9], "texture": "#0"},
				"south": {"uv": [6.5, 2.5, 8, 3], "texture": "#0"},
				"west": {"uv": [5.5, 8.5, 6.5, 9], "texture": "#0"},
				"up": {"uv": [4.5, 4, 3, 3], "texture": "#0"},
				"down": {"uv": [4.5, 0, 3, 1], "texture": "#0"}
			}
		},
		{
			"from": [6.40872, 25.19072, 3.2328],
			"to": [9.9792, 25.56656, 6.42744],
			"rotation": {"angle": 0, "axis": "y", "origin": [8.25768, 18.57464, 4.79016]},
			"faces": {
				"north": {"uv": [6.5, 8.5, 7.5, 9], "texture": "#0"},
				"east": {"uv": [7.5, 8.5, 8.5, 9], "texture": "#0"},
				"south": {"uv": [8.5, 8.5, 9.5, 9], "texture": "#0"},
				"west": {"uv": [8.5, 0, 9.5, 0.5], "texture": "#0"},
				"up": {"uv": [2, 5.5, 1, 4.5], "texture": "#0"},
				"down": {"uv": [5.5, 4.5, 4.5, 5.5], "texture": "#0"}
			}
		},
		{
			"from": [5.09328, 24.43904, 3.04488],
			"to": [6.03288, 24.81488, 6.61536],
			"rotation": {"angle": 0, "axis": "y", "origin": [8.25768, 18.57464, 4.79016]},
			"faces": {
				"north": {"uv": [11.5, 4.5, 12, 5], "texture": "#0"},
				"east": {"uv": [8.5, 0.5, 9.5, 1], "texture": "#0"},
				"south": {"uv": [11.5, 5, 12, 5.5], "texture": "#0"},
				"west": {"uv": [8.5, 1, 9.5, 1.5], "texture": "#0"},
				"up": {"uv": [9, 4, 8.5, 3], "texture": "#0"},
				"down": {"uv": [9, 4, 8.5, 5], "texture": "#0"}
			}
		},
		{
			"from": [7.53624, 24.43904, 3.04488],
			"to": [8.66376, 24.81488, 6.61536],
			"rotation": {"angle": 0, "axis": "y", "origin": [8.25768, 18.57464, 4.79016]},
			"faces": {
				"north": {"uv": [11.5, 4.5, 12, 5], "texture": "#0"},
				"east": {"uv": [8.5, 1, 9.5, 1.5], "texture": "#0"},
				"south": {"uv": [11.5, 5, 12, 5.5], "texture": "#0"},
				"west": {"uv": [8.5, 1, 9.5, 1.5], "texture": "#0"},
				"up": {"uv": [9, 4, 8.5, 3], "texture": "#0"},
				"down": {"uv": [9, 4, 8.5, 5], "texture": "#0"}
			}
		},
		{
			"from": [10.16712, 24.43904, 3.04488],
			"to": [11.10672, 24.81488, 6.61536],
			"rotation": {"angle": 0, "axis": "y", "origin": [8.25768, 18.57464, 4.79016]},
			"faces": {
				"north": {"uv": [11.5, 4.5, 12, 5], "texture": "#0"},
				"east": {"uv": [8.5, 1, 9.5, 1.5], "texture": "#0"},
				"south": {"uv": [11.5, 5, 12, 5.5], "texture": "#0"},
				"west": {"uv": [8.5, 1, 9.5, 1.5], "texture": "#0"},
				"up": {"uv": [9, 4, 8.5, 3], "texture": "#0"},
				"down": {"uv": [9, 4, 8.5, 5], "texture": "#0"}
			}
		},
		{
			"from": [5.65187, 19.67737, 2.66904],
			"to": [6.23939, 20.24113, 6.80328],
			"rotation": {"angle": 0, "axis": "y", "origin": [8.25768, 18.57464, 4.79016]},
			"faces": {
				"north": {"uv": [11.5, 7.5, 12, 8], "texture": "#0"},
				"east": {"uv": [2.5, 9, 3.5, 9.5], "texture": "#0"},
				"south": {"uv": [11.5, 8, 12, 8.5], "texture": "#0"},
				"west": {"uv": [4.5, 9, 5.5, 9.5], "texture": "#0"},
				"up": {"uv": [6, 10, 5.5, 9], "texture": "#0"},
				"down": {"uv": [6.5, 9, 6, 10], "texture": "#0"}
			}
		},
		{
			"from": [10.11307, 19.61383, 2.66904],
			"to": [10.70059, 20.17759, 6.80328],
			"rotation": {"angle": 0, "axis": "y", "origin": [8.25768, 18.57464, 4.79016]},
			"faces": {
				"north": {"uv": [11.5, 7.5, 12, 8], "texture": "#0"},
				"east": {"uv": [2.5, 9, 3.5, 9.5], "texture": "#0"},
				"south": {"uv": [11.5, 7.5, 12, 8], "texture": "#0"},
				"west": {"uv": [2.5, 9, 3.5, 9.5], "texture": "#0"},
				"up": {"uv": [2.5, 9, 3.5, 9.5], "texture": "#0"},
				"down": {"uv": [2.5, 9, 3.5, 9.5], "texture": "#0"}
			}
		},
		{
			"from": [5.65704, 22.184, 3.42072],
			"to": [10.54296, 24.81488, 6.42744],
			"rotation": {"angle": 0, "axis": "y", "origin": [8.25768, 18.57464, 4.79016]},
			"faces": {
				"north": {"uv": [4.5, 0, 5.5, 1], "texture": "#0"},
				"east": {"uv": [4.5, 3, 5.5, 4], "texture": "#0"},
				"south": {"uv": [0, 5, 1, 6], "texture": "#0"},
				"west": {"uv": [2, 5, 3, 6], "texture": "#0"},
				"up": {"uv": [4, 6, 3, 5], "texture": "#0"},
				"down": {"uv": [6, 1, 5, 2], "texture": "#0"}
			}
		},
		{
			"from": [5.84496, 22.37192, 3.2328],
			"to": [7.53624, 24.25112, 3.42072],
			"rotation": {"angle": 0, "axis": "y", "origin": [8.25768, 18.57464, 4.79016]},
			"faces": {
				"north": {"uv": [11.5, 9.5, 12, 10], "texture": "#0"},
				"east": {"uv": [11.5, 10, 12, 10.5], "texture": "#0"},
				"south": {"uv": [11.5, 10.5, 12, 11], "texture": "#0"},
				"west": {"uv": [11.5, 11, 12, 11.5], "texture": "#0"},
				"up": {"uv": [0.5, 12.5, 0, 12], "texture": "#0"},
				"down": {"uv": [1, 12, 0.5, 12.5], "texture": "#0"}
			}
		},
		{
			"from": [6.2208, 24.25112, 3.2328],
			"to": [7.34832, 24.62696, 3.42072],
			"rotation": {"angle": 0, "axis": "y", "origin": [8.25768, 18.57464, 4.79016]},
			"faces": {
				"north": {"uv": [1, 12, 1.5, 12.5], "texture": "#0"},
				"east": {"uv": [1.5, 12, 2, 12.5], "texture": "#0"},
				"south": {"uv": [2, 12, 2.5, 12.5], "texture": "#0"},
				"west": {"uv": [2.5, 12, 3, 12.5], "texture": "#0"},
				"up": {"uv": [3.5, 12.5, 3, 12], "texture": "#0"},
				"down": {"uv": [4, 12, 3.5, 12.5], "texture": "#0"}
			}
		},
		{
			"from": [8.66376, 22.37192, 3.2328],
			"to": [10.35504, 24.25112, 3.42072],
			"rotation": {"angle": 0, "axis": "y", "origin": [8.25768, 18.57464, 4.79016]},
			"faces": {
				"north": {"uv": [11.5, 9.5, 12, 10], "texture": "#0"},
				"east": {"uv": [11.5, 10, 12, 10.5], "texture": "#0"},
				"south": {"uv": [11.5, 9.5, 12, 10], "texture": "#0"},
				"west": {"uv": [11.5, 10, 12, 10.5], "texture": "#0"},
				"up": {"uv": [0.5, 12.5, 0, 12], "texture": "#0"},
				"down": {"uv": [0.5, 12.5, 0, 12], "texture": "#0"}
			}
		},
		{
			"from": [8.85168, 24.25112, 3.2328],
			"to": [9.9792, 24.62696, 3.42072],
			"rotation": {"angle": 0, "axis": "y", "origin": [8.25768, 18.57464, 4.79016]},
			"faces": {
				"north": {"uv": [1, 12, 1.5, 12.5], "texture": "#0"},
				"east": {"uv": [1.5, 12, 2, 12.5], "texture": "#0"},
				"south": {"uv": [1, 12, 1.5, 12.5], "texture": "#0"},
				"west": {"uv": [1.5, 12, 2, 12.5], "texture": "#0"},
				"up": {"uv": [3.5, 12.5, 3, 12], "texture": "#0"},
				"down": {"uv": [3.5, 12.5, 3, 12], "texture": "#0"}
			}
		},
		{
			"from": [6.40872, 19.74104, 2.85696],
			"to": [10.11528, 19.92896, 6.80328],
			"rotation": {"angle": 0, "axis": "y", "origin": [8.25768, 18.57464, 4.79016]},
			"faces": {
				"north": {"uv": [9, 2, 10, 2.5], "texture": "#0"},
				"east": {"uv": [9, 2.5, 10, 3], "texture": "#0"},
				"south": {"uv": [9, 3, 10, 3.5], "texture": "#0"},
				"west": {"uv": [9, 3.5, 10, 4], "texture": "#0"},
				"up": {"uv": [6, 3, 5, 2], "texture": "#0"},
				"down": {"uv": [2, 5.5, 1, 6.5], "texture": "#0"}
			}
		},
		{
			"from": [5.98152, 19.66224, 2.85696],
			"to": [6.46536, 20.27784, 6.80328],
			"rotation": {"angle": 0, "axis": "y", "origin": [8.25768, 18.57464, 4.79016]},
			"faces": {
				"north": {"uv": [10, 12, 10.5, 12.5], "rotation": 270, "texture": "#0"},
				"east": {"uv": [9.5, 6.5, 9, 5.5], "rotation": 90, "texture": "#0"},
				"south": {"uv": [10.5, 12, 11, 12.5], "rotation": 90, "texture": "#0"},
				"west": {"uv": [9.5, 6.5, 9, 7.5], "rotation": 90, "texture": "#0"},
				"up": {"uv": [9, 4.5, 10, 5], "rotation": 90, "texture": "#0"},
				"down": {"uv": [9, 4, 10, 4.5], "rotation": 90, "texture": "#0"}
			}
		},
		{
			"from": [5.55254, 19.81591, 2.85696],
			"to": [6.1163, 20.94343, 6.80328],
			"rotation": {"angle": 0, "axis": "y", "origin": [8.25768, 18.57464, 4.79016]},
			"faces": {
				"north": {"uv": [11, 12, 11.5, 12.5], "texture": "#0"},
				"east": {"uv": [9, 7.5, 10, 8], "texture": "#0"},
				"south": {"uv": [11.5, 12, 12, 12.5], "texture": "#0"},
				"west": {"uv": [0, 9.5, 1, 10], "texture": "#0"},
				"up": {"uv": [1.5, 10.5, 1, 9.5], "texture": "#0"},
				"down": {"uv": [3, 9.5, 2.5, 10.5], "texture": "#0"}
			}
		},
		{
			"from": [9.96751, 19.90916, 2.85696],
			"to": [10.45135, 20.30876, 6.80328],
			"rotation": {"angle": 0, "axis": "y", "origin": [8.25768, 18.57464, 4.79016]},
			"faces": {
				"north": {"uv": [10, 12, 10.5, 12.5], "rotation": 270, "texture": "#0"},
				"east": {"uv": [9.5, 6.5, 9, 5.5], "rotation": 90, "texture": "#0"},
				"south": {"uv": [12, 0, 12.5, 0.5], "rotation": 90, "texture": "#0"},
				"west": {"uv": [9.5, 6.5, 9, 5.5], "rotation": 90, "texture": "#0"},
				"up": {"uv": [9, 4, 10, 4.5], "rotation": 90, "texture": "#0"},
				"down": {"uv": [9, 4, 10, 4.5], "rotation": 90, "texture": "#0"}
			}
		},
		{
			"from": [10.19658, 20.01011, 2.85696],
			"to": [10.94826, 20.94971, 6.80328],
			"rotation": {"angle": 0, "axis": "y", "origin": [8.25768, 18.57464, 4.79016]},
			"faces": {
				"north": {"uv": [11, 12, 11.5, 12.5], "texture": "#0"},
				"east": {"uv": [0, 9.5, 1, 10], "texture": "#0"},
				"south": {"uv": [11, 12, 11.5, 12.5], "texture": "#0"},
				"west": {"uv": [0, 9.5, 1, 10], "texture": "#0"},
				"up": {"uv": [1.5, 10.5, 1, 9.5], "texture": "#0"},
				"down": {"uv": [1.5, 10.5, 1, 9.5], "texture": "#0"}
			}
		},
		{
			"from": [5.84496, 20.86856, 2.85696],
			"to": [10.35504, 21.62024, 6.80328],
			"rotation": {"angle": 0, "axis": "y", "origin": [8.25768, 18.57464, 4.79016]},
			"faces": {
				"north": {"uv": [9.5, 1, 10.5, 1.5], "texture": "#0"},
				"east": {"uv": [9.5, 1.5, 10.5, 2], "texture": "#0"},
				"south": {"uv": [9.5, 5, 10.5, 5.5], "texture": "#0"},
				"west": {"uv": [9.5, 5.5, 10.5, 6], "texture": "#0"},
				"up": {"uv": [5, 6.5, 4, 5.5], "texture": "#0"},
				"down": {"uv": [6, 5.5, 5, 6.5], "texture": "#0"}
			}
		},
		{
			"from": [7.1604, 19.92896, 3.04488],
			"to": [7.53624, 20.3048, 6.80328],
			"rotation": {"angle": 0, "axis": "y", "origin": [8.25768, 18.57464, 4.79016]},
			"faces": {
				"north": {"uv": [12, 1.5, 12.5, 2], "texture": "#0"},
				"east": {"uv": [9.5, 6, 10.5, 6.5], "texture": "#0"},
				"south": {"uv": [12, 2, 12.5, 2.5], "texture": "#0"},
				"west": {"uv": [9.5, 6.5, 10.5, 7], "texture": "#0"},
				"up": {"uv": [10, 9, 9.5, 8], "texture": "#0"},
				"down": {"uv": [0.5, 10, 0, 11], "texture": "#0"}
			}
		},
		{
			"from": [7.1604, 20.49272, 3.04488],
			"to": [7.53624, 20.86856, 6.80328],
			"rotation": {"angle": 0, "axis": "y", "origin": [8.25768, 18.57464, 4.79016]},
			"faces": {
				"north": {"uv": [12, 1.5, 12.5, 2], "texture": "#0"},
				"east": {"uv": [9.5, 6.5, 10.5, 7], "texture": "#0"},
				"south": {"uv": [12, 3, 12.5, 3.5], "texture": "#0"},
				"west": {"uv": [9.5, 6.5, 10.5, 7], "texture": "#0"},
				"up": {"uv": [9.5, 6.5, 10.5, 7], "texture": "#0"},
				"down": {"uv": [9.5, 6.5, 10.5, 7], "texture": "#0"}
			}
		},
		{
			"from": [7.72416, 19.92896, 3.04488],
			"to": [8.1, 20.3048, 6.80328],
			"rotation": {"angle": 0, "axis": "y", "origin": [8.25768, 18.57464, 4.79016]},
			"faces": {
				"north": {"uv": [12, 1.5, 12.5, 2], "texture": "#0"},
				"east": {"uv": [9.5, 6.5, 10.5, 7], "texture": "#0"},
				"south": {"uv": [12, 4, 12.5, 4.5], "texture": "#0"},
				"west": {"uv": [9.5, 6.5, 10.5, 7], "texture": "#0"},
				"up": {"uv": [9.5, 6.5, 10.5, 7], "texture": "#0"},
				"down": {"uv": [9.5, 6.5, 10.5, 7], "texture": "#0"}
			}
		},
		{
			"from": [8.28792, 19.92896, 3.04488],
			"to": [8.66376, 20.3048, 6.80328],
			"rotation": {"angle": 0, "axis": "y", "origin": [8.25768, 18.57464, 4.79016]},
			"faces": {
				"north": {"uv": [12, 1.5, 12.5, 2], "texture": "#0"},
				"east": {"uv": [9.5, 6.5, 10.5, 7], "texture": "#0"},
				"south": {"uv": [12, 5, 12.5, 5.5], "texture": "#0"},
				"west": {"uv": [9.5, 6.5, 10.5, 7], "texture": "#0"},
				"up": {"uv": [9.5, 6.5, 10.5, 7], "texture": "#0"},
				"down": {"uv": [9.5, 6.5, 10.5, 7], "texture": "#0"}
			}
		},
		{
			"from": [8.85168, 19.92896, 3.04488],
			"to": [9.22752, 20.3048, 6.80328],
			"rotation": {"angle": 0, "axis": "y", "origin": [8.25768, 18.57464, 4.79016]},
			"faces": {
				"north": {"uv": [12, 1.5, 12.5, 2], "texture": "#0"},
				"east": {"uv": [9.5, 6.5, 10.5, 7], "texture": "#0"},
				"south": {"uv": [12, 6, 12.5, 6.5], "texture": "#0"},
				"west": {"uv": [9.5, 6.5, 10.5, 7], "texture": "#0"},
				"up": {"uv": [9.5, 6.5, 10.5, 7], "texture": "#0"},
				"down": {"uv": [9.5, 6.5, 10.5, 7], "texture": "#0"}
			}
		},
		{
			"from": [6.59664, 19.92896, 3.04488],
			"to": [6.97248, 20.3048, 6.80328],
			"rotation": {"angle": 0, "axis": "y", "origin": [8.25768, 18.57464, 4.79016]},
			"faces": {
				"north": {"uv": [12, 1.5, 12.5, 2], "texture": "#0"},
				"east": {"uv": [9.5, 6.5, 10.5, 7], "texture": "#0"},
				"south": {"uv": [12, 7, 12.5, 7.5], "texture": "#0"},
				"west": {"uv": [9.5, 6.5, 10.5, 7], "texture": "#0"},
				"up": {"uv": [9.5, 6.5, 10.5, 7], "texture": "#0"},
				"down": {"uv": [9.5, 6.5, 10.5, 7], "texture": "#0"}
			}
		},
		{
			"from": [6.59664, 20.49272, 3.04488],
			"to": [6.97248, 20.86856, 6.80328],
			"rotation": {"angle": 0, "axis": "y", "origin": [8.25768, 18.57464, 4.79016]},
			"faces": {
				"north": {"uv": [12, 1.5, 12.5, 2], "texture": "#0"},
				"east": {"uv": [9.5, 6.5, 10.5, 7], "texture": "#0"},
				"south": {"uv": [12, 8, 12.5, 8.5], "texture": "#0"},
				"west": {"uv": [9.5, 6.5, 10.5, 7], "texture": "#0"},
				"up": {"uv": [9.5, 6.5, 10.5, 7], "texture": "#0"},
				"down": {"uv": [9.5, 6.5, 10.5, 7], "texture": "#0"}
			}
		},
		{
			"from": [7.72416, 20.49272, 3.04488],
			"to": [8.1, 20.86856, 6.80328],
			"rotation": {"angle": 0, "axis": "y", "origin": [8.25768, 18.57464, 4.79016]},
			"faces": {
				"north": {"uv": [12, 1.5, 12.5, 2], "texture": "#0"},
				"east": {"uv": [9.5, 6.5, 10.5, 7], "texture": "#0"},
				"south": {"uv": [12, 9, 12.5, 9.5], "texture": "#0"},
				"west": {"uv": [9.5, 6.5, 10.5, 7], "texture": "#0"},
				"up": {"uv": [9.5, 6.5, 10.5, 7], "texture": "#0"},
				"down": {"uv": [9.5, 6.5, 10.5, 7], "texture": "#0"}
			}
		},
		{
			"from": [8.28792, 20.49272, 3.04488],
			"to": [8.66376, 20.86856, 6.80328],
			"rotation": {"angle": 0, "axis": "y", "origin": [8.25768, 18.57464, 4.79016]},
			"faces": {
				"north": {"uv": [12, 1.5, 12.5, 2], "texture": "#0"},
				"east": {"uv": [9.5, 6.5, 10.5, 7], "texture": "#0"},
				"south": {"uv": [12, 10, 12.5, 10.5], "texture": "#0"},
				"west": {"uv": [9.5, 6.5, 10.5, 7], "texture": "#0"},
				"up": {"uv": [9.5, 6.5, 10.5, 7], "texture": "#0"},
				"down": {"uv": [9.5, 6.5, 10.5, 7], "texture": "#0"}
			}
		},
		{
			"from": [8.85168, 20.49272, 3.04488],
			"to": [9.22752, 20.86856, 6.80328],
			"rotation": {"angle": 0, "axis": "y", "origin": [8.25768, 18.57464, 4.79016]},
			"faces": {
				"north": {"uv": [12, 1.5, 12.5, 2], "texture": "#0"},
				"east": {"uv": [9.5, 6.5, 10.5, 7], "texture": "#0"},
				"south": {"uv": [12, 11, 12.5, 11.5], "texture": "#0"},
				"west": {"uv": [9.5, 6.5, 10.5, 7], "texture": "#0"},
				"up": {"uv": [9.5, 6.5, 10.5, 7], "texture": "#0"},
				"down": {"uv": [9.5, 6.5, 10.5, 7], "texture": "#0"}
			}
		},
		{
			"from": [9.41544, 20.49272, 3.04488],
			"to": [9.79128, 20.86856, 6.80328],
			"rotation": {"angle": 0, "axis": "y", "origin": [8.25768, 18.57464, 4.79016]},
			"faces": {
				"north": {"uv": [12, 1.5, 12.5, 2], "texture": "#0"},
				"east": {"uv": [9.5, 6.5, 10.5, 7], "texture": "#0"},
				"south": {"uv": [0, 12.5, 0.5, 13], "texture": "#0"},
				"west": {"uv": [9.5, 6.5, 10.5, 7], "texture": "#0"},
				"up": {"uv": [9.5, 6.5, 10.5, 7], "texture": "#0"},
				"down": {"uv": [9.5, 6.5, 10.5, 7], "texture": "#0"}
			}
		},
		{
			"from": [6.03288, 20.49272, 3.04488],
			"to": [6.40872, 20.86856, 6.80328],
			"rotation": {"angle": 0, "axis": "y", "origin": [8.25768, 18.57464, 4.79016]},
			"faces": {
				"north": {"uv": [12, 1.5, 12.5, 2], "texture": "#0"},
				"east": {"uv": [9.5, 6.5, 10.5, 7], "texture": "#0"},
				"south": {"uv": [1, 12.5, 1.5, 13], "texture": "#0"},
				"west": {"uv": [9.5, 6.5, 10.5, 7], "texture": "#0"},
				"up": {"uv": [9.5, 6.5, 10.5, 7], "texture": "#0"},
				"down": {"uv": [9.5, 6.5, 10.5, 7], "texture": "#0"}
			}
		},
		{
			"from": [9.9792, 20.49272, 3.04488],
			"to": [10.35504, 20.86856, 6.80328],
			"rotation": {"angle": 0, "axis": "y", "origin": [8.25768, 18.57464, 4.79016]},
			"faces": {
				"north": {"uv": [12, 1.5, 12.5, 2], "texture": "#0"},
				"east": {"uv": [9.5, 6.5, 10.5, 7], "texture": "#0"},
				"south": {"uv": [2, 12.5, 2.5, 13], "texture": "#0"},
				"west": {"uv": [9.5, 6.5, 10.5, 7], "texture": "#0"},
				"up": {"uv": [9.5, 6.5, 10.5, 7], "texture": "#0"},
				"down": {"uv": [9.5, 6.5, 10.5, 7], "texture": "#0"}
			}
		},
		{
			"from": [9.41544, 19.92896, 3.04488],
			"to": [9.79128, 20.3048, 6.80328],
			"rotation": {"angle": 0, "axis": "y", "origin": [8.25768, 18.57464, 4.79016]},
			"faces": {
				"north": {"uv": [12, 1.5, 12.5, 2], "texture": "#0"},
				"east": {"uv": [9.5, 6.5, 10.5, 7], "texture": "#0"},
				"south": {"uv": [3, 12.5, 3.5, 13], "texture": "#0"},
				"west": {"uv": [9.5, 6.5, 10.5, 7], "texture": "#0"},
				"up": {"uv": [9.5, 6.5, 10.5, 7], "texture": "#0"},
				"down": {"uv": [9.5, 6.5, 10.5, 7], "texture": "#0"}
			}
		},
		{
			"from": [5.042, 15.536, 5.43],
			"to": [6.086, 17.798, 6.474],
			"rotation": {"angle": -22.5, "axis": "z", "origin": [6.434, 17.337, 5.952]},
			"faces": {
				"north": {"uv": [3.5, 12.5, 4, 13], "texture": "#0"},
				"east": {"uv": [4, 12.5, 4.5, 13], "texture": "#0"},
				"south": {"uv": [4.5, 12.5, 5, 13], "texture": "#0"},
				"west": {"uv": [5, 12.5, 5.5, 13], "texture": "#0"},
				"up": {"uv": [6, 13, 5.5, 12.5], "texture": "#0"},
				"down": {"uv": [6.5, 12.5, 6, 13], "texture": "#0"}
			}
		},
		{
			"from": [5.068, 13.318, 5.43],
			"to": [6.112, 15.58, 6.474],
			"rotation": {"angle": -22.5, "axis": "z", "origin": [6.434, 17.337, 5.952]},
			"faces": {
				"north": {"uv": [6.5, 12.5, 7, 13], "texture": "#0"},
				"east": {"uv": [7, 12.5, 7.5, 13], "texture": "#0"},
				"south": {"uv": [7.5, 12.5, 8, 13], "texture": "#0"},
				"west": {"uv": [8, 12.5, 8.5, 13], "texture": "#0"},
				"up": {"uv": [9, 13, 8.5, 12.5], "texture": "#0"},
				"down": {"uv": [9.5, 12.5, 9, 13], "texture": "#0"}
			}
		},
		{
			"from": [5.102, 11.026, 5.43],
			"to": [6.146, 13.288, 6.474],
			"rotation": {"angle": -22.5, "axis": "z", "origin": [6.434, 17.337, 5.952]},
			"faces": {
				"north": {"uv": [9.5, 12.5, 10, 13], "texture": "#0"},
				"east": {"uv": [10, 12.5, 10.5, 13], "texture": "#0"},
				"south": {"uv": [10.5, 12.5, 11, 13], "texture": "#0"},
				"west": {"uv": [11, 12.5, 11.5, 13], "texture": "#0"},
				"up": {"uv": [12, 13, 11.5, 12.5], "texture": "#0"},
				"down": {"uv": [12.5, 12.5, 12, 13], "texture": "#0"}
			}
		},
		{
			"from": [5.102, 8.764, 5.43],
			"to": [6.146, 11.026, 6.474],
			"rotation": {"angle": -22.5, "axis": "z", "origin": [6.434, 17.337, 5.952]},
			"faces": {
				"north": {"uv": [12.5, 12.5, 13, 13], "texture": "#0"},
				"east": {"uv": [12.5, 0, 13, 0.5], "texture": "#0"},
				"south": {"uv": [12.5, 0.5, 13, 1], "texture": "#0"},
				"west": {"uv": [12.5, 1, 13, 1.5], "texture": "#0"},
				"up": {"uv": [13, 2, 12.5, 1.5], "texture": "#0"},
				"down": {"uv": [13, 2, 12.5, 2.5], "texture": "#0"}
			}
		},
		{
			"from": [5.102, 6.502, 5.43],
			"to": [6.146, 8.764, 6.474],
			"rotation": {"angle": -22.5, "axis": "z", "origin": [6.434, 17.337, 5.952]},
			"faces": {
				"north": {"uv": [12.5, 2.5, 13, 3], "texture": "#0"},
				"east": {"uv": [12.5, 3, 13, 3.5], "texture": "#0"},
				"south": {"uv": [12.5, 3.5, 13, 4], "texture": "#0"},
				"west": {"uv": [12.5, 4, 13, 4.5], "texture": "#0"},
				"up": {"uv": [13, 5, 12.5, 4.5], "texture": "#0"},
				"down": {"uv": [13, 5, 12.5, 5.5], "texture": "#0"}
			}
		},
		{
			"from": [4.804, 5.932, 5.082],
			"to": [6.544, 6.454, 6.822],
			"rotation": {"angle": -22.5, "axis": "z", "origin": [6.434, 17.337, 5.952]},
			"faces": {
				"north": {"uv": [12.5, 6, 13, 6.5], "texture": "#0"},
				"east": {"uv": [12.5, 6.5, 13, 7], "texture": "#0"},
				"south": {"uv": [12.5, 7, 13, 7.5], "texture": "#0"},
				"west": {"uv": [12.5, 5.5, 13, 6], "texture": "#0"},
				"up": {"uv": [13, 8, 12.5, 7.5], "rotation": 270, "texture": "#0"},
				"down": {"uv": [13, 8, 12.5, 8.5], "rotation": 90, "texture": "#0"}
			}
		},
		{
			"from": [4.978, 4.888, 5.256],
			"to": [6.37, 5.932, 6.648],
			"rotation": {"angle": -22.5, "axis": "z", "origin": [6.434, 17.337, 5.952]},
			"faces": {
				"north": {"uv": [12.5, 9, 13, 9.5], "texture": "#0"},
				"east": {"uv": [12.5, 9.5, 13, 10], "texture": "#0"},
				"south": {"uv": [12.5, 10, 13, 10.5], "texture": "#0"},
				"west": {"uv": [12.5, 8.5, 13, 9], "texture": "#0"},
				"up": {"uv": [13, 11, 12.5, 10.5], "rotation": 270, "texture": "#0"},
				"down": {"uv": [13, 11, 12.5, 11.5], "rotation": 90, "texture": "#0"}
			}
		},
		{
			"from": [4.804, 4.192, 6.3],
			"to": [5.152, 5.236, 6.648],
			"rotation": {"angle": -22.5, "axis": "z", "origin": [6.434, 17.337, 5.952]},
			"faces": {
				"north": {"uv": [0.5, 13, 1, 13.5], "texture": "#0"},
				"east": {"uv": [0, 13, 0.5, 13.5], "texture": "#0"},
				"south": {"uv": [0.5, 13, 1, 13.5], "texture": "#0"},
				"west": {"uv": [12.5, 11.5, 13, 12], "texture": "#0"},
				"up": {"uv": [1.5, 13.5, 1, 13], "rotation": 270, "texture": "#0"},
				"down": {"uv": [2, 13, 1.5, 13.5], "rotation": 90, "texture": "#0"}
			}
		},
		{
			"from": [4.804, 3.496, 6.3],
			"to": [5.152, 4.192, 6.648],
			"rotation": {"angle": -22.5, "axis": "z", "origin": [6.434, 17.337, 5.952]},
			"faces": {
				"north": {"uv": [2.5, 13, 3, 13.5], "texture": "#0"},
				"east": {"uv": [3, 13, 3.5, 13.5], "texture": "#0"},
				"south": {"uv": [3.5, 13, 4, 13.5], "texture": "#0"},
				"west": {"uv": [2, 13, 2.5, 13.5], "texture": "#0"},
				"up": {"uv": [4.5, 13.5, 4, 13], "rotation": 270, "texture": "#0"},
				"down": {"uv": [5, 13, 4.5, 13.5], "rotation": 90, "texture": "#0"}
			}
		},
		{
			"from": [4.804, 4.192, 5.778],
			"to": [5.152, 5.236, 6.126],
			"rotation": {"angle": -22.5, "axis": "z", "origin": [6.434, 17.337, 5.952]},
			"faces": {
				"north": {"uv": [0.5, 13, 1, 13.5], "texture": "#0"},
				"east": {"uv": [0, 13, 0.5, 13.5], "texture": "#0"},
				"south": {"uv": [0.5, 13, 1, 13.5], "texture": "#0"},
				"west": {"uv": [12.5, 11.5, 13, 12], "texture": "#0"},
				"up": {"uv": [1.5, 13.5, 1, 13], "rotation": 270, "texture": "#0"},
				"down": {"uv": [2, 13, 1.5, 13.5], "rotation": 90, "texture": "#0"}
			}
		},
		{
			"from": [4.804, 3.496, 5.778],
			"to": [5.152, 4.192, 6.126],
			"rotation": {"angle": -22.5, "axis": "z", "origin": [6.434, 17.337, 5.952]},
			"faces": {
				"north": {"uv": [3.5, 13, 4, 13.5], "texture": "#0"},
				"east": {"uv": [2, 13, 2.5, 13.5], "texture": "#0"},
				"south": {"uv": [3.5, 13, 4, 13.5], "texture": "#0"},
				"west": {"uv": [2, 13, 2.5, 13.5], "texture": "#0"},
				"up": {"uv": [4.5, 13.5, 4, 13], "rotation": 270, "texture": "#0"},
				"down": {"uv": [5, 13, 4.5, 13.5], "rotation": 90, "texture": "#0"}
			}
		},
		{
			"from": [4.804, 4.192, 5.256],
			"to": [5.152, 5.236, 5.604],
			"rotation": {"angle": -22.5, "axis": "z", "origin": [6.434, 17.337, 5.952]},
			"faces": {
				"north": {"uv": [0.5, 13, 1, 13.5], "texture": "#0"},
				"east": {"uv": [0, 13, 0.5, 13.5], "texture": "#0"},
				"south": {"uv": [0.5, 13, 1, 13.5], "texture": "#0"},
				"west": {"uv": [12.5, 11.5, 13, 12], "texture": "#0"},
				"up": {"uv": [1.5, 13.5, 1, 13], "rotation": 270, "texture": "#0"},
				"down": {"uv": [2, 13, 1.5, 13.5], "rotation": 90, "texture": "#0"}
			}
		},
		{
			"from": [4.804, 3.496, 5.256],
			"to": [5.152, 4.192, 5.604],
			"rotation": {"angle": -22.5, "axis": "z", "origin": [6.434, 17.337, 5.952]},
			"faces": {
				"north": {"uv": [3.5, 13, 4, 13.5], "texture": "#0"},
				"east": {"uv": [2, 13, 2.5, 13.5], "texture": "#0"},
				"south": {"uv": [3.5, 13, 4, 13.5], "texture": "#0"},
				"west": {"uv": [2, 13, 2.5, 13.5], "texture": "#0"},
				"up": {"uv": [4.5, 13.5, 4, 13], "rotation": 270, "texture": "#0"},
				"down": {"uv": [5, 13, 4.5, 13.5], "rotation": 90, "texture": "#0"}
			}
		},
		{
			"from": [5.5, 4.192, 5.082],
			"to": [6.022, 5.236, 5.43],
			"rotation": {"angle": -22.5, "axis": "z", "origin": [6.434, 17.337, 5.952]},
			"faces": {
				"north": {"uv": [13, 4, 13.5, 4.5], "texture": "#0"},
				"east": {"uv": [13, 4.5, 13.5, 5], "texture": "#0"},
				"south": {"uv": [13, 5, 13.5, 5.5], "texture": "#0"},
				"west": {"uv": [13, 3.5, 13.5, 4], "texture": "#0"},
				"up": {"uv": [13.5, 6, 13, 5.5], "rotation": 270, "texture": "#0"},
				"down": {"uv": [13.5, 6, 13, 6.5], "rotation": 90, "texture": "#0"}
			}
		},
		{
			"from": [10.114, 15.536, 5.43],
			"to": [11.158, 17.798, 6.474],
			"rotation": {"angle": 22.5, "axis": "z", "origin": [9.766, 17.337, 5.952]},
			"faces": {
				"north": {"uv": [4, 12.5, 3.5, 13], "texture": "#0"},
				"east": {"uv": [5.5, 12.5, 5, 13], "texture": "#0"},
				"south": {"uv": [5, 12.5, 4.5, 13], "texture": "#0"},
				"west": {"uv": [4.5, 12.5, 4, 13], "texture": "#0"},
				"up": {"uv": [5.5, 13, 6, 12.5], "texture": "#0"},
				"down": {"uv": [6, 12.5, 6.5, 13], "texture": "#0"}
			}
		},
		{
			"from": [10.088, 13.318, 5.43],
			"to": [11.132, 15.58, 6.474],
			"rotation": {"angle": 22.5, "axis": "z", "origin": [9.766, 17.337, 5.952]},
			"faces": {
				"north": {"uv": [7, 12.5, 6.5, 13], "texture": "#0"},
				"east": {"uv": [8.5, 12.5, 8, 13], "texture": "#0"},
				"south": {"uv": [8, 12.5, 7.5, 13], "texture": "#0"},
				"west": {"uv": [7.5, 12.5, 7, 13], "texture": "#0"},
				"up": {"uv": [8.5, 13, 9, 12.5], "texture": "#0"},
				"down": {"uv": [9, 12.5, 9.5, 13], "texture": "#0"}
			}
		},
		{
			"from": [10.054, 11.026, 5.43],
			"to": [11.098, 13.288, 6.474],
			"rotation": {"angle": 22.5, "axis": "z", "origin": [9.766, 17.337, 5.952]},
			"faces": {
				"north": {"uv": [10, 12.5, 9.5, 13], "texture": "#0"},
				"east": {"uv": [11.5, 12.5, 11, 13], "texture": "#0"},
				"south": {"uv": [11, 12.5, 10.5, 13], "texture": "#0"},
				"west": {"uv": [10.5, 12.5, 10, 13], "texture": "#0"},
				"up": {"uv": [11.5, 13, 12, 12.5], "texture": "#0"},
				"down": {"uv": [12, 12.5, 12.5, 13], "texture": "#0"}
			}
		},
		{
			"from": [10.054, 8.764, 5.43],
			"to": [11.098, 11.026, 6.474],
			"rotation": {"angle": 22.5, "axis": "z", "origin": [9.766, 17.337, 5.952]},
			"faces": {
				"north": {"uv": [13, 12.5, 12.5, 13], "texture": "#0"},
				"east": {"uv": [13, 1, 12.5, 1.5], "texture": "#0"},
				"south": {"uv": [13, 0.5, 12.5, 1], "texture": "#0"},
				"west": {"uv": [13, 0, 12.5, 0.5], "texture": "#0"},
				"up": {"uv": [12.5, 2, 13, 1.5], "texture": "#0"},
				"down": {"uv": [12.5, 2, 13, 2.5], "texture": "#0"}
			}
		},
		{
			"from": [10.054, 6.502, 5.43],
			"to": [11.098, 8.764, 6.474],
			"rotation": {"angle": 22.5, "axis": "z", "origin": [9.766, 17.337, 5.952]},
			"faces": {
				"north": {"uv": [13, 2.5, 12.5, 3], "texture": "#0"},
				"east": {"uv": [13, 4, 12.5, 4.5], "texture": "#0"},
				"south": {"uv": [13, 3.5, 12.5, 4], "texture": "#0"},
				"west": {"uv": [13, 3, 12.5, 3.5], "texture": "#0"},
				"up": {"uv": [12.5, 5, 13, 4.5], "texture": "#0"},
				"down": {"uv": [12.5, 5, 13, 5.5], "texture": "#0"}
			}
		},
		{
			"from": [9.656, 5.932, 5.082],
			"to": [11.396, 6.454, 6.822],
			"rotation": {"angle": 22.5, "axis": "z", "origin": [9.766, 17.337, 5.952]},
			"faces": {
				"north": {"uv": [13, 6, 12.5, 6.5], "texture": "#0"},
				"east": {"uv": [13, 5.5, 12.5, 6], "texture": "#0"},
				"south": {"uv": [13, 7, 12.5, 7.5], "texture": "#0"},
				"west": {"uv": [13, 6.5, 12.5, 7], "texture": "#0"},
				"up": {"uv": [13, 7.5, 12.5, 8], "rotation": 270, "texture": "#0"},
				"down": {"uv": [13, 8.5, 12.5, 8], "rotation": 90, "texture": "#0"}
			}
		},
		{
			"from": [9.83, 4.888, 5.256],
			"to": [11.222, 5.932, 6.648],
			"rotation": {"angle": 22.5, "axis": "z", "origin": [9.766, 17.337, 5.952]},
			"faces": {
				"north": {"uv": [13, 9, 12.5, 9.5], "texture": "#0"},
				"east": {"uv": [13, 8.5, 12.5, 9], "texture": "#0"},
				"south": {"uv": [13, 10, 12.5, 10.5], "texture": "#0"},
				"west": {"uv": [13, 9.5, 12.5, 10], "texture": "#0"},
				"up": {"uv": [13, 10.5, 12.5, 11], "rotation": 270, "texture": "#0"},
				"down": {"uv": [13, 11.5, 12.5, 11], "rotation": 90, "texture": "#0"}
			}
		},
		{
			"from": [11.048, 4.192, 6.3],
			"to": [11.396, 5.236, 6.648],
			"rotation": {"angle": 22.5, "axis": "z", "origin": [9.766, 17.337, 5.952]},
			"faces": {
				"north": {"uv": [1, 13, 0.5, 13.5], "texture": "#0"},
				"east": {"uv": [13, 11.5, 12.5, 12], "texture": "#0"},
				"south": {"uv": [1, 13, 0.5, 13.5], "texture": "#0"},
				"west": {"uv": [0.5, 13, 0, 13.5], "texture": "#0"},
				"up": {"uv": [1.5, 13, 1, 13.5], "rotation": 270, "texture": "#0"},
				"down": {"uv": [2, 13.5, 1.5, 13], "rotation": 90, "texture": "#0"}
			}
		},
		{
			"from": [11.048, 3.496, 6.3],
			"to": [11.396, 4.192, 6.648],
			"rotation": {"angle": 22.5, "axis": "z", "origin": [9.766, 17.337, 5.952]},
			"faces": {
				"north": {"uv": [3, 13, 2.5, 13.5], "texture": "#0"},
				"east": {"uv": [2.5, 13, 2, 13.5], "texture": "#0"},
				"south": {"uv": [4, 13, 3.5, 13.5], "texture": "#0"},
				"west": {"uv": [3.5, 13, 3, 13.5], "texture": "#0"},
				"up": {"uv": [4.5, 13, 4, 13.5], "rotation": 270, "texture": "#0"},
				"down": {"uv": [5, 13.5, 4.5, 13], "rotation": 90, "texture": "#0"}
			}
		},
		{
			"from": [11.048, 4.192, 5.778],
			"to": [11.396, 5.236, 6.126],
			"rotation": {"angle": 22.5, "axis": "z", "origin": [9.766, 17.337, 5.952]},
			"faces": {
				"north": {"uv": [1, 13, 0.5, 13.5], "texture": "#0"},
				"east": {"uv": [13, 11.5, 12.5, 12], "texture": "#0"},
				"south": {"uv": [1, 13, 0.5, 13.5], "texture": "#0"},
				"west": {"uv": [0.5, 13, 0, 13.5], "texture": "#0"},
				"up": {"uv": [1.5, 13, 1, 13.5], "rotation": 270, "texture": "#0"},
				"down": {"uv": [2, 13.5, 1.5, 13], "rotation": 90, "texture": "#0"}
			}
		},
		{
			"from": [11.048, 3.496, 5.778],
			"to": [11.396, 4.192, 6.126],
			"rotation": {"angle": 22.5, "axis": "z", "origin": [9.766, 17.337, 5.952]},
			"faces": {
				"north": {"uv": [4, 13, 3.5, 13.5], "texture": "#0"},
				"east": {"uv": [2.5, 13, 2, 13.5], "texture": "#0"},
				"south": {"uv": [4, 13, 3.5, 13.5], "texture": "#0"},
				"west": {"uv": [2.5, 13, 2, 13.5], "texture": "#0"},
				"up": {"uv": [4.5, 13, 4, 13.5], "rotation": 270, "texture": "#0"},
				"down": {"uv": [5, 13.5, 4.5, 13], "rotation": 90, "texture": "#0"}
			}
		},
		{
			"from": [11.048, 4.192, 5.256],
			"to": [11.396, 5.236, 5.604],
			"rotation": {"angle": 22.5, "axis": "z", "origin": [9.766, 17.337, 5.952]},
			"faces": {
				"north": {"uv": [1, 13, 0.5, 13.5], "texture": "#0"},
				"east": {"uv": [13, 11.5, 12.5, 12], "texture": "#0"},
				"south": {"uv": [1, 13, 0.5, 13.5], "texture": "#0"},
				"west": {"uv": [0.5, 13, 0, 13.5], "texture": "#0"},
				"up": {"uv": [1.5, 13, 1, 13.5], "rotation": 270, "texture": "#0"},
				"down": {"uv": [2, 13.5, 1.5, 13], "rotation": 90, "texture": "#0"}
			}
		},
		{
			"from": [11.048, 3.496, 5.256],
			"to": [11.396, 4.192, 5.604],
			"rotation": {"angle": 22.5, "axis": "z", "origin": [9.766, 17.337, 5.952]},
			"faces": {
				"north": {"uv": [4, 13, 3.5, 13.5], "texture": "#0"},
				"east": {"uv": [2.5, 13, 2, 13.5], "texture": "#0"},
				"south": {"uv": [4, 13, 3.5, 13.5], "texture": "#0"},
				"west": {"uv": [2.5, 13, 2, 13.5], "texture": "#0"},
				"up": {"uv": [4.5, 13, 4, 13.5], "rotation": 270, "texture": "#0"},
				"down": {"uv": [5, 13.5, 4.5, 13], "rotation": 90, "texture": "#0"}
			}
		},
		{
			"from": [10.178, 4.192, 5.082],
			"to": [10.7, 5.236, 5.43],
			"rotation": {"angle": 22.5, "axis": "z", "origin": [9.766, 17.337, 5.952]},
			"faces": {
				"north": {"uv": [13.5, 4, 13, 4.5], "texture": "#0"},
				"east": {"uv": [13.5, 3.5, 13, 4], "texture": "#0"},
				"south": {"uv": [13.5, 5, 13, 5.5], "texture": "#0"},
				"west": {"uv": [13.5, 4.5, 13, 5], "texture": "#0"},
				"up": {"uv": [13.5, 5.5, 13, 6], "rotation": 270, "texture": "#0"},
				"down": {"uv": [13.5, 6.5, 13, 6], "rotation": 90, "texture": "#0"}
			}
		}
	],
	"display": {
		"head": {
			"translation": [0, -20.5, 1],
			"scale": [2.8418, 3.08008, 3.68164]
		}
	},
	"groups": [
		{
			"name": "todo",
			"origin": [8, 8, 8],
			"children": [
				{
					"name": "pata1",
					"origin": [13, 8, 16],
					"children": [0, 1]
				},
				{
					"name": "pata2",
					"origin": [13, 8, 16],
					"children": [2, 3]
				},
				{
					"name": "cuerpo",
					"origin": [13, 13, 16.2],
					"children": [4, 5, 6]
				},
				{
					"name": "cabeza",
					"origin": [13, 19.8, 16.2],
					"children": [
						{
							"name": "oreja1",
							"origin": [12.3, 17, 16.5],
							"children": [7, 8]
						},
						{
							"name": "oreja2",
							"origin": [12.3, 17, 16.5],
							"children": [9, 10]
						}, 11, 12, 13, 14, 15, 16, 17, 18, 19, 20, 21, 22, 23, 24, 25, 26, 27, 28, 29, 30, 31, 32, 33, 34, 35, 36, 37, 38, 39, 40, 41, 42, 43, 44, 45, 46, 47, 48, 49, 50, 51, 52, 53]
				},
				{
					"name": "brazo1",
					"origin": [10.8, 18, 16],
					"children": [54,
						{
							"name": "1.1",
							"origin": [12.1, 16.6, 16],
							"children": [55,
								{
									"name": "1.2",
									"origin": [12.1, 10.1, 15.4],
									"children": [56,
										{
											"name": "1.3",
											"origin": [12.1, 10.1, 15.4],
											"children": [57,
												{
													"name": "1.4",
													"origin": [12.1, 10.1, 15.4],
													"children": [58,
														{
															"name": "mano",
															"origin": [12.1, 10.1, 15.4],
															"children": [59, 60,
																{
																	"name": "dedo1",
																	"origin": [12.1, 10.1, 15.4],
																	"children": [61,
																		{
																			"name": "dedo1.1",
																			"origin": [12.4, 10.7, 15.4],
																			"children": [62]
																		}
																	]
																},
																{
																	"name": "dedo2",
																	"origin": [12.4, 10.7, 15.4],
																	"children": [63,
																		{
																			"name": "dedo1.1",
																			"origin": [12.4, 10.7, 15.4],
																			"children": [64]
																		}
																	]
																},
																{
																	"name": "dedo3",
																	"origin": [12.7, 10.7, 15.4],
																	"children": [65,
																		{
																			"name": "dedo1.1",
																			"origin": [12.4, 10.7, 15.4],
																			"children": [66]
																		}
																	]
																},
																{
																	"name": "dedo4",
																	"origin": [12.8, 10.7, 15.8],
																	"children": [67]
																}
															]
														}
													]
												}
											]
										}
									]
								}
							]
						}
					]
				},
				{
					"name": "brazo2",
					"origin": [10.8, 18, 16],
					"children": [68,
						{
							"name": "1.1",
							"origin": [12.1, 16.6, 16],
							"children": [69,
								{
									"name": "1.2",
									"origin": [12.1, 10.1, 15.4],
									"children": [70,
										{
											"name": "1.3",
											"origin": [12.1, 10.1, 15.4],
											"children": [71,
												{
													"name": "1.4",
													"origin": [12.1, 10.1, 15.4],
													"children": [72,
														{
															"name": "mano",
															"origin": [12.1, 10.1, 15.4],
															"children": [73, 74,
																{
																	"name": "dedo1",
																	"origin": [12.1, 10.1, 15.4],
																	"children": [75,
																		{
																			"name": "dedo1.1",
																			"origin": [12.4, 10.7, 15.4],
																			"children": [76]
																		}
																	]
																},
																{
																	"name": "dedo2",
																	"origin": [12.4, 10.7, 15.4],
																	"children": [77,
																		{
																			"name": "dedo1.1",
																			"origin": [12.4, 10.7, 15.4],
																			"children": [78]
																		}
																	]
																},
																{
																	"name": "dedo3",
																	"origin": [12.7, 10.7, 15.4],
																	"children": [79,
																		{
																			"name": "dedo1.1",
																			"origin": [12.4, 10.7, 15.4],
																			"children": [80]
																		}
																	]
																},
																{
																	"name": "dedo4",
																	"origin": [12.8, 10.7, 15.8],
																	"children": [81]
																}
															]
														}
													]
												}
											]
										}
									]
								}
							]
						}
					]
				}
			]
		}
	]
}