{
	"credit": "Made with Blockbench",
	"texture_size": [32, 32],
	"textures": {
		"0": "6dt2_custom/6dt2_cartooncat/6dt2_cartooncat",
		"particle": "6dt2_custom/6dt2_cartooncat/6dt2_cartooncat"
	},
	"elements": [
		{
			"name": "pata",
			"from": [6.434, -1.27, 10.504],
			"to": [7.304, 3.08, 11.374],
			"rotation": {"angle": 22.5, "axis": "x", "origin": [20.354, 12.65, 23.554]},
			"faces": {
				"north": {"uv": [5.5, 3, 6, 4.5], "texture": "#0"},
				"east": {"uv": [0, 6, 0.5, 7.5], "texture": "#0"},
				"south": {"uv": [5.5, 3, 6, 4.5], "texture": "#0"},
				"west": {"uv": [2, 6, 2.5, 7.5], "texture": "#0"},
				"up": {"uv": [3, 4, 2.5, 3.5], "texture": "#0"},
				"down": {"uv": [3, 4, 2.5, 3.5], "texture": "#0"}
			}
		},
		{
			"name": "pata",
			"from": [6.434, -0.02, 6.204],
			"to": [7.304, 4.83, 7.074],
			"rotation": {"angle": 0, "axis": "x", "origin": [20.354, 14.4, 19.254]},
			"faces": {
				"north": {"uv": [2.5, 6, 3, 7.5], "texture": "#0"},
				"east": {"uv": [2.5, 6, 3, 7.5], "texture": "#0"},
				"south": {"uv": [2.5, 6, 3, 7.5], "texture": "#0"},
				"west": {"uv": [2.5, 6, 3, 7.5], "texture": "#0"},
				"up": {"uv": [2.5, 5, 2, 4.5], "texture": "#0"},
				"down": {"uv": [2.5, 5, 2, 4.5], "texture": "#0"}
			}
		},
		{
			"name": "pata",
			"from": [8.87, -1.27, 10.404],
			"to": [9.74, 3.08, 11.274],
			"rotation": {"angle": 22.5, "axis": "x", "origin": [22.79, 12.65, 23.454]},
			"faces": {
				"north": {"uv": [5.5, 3, 6, 4.5], "texture": "#0"},
				"east": {"uv": [5.5, 3, 6, 4.5], "texture": "#0"},
				"south": {"uv": [5.5, 3, 6, 4.5], "texture": "#0"},
				"west": {"uv": [5.5, 3, 6, 4.5], "texture": "#0"},
				"up": {"uv": [3, 4, 2.5, 3.5], "texture": "#0"},
				"down": {"uv": [3, 4, 2.5, 3.5], "texture": "#0"}
			}
		},
		{
			"name": "pata",
			"from": [8.87, -0.02, 6.004],
			"to": [9.74, 4.73, 6.874],
			"rotation": {"angle": 0, "axis": "x", "origin": [22.79, 14.3, 19.054]},
			"faces": {
				"north": {"uv": [2.5, 6, 3, 7.5], "texture": "#0"},
				"east": {"uv": [2.5, 6, 3, 7.5], "texture": "#0"},
				"south": {"uv": [2.5, 6, 3, 7.5], "texture": "#0"},
				"west": {"uv": [2.5, 6, 3, 7.5], "texture": "#0"},
				"up": {"uv": [2.5, 5, 2, 4.5], "texture": "#0"},
				"down": {"uv": [2.5, 5, 2, 4.5], "texture": "#0"}
			}
		},
		{
			"from": [5.912, 17.084, -1.992],
			"to": [10.262, 19.694, 0.27],
			"rotation": {"angle": -22.5, "axis": "x", "origin": [20.18, 31.004, 12.102]},
			"faces": {
				"north": {"uv": [3, 1, 4, 2], "texture": "#0"},
				"east": {"uv": [5.5, 0, 6, 1], "texture": "#0"},
				"south": {"uv": [3, 1, 4, 2], "texture": "#0"},
				"west": {"uv": [5.5, 4.5, 6, 5.5], "texture": "#0"},
				"up": {"uv": [5.5, 4.5, 4.5, 4], "texture": "#0"},
				"down": {"uv": [7.5, 3, 6.5, 3.5], "texture": "#0"}
			}
		},
		{
			"from": [5.564, 15.59, -6.592],
			"to": [10.61, 20.984, -4.33],
			"rotation": {"angle": -45, "axis": "x", "origin": [20.18, 29.51, 7.502]},
			"faces": {
				"north": {"uv": [0, 0, 1.5, 1.5], "texture": "#0"},
				"east": {"uv": [5, 6.5, 5.5, 8], "texture": "#0"},
				"south": {"uv": [0, 0, 1.5, 1.5], "texture": "#0"},
				"west": {"uv": [5.5, 6.5, 6, 8], "texture": "#0"},
				"up": {"uv": [3, 1.5, 1.5, 1], "texture": "#0"},
				"down": {"uv": [8, 6.5, 6.5, 7], "texture": "#0"}
			}
		},
		{
			"from": [5.912, 8.68, 7.082],
			"to": [10.262, 11.29, 8.996],
			"rotation": {"angle": 0, "axis": "y", "origin": [20.18, 22.6, 21.002]},
			"faces": {
				"north": {"uv": [1.5, 1.5, 3, 2.5], "texture": "#0"},
				"east": {"uv": [6.5, 3.5, 7, 4.5], "texture": "#0"},
				"south": {"uv": [1.5, 1.5, 3, 2.5], "texture": "#0"},
				"west": {"uv": [6.5, 4.5, 7, 5.5], "texture": "#0"},
				"up": {"uv": [8, 0.5, 6.5, 0], "texture": "#0"},
				"down": {"uv": [8, 0.5, 6.5, 1], "texture": "#0"}
			}
		},
		{
			"from": [3.33984, 18.58708, 4.88877],
			"to": [5.43252, 20.67975, 6.45827],
			"rotation": {"angle": 0, "axis": "y", "origin": [8.27869, 10.3815, 5.4871]},
			"faces": {
				"north": {"uv": [11, 0, 11.5, 0.5], "rotation": 270, "texture": "#0"},
				"east": {"uv": [11.5, 3.5, 11, 3], "rotation": 90, "texture": "#0"},
				"south": {"uv": [11, 2, 11.5, 2.5], "rotation": 90, "texture": "#0"},
				"west": {"uv": [11.5, 3.5, 11, 4], "rotation": 90, "texture": "#0"},
				"up": {"uv": [11, 2.5, 11.5, 3], "rotation": 90, "texture": "#0"},
				"down": {"uv": [11, 0.5, 11.5, 1], "rotation": 90, "texture": "#0"}
			}
		},
		{
			"from": [2.89039, 20.12195, 5.41193],
			"to": [3.93673, 21.69146, 5.9351],
			"rotation": {"angle": 0, "axis": "y", "origin": [8.27869, 10.3815, 5.4871]},
			"faces": {
				"north": {"uv": [11, 4, 11.5, 4.5], "rotation": 270, "texture": "#0"},
				"east": {"uv": [11.5, 7.5, 11, 7], "rotation": 90, "texture": "#0"},
				"south": {"uv": [11, 6, 11.5, 6.5], "rotation": 90, "texture": "#0"},
				"west": {"uv": [11.5, 7.5, 11, 8], "rotation": 90, "texture": "#0"},
				"up": {"uv": [11, 6.5, 11.5, 7], "rotation": 90, "texture": "#0"},
				"down": {"uv": [11, 4.5, 11.5, 5], "rotation": 90, "texture": "#0"}
			}
		},
		{
			"from": [10.75647, 18.43832, 4.88877],
			"to": [12.84914, 20.53099, 6.45827],
			"rotation": {"angle": 0, "axis": "y", "origin": [8.27869, 10.3815, 5.4871]},
			"faces": {
				"north": {"uv": [11, 8.5, 11.5, 9], "texture": "#0"},
				"east": {"uv": [11, 10, 11.5, 10.5], "texture": "#0"},
				"south": {"uv": [11, 10.5, 11.5, 11], "texture": "#0"},
				"west": {"uv": [1, 11.5, 1.5, 12], "texture": "#0"},
				"up": {"uv": [2, 12, 1.5, 11.5], "texture": "#0"},
				"down": {"uv": [2.5, 11.5, 2, 12], "texture": "#0"}
			}
		},
		{
			"from": [12.25225, 19.86194, 5.41193],
			"to": [13.29859, 21.43145, 5.9351],
			"rotation": {"angle": 0, "axis": "y", "origin": [8.27869, 10.3815, 5.4871]},
			"faces": {
				"north": {"uv": [2.5, 11.5, 3, 12], "texture": "#0"},
				"east": {"uv": [3, 11.5, 3.5, 12], "texture": "#0"},
				"south": {"uv": [4.5, 11.5, 5, 12], "texture": "#0"},
				"west": {"uv": [5, 11.5, 5.5, 12], "texture": "#0"},
				"up": {"uv": [6, 12, 5.5, 11.5], "texture": "#0"},
				"down": {"uv": [6.5, 11.5, 6, 12], "texture": "#0"}
			}
		},
		{
			"from": [3.61226, 12.00513, 2.5345],
			"to": [4.92018, 15.40573, 8.55095],
			"rotation": {"angle": 0, "axis": "y", "origin": [8.27869, 10.3815, 5.4871]},
			"faces": {
				"north": {"uv": [6.5, 11.5, 7, 12], "texture": "#0"},
				"east": {"uv": [6.5, 5.5, 7.5, 6], "texture": "#0"},
				"south": {"uv": [7, 11.5, 7.5, 12], "texture": "#0"},
				"west": {"uv": [6.5, 6, 7.5, 6.5], "texture": "#0"},
				"up": {"uv": [7, 8, 6.5, 7], "texture": "#0"},
				"down": {"uv": [7.5, 7, 7, 8], "texture": "#0"}
			}
		},
		{
			"from": [6.22811, 10.43562, 4.3656],
			"to": [10.15188, 10.95879, 6.71986],
			"rotation": {"angle": 0, "axis": "y", "origin": [8.27869, 10.3815, 5.4871]},
			"faces": {
				"north": {"uv": [7, 3.5, 8, 4], "texture": "#0"},
				"east": {"uv": [8.5, 11.5, 9, 12], "texture": "#0"},
				"south": {"uv": [7, 4, 8, 4.5], "texture": "#0"},
				"west": {"uv": [9, 11.5, 9.5, 12], "texture": "#0"},
				"up": {"uv": [8, 5, 7, 4.5], "texture": "#0"},
				"down": {"uv": [8, 5, 7, 5.5], "texture": "#0"}
			}
		},
		{
			"from": [4.92018, 10.95879, 2.5345],
			"to": [11.4598, 12.00513, 8.55095],
			"rotation": {"angle": 0, "axis": "y", "origin": [8.27869, 10.3815, 5.4871]},
			"faces": {
				"north": {"uv": [6.5, 1, 8, 1.5], "texture": "#0"},
				"east": {"uv": [0, 7.5, 1, 8], "texture": "#0"},
				"south": {"uv": [6.5, 1.5, 8, 2], "texture": "#0"},
				"west": {"uv": [2, 7.5, 3, 8], "texture": "#0"},
				"up": {"uv": [3, 3.5, 1.5, 2.5], "texture": "#0"},
				"down": {"uv": [1.5, 3, 0, 4], "texture": "#0"}
			}
		},
		{
			"from": [11.19822, 12.00513, 2.5345],
			"to": [12.50614, 15.40573, 8.55095],
			"rotation": {"angle": 0, "axis": "y", "origin": [8.27869, 10.3815, 5.4871]},
			"faces": {
				"north": {"uv": [6.5, 11.5, 7, 12], "texture": "#0"},
				"east": {"uv": [6.5, 6, 7.5, 6.5], "texture": "#0"},
				"south": {"uv": [7, 11.5, 7.5, 12], "texture": "#0"},
				"west": {"uv": [6.5, 5.5, 7.5, 6], "texture": "#0"},
				"up": {"uv": [7, 8, 6.5, 7], "texture": "#0"},
				"down": {"uv": [7.5, 7, 7, 8], "texture": "#0"}
			}
		},
		{
			"name": "pepe",
			"from": [4.92018, 13.83622, 2.5345],
			"to": [11.19822, 15.40573, 8.55095],
			"rotation": {"angle": 0, "axis": "y", "origin": [8.27869, 10.3815, 5.4871]},
			"faces": {
				"north": {"uv": [7.5, 3, 8.5, 3.5], "texture": "#0"},
				"east": {"uv": [7.5, 7, 8.5, 7.5], "texture": "#0"},
				"south": {"uv": [0, 8, 1, 8.5], "texture": "#0"},
				"west": {"uv": [1, 8, 2, 8.5], "texture": "#0"},
				"up": {"uv": [2.5, 4.5, 1.5, 3.5], "texture": "#0"},
				"down": {"uv": [1, 4, 0, 5], "texture": "#0"}
			}
		},
		{
			"from": [4.92018, 12.00513, 3.84243],
			"to": [11.19822, 13.83622, 8.55095],
			"rotation": {"angle": 0, "axis": "y", "origin": [8.27869, 10.3815, 5.4871]},
			"faces": {
				"north": {"uv": [2, 8, 3, 8.5], "texture": "#0"},
				"east": {"uv": [3, 8, 4, 8.5], "texture": "#0"},
				"south": {"uv": [4, 8, 5, 8.5], "texture": "#0"},
				"west": {"uv": [5, 8, 6, 8.5], "texture": "#0"},
				"up": {"uv": [3.5, 5, 2.5, 4], "texture": "#0"},
				"down": {"uv": [4.5, 4, 3.5, 5], "texture": "#0"}
			}
		},
		{
			"from": [11.4598, 15.40573, 3.05767],
			"to": [12.24455, 18.54474, 8.02778],
			"rotation": {"angle": 0, "axis": "y", "origin": [8.27869, 10.3815, 5.4871]},
			"faces": {
				"north": {"uv": [11.5, 11.5, 12, 12], "texture": "#0"},
				"east": {"uv": [8, 2.5, 9, 3], "texture": "#0"},
				"south": {"uv": [11.5, 0, 12, 0.5], "texture": "#0"},
				"west": {"uv": [8, 2, 9, 2.5], "texture": "#0"},
				"up": {"uv": [8.5, 4.5, 8, 3.5], "texture": "#0"},
				"down": {"uv": [8.5, 4.5, 8, 5.5], "texture": "#0"}
			}
		},
		{
			"from": [3.87385, 15.40573, 3.05767],
			"to": [4.6586, 18.54474, 8.02778],
			"rotation": {"angle": 0, "axis": "y", "origin": [8.27869, 10.3815, 5.4871]},
			"faces": {
				"north": {"uv": [11.5, 11.5, 12, 12], "texture": "#0"},
				"east": {"uv": [8, 2, 9, 2.5], "texture": "#0"},
				"south": {"uv": [11.5, 0, 12, 0.5], "texture": "#0"},
				"west": {"uv": [8, 2.5, 9, 3], "texture": "#0"},
				"up": {"uv": [8.5, 4.5, 8, 3.5], "texture": "#0"},
				"down": {"uv": [8.5, 4.5, 8, 5.5], "texture": "#0"}
			}
		},
		{
			"from": [4.6586, 15.40573, 7.24303],
			"to": [11.72138, 19.3295, 8.02778],
			"rotation": {"angle": 0, "axis": "y", "origin": [8.27869, 10.3815, 5.4871]},
			"faces": {
				"north": {"uv": [4, 1, 5, 2], "texture": "#0"},
				"east": {"uv": [8, 5.5, 8.5, 6.5], "texture": "#0"},
				"south": {"uv": [4, 2, 5, 3], "texture": "#0"},
				"west": {"uv": [0, 8.5, 0.5, 9.5], "texture": "#0"},
				"up": {"uv": [9, 7, 8, 6.5], "texture": "#0"},
				"down": {"uv": [1.5, 8.5, 0.5, 9], "texture": "#0"}
			}
		},
		{
			"from": [7.53603, 15.40573, 3.05767],
			"to": [8.58237, 18.54474, 7.7662],
			"rotation": {"angle": 0, "axis": "y", "origin": [8.27869, 10.3815, 5.4871]},
			"faces": {
				"north": {"uv": [11.5, 11.5, 12, 12], "texture": "#0"},
				"east": {"uv": [8, 2, 9, 2.5], "texture": "#0"},
				"south": {"uv": [11.5, 0, 12, 0.5], "texture": "#0"},
				"west": {"uv": [8, 2, 9, 2.5], "texture": "#0"},
				"up": {"uv": [8.5, 4.5, 8, 3.5], "texture": "#0"},
				"down": {"uv": [8.5, 4.5, 8, 5.5], "texture": "#0"}
			}
		},
		{
			"from": [7.53603, 14.0978, 2.27292],
			"to": [8.84395, 15.14414, 2.79609],
			"rotation": {"angle": 0, "axis": "y", "origin": [8.27869, 10.3815, 5.4871]},
			"faces": {
				"north": {"uv": [11.5, 1.5, 12, 2], "texture": "#0"},
				"east": {"uv": [11.5, 2, 12, 2.5], "texture": "#0"},
				"south": {"uv": [11.5, 2.5, 12, 3], "texture": "#0"},
				"west": {"uv": [11.5, 3, 12, 3.5], "texture": "#0"},
				"up": {"uv": [12, 4, 11.5, 3.5], "texture": "#0"},
				"down": {"uv": [12, 4, 11.5, 4.5], "texture": "#0"}
			}
		},
		{
			"from": [4.39702, 19.06791, 3.05767],
			"to": [11.72138, 19.59108, 8.02778],
			"rotation": {"angle": 0, "axis": "y", "origin": [8.27869, 10.3815, 5.4871]},
			"faces": {
				"north": {"uv": [6.5, 2, 8, 2.5], "texture": "#0"},
				"east": {"uv": [4.5, 8.5, 5.5, 9], "texture": "#0"},
				"south": {"uv": [6.5, 2.5, 8, 3], "texture": "#0"},
				"west": {"uv": [5.5, 8.5, 6.5, 9], "texture": "#0"},
				"up": {"uv": [4.5, 4, 3, 3], "texture": "#0"},
				"down": {"uv": [4.5, 0, 3, 1], "texture": "#0"}
			}
		},
		{
			"from": [5.70494, 19.59108, 3.31926],
			"to": [10.67505, 20.11425, 7.7662],
			"rotation": {"angle": 0, "axis": "y", "origin": [8.27869, 10.3815, 5.4871]},
			"faces": {
				"north": {"uv": [6.5, 8.5, 7.5, 9], "texture": "#0"},
				"east": {"uv": [7.5, 8.5, 8.5, 9], "texture": "#0"},
				"south": {"uv": [8.5, 8.5, 9.5, 9], "texture": "#0"},
				"west": {"uv": [8.5, 0, 9.5, 0.5], "texture": "#0"},
				"up": {"uv": [2, 5.5, 1, 4.5], "texture": "#0"},
				"down": {"uv": [5.5, 4.5, 4.5, 5.5], "texture": "#0"}
			}
		},
		{
			"from": [3.87385, 18.54474, 3.05767],
			"to": [5.18177, 19.06791, 8.02778],
			"rotation": {"angle": 0, "axis": "y", "origin": [8.27869, 10.3815, 5.4871]},
			"faces": {
				"north": {"uv": [11.5, 4.5, 12, 5], "texture": "#0"},
				"east": {"uv": [8.5, 0.5, 9.5, 1], "texture": "#0"},
				"south": {"uv": [11.5, 5, 12, 5.5], "texture": "#0"},
				"west": {"uv": [8.5, 1, 9.5, 1.5], "texture": "#0"},
				"up": {"uv": [9, 4, 8.5, 3], "texture": "#0"},
				"down": {"uv": [9, 4, 8.5, 5], "texture": "#0"}
			}
		},
		{
			"from": [7.27445, 18.54474, 3.05767],
			"to": [8.84395, 19.06791, 8.02778],
			"rotation": {"angle": 0, "axis": "y", "origin": [8.27869, 10.3815, 5.4871]},
			"faces": {
				"north": {"uv": [11.5, 4.5, 12, 5], "texture": "#0"},
				"east": {"uv": [8.5, 1, 9.5, 1.5], "texture": "#0"},
				"south": {"uv": [11.5, 5, 12, 5.5], "texture": "#0"},
				"west": {"uv": [8.5, 1, 9.5, 1.5], "texture": "#0"},
				"up": {"uv": [9, 4, 8.5, 3], "texture": "#0"},
				"down": {"uv": [9, 4, 8.5, 5], "texture": "#0"}
			}
		},
		{
			"from": [10.93663, 18.54474, 3.05767],
			"to": [12.24455, 19.06791, 8.02778],
			"rotation": {"angle": 0, "axis": "y", "origin": [8.27869, 10.3815, 5.4871]},
			"faces": {
				"north": {"uv": [11.5, 4.5, 12, 5], "texture": "#0"},
				"east": {"uv": [8.5, 1, 9.5, 1.5], "texture": "#0"},
				"south": {"uv": [11.5, 5, 12, 5.5], "texture": "#0"},
				"west": {"uv": [8.5, 1, 9.5, 1.5], "texture": "#0"},
				"up": {"uv": [9, 4, 8.5, 3], "texture": "#0"},
				"down": {"uv": [9, 4, 8.5, 5], "texture": "#0"}
			}
		},
		{
			"from": [4.6514, 11.91649, 2.5345],
			"to": [5.46923, 12.70125, 8.28937],
			"rotation": {"angle": 0, "axis": "y", "origin": [8.27869, 10.3815, 5.4871]},
			"faces": {
				"north": {"uv": [11.5, 7.5, 12, 8], "texture": "#0"},
				"east": {"uv": [2.5, 9, 3.5, 9.5], "texture": "#0"},
				"south": {"uv": [11.5, 8, 12, 8.5], "texture": "#0"},
				"west": {"uv": [4.5, 9, 5.5, 9.5], "texture": "#0"},
				"up": {"uv": [6, 10, 5.5, 9], "texture": "#0"},
				"down": {"uv": [6.5, 9, 6, 10], "texture": "#0"}
			}
		},
		{
			"from": [10.8614, 11.82805, 2.5345],
			"to": [11.67923, 12.61281, 8.28937],
			"rotation": {"angle": 0, "axis": "y", "origin": [8.27869, 10.3815, 5.4871]},
			"faces": {
				"north": {"uv": [11.5, 7.5, 12, 8], "texture": "#0"},
				"east": {"uv": [2.5, 9, 3.5, 9.5], "texture": "#0"},
				"south": {"uv": [11.5, 7.5, 12, 8], "texture": "#0"},
				"west": {"uv": [2.5, 9, 3.5, 9.5], "texture": "#0"},
				"up": {"uv": [2.5, 9, 3.5, 9.5], "texture": "#0"},
				"down": {"uv": [2.5, 9, 3.5, 9.5], "texture": "#0"}
			}
		},
		{
			"from": [4.6586, 15.40573, 3.58084],
			"to": [11.4598, 19.06791, 7.7662],
			"rotation": {"angle": 0, "axis": "y", "origin": [8.27869, 10.3815, 5.4871]},
			"faces": {
				"north": {"uv": [4.5, 0, 5.5, 1], "texture": "#0"},
				"east": {"uv": [4.5, 3, 5.5, 4], "texture": "#0"},
				"south": {"uv": [0, 5, 1, 6], "texture": "#0"},
				"west": {"uv": [2, 5, 3, 6], "texture": "#0"},
				"up": {"uv": [4, 6, 3, 5], "texture": "#0"},
				"down": {"uv": [6, 1, 5, 2], "texture": "#0"}
			}
		},
		{
			"from": [4.92018, 15.66731, 3.31926],
			"to": [7.27445, 18.28316, 3.58084],
			"rotation": {"angle": 0, "axis": "y", "origin": [8.27869, 10.3815, 5.4871]},
			"faces": {
				"north": {"uv": [11.5, 9.5, 12, 10], "texture": "#0"},
				"east": {"uv": [11.5, 10, 12, 10.5], "texture": "#0"},
				"south": {"uv": [11.5, 10.5, 12, 11], "texture": "#0"},
				"west": {"uv": [11.5, 11, 12, 11.5], "texture": "#0"},
				"up": {"uv": [0.5, 12.5, 0, 12], "texture": "#0"},
				"down": {"uv": [1, 12, 0.5, 12.5], "texture": "#0"}
			}
		},
		{
			"from": [5.44335, 18.28316, 3.31926],
			"to": [7.01286, 18.80633, 3.58084],
			"rotation": {"angle": 0, "axis": "y", "origin": [8.27869, 10.3815, 5.4871]},
			"faces": {
				"north": {"uv": [1, 12, 1.5, 12.5], "texture": "#0"},
				"east": {"uv": [1.5, 12, 2, 12.5], "texture": "#0"},
				"south": {"uv": [2, 12, 2.5, 12.5], "texture": "#0"},
				"west": {"uv": [2.5, 12, 3, 12.5], "texture": "#0"},
				"up": {"uv": [3.5, 12.5, 3, 12], "texture": "#0"},
				"down": {"uv": [4, 12, 3.5, 12.5], "texture": "#0"}
			}
		},
		{
			"from": [8.84395, 15.66731, 3.31926],
			"to": [11.19822, 18.28316, 3.58084],
			"rotation": {"angle": 0, "axis": "y", "origin": [8.27869, 10.3815, 5.4871]},
			"faces": {
				"north": {"uv": [11.5, 9.5, 12, 10], "texture": "#0"},
				"east": {"uv": [11.5, 10, 12, 10.5], "texture": "#0"},
				"south": {"uv": [11.5, 9.5, 12, 10], "texture": "#0"},
				"west": {"uv": [11.5, 10, 12, 10.5], "texture": "#0"},
				"up": {"uv": [0.5, 12.5, 0, 12], "texture": "#0"},
				"down": {"uv": [0.5, 12.5, 0, 12], "texture": "#0"}
			}
		},
		{
			"from": [9.10554, 18.28316, 3.31926],
			"to": [10.67505, 18.80633, 3.58084],
			"rotation": {"angle": 0, "axis": "y", "origin": [8.27869, 10.3815, 5.4871]},
			"faces": {
				"north": {"uv": [1, 12, 1.5, 12.5], "texture": "#0"},
				"east": {"uv": [1.5, 12, 2, 12.5], "texture": "#0"},
				"south": {"uv": [1, 12, 1.5, 12.5], "texture": "#0"},
				"west": {"uv": [1.5, 12, 2, 12.5], "texture": "#0"},
				"up": {"uv": [3.5, 12.5, 3, 12], "texture": "#0"},
				"down": {"uv": [3.5, 12.5, 3, 12], "texture": "#0"}
			}
		},
		{
			"from": [5.70494, 12.00513, 2.79609],
			"to": [10.86447, 12.26671, 8.28937],
			"rotation": {"angle": 0, "axis": "y", "origin": [8.27869, 10.3815, 5.4871]},
			"faces": {
				"north": {"uv": [9, 2, 10, 2.5], "texture": "#0"},
				"east": {"uv": [9, 2.5, 10, 3], "texture": "#0"},
				"south": {"uv": [9, 3, 10, 3.5], "texture": "#0"},
				"west": {"uv": [9, 3.5, 10, 4], "texture": "#0"},
				"up": {"uv": [6, 3, 5, 2], "texture": "#0"},
				"down": {"uv": [2, 5.5, 1, 6.5], "texture": "#0"}
			}
		},
		{
			"from": [5.11027, 11.89543, 2.79609],
			"to": [5.78378, 12.75235, 8.28937],
			"rotation": {"angle": 0, "axis": "y", "origin": [8.27869, 10.3815, 5.4871]},
			"faces": {
				"north": {"uv": [10, 12, 10.5, 12.5], "rotation": 270, "texture": "#0"},
				"east": {"uv": [9.5, 6.5, 9, 5.5], "rotation": 90, "texture": "#0"},
				"south": {"uv": [10.5, 12, 11, 12.5], "rotation": 90, "texture": "#0"},
				"west": {"uv": [9.5, 6.5, 9, 7.5], "rotation": 90, "texture": "#0"},
				"up": {"uv": [9, 4.5, 10, 5], "rotation": 90, "texture": "#0"},
				"down": {"uv": [9, 4, 10, 4.5], "rotation": 90, "texture": "#0"}
			}
		},
		{
			"from": [4.51314, 12.10934, 2.79609],
			"to": [5.29789, 13.67885, 8.28937],
			"rotation": {"angle": 0, "axis": "y", "origin": [8.27869, 10.3815, 5.4871]},
			"faces": {
				"north": {"uv": [11, 12, 11.5, 12.5], "texture": "#0"},
				"east": {"uv": [9, 7.5, 10, 8], "texture": "#0"},
				"south": {"uv": [11.5, 12, 12, 12.5], "texture": "#0"},
				"west": {"uv": [0, 9.5, 1, 10], "texture": "#0"},
				"up": {"uv": [1.5, 10.5, 1, 9.5], "texture": "#0"},
				"down": {"uv": [3, 9.5, 2.5, 10.5], "texture": "#0"}
			}
		},
		{
			"from": [10.65877, 12.23916, 2.79609],
			"to": [11.33228, 12.7954, 8.28937],
			"rotation": {"angle": 0, "axis": "y", "origin": [8.27869, 10.3815, 5.4871]},
			"faces": {
				"north": {"uv": [10, 12, 10.5, 12.5], "rotation": 270, "texture": "#0"},
				"east": {"uv": [9.5, 6.5, 9, 5.5], "rotation": 90, "texture": "#0"},
				"south": {"uv": [12, 0, 12.5, 0.5], "rotation": 90, "texture": "#0"},
				"west": {"uv": [9.5, 6.5, 9, 5.5], "rotation": 90, "texture": "#0"},
				"up": {"uv": [9, 4, 10, 4.5], "rotation": 90, "texture": "#0"},
				"down": {"uv": [9, 4, 10, 4.5], "rotation": 90, "texture": "#0"}
			}
		},
		{
			"from": [10.97764, 12.37968, 2.79609],
			"to": [12.02398, 13.6876, 8.28937],
			"rotation": {"angle": 0, "axis": "y", "origin": [8.27869, 10.3815, 5.4871]},
			"faces": {
				"north": {"uv": [11, 12, 11.5, 12.5], "texture": "#0"},
				"east": {"uv": [0, 9.5, 1, 10], "texture": "#0"},
				"south": {"uv": [11, 12, 11.5, 12.5], "texture": "#0"},
				"west": {"uv": [0, 9.5, 1, 10], "texture": "#0"},
				"up": {"uv": [1.5, 10.5, 1, 9.5], "texture": "#0"},
				"down": {"uv": [1.5, 10.5, 1, 9.5], "texture": "#0"}
			}
		},
		{
			"from": [4.92018, 13.57464, 2.79609],
			"to": [11.19822, 14.62097, 8.28937],
			"rotation": {"angle": 0, "axis": "y", "origin": [8.27869, 10.3815, 5.4871]},
			"faces": {
				"north": {"uv": [9.5, 1, 10.5, 1.5], "texture": "#0"},
				"east": {"uv": [9.5, 1.5, 10.5, 2], "texture": "#0"},
				"south": {"uv": [9.5, 5, 10.5, 5.5], "texture": "#0"},
				"west": {"uv": [9.5, 5.5, 10.5, 6], "texture": "#0"},
				"up": {"uv": [5, 6.5, 4, 5.5], "texture": "#0"},
				"down": {"uv": [6, 5.5, 5, 6.5], "texture": "#0"}
			}
		},
		{
			"from": [6.75128, 12.26671, 3.05767],
			"to": [7.27445, 12.78988, 8.28937],
			"rotation": {"angle": 0, "axis": "y", "origin": [8.27869, 10.3815, 5.4871]},
			"faces": {
				"north": {"uv": [12, 1.5, 12.5, 2], "texture": "#0"},
				"east": {"uv": [9.5, 6, 10.5, 6.5], "texture": "#0"},
				"south": {"uv": [12, 2, 12.5, 2.5], "texture": "#0"},
				"west": {"uv": [9.5, 6.5, 10.5, 7], "texture": "#0"},
				"up": {"uv": [10, 9, 9.5, 8], "texture": "#0"},
				"down": {"uv": [0.5, 10, 0, 11], "texture": "#0"}
			}
		},
		{
			"from": [6.75128, 13.05147, 3.05767],
			"to": [7.27445, 13.57464, 8.28937],
			"rotation": {"angle": 0, "axis": "y", "origin": [8.27869, 10.3815, 5.4871]},
			"faces": {
				"north": {"uv": [12, 1.5, 12.5, 2], "texture": "#0"},
				"east": {"uv": [9.5, 6.5, 10.5, 7], "texture": "#0"},
				"south": {"uv": [12, 3, 12.5, 3.5], "texture": "#0"},
				"west": {"uv": [9.5, 6.5, 10.5, 7], "texture": "#0"},
				"up": {"uv": [9.5, 6.5, 10.5, 7], "texture": "#0"},
				"down": {"uv": [9.5, 6.5, 10.5, 7], "texture": "#0"}
			}
		},
		{
			"from": [7.53603, 12.26671, 3.05767],
			"to": [8.0592, 12.78988, 8.28937],
			"rotation": {"angle": 0, "axis": "y", "origin": [8.27869, 10.3815, 5.4871]},
			"faces": {
				"north": {"uv": [12, 1.5, 12.5, 2], "texture": "#0"},
				"east": {"uv": [9.5, 6.5, 10.5, 7], "texture": "#0"},
				"south": {"uv": [12, 4, 12.5, 4.5], "texture": "#0"},
				"west": {"uv": [9.5, 6.5, 10.5, 7], "texture": "#0"},
				"up": {"uv": [9.5, 6.5, 10.5, 7], "texture": "#0"},
				"down": {"uv": [9.5, 6.5, 10.5, 7], "texture": "#0"}
			}
		},
		{
			"from": [8.32078, 12.26671, 3.05767],
			"to": [8.84395, 12.78988, 8.28937],
			"rotation": {"angle": 0, "axis": "y", "origin": [8.27869, 10.3815, 5.4871]},
			"faces": {
				"north": {"uv": [12, 1.5, 12.5, 2], "texture": "#0"},
				"east": {"uv": [9.5, 6.5, 10.5, 7], "texture": "#0"},
				"south": {"uv": [12, 5, 12.5, 5.5], "texture": "#0"},
				"west": {"uv": [9.5, 6.5, 10.5, 7], "texture": "#0"},
				"up": {"uv": [9.5, 6.5, 10.5, 7], "texture": "#0"},
				"down": {"uv": [9.5, 6.5, 10.5, 7], "texture": "#0"}
			}
		},
		{
			"from": [9.10554, 12.26671, 3.05767],
			"to": [9.62871, 12.78988, 8.28937],
			"rotation": {"angle": 0, "axis": "y", "origin": [8.27869, 10.3815, 5.4871]},
			"faces": {
				"north": {"uv": [12, 1.5, 12.5, 2], "texture": "#0"},
				"east": {"uv": [9.5, 6.5, 10.5, 7], "texture": "#0"},
				"south": {"uv": [12, 6, 12.5, 6.5], "texture": "#0"},
				"west": {"uv": [9.5, 6.5, 10.5, 7], "texture": "#0"},
				"up": {"uv": [9.5, 6.5, 10.5, 7], "texture": "#0"},
				"down": {"uv": [9.5, 6.5, 10.5, 7], "texture": "#0"}
			}
		},
		{
			"from": [5.96652, 12.26671, 3.05767],
			"to": [6.48969, 12.78988, 8.28937],
			"rotation": {"angle": 0, "axis": "y", "origin": [8.27869, 10.3815, 5.4871]},
			"faces": {
				"north": {"uv": [12, 1.5, 12.5, 2], "texture": "#0"},
				"east": {"uv": [9.5, 6.5, 10.5, 7], "texture": "#0"},
				"south": {"uv": [12, 7, 12.5, 7.5], "texture": "#0"},
				"west": {"uv": [9.5, 6.5, 10.5, 7], "texture": "#0"},
				"up": {"uv": [9.5, 6.5, 10.5, 7], "texture": "#0"},
				"down": {"uv": [9.5, 6.5, 10.5, 7], "texture": "#0"}
			}
		},
		{
			"from": [5.96652, 13.05147, 3.05767],
			"to": [6.48969, 13.57464, 8.28937],
			"rotation": {"angle": 0, "axis": "y", "origin": [8.27869, 10.3815, 5.4871]},
			"faces": {
				"north": {"uv": [12, 1.5, 12.5, 2], "texture": "#0"},
				"east": {"uv": [9.5, 6.5, 10.5, 7], "texture": "#0"},
				"south": {"uv": [12, 8, 12.5, 8.5], "texture": "#0"},
				"west": {"uv": [9.5, 6.5, 10.5, 7], "texture": "#0"},
				"up": {"uv": [9.5, 6.5, 10.5, 7], "texture": "#0"},
				"down": {"uv": [9.5, 6.5, 10.5, 7], "texture": "#0"}
			}
		},
		{
			"from": [7.53603, 13.05147, 3.05767],
			"to": [8.0592, 13.57464, 8.28937],
			"rotation": {"angle": 0, "axis": "y", "origin": [8.27869, 10.3815, 5.4871]},
			"faces": {
				"north": {"uv": [12, 1.5, 12.5, 2], "texture": "#0"},
				"east": {"uv": [9.5, 6.5, 10.5, 7], "texture": "#0"},
				"south": {"uv": [12, 9, 12.5, 9.5], "texture": "#0"},
				"west": {"uv": [9.5, 6.5, 10.5, 7], "texture": "#0"},
				"up": {"uv": [9.5, 6.5, 10.5, 7], "texture": "#0"},
				"down": {"uv": [9.5, 6.5, 10.5, 7], "texture": "#0"}
			}
		},
		{
			"from": [8.32078, 13.05147, 3.05767],
			"to": [8.84395, 13.57464, 8.28937],
			"rotation": {"angle": 0, "axis": "y", "origin": [8.27869, 10.3815, 5.4871]},
			"faces": {
				"north": {"uv": [12, 1.5, 12.5, 2], "texture": "#0"},
				"east": {"uv": [9.5, 6.5, 10.5, 7], "texture": "#0"},
				"south": {"uv": [12, 10, 12.5, 10.5], "texture": "#0"},
				"west": {"uv": [9.5, 6.5, 10.5, 7], "texture": "#0"},
				"up": {"uv": [9.5, 6.5, 10.5, 7], "texture": "#0"},
				"down": {"uv": [9.5, 6.5, 10.5, 7], "texture": "#0"}
			}
		},
		{
			"from": [9.10554, 13.05147, 3.05767],
			"to": [9.62871, 13.57464, 8.28937],
			"rotation": {"angle": 0, "axis": "y", "origin": [8.27869, 10.3815, 5.4871]},
			"faces": {
				"north": {"uv": [12, 1.5, 12.5, 2], "texture": "#0"},
				"east": {"uv": [9.5, 6.5, 10.5, 7], "texture": "#0"},
				"south": {"uv": [12, 11, 12.5, 11.5], "texture": "#0"},
				"west": {"uv": [9.5, 6.5, 10.5, 7], "texture": "#0"},
				"up": {"uv": [9.5, 6.5, 10.5, 7], "texture": "#0"},
				"down": {"uv": [9.5, 6.5, 10.5, 7], "texture": "#0"}
			}
		},
		{
			"from": [9.89029, 13.05147, 3.05767],
			"to": [10.41346, 13.57464, 8.28937],
			"rotation": {"angle": 0, "axis": "y", "origin": [8.27869, 10.3815, 5.4871]},
			"faces": {
				"north": {"uv": [12, 1.5, 12.5, 2], "texture": "#0"},
				"east": {"uv": [9.5, 6.5, 10.5, 7], "texture": "#0"},
				"south": {"uv": [0, 12.5, 0.5, 13], "texture": "#0"},
				"west": {"uv": [9.5, 6.5, 10.5, 7], "texture": "#0"},
				"up": {"uv": [9.5, 6.5, 10.5, 7], "texture": "#0"},
				"down": {"uv": [9.5, 6.5, 10.5, 7], "texture": "#0"}
			}
		},
		{
			"from": [5.18177, 13.05147, 3.05767],
			"to": [5.70494, 13.57464, 8.28937],
			"rotation": {"angle": 0, "axis": "y", "origin": [8.27869, 10.3815, 5.4871]},
			"faces": {
				"north": {"uv": [12, 1.5, 12.5, 2], "texture": "#0"},
				"east": {"uv": [9.5, 6.5, 10.5, 7], "texture": "#0"},
				"south": {"uv": [1, 12.5, 1.5, 13], "texture": "#0"},
				"west": {"uv": [9.5, 6.5, 10.5, 7], "texture": "#0"},
				"up": {"uv": [9.5, 6.5, 10.5, 7], "texture": "#0"},
				"down": {"uv": [9.5, 6.5, 10.5, 7], "texture": "#0"}
			}
		},
		{
			"from": [10.67505, 13.05147, 3.05767],
			"to": [11.19822, 13.57464, 8.28937],
			"rotation": {"angle": 0, "axis": "y", "origin": [8.27869, 10.3815, 5.4871]},
			"faces": {
				"north": {"uv": [12, 1.5, 12.5, 2], "texture": "#0"},
				"east": {"uv": [9.5, 6.5, 10.5, 7], "texture": "#0"},
				"south": {"uv": [2, 12.5, 2.5, 13], "texture": "#0"},
				"west": {"uv": [9.5, 6.5, 10.5, 7], "texture": "#0"},
				"up": {"uv": [9.5, 6.5, 10.5, 7], "texture": "#0"},
				"down": {"uv": [9.5, 6.5, 10.5, 7], "texture": "#0"}
			}
		},
		{
			"from": [9.89029, 12.26671, 3.05767],
			"to": [10.41346, 12.78988, 8.28937],
			"rotation": {"angle": 0, "axis": "y", "origin": [8.27869, 10.3815, 5.4871]},
			"faces": {
				"north": {"uv": [12, 1.5, 12.5, 2], "texture": "#0"},
				"east": {"uv": [9.5, 6.5, 10.5, 7], "texture": "#0"},
				"south": {"uv": [3, 12.5, 3.5, 13], "texture": "#0"},
				"west": {"uv": [9.5, 6.5, 10.5, 7], "texture": "#0"},
				"up": {"uv": [9.5, 6.5, 10.5, 7], "texture": "#0"},
				"down": {"uv": [9.5, 6.5, 10.5, 7], "texture": "#0"}
			}
		},
		{
			"from": [5.042, 11.536, 5.43],
			"to": [6.086, 13.798, 6.474],
			"rotation": {"angle": -22.5, "axis": "z", "origin": [6.434, 13.337, 5.952]},
			"faces": {
				"north": {"uv": [3.5, 12.5, 4, 13], "texture": "#0"},
				"east": {"uv": [4, 12.5, 4.5, 13], "texture": "#0"},
				"south": {"uv": [4.5, 12.5, 5, 13], "texture": "#0"},
				"west": {"uv": [5, 12.5, 5.5, 13], "texture": "#0"},
				"up": {"uv": [6, 13, 5.5, 12.5], "texture": "#0"},
				"down": {"uv": [6.5, 12.5, 6, 13], "texture": "#0"}
			}
		},
		{
			"from": [5.068, 9.318, 5.43],
			"to": [6.112, 11.58, 6.474],
			"rotation": {"angle": -22.5, "axis": "z", "origin": [6.434, 13.337, 5.952]},
			"faces": {
				"north": {"uv": [6.5, 12.5, 7, 13], "texture": "#0"},
				"east": {"uv": [7, 12.5, 7.5, 13], "texture": "#0"},
				"south": {"uv": [7.5, 12.5, 8, 13], "texture": "#0"},
				"west": {"uv": [8, 12.5, 8.5, 13], "texture": "#0"},
				"up": {"uv": [9, 13, 8.5, 12.5], "texture": "#0"},
				"down": {"uv": [9.5, 12.5, 9, 13], "texture": "#0"}
			}
		},
		{
			"from": [3.602, 7.626, 7.03],
			"to": [4.646, 9.888, 8.074],
			"rotation": {"angle": 22.5, "axis": "x", "origin": [4.934, 13.937, 7.552]},
			"faces": {
				"north": {"uv": [9.5, 12.5, 10, 13], "texture": "#0"},
				"east": {"uv": [10, 12.5, 10.5, 13], "texture": "#0"},
				"south": {"uv": [10.5, 12.5, 11, 13], "texture": "#0"},
				"west": {"uv": [11, 12.5, 11.5, 13], "texture": "#0"},
				"up": {"uv": [12, 13, 11.5, 12.5], "texture": "#0"},
				"down": {"uv": [12.5, 12.5, 12, 13], "texture": "#0"}
			}
		},
		{
			"from": [3.602, 5.364, 7.03],
			"to": [4.646, 7.626, 8.074],
			"rotation": {"angle": 22.5, "axis": "x", "origin": [4.934, 13.937, 7.552]},
			"faces": {
				"north": {"uv": [12.5, 12.5, 13, 13], "texture": "#0"},
				"east": {"uv": [12.5, 0, 13, 0.5], "texture": "#0"},
				"south": {"uv": [12.5, 0.5, 13, 1], "texture": "#0"},
				"west": {"uv": [12.5, 1, 13, 1.5], "texture": "#0"},
				"up": {"uv": [13, 2, 12.5, 1.5], "texture": "#0"},
				"down": {"uv": [13, 2, 12.5, 2.5], "texture": "#0"}
			}
		},
		{
			"from": [3.69372, 4.45272, -6.56137],
			"to": [5.42425, 6.18326, -2.81188],
			"rotation": {"angle": 0, "axis": "x", "origin": [3.95578, 5.43336, -9.11341]},
			"faces": {
				"north": {"uv": [13, 5, 12.5, 5.5], "rotation": 180, "texture": "#0"},
				"east": {"uv": [12.5, 3, 13, 3.5], "rotation": 270, "texture": "#0"},
				"south": {"uv": [13, 5, 12.5, 4.5], "texture": "#0"},
				"west": {"uv": [12.5, 4, 13, 4.5], "rotation": 90, "texture": "#0"},
				"up": {"uv": [12.5, 2.5, 13, 3], "rotation": 180, "texture": "#0"},
				"down": {"uv": [12.5, 3.5, 13, 4], "texture": "#0"}
			}
		},
		{
			"from": [3.89372, 4.65272, -2.86137],
			"to": [5.22425, 5.98326, 0.88812],
			"rotation": {"angle": 0, "axis": "x", "origin": [3.95578, 5.43336, -5.41341]},
			"faces": {
				"north": {"uv": [13, 5, 12.5, 5.5], "rotation": 180, "texture": "#0"},
				"east": {"uv": [12.5, 3, 13, 3.5], "rotation": 270, "texture": "#0"},
				"south": {"uv": [13, 5, 12.5, 4.5], "texture": "#0"},
				"west": {"uv": [12.5, 4, 13, 4.5], "rotation": 90, "texture": "#0"},
				"up": {"uv": [12.5, 2.5, 13, 3], "rotation": 180, "texture": "#0"},
				"down": {"uv": [12.5, 3.5, 13, 4], "texture": "#0"}
			}
		},
		{
			"from": [3.59372, 5.25272, 0.83863],
			"to": [4.62425, 6.28326, 4.58812],
			"rotation": {"angle": 0, "axis": "x", "origin": [3.75578, 5.73336, -1.71341]},
			"faces": {
				"north": {"uv": [13, 5, 12.5, 5.5], "rotation": 180, "texture": "#0"},
				"east": {"uv": [12.5, 3, 13, 3.5], "rotation": 270, "texture": "#0"},
				"south": {"uv": [13, 5, 12.5, 4.5], "texture": "#0"},
				"west": {"uv": [12.5, 4, 13, 4.5], "rotation": 90, "texture": "#0"},
				"up": {"uv": [12.5, 2.5, 13, 3], "rotation": 180, "texture": "#0"},
				"down": {"uv": [12.5, 3.5, 13, 4], "texture": "#0"}
			}
		},
		{
			"from": [11.49372, 5.25272, 0.83863],
			"to": [12.52425, 6.28326, 4.58812],
			"rotation": {"angle": 0, "axis": "x", "origin": [11.65578, 5.73336, -1.71341]},
			"faces": {
				"north": {"uv": [13, 5, 12.5, 5.5], "rotation": 180, "texture": "#0"},
				"east": {"uv": [12.5, 3, 13, 3.5], "rotation": 270, "texture": "#0"},
				"south": {"uv": [13, 5, 12.5, 4.5], "texture": "#0"},
				"west": {"uv": [12.5, 4, 13, 4.5], "rotation": 90, "texture": "#0"},
				"up": {"uv": [12.5, 2.5, 13, 3], "rotation": 180, "texture": "#0"},
				"down": {"uv": [12.5, 3.5, 13, 4], "texture": "#0"}
			}
		},
		{
			"from": [3.19975, 3.87588, -7.50621],
			"to": [6.08397, 6.7601, -6.64094],
			"rotation": {"angle": 0, "axis": "x", "origin": [3.95578, 5.43336, -9.11341]},
			"faces": {
				"north": {"uv": [13, 8, 12.5, 8.5], "rotation": 270, "texture": "#0"},
				"east": {"uv": [12.5, 6.5, 13, 7], "rotation": 270, "texture": "#0"},
				"south": {"uv": [13, 8, 12.5, 7.5], "rotation": 270, "texture": "#0"},
				"west": {"uv": [12.5, 5.5, 13, 6], "rotation": 90, "texture": "#0"},
				"up": {"uv": [12.5, 6, 13, 6.5], "rotation": 180, "texture": "#0"},
				"down": {"uv": [12.5, 7, 13, 7.5], "texture": "#0"}
			}
		},
		{
			"from": [3.48817, 4.1643, -9.23674],
			"to": [5.79555, 6.47168, -7.50621],
			"rotation": {"angle": 0, "axis": "x", "origin": [3.95578, 5.43336, -9.11341]},
			"faces": {
				"north": {"uv": [13, 11, 12.5, 11.5], "rotation": 270, "texture": "#0"},
				"east": {"uv": [12.5, 9.5, 13, 10], "rotation": 270, "texture": "#0"},
				"south": {"uv": [13, 11, 12.5, 10.5], "rotation": 270, "texture": "#0"},
				"west": {"uv": [12.5, 8.5, 13, 9], "rotation": 90, "texture": "#0"},
				"up": {"uv": [12.5, 9, 13, 9.5], "rotation": 180, "texture": "#0"},
				"down": {"uv": [12.5, 10, 13, 10.5], "texture": "#0"}
			}
		},
		{
			"from": [3.19975, 4.1643, -10.39043],
			"to": [3.7766, 4.74114, -8.65989],
			"rotation": {"angle": 0, "axis": "x", "origin": [3.95578, 5.43336, -9.11341]},
			"faces": {
				"north": {"uv": [2, 13, 1.5, 13.5], "rotation": 270, "texture": "#0"},
				"east": {"uv": [0, 13, 0.5, 13.5], "rotation": 270, "texture": "#0"},
				"south": {"uv": [1.5, 13.5, 1, 13], "rotation": 270, "texture": "#0"},
				"west": {"uv": [12.5, 11.5, 13, 12], "rotation": 90, "texture": "#0"},
				"up": {"uv": [0.5, 13, 1, 13.5], "rotation": 180, "texture": "#0"},
				"down": {"uv": [0.5, 13, 1, 13.5], "texture": "#0"}
			}
		},
		{
			"from": [2.63975, 4.1643, -11.43212],
			"to": [3.2166, 4.74114, -10.27843],
			"rotation": {"angle": -22.5, "axis": "y", "origin": [3.39578, 5.43336, -9.00141]},
			"faces": {
				"north": {"uv": [5, 13, 4.5, 13.5], "rotation": 270, "texture": "#0"},
				"east": {"uv": [3, 13, 3.5, 13.5], "rotation": 270, "texture": "#0"},
				"south": {"uv": [4.5, 13.5, 4, 13], "rotation": 270, "texture": "#0"},
				"west": {"uv": [2, 13, 2.5, 13.5], "rotation": 90, "texture": "#0"},
				"up": {"uv": [2.5, 13, 3, 13.5], "rotation": 180, "texture": "#0"},
				"down": {"uv": [3.5, 13, 4, 13.5], "texture": "#0"}
			}
		},
		{
			"from": [3.19975, 5.02957, -10.39043],
			"to": [3.7766, 5.60641, -8.65989],
			"rotation": {"angle": 0, "axis": "x", "origin": [3.95578, 5.43336, -9.11341]},
			"faces": {
				"north": {"uv": [2, 13, 1.5, 13.5], "rotation": 270, "texture": "#0"},
				"east": {"uv": [0, 13, 0.5, 13.5], "rotation": 270, "texture": "#0"},
				"south": {"uv": [1.5, 13.5, 1, 13], "rotation": 270, "texture": "#0"},
				"west": {"uv": [12.5, 11.5, 13, 12], "rotation": 90, "texture": "#0"},
				"up": {"uv": [0.5, 13, 1, 13.5], "rotation": 180, "texture": "#0"},
				"down": {"uv": [0.5, 13, 1, 13.5], "texture": "#0"}
			}
		},
		{
			"from": [2.63975, 5.02957, -11.43212],
			"to": [3.2166, 5.60641, -10.27843],
			"rotation": {"angle": -22.5, "axis": "y", "origin": [3.39578, 5.43336, -9.00141]},
			"faces": {
				"north": {"uv": [5, 13, 4.5, 13.5], "rotation": 270, "texture": "#0"},
				"east": {"uv": [2, 13, 2.5, 13.5], "rotation": 270, "texture": "#0"},
				"south": {"uv": [4.5, 13.5, 4, 13], "rotation": 270, "texture": "#0"},
				"west": {"uv": [2, 13, 2.5, 13.5], "rotation": 90, "texture": "#0"},
				"up": {"uv": [3.5, 13, 4, 13.5], "rotation": 180, "texture": "#0"},
				"down": {"uv": [3.5, 13, 4, 13.5], "texture": "#0"}
			}
		},
		{
			"from": [3.19975, 5.89483, -10.39043],
			"to": [3.7766, 6.47168, -8.65989],
			"rotation": {"angle": 0, "axis": "x", "origin": [3.95578, 5.43336, -9.11341]},
			"faces": {
				"north": {"uv": [2, 13, 1.5, 13.5], "rotation": 270, "texture": "#0"},
				"east": {"uv": [0, 13, 0.5, 13.5], "rotation": 270, "texture": "#0"},
				"south": {"uv": [1.5, 13.5, 1, 13], "rotation": 270, "texture": "#0"},
				"west": {"uv": [12.5, 11.5, 13, 12], "rotation": 90, "texture": "#0"},
				"up": {"uv": [0.5, 13, 1, 13.5], "rotation": 180, "texture": "#0"},
				"down": {"uv": [0.5, 13, 1, 13.5], "texture": "#0"}
			}
		},
		{
			"from": [2.63975, 5.89483, -11.43212],
			"to": [3.2166, 6.47168, -10.27843],
			"rotation": {"angle": -22.5, "axis": "y", "origin": [3.39578, 5.43336, -9.00141]},
			"faces": {
				"north": {"uv": [5, 13, 4.5, 13.5], "rotation": 270, "texture": "#0"},
				"east": {"uv": [2, 13, 2.5, 13.5], "rotation": 270, "texture": "#0"},
				"south": {"uv": [4.5, 13.5, 4, 13], "rotation": 270, "texture": "#0"},
				"west": {"uv": [2, 13, 2.5, 13.5], "rotation": 90, "texture": "#0"},
				"up": {"uv": [3.5, 13, 4, 13.5], "rotation": 180, "texture": "#0"},
				"down": {"uv": [3.5, 13, 4, 13.5], "texture": "#0"}
			}
		},
		{
			"from": [4.35344, 6.18326, -10.39043],
			"to": [5.21871, 6.7601, -8.65989],
			"rotation": {"angle": 0, "axis": "x", "origin": [3.95578, 5.43336, -9.11341]},
			"faces": {
				"north": {"uv": [13.5, 6, 13, 6.5], "rotation": 270, "texture": "#0"},
				"east": {"uv": [13, 4.5, 13.5, 5], "rotation": 270, "texture": "#0"},
				"south": {"uv": [13.5, 6, 13, 5.5], "rotation": 270, "texture": "#0"},
				"west": {"uv": [13, 3.5, 13.5, 4], "rotation": 90, "texture": "#0"},
				"up": {"uv": [13, 4, 13.5, 4.5], "rotation": 180, "texture": "#0"},
				"down": {"uv": [13, 5, 13.5, 5.5], "texture": "#0"}
			}
		},
		{
			"from": [10.114, 11.036, 5.43],
			"to": [11.158, 13.298, 6.474],
			"rotation": {"angle": 22.5, "axis": "z", "origin": [9.766, 12.837, 5.952]},
			"faces": {
				"north": {"uv": [4, 12.5, 3.5, 13], "texture": "#0"},
				"east": {"uv": [5.5, 12.5, 5, 13], "texture": "#0"},
				"south": {"uv": [5, 12.5, 4.5, 13], "texture": "#0"},
				"west": {"uv": [4.5, 12.5, 4, 13], "texture": "#0"},
				"up": {"uv": [5.5, 13, 6, 12.5], "texture": "#0"},
				"down": {"uv": [6, 12.5, 6.5, 13], "texture": "#0"}
			}
		},
		{
			"from": [10.088, 8.818, 5.43],
			"to": [11.132, 11.08, 6.474],
			"rotation": {"angle": 22.5, "axis": "z", "origin": [9.766, 12.837, 5.952]},
			"faces": {
				"north": {"uv": [7, 12.5, 6.5, 13], "texture": "#0"},
				"east": {"uv": [8.5, 12.5, 8, 13], "texture": "#0"},
				"south": {"uv": [8, 12.5, 7.5, 13], "texture": "#0"},
				"west": {"uv": [7.5, 12.5, 7, 13], "texture": "#0"},
				"up": {"uv": [8.5, 13, 9, 12.5], "texture": "#0"},
				"down": {"uv": [9, 12.5, 9.5, 13], "texture": "#0"}
			}
		},
		{
			"from": [11.454, 7.326, 7.13],
			"to": [12.498, 9.588, 8.174],
			"rotation": {"angle": 22.5, "axis": "x", "origin": [11.166, 13.637, 7.652]},
			"faces": {
				"north": {"uv": [10, 12.5, 9.5, 13], "texture": "#0"},
				"east": {"uv": [11.5, 12.5, 11, 13], "texture": "#0"},
				"south": {"uv": [11, 12.5, 10.5, 13], "texture": "#0"},
				"west": {"uv": [10.5, 12.5, 10, 13], "texture": "#0"},
				"up": {"uv": [11.5, 13, 12, 12.5], "texture": "#0"},
				"down": {"uv": [12, 12.5, 12.5, 13], "texture": "#0"}
			}
		},
		{
			"from": [11.454, 5.064, 7.13],
			"to": [12.498, 7.326, 8.174],
			"rotation": {"angle": 22.5, "axis": "x", "origin": [11.166, 13.637, 7.652]},
			"faces": {
				"north": {"uv": [13, 12.5, 12.5, 13], "texture": "#0"},
				"east": {"uv": [13, 1, 12.5, 1.5], "texture": "#0"},
				"south": {"uv": [13, 0.5, 12.5, 1], "texture": "#0"},
				"west": {"uv": [13, 0, 12.5, 0.5], "texture": "#0"},
				"up": {"uv": [12.5, 2, 13, 1.5], "texture": "#0"},
				"down": {"uv": [12.5, 2, 13, 2.5], "texture": "#0"}
			}
		},
		{
			"from": [10.64366, 4.68021, -6.35416],
			"to": [12.35081, 6.38736, -2.65534],
			"rotation": {"angle": 0, "axis": "x", "origin": [12.09228, 5.64759, -8.87171]},
			"faces": {
				"north": {"uv": [12.5, 5, 13, 5.5], "rotation": 180, "texture": "#0"},
				"east": {"uv": [13, 4, 12.5, 4.5], "rotation": 270, "texture": "#0"},
				"south": {"uv": [12.5, 5, 13, 4.5], "texture": "#0"},
				"west": {"uv": [13, 3, 12.5, 3.5], "rotation": 90, "texture": "#0"},
				"up": {"uv": [13, 2.5, 12.5, 3], "rotation": 180, "texture": "#0"},
				"down": {"uv": [13, 3.5, 12.5, 4], "texture": "#0"}
			}
		},
		{
			"from": [10.94366, 4.88021, -2.65416],
			"to": [12.15081, 6.08736, 1.04466],
			"rotation": {"angle": 0, "axis": "x", "origin": [12.09228, 5.64759, -5.17171]},
			"faces": {
				"north": {"uv": [12.5, 5, 13, 5.5], "rotation": 180, "texture": "#0"},
				"east": {"uv": [13, 4, 12.5, 4.5], "rotation": 270, "texture": "#0"},
				"south": {"uv": [12.5, 5, 13, 4.5], "texture": "#0"},
				"west": {"uv": [13, 3, 12.5, 3.5], "rotation": 90, "texture": "#0"},
				"up": {"uv": [13, 2.5, 12.5, 3], "rotation": 180, "texture": "#0"},
				"down": {"uv": [13, 3.5, 12.5, 4], "texture": "#0"}
			}
		},
		{
			"from": [9.99285, 4.11116, -7.28622],
			"to": [12.8381, 6.9564, -6.43265],
			"rotation": {"angle": 0, "axis": "x", "origin": [12.09228, 5.64759, -8.87171]},
			"faces": {
				"north": {"uv": [13, 8.5, 12.5, 8], "rotation": 270, "texture": "#0"},
				"east": {"uv": [13, 5.5, 12.5, 6], "rotation": 270, "texture": "#0"},
				"south": {"uv": [13, 7.5, 12.5, 8], "rotation": 270, "texture": "#0"},
				"west": {"uv": [13, 6.5, 12.5, 7], "rotation": 90, "texture": "#0"},
				"up": {"uv": [13, 6, 12.5, 6.5], "rotation": 180, "texture": "#0"},
				"down": {"uv": [13, 7, 12.5, 7.5], "texture": "#0"}
			}
		},
		{
			"from": [10.27738, 4.39568, -8.99337],
			"to": [12.55357, 6.67188, -7.28622],
			"rotation": {"angle": 0, "axis": "x", "origin": [12.09228, 5.64759, -8.87171]},
			"faces": {
				"north": {"uv": [13, 11.5, 12.5, 11], "rotation": 270, "texture": "#0"},
				"east": {"uv": [13, 8.5, 12.5, 9], "rotation": 270, "texture": "#0"},
				"south": {"uv": [13, 10.5, 12.5, 11], "rotation": 270, "texture": "#0"},
				"west": {"uv": [13, 9.5, 12.5, 10], "rotation": 90, "texture": "#0"},
				"up": {"uv": [13, 9, 12.5, 9.5], "rotation": 180, "texture": "#0"},
				"down": {"uv": [13, 10, 12.5, 10.5], "texture": "#0"}
			}
		},
		{
			"from": [12.26905, 4.39568, -10.13147],
			"to": [12.8381, 4.96473, -8.42432],
			"rotation": {"angle": 0, "axis": "x", "origin": [12.09228, 5.64759, -8.87171]},
			"faces": {
				"north": {"uv": [2, 13.5, 1.5, 13], "rotation": 270, "texture": "#0"},
				"east": {"uv": [13, 11.5, 12.5, 12], "rotation": 270, "texture": "#0"},
				"south": {"uv": [1.5, 13, 1, 13.5], "rotation": 270, "texture": "#0"},
				"west": {"uv": [0.5, 13, 0, 13.5], "rotation": 90, "texture": "#0"},
				"up": {"uv": [1, 13, 0.5, 13.5], "rotation": 180, "texture": "#0"},
				"down": {"uv": [1, 13, 0.5, 13.5], "texture": "#0"}
			}
		},
		{
			"from": [12.82905, 4.39568, -11.15757],
			"to": [13.3981, 4.96473, -10.01947],
			"rotation": {"angle": 22.5, "axis": "y", "origin": [12.65228, 5.64759, -8.75971]},
			"faces": {
				"north": {"uv": [5, 13.5, 4.5, 13], "rotation": 270, "texture": "#0"},
				"east": {"uv": [2.5, 13, 2, 13.5], "rotation": 270, "texture": "#0"},
				"south": {"uv": [4.5, 13, 4, 13.5], "rotation": 270, "texture": "#0"},
				"west": {"uv": [3.5, 13, 3, 13.5], "rotation": 90, "texture": "#0"},
				"up": {"uv": [3, 13, 2.5, 13.5], "rotation": 180, "texture": "#0"},
				"down": {"uv": [4, 13, 3.5, 13.5], "texture": "#0"}
			}
		},
		{
			"from": [12.26905, 5.24926, -10.13147],
			"to": [12.8381, 5.81831, -8.42432],
			"rotation": {"angle": 0, "axis": "x", "origin": [12.09228, 5.64759, -8.87171]},
			"faces": {
				"north": {"uv": [2, 13.5, 1.5, 13], "rotation": 270, "texture": "#0"},
				"east": {"uv": [13, 11.5, 12.5, 12], "rotation": 270, "texture": "#0"},
				"south": {"uv": [1.5, 13, 1, 13.5], "rotation": 270, "texture": "#0"},
				"west": {"uv": [0.5, 13, 0, 13.5], "rotation": 90, "texture": "#0"},
				"up": {"uv": [1, 13, 0.5, 13.5], "rotation": 180, "texture": "#0"},
				"down": {"uv": [1, 13, 0.5, 13.5], "texture": "#0"}
			}
		},
		{
			"from": [12.82905, 5.24926, -11.15757],
			"to": [13.3981, 5.81831, -10.01947],
			"rotation": {"angle": 22.5, "axis": "y", "origin": [12.65228, 5.64759, -8.75971]},
			"faces": {
				"north": {"uv": [5, 13.5, 4.5, 13], "rotation": 270, "texture": "#0"},
				"east": {"uv": [2.5, 13, 2, 13.5], "rotation": 270, "texture": "#0"},
				"south": {"uv": [4.5, 13, 4, 13.5], "rotation": 270, "texture": "#0"},
				"west": {"uv": [2.5, 13, 2, 13.5], "rotation": 90, "texture": "#0"},
				"up": {"uv": [4, 13, 3.5, 13.5], "rotation": 180, "texture": "#0"},
				"down": {"uv": [4, 13, 3.5, 13.5], "texture": "#0"}
			}
		},
		{
			"from": [12.26905, 6.10283, -10.13147],
			"to": [12.8381, 6.67188, -8.42432],
			"rotation": {"angle": 0, "axis": "x", "origin": [12.09228, 5.64759, -8.87171]},
			"faces": {
				"north": {"uv": [2, 13.5, 1.5, 13], "rotation": 270, "texture": "#0"},
				"east": {"uv": [13, 11.5, 12.5, 12], "rotation": 270, "texture": "#0"},
				"south": {"uv": [1.5, 13, 1, 13.5], "rotation": 270, "texture": "#0"},
				"west": {"uv": [0.5, 13, 0, 13.5], "rotation": 90, "texture": "#0"},
				"up": {"uv": [1, 13, 0.5, 13.5], "rotation": 180, "texture": "#0"},
				"down": {"uv": [1, 13, 0.5, 13.5], "texture": "#0"}
			}
		},
		{
			"from": [12.82905, 6.10283, -11.15757],
			"to": [13.3981, 6.67188, -10.01947],
			"rotation": {"angle": 22.5, "axis": "y", "origin": [12.65228, 5.64759, -8.75971]},
			"faces": {
				"north": {"uv": [5, 13.5, 4.5, 13], "rotation": 270, "texture": "#0"},
				"east": {"uv": [2.5, 13, 2, 13.5], "rotation": 270, "texture": "#0"},
				"south": {"uv": [4.5, 13, 4, 13.5], "rotation": 270, "texture": "#0"},
				"west": {"uv": [2.5, 13, 2, 13.5], "rotation": 90, "texture": "#0"},
				"up": {"uv": [4, 13, 3.5, 13.5], "rotation": 180, "texture": "#0"},
				"down": {"uv": [4, 13, 3.5, 13.5], "texture": "#0"}
			}
		},
		{
			"from": [10.84643, 6.38736, -10.13147],
			"to": [11.7, 6.9564, -8.42432],
			"rotation": {"angle": 0, "axis": "x", "origin": [12.09228, 5.64759, -8.87171]},
			"faces": {
				"north": {"uv": [13.5, 6.5, 13, 6], "rotation": 270, "texture": "#0"},
				"east": {"uv": [13.5, 3.5, 13, 4], "rotation": 270, "texture": "#0"},
				"south": {"uv": [13.5, 5.5, 13, 6], "rotation": 270, "texture": "#0"},
				"west": {"uv": [13.5, 4.5, 13, 5], "rotation": 90, "texture": "#0"},
				"up": {"uv": [13.5, 4, 13, 4.5], "rotation": 180, "texture": "#0"},
				"down": {"uv": [13.5, 5, 13, 5.5], "texture": "#0"}
			}
		}
	],
	"display": {
		"head": {
			"translation": [0, -20.5, 1],
			"scale": [2.8418, 3.08008, 3.68164]
		}
	},
	"groups": [
		{
			"name": "todo",
			"origin": [8, 8, 8],
			"children": [
				{
					"name": "pata1",
					"origin": [13, 8, 16],
					"children": [0, 1]
				},
				{
					"name": "pata2",
					"origin": [13, 8, 16],
					"children": [2, 3]
				},
				{
					"name": "cuerpo",
					"origin": [13, 13, 16.2],
					"children": [4, 5, 6]
				},
				{
					"name": "cabeza",
					"origin": [13, 19.8, 16.2],
					"children": [
						{
							"name": "oreja1",
							"origin": [12.3, 17, 16.5],
							"children": [7, 8]
						},
						{
							"name": "oreja2",
							"origin": [12.3, 17, 16.5],
							"children": [9, 10]
						}, 11, 12, 13, 14, 15, 16, 17, 18, 19, 20, 21, 22, 23, 24, 25, 26, 27, 28, 29, 30, 31, 32, 33, 34, 35, 36, 37, 38, 39, 40, 41, 42, 43, 44, 45, 46, 47, 48, 49, 50, 51, 52, 53]
				},
				{
					"name": "brazo1",
					"origin": [10.8, 18, 16],
					"children": [54,
						{
							"name": "1.1",
							"origin": [12.1, 16.6, 16],
							"children": [55,
								{
									"name": "1.2",
									"origin": [12.1, 10.1, 15.4],
									"children": [56,
										{
											"name": "1.3",
											"origin": [12.1, 10.1, 15.4],
											"children": [57,
												{
													"name": "1.4",
													"origin": [12.1, 10.1, 15.4],
													"children": [58, 59, 60, 61,
														{
															"name": "mano",
															"origin": [12.1, 10.1, 15.4],
															"children": [62, 63,
																{
																	"name": "dedo1",
																	"origin": [12.1, 10.1, 15.4],
																	"children": [64,
																		{
																			"name": "dedo1.1",
																			"origin": [12.4, 10.7, 15.4],
																			"children": [65]
																		}
																	]
																},
																{
																	"name": "dedo2",
																	"origin": [12.4, 10.7, 15.4],
																	"children": [66,
																		{
																			"name": "dedo1.1",
																			"origin": [12.4, 10.7, 15.4],
																			"children": [67]
																		}
																	]
																},
																{
																	"name": "dedo3",
																	"origin": [12.7, 10.7, 15.4],
																	"children": [68,
																		{
																			"name": "dedo1.1",
																			"origin": [12.4, 10.7, 15.4],
																			"children": [69]
																		}
																	]
																},
																{
																	"name": "dedo4",
																	"origin": [12.8, 10.7, 15.8],
																	"children": [70]
																}
															]
														}
													]
												}
											]
										}
									]
								}
							]
						}
					]
				},
				{
					"name": "brazo2",
					"origin": [10.8, 18, 16],
					"children": [71,
						{
							"name": "1.1",
							"origin": [12.1, 16.6, 16],
							"children": [72,
								{
									"name": "1.2",
									"origin": [12.1, 10.1, 15.4],
									"children": [73,
										{
											"name": "1.3",
											"origin": [12.1, 10.1, 15.4],
											"children": [74,
												{
													"name": "1.4",
													"origin": [12.1, 10.1, 15.4],
													"children": [75, 76,
														{
															"name": "mano",
															"origin": [12.1, 10.1, 15.4],
															"children": [77, 78,
																{
																	"name": "dedo1",
																	"origin": [12.1, 10.1, 15.4],
																	"children": [79,
																		{
																			"name": "dedo1.1",
																			"origin": [12.4, 10.7, 15.4],
																			"children": [80]
																		}
																	]
																},
																{
																	"name": "dedo2",
																	"origin": [12.4, 10.7, 15.4],
																	"children": [81,
																		{
																			"name": "dedo1.1",
																			"origin": [12.4, 10.7, 15.4],
																			"children": [82]
																		}
																	]
																},
																{
																	"name": "dedo3",
																	"origin": [12.7, 10.7, 15.4],
																	"children": [83,
																		{
																			"name": "dedo1.1",
																			"origin": [12.4, 10.7, 15.4],
																			"children": [84]
																		}
																	]
																},
																{
																	"name": "dedo4",
																	"origin": [12.8, 10.7, 15.8],
																	"children": [85]
																}
															]
														}
													]
												}
											]
										}
									]
								}
							]
						}
					]
				}
			]
		}
	]
}