{
	"credit": "Made with Blockbench",
	"texture_size": [32, 32],
	"textures": {
		"0": "6dt2_custom/6dt2_cartooncat/6dt2_cartooncat",
		"particle": "6dt2_custom/6dt2_cartooncat/6dt2_cartooncat"
	},
	"elements": [
		{
			"name": "pata",
			"from": [6.434, 4.33, 7.004],
			"to": [7.304, 8.68, 7.874],
			"rotation": {"angle": 22.5, "axis": "x", "origin": [6.869, 6.505, 7.439]},
			"faces": {
				"north": {"uv": [5.5, 3, 6, 4.5], "texture": "#0"},
				"east": {"uv": [0, 6, 0.5, 7.5], "texture": "#0"},
				"south": {"uv": [5.5, 3, 6, 4.5], "texture": "#0"},
				"west": {"uv": [2, 6, 2.5, 7.5], "texture": "#0"},
				"up": {"uv": [3, 4, 2.5, 3.5], "texture": "#0"},
				"down": {"uv": [3, 4, 2.5, 3.5], "texture": "#0"}
			}
		},
		{
			"name": "pata",
			"from": [6.434, -0.02, 7.204],
			"to": [7.304, 4.63, 8.074],
			"rotation": {"angle": -22.5, "axis": "x", "origin": [6.869, 2.305, 7.639]},
			"faces": {
				"north": {"uv": [2.5, 6, 3, 7.5], "texture": "#0"},
				"east": {"uv": [2.5, 6, 3, 7.5], "texture": "#0"},
				"south": {"uv": [2.5, 6, 3, 7.5], "texture": "#0"},
				"west": {"uv": [2.5, 6, 3, 7.5], "texture": "#0"},
				"up": {"uv": [2.5, 5, 2, 4.5], "texture": "#0"},
				"down": {"uv": [2.5, 5, 2, 4.5], "texture": "#0"}
			}
		},
		{
			"name": "pata",
			"from": [8.87, 4.33, 7.304],
			"to": [9.74, 8.68, 8.174],
			"rotation": {"angle": 22.5, "axis": "x", "origin": [9.305, 6.505, 7.739]},
			"faces": {
				"north": {"uv": [5.5, 3, 6, 4.5], "texture": "#0"},
				"east": {"uv": [5.5, 3, 6, 4.5], "texture": "#0"},
				"south": {"uv": [5.5, 3, 6, 4.5], "texture": "#0"},
				"west": {"uv": [5.5, 3, 6, 4.5], "texture": "#0"},
				"up": {"uv": [3, 4, 2.5, 3.5], "texture": "#0"},
				"down": {"uv": [3, 4, 2.5, 3.5], "texture": "#0"}
			}
		},
		{
			"name": "pata",
			"from": [8.87, -0.02, 7.204],
			"to": [9.74, 4.63, 8.074],
			"rotation": {"angle": -22.5, "axis": "x", "origin": [9.305, 2.305, 7.639]},
			"faces": {
				"north": {"uv": [2.5, 6, 3, 7.5], "texture": "#0"},
				"east": {"uv": [2.5, 6, 3, 7.5], "texture": "#0"},
				"south": {"uv": [2.5, 6, 3, 7.5], "texture": "#0"},
				"west": {"uv": [2.5, 6, 3, 7.5], "texture": "#0"},
				"up": {"uv": [2.5, 5, 2, 4.5], "texture": "#0"},
				"down": {"uv": [2.5, 5, 2, 4.5], "texture": "#0"}
			}
		},
		{
			"from": [5.912, 16.51, 8.512],
			"to": [10.262, 18.772, 11.122],
			"rotation": {"angle": 22.5, "axis": "x", "origin": [20.18, 30.604, -2.798]},
			"faces": {
				"north": {"uv": [5.5, 4.5, 4.5, 4], "rotation": 180, "texture": "#0"},
				"east": {"uv": [5.5, 0, 6, 1], "rotation": 90, "texture": "#0"},
				"south": {"uv": [7.5, 3, 6.5, 3.5], "texture": "#0"},
				"west": {"uv": [5.5, 4.5, 6, 5.5], "rotation": 270, "texture": "#0"},
				"up": {"uv": [3, 1, 4, 2], "texture": "#0"},
				"down": {"uv": [3, 1, 4, 2], "rotation": 180, "texture": "#0"}
			}
		},
		{
			"from": [5.564, 11.756, 3.342],
			"to": [10.61, 14.018, 8.736],
			"rotation": {"angle": 22.5, "axis": "x", "origin": [8.087, 12.887, 6.039]},
			"faces": {
				"north": {"uv": [3, 1.5, 1.5, 1], "rotation": 180, "texture": "#0"},
				"east": {"uv": [5, 6.5, 5.5, 8], "rotation": 90, "texture": "#0"},
				"south": {"uv": [8, 6.5, 6.5, 7], "texture": "#0"},
				"west": {"uv": [5.5, 6.5, 6, 8], "rotation": 270, "texture": "#0"},
				"up": {"uv": [0, 0, 1.5, 1.5], "texture": "#0"},
				"down": {"uv": [0, 0, 1.5, 1.5], "rotation": 180, "texture": "#0"}
			}
		},
		{
			"from": [5.912, 8.68, 7.082],
			"to": [10.262, 11.29, 8.996],
			"rotation": {"angle": -22.5, "axis": "x", "origin": [8.087, 9.985, 8.039]},
			"faces": {
				"north": {"uv": [1.5, 1.5, 3, 2.5], "texture": "#0"},
				"east": {"uv": [6.5, 3.5, 7, 4.5], "texture": "#0"},
				"south": {"uv": [1.5, 1.5, 3, 2.5], "texture": "#0"},
				"west": {"uv": [6.5, 4.5, 7, 5.5], "texture": "#0"},
				"up": {"uv": [8, 0.5, 6.5, 0], "texture": "#0"},
				"down": {"uv": [8, 0.5, 6.5, 1], "texture": "#0"}
			}
		},
		{
			"from": [0.15603, 13.74945, -14.77117],
			"to": [3.44516, 16.2163, -11.48204],
			"rotation": {"angle": 22.5, "axis": "x", "origin": [7.69653, 14.19066, -4.84966]},
			"faces": {
				"north": {"uv": [11, 2.5, 11.5, 3], "rotation": 270, "texture": "#0"},
				"east": {"uv": [11.5, 3.5, 11, 3], "rotation": 180, "texture": "#0"},
				"south": {"uv": [11, 0.5, 11.5, 1], "rotation": 90, "texture": "#0"},
				"west": {"uv": [11.5, 3.5, 11, 4], "texture": "#0"},
				"up": {"uv": [11, 2, 11.5, 2.5], "rotation": 90, "texture": "#0"},
				"down": {"uv": [11, 0, 11.5, 0.5], "rotation": 90, "texture": "#0"}
			}
		},
		{
			"from": [-0.55038, 14.57173, -16],
			"to": [1.09418, 15.39401, -13.53315],
			"rotation": {"angle": 22.5, "axis": "x", "origin": [7.69653, 14.19066, -4.84966]},
			"faces": {
				"north": {"uv": [11, 6.5, 11.5, 7], "rotation": 270, "texture": "#0"},
				"east": {"uv": [11.5, 7.5, 11, 7], "rotation": 180, "texture": "#0"},
				"south": {"uv": [11, 4.5, 11.5, 5], "rotation": 90, "texture": "#0"},
				"west": {"uv": [11.5, 7.5, 11, 8], "texture": "#0"},
				"up": {"uv": [11, 6, 11.5, 6.5], "rotation": 90, "texture": "#0"},
				"down": {"uv": [11, 4, 11.5, 4.5], "rotation": 90, "texture": "#0"}
			}
		},
		{
			"from": [11.81298, 13.74945, -14.53736],
			"to": [15.10211, 16.2163, -11.24823],
			"rotation": {"angle": 22.5, "axis": "x", "origin": [7.69653, 14.19066, -4.84966]},
			"faces": {
				"north": {"uv": [2, 12, 1.5, 11.5], "rotation": 180, "texture": "#0"},
				"east": {"uv": [11, 10, 11.5, 10.5], "rotation": 90, "texture": "#0"},
				"south": {"uv": [2.5, 11.5, 2, 12], "texture": "#0"},
				"west": {"uv": [1, 11.5, 1.5, 12], "rotation": 270, "texture": "#0"},
				"up": {"uv": [11, 10.5, 11.5, 11], "texture": "#0"},
				"down": {"uv": [11, 8.5, 11.5, 9], "rotation": 180, "texture": "#0"}
			}
		},
		{
			"from": [14.16396, 14.57173, -15.95264],
			"to": [15.80853, 15.39401, -13.48579],
			"rotation": {"angle": 22.5, "axis": "x", "origin": [7.69653, 14.19066, -4.84966]},
			"faces": {
				"north": {"uv": [6, 12, 5.5, 11.5], "rotation": 180, "texture": "#0"},
				"east": {"uv": [3, 11.5, 3.5, 12], "rotation": 90, "texture": "#0"},
				"south": {"uv": [6.5, 11.5, 6, 12], "texture": "#0"},
				"west": {"uv": [5, 11.5, 5.5, 12], "rotation": 270, "texture": "#0"},
				"up": {"uv": [4.5, 11.5, 5, 12], "texture": "#0"},
				"down": {"uv": [2.5, 11.5, 3, 12], "rotation": 180, "texture": "#0"}
			}
		},
		{
			"from": [0.5842, 10.04918, -6.48181],
			"to": [2.63991, 19.50543, 1.95822],
			"rotation": {"angle": 22.5, "axis": "x", "origin": [7.69653, 14.19066, -4.84966]},
			"faces": {
				"north": {"uv": [7, 8, 6.5, 7], "rotation": 180, "texture": "#0"},
				"east": {"uv": [6.5, 5.5, 7.5, 6], "rotation": 90, "texture": "#0"},
				"south": {"uv": [7.5, 7, 7, 8], "texture": "#0"},
				"west": {"uv": [6.5, 6, 7.5, 6.5], "rotation": 270, "texture": "#0"},
				"up": {"uv": [7, 11.5, 7.5, 12], "texture": "#0"},
				"down": {"uv": [6.5, 11.5, 7, 12], "rotation": 180, "texture": "#0"}
			}
		},
		{
			"from": [4.69561, 12.92717, 0.50759],
			"to": [10.86273, 16.62744, 1.32987],
			"rotation": {"angle": 22.5, "axis": "x", "origin": [7.69653, 14.19066, -4.84966]},
			"faces": {
				"north": {"uv": [8, 5, 7, 4.5], "rotation": 180, "texture": "#0"},
				"east": {"uv": [8.5, 11.5, 9, 12], "rotation": 90, "texture": "#0"},
				"south": {"uv": [8, 5, 7, 5.5], "texture": "#0"},
				"west": {"uv": [9, 11.5, 9.5, 12], "rotation": 270, "texture": "#0"},
				"up": {"uv": [7, 4, 8, 4.5], "texture": "#0"},
				"down": {"uv": [7, 3.5, 8, 4], "rotation": 180, "texture": "#0"}
			}
		},
		{
			"from": [2.63991, 9.81762, 2.74773],
			"to": [12.91843, 19.27386, 4.39229],
			"rotation": {"angle": 22.5, "axis": "x", "origin": [7.69653, 15.39066, -4.54966]},
			"faces": {
				"north": {"uv": [3, 3.5, 1.5, 2.5], "rotation": 180, "texture": "#0"},
				"east": {"uv": [0, 7.5, 1, 8], "rotation": 90, "texture": "#0"},
				"south": {"uv": [1.5, 3, 0, 4], "texture": "#0"},
				"west": {"uv": [2, 7.5, 3, 8], "rotation": 270, "texture": "#0"},
				"up": {"uv": [6.5, 1.5, 8, 2], "texture": "#0"},
				"down": {"uv": [6.5, 1, 8, 1.5], "rotation": 180, "texture": "#0"}
			}
		},
		{
			"from": [12.50729, 10.04918, -6.48181],
			"to": [14.563, 19.50543, 2.19102],
			"rotation": {"angle": 22.5, "axis": "x", "origin": [7.69653, 14.19066, -4.84966]},
			"faces": {
				"north": {"uv": [7, 8, 6.5, 7], "rotation": 180, "texture": "#0"},
				"east": {"uv": [6.5, 6, 7.5, 6.5], "rotation": 90, "texture": "#0"},
				"south": {"uv": [7.5, 7, 7, 8], "texture": "#0"},
				"west": {"uv": [6.5, 5.5, 7.5, 6], "rotation": 270, "texture": "#0"},
				"up": {"uv": [7, 11.5, 7.5, 12], "texture": "#0"},
				"down": {"uv": [6.5, 11.5, 7, 12], "rotation": 180, "texture": "#0"}
			}
		},
		{
			"name": "pepe",
			"from": [2.63991, 10.04918, -6.48181],
			"to": [12.50729, 19.50543, -4.01497],
			"rotation": {"angle": 22.5, "axis": "x", "origin": [7.69653, 14.19066, -4.84966]},
			"faces": {
				"north": {"uv": [2.5, 4.5, 1.5, 3.5], "rotation": 180, "texture": "#0"},
				"east": {"uv": [7.5, 7, 8.5, 7.5], "rotation": 90, "texture": "#0"},
				"south": {"uv": [1, 4, 0, 5], "texture": "#0"},
				"west": {"uv": [1, 8, 2, 8.5], "rotation": 270, "texture": "#0"},
				"up": {"uv": [0, 8, 1, 8.5], "texture": "#0"},
				"down": {"uv": [7.5, 3, 8.5, 3.5], "rotation": 180, "texture": "#0"}
			}
		},
		{
			"from": [2.63991, 12.10489, -4.01497],
			"to": [12.50729, 19.50543, 2.69022],
			"rotation": {"angle": 22.5, "axis": "x", "origin": [7.69653, 14.19066, -4.84966]},
			"faces": {
				"north": {"uv": [3.5, 5, 2.5, 4], "rotation": 180, "texture": "#0"},
				"east": {"uv": [3, 8, 4, 8.5], "rotation": 90, "texture": "#0"},
				"south": {"uv": [4.5, 4, 3.5, 5], "texture": "#0"},
				"west": {"uv": [5, 8, 6, 8.5], "rotation": 270, "texture": "#0"},
				"up": {"uv": [4, 8, 5, 8.5], "texture": "#0"},
				"down": {"uv": [2, 8, 3, 8.5], "rotation": 180, "texture": "#0"}
			}
		},
		{
			"from": [12.91843, 10.87146, -11.41551],
			"to": [14.15186, 18.68314, -6.48181],
			"rotation": {"angle": 22.5, "axis": "x", "origin": [7.69653, 14.19066, -4.84966]},
			"faces": {
				"north": {"uv": [8.5, 4.5, 8, 3.5], "rotation": 180, "texture": "#0"},
				"east": {"uv": [8, 2.5, 9, 3], "rotation": 90, "texture": "#0"},
				"south": {"uv": [8.5, 4.5, 8, 5.5], "texture": "#0"},
				"west": {"uv": [8, 2, 9, 2.5], "rotation": 270, "texture": "#0"},
				"up": {"uv": [11.5, 0, 12, 0.5], "texture": "#0"},
				"down": {"uv": [11.5, 11.5, 12, 12], "rotation": 180, "texture": "#0"}
			}
		},
		{
			"from": [0.99534, 10.87146, -11.41551],
			"to": [2.22877, 18.68314, -6.48181],
			"rotation": {"angle": 22.5, "axis": "x", "origin": [7.69653, 14.19066, -4.84966]},
			"faces": {
				"north": {"uv": [8.5, 4.5, 8, 3.5], "rotation": 180, "texture": "#0"},
				"east": {"uv": [8, 2, 9, 2.5], "rotation": 90, "texture": "#0"},
				"south": {"uv": [8.5, 4.5, 8, 5.5], "texture": "#0"},
				"west": {"uv": [8, 2.5, 9, 3], "rotation": 270, "texture": "#0"},
				"up": {"uv": [11.5, 0, 12, 0.5], "texture": "#0"},
				"down": {"uv": [11.5, 11.5, 12, 12], "rotation": 180, "texture": "#0"}
			}
		},
		{
			"from": [2.22877, 17.44972, -12.64893],
			"to": [13.32958, 18.68314, -6.48181],
			"rotation": {"angle": 22.5, "axis": "x", "origin": [7.69653, 14.19066, -4.84966]},
			"faces": {
				"north": {"uv": [9, 7, 8, 6.5], "rotation": 180, "texture": "#0"},
				"east": {"uv": [8, 5.5, 8.5, 6.5], "rotation": 90, "texture": "#0"},
				"south": {"uv": [1.5, 8.5, 0.5, 9], "texture": "#0"},
				"west": {"uv": [0, 8.5, 0.5, 9.5], "rotation": 270, "texture": "#0"},
				"up": {"uv": [4, 2, 5, 3], "texture": "#0"},
				"down": {"uv": [4, 1, 5, 2], "rotation": 180, "texture": "#0"}
			}
		},
		{
			"from": [6.75132, 10.87146, -11.41551],
			"to": [8.39588, 18.272, -6.48181],
			"rotation": {"angle": 22.5, "axis": "x", "origin": [7.69653, 14.19066, -4.84966]},
			"faces": {
				"north": {"uv": [8.5, 4.5, 8, 3.5], "rotation": 180, "texture": "#0"},
				"east": {"uv": [8, 2, 9, 2.5], "rotation": 90, "texture": "#0"},
				"south": {"uv": [8.5, 4.5, 8, 5.5], "texture": "#0"},
				"west": {"uv": [8, 2, 9, 2.5], "rotation": 270, "texture": "#0"},
				"up": {"uv": [11.5, 0, 12, 0.5], "texture": "#0"},
				"down": {"uv": [11.5, 11.5, 12, 12], "rotation": 180, "texture": "#0"}
			}
		},
		{
			"from": [6.75132, 9.63804, -6.07067],
			"to": [8.80702, 10.46032, -4.42611],
			"rotation": {"angle": 22.5, "axis": "x", "origin": [7.69653, 14.19066, -4.84966]},
			"faces": {
				"north": {"uv": [12, 4, 11.5, 3.5], "rotation": 180, "texture": "#0"},
				"east": {"uv": [11.5, 2, 12, 2.5], "rotation": 90, "texture": "#0"},
				"south": {"uv": [12, 4, 11.5, 4.5], "texture": "#0"},
				"west": {"uv": [11.5, 3, 12, 3.5], "rotation": 270, "texture": "#0"},
				"up": {"uv": [11.5, 2.5, 12, 3], "texture": "#0"},
				"down": {"uv": [11.5, 1.5, 12, 2], "rotation": 180, "texture": "#0"}
			}
		},
		{
			"from": [1.81762, 10.87146, -13.06007],
			"to": [13.32958, 18.68314, -12.23779],
			"rotation": {"angle": 22.5, "axis": "x", "origin": [7.69653, 14.19066, -4.84966]},
			"faces": {
				"north": {"uv": [4.5, 4, 3, 3], "rotation": 180, "texture": "#0"},
				"east": {"uv": [4.5, 8.5, 5.5, 9], "rotation": 90, "texture": "#0"},
				"south": {"uv": [4.5, 0, 3, 1], "texture": "#0"},
				"west": {"uv": [5.5, 8.5, 6.5, 9], "rotation": 270, "texture": "#0"},
				"up": {"uv": [6.5, 2.5, 8, 3], "texture": "#0"},
				"down": {"uv": [6.5, 2, 8, 2.5], "rotation": 180, "texture": "#0"}
			}
		},
		{
			"from": [3.87333, 11.2826, -13.88235],
			"to": [11.68501, 18.272, -13.06007],
			"rotation": {"angle": 22.5, "axis": "x", "origin": [7.69653, 14.19066, -4.84966]},
			"faces": {
				"north": {"uv": [2, 5.5, 1, 4.5], "rotation": 180, "texture": "#0"},
				"east": {"uv": [7.5, 8.5, 8.5, 9], "rotation": 90, "texture": "#0"},
				"south": {"uv": [5.5, 4.5, 4.5, 5.5], "texture": "#0"},
				"west": {"uv": [8.5, 0, 9.5, 0.5], "rotation": 270, "texture": "#0"},
				"up": {"uv": [8.5, 8.5, 9.5, 9], "texture": "#0"},
				"down": {"uv": [6.5, 8.5, 7.5, 9], "rotation": 180, "texture": "#0"}
			}
		},
		{
			"from": [0.99534, 10.87146, -12.23779],
			"to": [3.05105, 18.68314, -11.41551],
			"rotation": {"angle": 22.5, "axis": "x", "origin": [7.69653, 14.19066, -4.84966]},
			"faces": {
				"north": {"uv": [9, 4, 8.5, 3], "rotation": 180, "texture": "#0"},
				"east": {"uv": [8.5, 0.5, 9.5, 1], "rotation": 90, "texture": "#0"},
				"south": {"uv": [9, 4, 8.5, 5], "texture": "#0"},
				"west": {"uv": [8.5, 1, 9.5, 1.5], "rotation": 270, "texture": "#0"},
				"up": {"uv": [11.5, 5, 12, 5.5], "texture": "#0"},
				"down": {"uv": [11.5, 4.5, 12, 5], "rotation": 180, "texture": "#0"}
			}
		},
		{
			"from": [6.34018, 10.87146, -12.23779],
			"to": [8.80702, 18.68314, -11.41551],
			"rotation": {"angle": 22.5, "axis": "x", "origin": [7.69653, 14.19066, -4.84966]},
			"faces": {
				"north": {"uv": [9, 4, 8.5, 3], "rotation": 180, "texture": "#0"},
				"east": {"uv": [8.5, 1, 9.5, 1.5], "rotation": 90, "texture": "#0"},
				"south": {"uv": [9, 4, 8.5, 5], "texture": "#0"},
				"west": {"uv": [8.5, 1, 9.5, 1.5], "rotation": 270, "texture": "#0"},
				"up": {"uv": [11.5, 5, 12, 5.5], "texture": "#0"},
				"down": {"uv": [11.5, 4.5, 12, 5], "rotation": 180, "texture": "#0"}
			}
		},
		{
			"from": [12.09615, 10.87146, -12.23779],
			"to": [14.15186, 18.68314, -11.41551],
			"rotation": {"angle": 22.5, "axis": "x", "origin": [7.69653, 14.19066, -4.84966]},
			"faces": {
				"north": {"uv": [9, 4, 8.5, 3], "rotation": 180, "texture": "#0"},
				"east": {"uv": [8.5, 1, 9.5, 1.5], "rotation": 90, "texture": "#0"},
				"south": {"uv": [9, 4, 8.5, 5], "texture": "#0"},
				"west": {"uv": [8.5, 1, 9.5, 1.5], "rotation": 270, "texture": "#0"},
				"up": {"uv": [11.5, 5, 12, 5.5], "texture": "#0"},
				"down": {"uv": [11.5, 4.5, 12, 5], "rotation": 180, "texture": "#0"}
			}
		},
		{
			"from": [2.21746, 9.81762, 1.65361],
			"to": [3.50286, 18.86272, 2.88704],
			"rotation": {"angle": 22.5, "axis": "x", "origin": [7.69653, 15.39066, -4.54966]},
			"faces": {
				"north": {"uv": [6, 10, 5.5, 9], "rotation": 180, "texture": "#0"},
				"east": {"uv": [2.5, 9, 3.5, 9.5], "rotation": 90, "texture": "#0"},
				"south": {"uv": [6.5, 9, 6, 10], "texture": "#0"},
				"west": {"uv": [4.5, 9, 5.5, 9.5], "rotation": 270, "texture": "#0"},
				"up": {"uv": [11.5, 8, 12, 8.5], "texture": "#0"},
				"down": {"uv": [11.5, 7.5, 12, 8], "rotation": 180, "texture": "#0"}
			}
		},
		{
			"from": [11.97791, 9.81762, 1.79262],
			"to": [13.26331, 18.86272, 3.02604],
			"rotation": {"angle": 22.5, "axis": "x", "origin": [7.69653, 15.39066, -4.54966]},
			"faces": {
				"north": {"uv": [2.5, 9, 3.5, 9.5], "rotation": 180, "texture": "#0"},
				"east": {"uv": [2.5, 9, 3.5, 9.5], "rotation": 90, "texture": "#0"},
				"south": {"uv": [2.5, 9, 3.5, 9.5], "texture": "#0"},
				"west": {"uv": [2.5, 9, 3.5, 9.5], "rotation": 270, "texture": "#0"},
				"up": {"uv": [11.5, 7.5, 12, 8], "texture": "#0"},
				"down": {"uv": [11.5, 7.5, 12, 8], "rotation": 180, "texture": "#0"}
			}
		},
		{
			"from": [2.22877, 11.69374, -12.23779],
			"to": [12.91843, 18.272, -6.48181],
			"rotation": {"angle": 22.5, "axis": "x", "origin": [7.69653, 14.19066, -4.84966]},
			"faces": {
				"north": {"uv": [4, 6, 3, 5], "rotation": 180, "texture": "#0"},
				"east": {"uv": [4.5, 3, 5.5, 4], "rotation": 90, "texture": "#0"},
				"south": {"uv": [6, 1, 5, 2], "texture": "#0"},
				"west": {"uv": [2, 5, 3, 6], "rotation": 270, "texture": "#0"},
				"up": {"uv": [0, 5, 1, 6], "texture": "#0"},
				"down": {"uv": [4.5, 0, 5.5, 1], "rotation": 180, "texture": "#0"}
			}
		},
		{
			"from": [2.63991, 11.2826, -11.00436],
			"to": [6.34018, 11.69374, -6.89295],
			"rotation": {"angle": 22.5, "axis": "x", "origin": [7.69653, 14.19066, -4.84966]},
			"faces": {
				"north": {"uv": [0.5, 12.5, 0, 12], "rotation": 180, "texture": "#0"},
				"east": {"uv": [11.5, 10, 12, 10.5], "rotation": 90, "texture": "#0"},
				"south": {"uv": [1, 12, 0.5, 12.5], "texture": "#0"},
				"west": {"uv": [11.5, 11, 12, 11.5], "rotation": 270, "texture": "#0"},
				"up": {"uv": [11.5, 10.5, 12, 11], "texture": "#0"},
				"down": {"uv": [11.5, 9.5, 12, 10], "rotation": 180, "texture": "#0"}
			}
		},
		{
			"from": [3.46219, 11.2826, -11.82665],
			"to": [5.92904, 11.69374, -11.00436],
			"rotation": {"angle": 22.5, "axis": "x", "origin": [7.69653, 14.19066, -4.84966]},
			"faces": {
				"north": {"uv": [3.5, 12.5, 3, 12], "rotation": 180, "texture": "#0"},
				"east": {"uv": [1.5, 12, 2, 12.5], "rotation": 90, "texture": "#0"},
				"south": {"uv": [4, 12, 3.5, 12.5], "texture": "#0"},
				"west": {"uv": [2.5, 12, 3, 12.5], "rotation": 270, "texture": "#0"},
				"up": {"uv": [2, 12, 2.5, 12.5], "texture": "#0"},
				"down": {"uv": [1, 12, 1.5, 12.5], "rotation": 180, "texture": "#0"}
			}
		},
		{
			"from": [8.80702, 11.2826, -11.00436],
			"to": [12.50729, 11.69374, -6.89295],
			"rotation": {"angle": 22.5, "axis": "x", "origin": [7.69653, 14.19066, -4.84966]},
			"faces": {
				"north": {"uv": [0.5, 12.5, 0, 12], "rotation": 180, "texture": "#0"},
				"east": {"uv": [11.5, 10, 12, 10.5], "rotation": 90, "texture": "#0"},
				"south": {"uv": [0.5, 12.5, 0, 12], "texture": "#0"},
				"west": {"uv": [11.5, 10, 12, 10.5], "rotation": 270, "texture": "#0"},
				"up": {"uv": [11.5, 9.5, 12, 10], "texture": "#0"},
				"down": {"uv": [11.5, 9.5, 12, 10], "rotation": 180, "texture": "#0"}
			}
		},
		{
			"from": [9.21816, 11.2826, -11.82665],
			"to": [11.68501, 11.69374, -11.00436],
			"rotation": {"angle": 22.5, "axis": "x", "origin": [7.69653, 14.19066, -4.84966]},
			"faces": {
				"north": {"uv": [3.5, 12.5, 3, 12], "rotation": 180, "texture": "#0"},
				"east": {"uv": [1.5, 12, 2, 12.5], "rotation": 90, "texture": "#0"},
				"south": {"uv": [3.5, 12.5, 3, 12], "texture": "#0"},
				"west": {"uv": [1.5, 12, 2, 12.5], "rotation": 270, "texture": "#0"},
				"up": {"uv": [1, 12, 1.5, 12.5], "texture": "#0"},
				"down": {"uv": [1, 12, 1.5, 12.5], "rotation": 180, "texture": "#0"}
			}
		},
		{
			"from": [3.87333, 10.22876, 2.33659],
			"to": [11.98273, 18.86272, 2.74773],
			"rotation": {"angle": 22.5, "axis": "x", "origin": [7.69653, 15.39066, -4.54966]},
			"faces": {
				"north": {"uv": [6, 3, 5, 2], "rotation": 180, "texture": "#0"},
				"east": {"uv": [9, 2.5, 10, 3], "rotation": 90, "texture": "#0"},
				"south": {"uv": [2, 5.5, 1, 6.5], "texture": "#0"},
				"west": {"uv": [9, 3.5, 10, 4], "rotation": 270, "texture": "#0"},
				"up": {"uv": [9, 3, 10, 3.5], "texture": "#0"},
				"down": {"uv": [9, 2, 10, 2.5], "rotation": 180, "texture": "#0"}
			}
		},
		{
			"from": [2.93868, 10.11395, 1.29613],
			"to": [3.99725, 18.74792, 2.64297],
			"rotation": {"angle": 22.5, "axis": "x", "origin": [7.69653, 15.39066, -4.54966]},
			"faces": {
				"north": {"uv": [9, 4.5, 10, 5], "rotation": 270, "texture": "#0"},
				"east": {"uv": [9.5, 6.5, 9, 5.5], "rotation": 180, "texture": "#0"},
				"south": {"uv": [9, 4, 10, 4.5], "rotation": 90, "texture": "#0"},
				"west": {"uv": [9.5, 6.5, 9, 7.5], "texture": "#0"},
				"up": {"uv": [10.5, 12, 11, 12.5], "rotation": 90, "texture": "#0"},
				"down": {"uv": [10, 12, 10.5, 12.5], "rotation": 90, "texture": "#0"}
			}
		},
		{
			"from": [2.00014, 10.46032, -3.76762],
			"to": [3.23357, 19.09428, 1.86083],
			"rotation": {"angle": 22.5, "axis": "x", "origin": [7.69653, 14.19066, -4.84966]},
			"faces": {
				"north": {"uv": [1.5, 10.5, 1, 9.5], "rotation": 180, "texture": "#0"},
				"east": {"uv": [9, 7.5, 10, 8], "rotation": 90, "texture": "#0"},
				"south": {"uv": [3, 9.5, 2.5, 10.5], "texture": "#0"},
				"west": {"uv": [0, 9.5, 1, 10], "rotation": 270, "texture": "#0"},
				"up": {"uv": [11.5, 12, 12, 12.5], "texture": "#0"},
				"down": {"uv": [11, 12, 11.5, 12.5], "rotation": 180, "texture": "#0"}
			}
		},
		{
			"from": [11.65944, 10.22876, 1.50563],
			"to": [12.71801, 18.86272, 2.3799],
			"rotation": {"angle": 22.5, "axis": "x", "origin": [7.69653, 15.39066, -4.54966]},
			"faces": {
				"north": {"uv": [9, 4, 10, 4.5], "rotation": 270, "texture": "#0"},
				"east": {"uv": [9.5, 6.5, 9, 5.5], "rotation": 180, "texture": "#0"},
				"south": {"uv": [9, 4, 10, 4.5], "rotation": 90, "texture": "#0"},
				"west": {"uv": [9.5, 6.5, 9, 5.5], "texture": "#0"},
				"up": {"uv": [12, 0, 12.5, 0.5], "rotation": 90, "texture": "#0"},
				"down": {"uv": [10, 12, 10.5, 12.5], "rotation": 90, "texture": "#0"}
			}
		},
		{
			"from": [12.16061, 10.46032, -3.78138],
			"to": [13.80517, 19.09428, 1.76873],
			"rotation": {"angle": 22.5, "axis": "x", "origin": [7.69653, 14.19066, -4.84966]},
			"faces": {
				"north": {"uv": [1.5, 10.5, 1, 9.5], "rotation": 180, "texture": "#0"},
				"east": {"uv": [0, 9.5, 1, 10], "rotation": 90, "texture": "#0"},
				"south": {"uv": [1.5, 10.5, 1, 9.5], "texture": "#0"},
				"west": {"uv": [0, 9.5, 1, 10], "rotation": 270, "texture": "#0"},
				"up": {"uv": [11, 12, 11.5, 12.5], "texture": "#0"},
				"down": {"uv": [11, 12, 11.5, 12.5], "rotation": 180, "texture": "#0"}
			}
		},
		{
			"from": [2.63991, 10.46032, -5.24839],
			"to": [12.50729, 19.09428, -3.60382],
			"rotation": {"angle": 22.5, "axis": "x", "origin": [7.69653, 14.19066, -4.84966]},
			"faces": {
				"north": {"uv": [5, 6.5, 4, 5.5], "rotation": 180, "texture": "#0"},
				"east": {"uv": [9.5, 1.5, 10.5, 2], "rotation": 90, "texture": "#0"},
				"south": {"uv": [6, 5.5, 5, 6.5], "texture": "#0"},
				"west": {"uv": [9.5, 5.5, 10.5, 6], "rotation": 270, "texture": "#0"},
				"up": {"uv": [9.5, 5, 10.5, 5.5], "texture": "#0"},
				"down": {"uv": [9.5, 1, 10.5, 1.5], "rotation": 180, "texture": "#0"}
			}
		},
		{
			"from": [5.51789, 10.6399, 1.5143],
			"to": [6.34018, 18.86272, 2.33659],
			"rotation": {"angle": 22.5, "axis": "x", "origin": [7.69653, 15.39066, -4.54966]},
			"faces": {
				"north": {"uv": [10, 9, 9.5, 8], "rotation": 180, "texture": "#0"},
				"east": {"uv": [9.5, 6, 10.5, 6.5], "rotation": 90, "texture": "#0"},
				"south": {"uv": [0.5, 10, 0, 11], "texture": "#0"},
				"west": {"uv": [9.5, 6.5, 10.5, 7], "rotation": 270, "texture": "#0"},
				"up": {"uv": [12, 2, 12.5, 2.5], "texture": "#0"},
				"down": {"uv": [12, 1.5, 12.5, 2], "rotation": 180, "texture": "#0"}
			}
		},
		{
			"from": [5.51789, 10.87146, -3.60382],
			"to": [6.34018, 19.09428, -2.78154],
			"rotation": {"angle": 22.5, "axis": "x", "origin": [7.69653, 14.19066, -4.84966]},
			"faces": {
				"north": {"uv": [9.5, 6.5, 10.5, 7], "rotation": 180, "texture": "#0"},
				"east": {"uv": [9.5, 6.5, 10.5, 7], "rotation": 90, "texture": "#0"},
				"south": {"uv": [9.5, 6.5, 10.5, 7], "texture": "#0"},
				"west": {"uv": [9.5, 6.5, 10.5, 7], "rotation": 270, "texture": "#0"},
				"up": {"uv": [12, 3, 12.5, 3.5], "texture": "#0"},
				"down": {"uv": [12, 1.5, 12.5, 2], "rotation": 180, "texture": "#0"}
			}
		},
		{
			"from": [6.75132, 10.6399, 1.5143],
			"to": [7.5736, 18.86272, 2.33659],
			"rotation": {"angle": 22.5, "axis": "x", "origin": [7.69653, 15.39066, -4.54966]},
			"faces": {
				"north": {"uv": [9.5, 6.5, 10.5, 7], "rotation": 180, "texture": "#0"},
				"east": {"uv": [9.5, 6.5, 10.5, 7], "rotation": 90, "texture": "#0"},
				"south": {"uv": [9.5, 6.5, 10.5, 7], "texture": "#0"},
				"west": {"uv": [9.5, 6.5, 10.5, 7], "rotation": 270, "texture": "#0"},
				"up": {"uv": [12, 4, 12.5, 4.5], "texture": "#0"},
				"down": {"uv": [12, 1.5, 12.5, 2], "rotation": 180, "texture": "#0"}
			}
		},
		{
			"from": [7.98474, 10.6399, 1.5143],
			"to": [8.80702, 18.86272, 2.33659],
			"rotation": {"angle": 22.5, "axis": "x", "origin": [7.69653, 15.39066, -4.54966]},
			"faces": {
				"north": {"uv": [9.5, 6.5, 10.5, 7], "rotation": 180, "texture": "#0"},
				"east": {"uv": [9.5, 6.5, 10.5, 7], "rotation": 90, "texture": "#0"},
				"south": {"uv": [9.5, 6.5, 10.5, 7], "texture": "#0"},
				"west": {"uv": [9.5, 6.5, 10.5, 7], "rotation": 270, "texture": "#0"},
				"up": {"uv": [12, 5, 12.5, 5.5], "texture": "#0"},
				"down": {"uv": [12, 1.5, 12.5, 2], "rotation": 180, "texture": "#0"}
			}
		},
		{
			"from": [9.21816, 10.6399, 1.5143],
			"to": [10.04045, 18.86272, 2.33659],
			"rotation": {"angle": 22.5, "axis": "x", "origin": [7.69653, 15.39066, -4.54966]},
			"faces": {
				"north": {"uv": [9.5, 6.5, 10.5, 7], "rotation": 180, "texture": "#0"},
				"east": {"uv": [9.5, 6.5, 10.5, 7], "rotation": 90, "texture": "#0"},
				"south": {"uv": [9.5, 6.5, 10.5, 7], "texture": "#0"},
				"west": {"uv": [9.5, 6.5, 10.5, 7], "rotation": 270, "texture": "#0"},
				"up": {"uv": [12, 6, 12.5, 6.5], "texture": "#0"},
				"down": {"uv": [12, 1.5, 12.5, 2], "rotation": 180, "texture": "#0"}
			}
		},
		{
			"from": [4.28447, 10.6399, 1.5143],
			"to": [5.10675, 18.86272, 2.33659],
			"rotation": {"angle": 22.5, "axis": "x", "origin": [7.69653, 15.39066, -4.54966]},
			"faces": {
				"north": {"uv": [9.5, 6.5, 10.5, 7], "rotation": 180, "texture": "#0"},
				"east": {"uv": [9.5, 6.5, 10.5, 7], "rotation": 90, "texture": "#0"},
				"south": {"uv": [9.5, 6.5, 10.5, 7], "texture": "#0"},
				"west": {"uv": [9.5, 6.5, 10.5, 7], "rotation": 270, "texture": "#0"},
				"up": {"uv": [12, 7, 12.5, 7.5], "texture": "#0"},
				"down": {"uv": [12, 1.5, 12.5, 2], "rotation": 180, "texture": "#0"}
			}
		},
		{
			"from": [4.28447, 10.87146, -3.60382],
			"to": [5.10675, 19.09428, -2.78154],
			"rotation": {"angle": 22.5, "axis": "x", "origin": [7.69653, 14.19066, -4.84966]},
			"faces": {
				"north": {"uv": [9.5, 6.5, 10.5, 7], "rotation": 180, "texture": "#0"},
				"east": {"uv": [9.5, 6.5, 10.5, 7], "rotation": 90, "texture": "#0"},
				"south": {"uv": [9.5, 6.5, 10.5, 7], "texture": "#0"},
				"west": {"uv": [9.5, 6.5, 10.5, 7], "rotation": 270, "texture": "#0"},
				"up": {"uv": [12, 8, 12.5, 8.5], "texture": "#0"},
				"down": {"uv": [12, 1.5, 12.5, 2], "rotation": 180, "texture": "#0"}
			}
		},
		{
			"from": [6.75132, 10.87146, -3.60382],
			"to": [7.5736, 19.09428, -2.78154],
			"rotation": {"angle": 22.5, "axis": "x", "origin": [7.69653, 14.19066, -4.84966]},
			"faces": {
				"north": {"uv": [9.5, 6.5, 10.5, 7], "rotation": 180, "texture": "#0"},
				"east": {"uv": [9.5, 6.5, 10.5, 7], "rotation": 90, "texture": "#0"},
				"south": {"uv": [9.5, 6.5, 10.5, 7], "texture": "#0"},
				"west": {"uv": [9.5, 6.5, 10.5, 7], "rotation": 270, "texture": "#0"},
				"up": {"uv": [12, 9, 12.5, 9.5], "texture": "#0"},
				"down": {"uv": [12, 1.5, 12.5, 2], "rotation": 180, "texture": "#0"}
			}
		},
		{
			"from": [7.98474, 10.87146, -3.60382],
			"to": [8.80702, 19.09428, -2.78154],
			"rotation": {"angle": 22.5, "axis": "x", "origin": [7.69653, 14.19066, -4.84966]},
			"faces": {
				"north": {"uv": [9.5, 6.5, 10.5, 7], "rotation": 180, "texture": "#0"},
				"east": {"uv": [9.5, 6.5, 10.5, 7], "rotation": 90, "texture": "#0"},
				"south": {"uv": [9.5, 6.5, 10.5, 7], "texture": "#0"},
				"west": {"uv": [9.5, 6.5, 10.5, 7], "rotation": 270, "texture": "#0"},
				"up": {"uv": [12, 10, 12.5, 10.5], "texture": "#0"},
				"down": {"uv": [12, 1.5, 12.5, 2], "rotation": 180, "texture": "#0"}
			}
		},
		{
			"from": [9.21816, 10.87146, -3.60382],
			"to": [10.04045, 19.09428, -2.78154],
			"rotation": {"angle": 22.5, "axis": "x", "origin": [7.69653, 14.19066, -4.84966]},
			"faces": {
				"north": {"uv": [9.5, 6.5, 10.5, 7], "rotation": 180, "texture": "#0"},
				"east": {"uv": [9.5, 6.5, 10.5, 7], "rotation": 90, "texture": "#0"},
				"south": {"uv": [9.5, 6.5, 10.5, 7], "texture": "#0"},
				"west": {"uv": [9.5, 6.5, 10.5, 7], "rotation": 270, "texture": "#0"},
				"up": {"uv": [12, 11, 12.5, 11.5], "texture": "#0"},
				"down": {"uv": [12, 1.5, 12.5, 2], "rotation": 180, "texture": "#0"}
			}
		},
		{
			"from": [10.45159, 10.87146, -3.60382],
			"to": [11.27387, 19.09428, -2.78154],
			"rotation": {"angle": 22.5, "axis": "x", "origin": [7.69653, 14.19066, -4.84966]},
			"faces": {
				"north": {"uv": [9.5, 6.5, 10.5, 7], "rotation": 180, "texture": "#0"},
				"east": {"uv": [9.5, 6.5, 10.5, 7], "rotation": 90, "texture": "#0"},
				"south": {"uv": [9.5, 6.5, 10.5, 7], "texture": "#0"},
				"west": {"uv": [9.5, 6.5, 10.5, 7], "rotation": 270, "texture": "#0"},
				"up": {"uv": [0, 12.5, 0.5, 13], "texture": "#0"},
				"down": {"uv": [12, 1.5, 12.5, 2], "rotation": 180, "texture": "#0"}
			}
		},
		{
			"from": [3.05105, 10.87146, -3.60382],
			"to": [3.87333, 19.09428, -2.78154],
			"rotation": {"angle": 22.5, "axis": "x", "origin": [7.69653, 14.19066, -4.84966]},
			"faces": {
				"north": {"uv": [9.5, 6.5, 10.5, 7], "rotation": 180, "texture": "#0"},
				"east": {"uv": [9.5, 6.5, 10.5, 7], "rotation": 90, "texture": "#0"},
				"south": {"uv": [9.5, 6.5, 10.5, 7], "texture": "#0"},
				"west": {"uv": [9.5, 6.5, 10.5, 7], "rotation": 270, "texture": "#0"},
				"up": {"uv": [1, 12.5, 1.5, 13], "texture": "#0"},
				"down": {"uv": [12, 1.5, 12.5, 2], "rotation": 180, "texture": "#0"}
			}
		},
		{
			"from": [11.68501, 10.87146, -3.60382],
			"to": [12.50729, 19.09428, -2.78154],
			"rotation": {"angle": 22.5, "axis": "x", "origin": [7.69653, 14.19066, -4.84966]},
			"faces": {
				"north": {"uv": [9.5, 6.5, 10.5, 7], "rotation": 180, "texture": "#0"},
				"east": {"uv": [9.5, 6.5, 10.5, 7], "rotation": 90, "texture": "#0"},
				"south": {"uv": [9.5, 6.5, 10.5, 7], "texture": "#0"},
				"west": {"uv": [9.5, 6.5, 10.5, 7], "rotation": 270, "texture": "#0"},
				"up": {"uv": [2, 12.5, 2.5, 13], "texture": "#0"},
				"down": {"uv": [12, 1.5, 12.5, 2], "rotation": 180, "texture": "#0"}
			}
		},
		{
			"from": [10.45159, 10.6399, 1.5143],
			"to": [11.27387, 18.86272, 2.33659],
			"rotation": {"angle": 22.5, "axis": "x", "origin": [7.69653, 15.39066, -4.54966]},
			"faces": {
				"north": {"uv": [9.5, 6.5, 10.5, 7], "rotation": 180, "texture": "#0"},
				"east": {"uv": [9.5, 6.5, 10.5, 7], "rotation": 90, "texture": "#0"},
				"south": {"uv": [9.5, 6.5, 10.5, 7], "texture": "#0"},
				"west": {"uv": [9.5, 6.5, 10.5, 7], "rotation": 270, "texture": "#0"},
				"up": {"uv": [3, 12.5, 3.5, 13], "texture": "#0"},
				"down": {"uv": [12, 1.5, 12.5, 2], "rotation": 180, "texture": "#0"}
			}
		},
		{
			"from": [4.842, 14.036, 3.43],
			"to": [5.886, 16.298, 4.474],
			"rotation": {"angle": -22.5, "axis": "x", "origin": [6.234, 15.837, 3.952]},
			"faces": {
				"north": {"uv": [3.5, 12.5, 4, 13], "texture": "#0"},
				"east": {"uv": [4, 12.5, 4.5, 13], "texture": "#0"},
				"south": {"uv": [4.5, 12.5, 5, 13], "texture": "#0"},
				"west": {"uv": [5, 12.5, 5.5, 13], "texture": "#0"},
				"up": {"uv": [6, 13, 5.5, 12.5], "texture": "#0"},
				"down": {"uv": [6.5, 12.5, 6, 13], "texture": "#0"}
			}
		},
		{
			"from": [4.868, 14.015, 4.409],
			"to": [5.912, 15.059, 6.671],
			"rotation": {"angle": 22.5, "axis": "x", "origin": [6.234, 14.537, 2.652]},
			"faces": {
				"north": {"uv": [9, 13, 8.5, 12.5], "rotation": 180, "texture": "#0"},
				"east": {"uv": [7, 12.5, 7.5, 13], "rotation": 90, "texture": "#0"},
				"south": {"uv": [9.5, 12.5, 9, 13], "texture": "#0"},
				"west": {"uv": [8, 12.5, 8.5, 13], "rotation": 270, "texture": "#0"},
				"up": {"uv": [7.5, 12.5, 8, 13], "texture": "#0"},
				"down": {"uv": [6.5, 12.5, 7, 13], "rotation": 180, "texture": "#0"}
			}
		},
		{
			"from": [4.902, 9.526, 2.83],
			"to": [5.946, 11.788, 3.874],
			"rotation": {"angle": -45, "axis": "x", "origin": [6.234, 15.837, 3.352]},
			"faces": {
				"north": {"uv": [9.5, 12.5, 10, 13], "texture": "#0"},
				"east": {"uv": [10, 12.5, 10.5, 13], "texture": "#0"},
				"south": {"uv": [10.5, 12.5, 11, 13], "texture": "#0"},
				"west": {"uv": [11, 12.5, 11.5, 13], "texture": "#0"},
				"up": {"uv": [12, 13, 11.5, 12.5], "texture": "#0"},
				"down": {"uv": [12.5, 12.5, 12, 13], "texture": "#0"}
			}
		},
		{
			"from": [4.902, 7.264, 2.83],
			"to": [5.946, 9.526, 3.874],
			"rotation": {"angle": -45, "axis": "x", "origin": [6.234, 15.837, 3.352]},
			"faces": {
				"north": {"uv": [12.5, 12.5, 13, 13], "texture": "#0"},
				"east": {"uv": [12.5, 0, 13, 0.5], "texture": "#0"},
				"south": {"uv": [12.5, 0.5, 13, 1], "texture": "#0"},
				"west": {"uv": [12.5, 1, 13, 1.5], "texture": "#0"},
				"up": {"uv": [13, 2, 12.5, 1.5], "texture": "#0"},
				"down": {"uv": [13, 2, 12.5, 2.5], "texture": "#0"}
			}
		},
		{
			"from": [4.902, 7.002, 5.73],
			"to": [5.946, 9.264, 6.774],
			"rotation": {"angle": -22.5, "axis": "x", "origin": [6.234, 17.837, 6.252]},
			"faces": {
				"north": {"uv": [12.5, 2.5, 13, 3], "texture": "#0"},
				"east": {"uv": [12.5, 3, 13, 3.5], "texture": "#0"},
				"south": {"uv": [12.5, 3.5, 13, 4], "texture": "#0"},
				"west": {"uv": [12.5, 4, 13, 4.5], "texture": "#0"},
				"up": {"uv": [13, 5, 12.5, 4.5], "texture": "#0"},
				"down": {"uv": [13, 5, 12.5, 5.5], "texture": "#0"}
			}
		},
		{
			"from": [4.604, 6.432, 5.382],
			"to": [6.344, 6.954, 7.122],
			"rotation": {"angle": -22.5, "axis": "x", "origin": [6.234, 17.837, 6.252]},
			"faces": {
				"north": {"uv": [12.5, 6, 13, 6.5], "texture": "#0"},
				"east": {"uv": [12.5, 6.5, 13, 7], "texture": "#0"},
				"south": {"uv": [12.5, 7, 13, 7.5], "texture": "#0"},
				"west": {"uv": [12.5, 5.5, 13, 6], "texture": "#0"},
				"up": {"uv": [13, 8, 12.5, 7.5], "rotation": 270, "texture": "#0"},
				"down": {"uv": [13, 8, 12.5, 8.5], "rotation": 90, "texture": "#0"}
			}
		},
		{
			"from": [4.778, 5.388, 5.556],
			"to": [6.17, 6.432, 6.948],
			"rotation": {"angle": -22.5, "axis": "x", "origin": [6.234, 17.837, 6.252]},
			"faces": {
				"north": {"uv": [12.5, 9, 13, 9.5], "texture": "#0"},
				"east": {"uv": [12.5, 9.5, 13, 10], "texture": "#0"},
				"south": {"uv": [12.5, 10, 13, 10.5], "texture": "#0"},
				"west": {"uv": [12.5, 8.5, 13, 9], "texture": "#0"},
				"up": {"uv": [13, 11, 12.5, 10.5], "rotation": 270, "texture": "#0"},
				"down": {"uv": [13, 11, 12.5, 11.5], "rotation": 90, "texture": "#0"}
			}
		},
		{
			"from": [4.604, 4.692, 6.6],
			"to": [4.952, 5.736, 6.948],
			"rotation": {"angle": -22.5, "axis": "x", "origin": [6.234, 17.837, 6.252]},
			"faces": {
				"north": {"uv": [0.5, 13, 1, 13.5], "texture": "#0"},
				"east": {"uv": [0, 13, 0.5, 13.5], "texture": "#0"},
				"south": {"uv": [0.5, 13, 1, 13.5], "texture": "#0"},
				"west": {"uv": [12.5, 11.5, 13, 12], "texture": "#0"},
				"up": {"uv": [1.5, 13.5, 1, 13], "rotation": 270, "texture": "#0"},
				"down": {"uv": [2, 13, 1.5, 13.5], "rotation": 90, "texture": "#0"}
			}
		},
		{
			"from": [4.604, 3.996, 6.6],
			"to": [4.952, 4.692, 6.948],
			"rotation": {"angle": -22.5, "axis": "x", "origin": [6.234, 17.837, 6.252]},
			"faces": {
				"north": {"uv": [2.5, 13, 3, 13.5], "texture": "#0"},
				"east": {"uv": [3, 13, 3.5, 13.5], "texture": "#0"},
				"south": {"uv": [3.5, 13, 4, 13.5], "texture": "#0"},
				"west": {"uv": [2, 13, 2.5, 13.5], "texture": "#0"},
				"up": {"uv": [4.5, 13.5, 4, 13], "rotation": 270, "texture": "#0"},
				"down": {"uv": [5, 13, 4.5, 13.5], "rotation": 90, "texture": "#0"}
			}
		},
		{
			"from": [4.604, 4.692, 6.078],
			"to": [4.952, 5.736, 6.426],
			"rotation": {"angle": -22.5, "axis": "x", "origin": [6.234, 17.837, 6.252]},
			"faces": {
				"north": {"uv": [0.5, 13, 1, 13.5], "texture": "#0"},
				"east": {"uv": [0, 13, 0.5, 13.5], "texture": "#0"},
				"south": {"uv": [0.5, 13, 1, 13.5], "texture": "#0"},
				"west": {"uv": [12.5, 11.5, 13, 12], "texture": "#0"},
				"up": {"uv": [1.5, 13.5, 1, 13], "rotation": 270, "texture": "#0"},
				"down": {"uv": [2, 13, 1.5, 13.5], "rotation": 90, "texture": "#0"}
			}
		},
		{
			"from": [4.604, 3.996, 6.078],
			"to": [4.952, 4.692, 6.426],
			"rotation": {"angle": -22.5, "axis": "x", "origin": [6.234, 17.837, 6.252]},
			"faces": {
				"north": {"uv": [3.5, 13, 4, 13.5], "texture": "#0"},
				"east": {"uv": [2, 13, 2.5, 13.5], "texture": "#0"},
				"south": {"uv": [3.5, 13, 4, 13.5], "texture": "#0"},
				"west": {"uv": [2, 13, 2.5, 13.5], "texture": "#0"},
				"up": {"uv": [4.5, 13.5, 4, 13], "rotation": 270, "texture": "#0"},
				"down": {"uv": [5, 13, 4.5, 13.5], "rotation": 90, "texture": "#0"}
			}
		},
		{
			"from": [4.604, 4.692, 5.556],
			"to": [4.952, 5.736, 5.904],
			"rotation": {"angle": -22.5, "axis": "x", "origin": [6.234, 17.837, 6.252]},
			"faces": {
				"north": {"uv": [0.5, 13, 1, 13.5], "texture": "#0"},
				"east": {"uv": [0, 13, 0.5, 13.5], "texture": "#0"},
				"south": {"uv": [0.5, 13, 1, 13.5], "texture": "#0"},
				"west": {"uv": [12.5, 11.5, 13, 12], "texture": "#0"},
				"up": {"uv": [1.5, 13.5, 1, 13], "rotation": 270, "texture": "#0"},
				"down": {"uv": [2, 13, 1.5, 13.5], "rotation": 90, "texture": "#0"}
			}
		},
		{
			"from": [4.604, 3.996, 5.556],
			"to": [4.952, 4.692, 5.904],
			"rotation": {"angle": -22.5, "axis": "x", "origin": [6.234, 17.837, 6.252]},
			"faces": {
				"north": {"uv": [3.5, 13, 4, 13.5], "texture": "#0"},
				"east": {"uv": [2, 13, 2.5, 13.5], "texture": "#0"},
				"south": {"uv": [3.5, 13, 4, 13.5], "texture": "#0"},
				"west": {"uv": [2, 13, 2.5, 13.5], "texture": "#0"},
				"up": {"uv": [4.5, 13.5, 4, 13], "rotation": 270, "texture": "#0"},
				"down": {"uv": [5, 13, 4.5, 13.5], "rotation": 90, "texture": "#0"}
			}
		},
		{
			"from": [5.3, 4.692, 5.382],
			"to": [5.822, 5.736, 5.73],
			"rotation": {"angle": -22.5, "axis": "x", "origin": [6.234, 17.837, 6.252]},
			"faces": {
				"north": {"uv": [13, 4, 13.5, 4.5], "texture": "#0"},
				"east": {"uv": [13, 4.5, 13.5, 5], "texture": "#0"},
				"south": {"uv": [13, 5, 13.5, 5.5], "texture": "#0"},
				"west": {"uv": [13, 3.5, 13.5, 4], "texture": "#0"},
				"up": {"uv": [13.5, 6, 13, 5.5], "rotation": 270, "texture": "#0"},
				"down": {"uv": [13.5, 6, 13, 6.5], "rotation": 90, "texture": "#0"}
			}
		},
		{
			"from": [10.114, 14.336, 3.43],
			"to": [11.158, 16.598, 4.474],
			"rotation": {"angle": -22.5, "axis": "x", "origin": [9.766, 16.137, 3.952]},
			"faces": {
				"north": {"uv": [4, 12.5, 3.5, 13], "texture": "#0"},
				"east": {"uv": [5.5, 12.5, 5, 13], "texture": "#0"},
				"south": {"uv": [5, 12.5, 4.5, 13], "texture": "#0"},
				"west": {"uv": [4.5, 12.5, 4, 13], "texture": "#0"},
				"up": {"uv": [5.5, 13, 6, 12.5], "texture": "#0"},
				"down": {"uv": [6, 12.5, 6.5, 13], "texture": "#0"}
			}
		},
		{
			"from": [10.088, 14.115, 4.909],
			"to": [11.132, 15.159, 7.171],
			"rotation": {"angle": 22.5, "axis": "x", "origin": [9.766, 14.637, 3.152]},
			"faces": {
				"north": {"uv": [8.5, 13, 9, 12.5], "rotation": 180, "texture": "#0"},
				"east": {"uv": [8.5, 12.5, 8, 13], "rotation": 90, "texture": "#0"},
				"south": {"uv": [9, 12.5, 9.5, 13], "texture": "#0"},
				"west": {"uv": [7.5, 12.5, 7, 13], "rotation": 270, "texture": "#0"},
				"up": {"uv": [8, 12.5, 7.5, 13], "texture": "#0"},
				"down": {"uv": [7, 12.5, 6.5, 13], "rotation": 180, "texture": "#0"}
			}
		},
		{
			"from": [10.054, 9.726, 3.33],
			"to": [11.098, 11.988, 4.374],
			"rotation": {"angle": -45, "axis": "x", "origin": [9.766, 16.037, 3.852]},
			"faces": {
				"north": {"uv": [10, 12.5, 9.5, 13], "texture": "#0"},
				"east": {"uv": [11.5, 12.5, 11, 13], "texture": "#0"},
				"south": {"uv": [11, 12.5, 10.5, 13], "texture": "#0"},
				"west": {"uv": [10.5, 12.5, 10, 13], "texture": "#0"},
				"up": {"uv": [11.5, 13, 12, 12.5], "texture": "#0"},
				"down": {"uv": [12, 12.5, 12.5, 13], "texture": "#0"}
			}
		},
		{
			"from": [10.054, 7.464, 3.33],
			"to": [11.098, 9.726, 4.374],
			"rotation": {"angle": -45, "axis": "x", "origin": [9.766, 16.037, 3.852]},
			"faces": {
				"north": {"uv": [13, 12.5, 12.5, 13], "texture": "#0"},
				"east": {"uv": [13, 1, 12.5, 1.5], "texture": "#0"},
				"south": {"uv": [13, 0.5, 12.5, 1], "texture": "#0"},
				"west": {"uv": [13, 0, 12.5, 0.5], "texture": "#0"},
				"up": {"uv": [12.5, 2, 13, 1.5], "texture": "#0"},
				"down": {"uv": [12.5, 2, 13, 2.5], "texture": "#0"}
			}
		},
		{
			"from": [10.054, 7.202, 5.93],
			"to": [11.098, 9.464, 6.974],
			"rotation": {"angle": -22.5, "axis": "x", "origin": [9.766, 18.037, 6.452]},
			"faces": {
				"north": {"uv": [13, 2.5, 12.5, 3], "texture": "#0"},
				"east": {"uv": [13, 4, 12.5, 4.5], "texture": "#0"},
				"south": {"uv": [13, 3.5, 12.5, 4], "texture": "#0"},
				"west": {"uv": [13, 3, 12.5, 3.5], "texture": "#0"},
				"up": {"uv": [12.5, 5, 13, 4.5], "texture": "#0"},
				"down": {"uv": [12.5, 5, 13, 5.5], "texture": "#0"}
			}
		},
		{
			"from": [9.656, 6.632, 5.582],
			"to": [11.396, 7.154, 7.322],
			"rotation": {"angle": -22.5, "axis": "x", "origin": [9.766, 18.037, 6.452]},
			"faces": {
				"north": {"uv": [13, 6, 12.5, 6.5], "texture": "#0"},
				"east": {"uv": [13, 5.5, 12.5, 6], "texture": "#0"},
				"south": {"uv": [13, 7, 12.5, 7.5], "texture": "#0"},
				"west": {"uv": [13, 6.5, 12.5, 7], "texture": "#0"},
				"up": {"uv": [13, 7.5, 12.5, 8], "rotation": 270, "texture": "#0"},
				"down": {"uv": [13, 8.5, 12.5, 8], "rotation": 90, "texture": "#0"}
			}
		},
		{
			"from": [9.83, 5.588, 5.756],
			"to": [11.222, 6.632, 7.148],
			"rotation": {"angle": -22.5, "axis": "x", "origin": [9.766, 18.037, 6.452]},
			"faces": {
				"north": {"uv": [13, 9, 12.5, 9.5], "texture": "#0"},
				"east": {"uv": [13, 8.5, 12.5, 9], "texture": "#0"},
				"south": {"uv": [13, 10, 12.5, 10.5], "texture": "#0"},
				"west": {"uv": [13, 9.5, 12.5, 10], "texture": "#0"},
				"up": {"uv": [13, 10.5, 12.5, 11], "rotation": 270, "texture": "#0"},
				"down": {"uv": [13, 11.5, 12.5, 11], "rotation": 90, "texture": "#0"}
			}
		},
		{
			"from": [11.048, 4.892, 6.8],
			"to": [11.396, 5.936, 7.148],
			"rotation": {"angle": -22.5, "axis": "x", "origin": [9.766, 18.037, 6.452]},
			"faces": {
				"north": {"uv": [1, 13, 0.5, 13.5], "texture": "#0"},
				"east": {"uv": [13, 11.5, 12.5, 12], "texture": "#0"},
				"south": {"uv": [1, 13, 0.5, 13.5], "texture": "#0"},
				"west": {"uv": [0.5, 13, 0, 13.5], "texture": "#0"},
				"up": {"uv": [1.5, 13, 1, 13.5], "rotation": 270, "texture": "#0"},
				"down": {"uv": [2, 13.5, 1.5, 13], "rotation": 90, "texture": "#0"}
			}
		},
		{
			"from": [11.048, 4.196, 6.8],
			"to": [11.396, 4.892, 7.148],
			"rotation": {"angle": -22.5, "axis": "x", "origin": [9.766, 18.037, 6.452]},
			"faces": {
				"north": {"uv": [3, 13, 2.5, 13.5], "texture": "#0"},
				"east": {"uv": [2.5, 13, 2, 13.5], "texture": "#0"},
				"south": {"uv": [4, 13, 3.5, 13.5], "texture": "#0"},
				"west": {"uv": [3.5, 13, 3, 13.5], "texture": "#0"},
				"up": {"uv": [4.5, 13, 4, 13.5], "rotation": 270, "texture": "#0"},
				"down": {"uv": [5, 13.5, 4.5, 13], "rotation": 90, "texture": "#0"}
			}
		},
		{
			"from": [11.048, 4.892, 6.278],
			"to": [11.396, 5.936, 6.626],
			"rotation": {"angle": -22.5, "axis": "x", "origin": [9.766, 18.037, 6.452]},
			"faces": {
				"north": {"uv": [1, 13, 0.5, 13.5], "texture": "#0"},
				"east": {"uv": [13, 11.5, 12.5, 12], "texture": "#0"},
				"south": {"uv": [1, 13, 0.5, 13.5], "texture": "#0"},
				"west": {"uv": [0.5, 13, 0, 13.5], "texture": "#0"},
				"up": {"uv": [1.5, 13, 1, 13.5], "rotation": 270, "texture": "#0"},
				"down": {"uv": [2, 13.5, 1.5, 13], "rotation": 90, "texture": "#0"}
			}
		},
		{
			"from": [11.048, 4.196, 6.278],
			"to": [11.396, 4.892, 6.626],
			"rotation": {"angle": -22.5, "axis": "x", "origin": [9.766, 18.037, 6.452]},
			"faces": {
				"north": {"uv": [4, 13, 3.5, 13.5], "texture": "#0"},
				"east": {"uv": [2.5, 13, 2, 13.5], "texture": "#0"},
				"south": {"uv": [4, 13, 3.5, 13.5], "texture": "#0"},
				"west": {"uv": [2.5, 13, 2, 13.5], "texture": "#0"},
				"up": {"uv": [4.5, 13, 4, 13.5], "rotation": 270, "texture": "#0"},
				"down": {"uv": [5, 13.5, 4.5, 13], "rotation": 90, "texture": "#0"}
			}
		},
		{
			"from": [11.048, 4.892, 5.756],
			"to": [11.396, 5.936, 6.104],
			"rotation": {"angle": -22.5, "axis": "x", "origin": [9.766, 18.037, 6.452]},
			"faces": {
				"north": {"uv": [1, 13, 0.5, 13.5], "texture": "#0"},
				"east": {"uv": [13, 11.5, 12.5, 12], "texture": "#0"},
				"south": {"uv": [1, 13, 0.5, 13.5], "texture": "#0"},
				"west": {"uv": [0.5, 13, 0, 13.5], "texture": "#0"},
				"up": {"uv": [1.5, 13, 1, 13.5], "rotation": 270, "texture": "#0"},
				"down": {"uv": [2, 13.5, 1.5, 13], "rotation": 90, "texture": "#0"}
			}
		},
		{
			"from": [11.048, 4.196, 5.756],
			"to": [11.396, 4.892, 6.104],
			"rotation": {"angle": -22.5, "axis": "x", "origin": [9.766, 18.037, 6.452]},
			"faces": {
				"north": {"uv": [4, 13, 3.5, 13.5], "texture": "#0"},
				"east": {"uv": [2.5, 13, 2, 13.5], "texture": "#0"},
				"south": {"uv": [4, 13, 3.5, 13.5], "texture": "#0"},
				"west": {"uv": [2.5, 13, 2, 13.5], "texture": "#0"},
				"up": {"uv": [4.5, 13, 4, 13.5], "rotation": 270, "texture": "#0"},
				"down": {"uv": [5, 13.5, 4.5, 13], "rotation": 90, "texture": "#0"}
			}
		},
		{
			"from": [10.178, 4.892, 5.582],
			"to": [10.7, 5.936, 5.93],
			"rotation": {"angle": -22.5, "axis": "x", "origin": [9.766, 18.037, 6.452]},
			"faces": {
				"north": {"uv": [13.5, 4, 13, 4.5], "texture": "#0"},
				"east": {"uv": [13.5, 3.5, 13, 4], "texture": "#0"},
				"south": {"uv": [13.5, 5, 13, 5.5], "texture": "#0"},
				"west": {"uv": [13.5, 4.5, 13, 5], "texture": "#0"},
				"up": {"uv": [13.5, 5.5, 13, 6], "rotation": 270, "texture": "#0"},
				"down": {"uv": [13.5, 6.5, 13, 6], "rotation": 90, "texture": "#0"}
			}
		}
	],
	"display": {
		"head": {
			"translation": [0, -20.5, 0],
			"scale": [2.8418, 3.08008, 3.68164]
		}
	},
	"groups": [
		{
			"name": "todo",
			"origin": [8, 8, 8],
			"children": [
				{
					"name": "pata1",
					"origin": [13, 8, 16],
					"children": [0, 1]
				},
				{
					"name": "pata2",
					"origin": [13, 8, 16],
					"children": [2, 3]
				},
				{
					"name": "cuerpo",
					"origin": [13, 13, 16.2],
					"children": [4, 5, 6]
				},
				{
					"name": "cabeza",
					"origin": [13, 19.8, 16.2],
					"children": [
						{
							"name": "oreja1",
							"origin": [12.3, 17, 16.5],
							"children": [7, 8]
						},
						{
							"name": "oreja2",
							"origin": [12.3, 17, 16.5],
							"children": [9, 10]
						}, 11, 12, 13, 14, 15, 16, 17, 18, 19, 20, 21, 22, 23, 24, 25, 26, 27, 28, 29, 30, 31, 32, 33, 34, 35, 36, 37, 38, 39, 40, 41, 42, 43, 44, 45, 46, 47, 48, 49, 50, 51, 52, 53]
				},
				{
					"name": "brazo1",
					"origin": [10.8, 18, 16],
					"children": [54,
						{
							"name": "1.1",
							"origin": [12.1, 16.6, 16],
							"children": [55,
								{
									"name": "1.2",
									"origin": [12.1, 10.1, 15.4],
									"children": [56,
										{
											"name": "1.3",
											"origin": [12.1, 10.1, 15.4],
											"children": [57,
												{
													"name": "1.4",
													"origin": [12.1, 10.1, 15.4],
													"children": [58,
														{
															"name": "mano",
															"origin": [12.1, 10.1, 15.4],
															"children": [59, 60,
																{
																	"name": "dedo1",
																	"origin": [12.1, 10.1, 15.4],
																	"children": [61,
																		{
																			"name": "dedo1.1",
																			"origin": [12.4, 10.7, 15.4],
																			"children": [62]
																		}
																	]
																},
																{
																	"name": "dedo2",
																	"origin": [12.4, 10.7, 15.4],
																	"children": [63,
																		{
																			"name": "dedo1.1",
																			"origin": [12.4, 10.7, 15.4],
																			"children": [64]
																		}
																	]
																},
																{
																	"name": "dedo3",
																	"origin": [12.7, 10.7, 15.4],
																	"children": [65,
																		{
																			"name": "dedo1.1",
																			"origin": [12.4, 10.7, 15.4],
																			"children": [66]
																		}
																	]
																},
																{
																	"name": "dedo4",
																	"origin": [12.8, 10.7, 15.8],
																	"children": [67]
																}
															]
														}
													]
												}
											]
										}
									]
								}
							]
						}
					]
				},
				{
					"name": "brazo2",
					"origin": [10.8, 18, 16],
					"children": [68,
						{
							"name": "1.1",
							"origin": [12.1, 16.6, 16],
							"children": [69,
								{
									"name": "1.2",
									"origin": [12.1, 10.1, 15.4],
									"children": [70,
										{
											"name": "1.3",
											"origin": [12.1, 10.1, 15.4],
											"children": [71,
												{
													"name": "1.4",
													"origin": [12.1, 10.1, 15.4],
													"children": [72,
														{
															"name": "mano",
															"origin": [12.1, 10.1, 15.4],
															"children": [73, 74,
																{
																	"name": "dedo1",
																	"origin": [12.1, 10.1, 15.4],
																	"children": [75,
																		{
																			"name": "dedo1.1",
																			"origin": [12.4, 10.7, 15.4],
																			"children": [76]
																		}
																	]
																},
																{
																	"name": "dedo2",
																	"origin": [12.4, 10.7, 15.4],
																	"children": [77,
																		{
																			"name": "dedo1.1",
																			"origin": [12.4, 10.7, 15.4],
																			"children": [78]
																		}
																	]
																},
																{
																	"name": "dedo3",
																	"origin": [12.7, 10.7, 15.4],
																	"children": [79,
																		{
																			"name": "dedo1.1",
																			"origin": [12.4, 10.7, 15.4],
																			"children": [80]
																		}
																	]
																},
																{
																	"name": "dedo4",
																	"origin": [12.8, 10.7, 15.8],
																	"children": [81]
																}
															]
														}
													]
												}
											]
										}
									]
								}
							]
						}
					]
				}
			]
		}
	]
}