{
	"credit": "Made with Blockbench",
	"texture_size": [32, 32],
	"textures": {
		"0": "6dt2_custom/6dt2_cartooncat/6dt2_cartooncat",
		"particle": "6dt2_custom/6dt2_cartooncat/6dt2_cartooncat"
	},
	"elements": [
		{
			"from": [6.954, 7.515, 6.7],
			"to": [8.998, 9.559, 9.341],
			"rotation": {"angle": 0, "axis": "x", "origin": [7.666, 8.037, 21.652]},
			"faces": {
				"north": {"uv": [12.5, 2, 13, 2.5], "rotation": 180, "texture": "#0"},
				"east": {"uv": [13, 1, 12.5, 1.5], "rotation": 270, "texture": "#0"},
				"south": {"uv": [12.5, 2, 13, 1.5], "texture": "#0"},
				"west": {"uv": [13, 0, 12.5, 0.5], "rotation": 90, "texture": "#0"},
				"up": {"uv": [13, 12.5, 12.5, 13], "rotation": 180, "texture": "#0"},
				"down": {"uv": [13, 0.5, 12.5, 1], "texture": "#0"}
			}
		}
	],
	"display": {
		"head": {
			"translation": [-0.75, -11.25, 0],
			"scale": [2.8418, 3.08008, 2.56641]
		}
	},
	"groups": [
		{
			"name": "todo",
			"origin": [8, 8, 8],
			"children": [
				{
					"name": "pata1",
					"origin": [13, 8, 16],
					"children": []
				},
				{
					"name": "pata2",
					"origin": [13, 8, 16],
					"children": []
				},
				{
					"name": "cuerpo",
					"origin": [13, 13, 16.2],
					"children": []
				},
				{
					"name": "cabeza",
					"origin": [13, 19.8, 16.2],
					"children": [
						{
							"name": "oreja1",
							"origin": [12.3, 17, 16.5],
							"children": []
						},
						{
							"name": "oreja2",
							"origin": [12.3, 17, 16.5],
							"children": []
						}
					]
				},
				{
					"name": "brazo1",
					"origin": [10.8, 18, 16],
					"children": [
						{
							"name": "1.1",
							"origin": [12.1, 16.6, 16],
							"children": [
								{
									"name": "1.2",
									"origin": [12.1, 10.1, 15.4],
									"children": [
										{
											"name": "1.3",
											"origin": [12.1, 10.1, 15.4],
											"children": [
												{
													"name": "1.4",
													"origin": [12.1, 10.1, 15.4],
													"children": [
														{
															"name": "mano",
															"origin": [12.1, 10.1, 15.4],
															"children": [
																{
																	"name": "dedo1",
																	"origin": [12.1, 10.1, 15.4],
																	"children": [
																		{
																			"name": "dedo1.1",
																			"origin": [12.4, 10.7, 15.4],
																			"children": []
																		}
																	]
																},
																{
																	"name": "dedo2",
																	"origin": [12.4, 10.7, 15.4],
																	"children": [
																		{
																			"name": "dedo1.1",
																			"origin": [12.4, 10.7, 15.4],
																			"children": []
																		}
																	]
																},
																{
																	"name": "dedo3",
																	"origin": [12.7, 10.7, 15.4],
																	"children": [
																		{
																			"name": "dedo1.1",
																			"origin": [12.4, 10.7, 15.4],
																			"children": []
																		}
																	]
																},
																{
																	"name": "dedo4",
																	"origin": [12.8, 10.7, 15.8],
																	"children": []
																}
															]
														}
													]
												}
											]
										}
									]
								}
							]
						}
					]
				},
				{
					"name": "brazo2",
					"origin": [10.8, 18, 16],
					"children": [
						{
							"name": "1.1",
							"origin": [12.1, 16.6, 16],
							"children": [
								{
									"name": "1.2",
									"origin": [12.1, 10.1, 15.4],
									"children": [
										{
											"name": "1.3",
											"origin": [12.1, 10.1, 15.4],
											"children": [0,
												{
													"name": "1.4",
													"origin": [12.1, 10.1, 15.4],
													"children": [
														{
															"name": "mano",
															"origin": [12.1, 10.1, 15.4],
															"children": [
																{
																	"name": "dedo1",
																	"origin": [12.1, 10.1, 15.4],
																	"children": [
																		{
																			"name": "dedo1.1",
																			"origin": [12.4, 10.7, 15.4],
																			"children": []
																		}
																	]
																},
																{
																	"name": "dedo2",
																	"origin": [12.4, 10.7, 15.4],
																	"children": [
																		{
																			"name": "dedo1.1",
																			"origin": [12.4, 10.7, 15.4],
																			"children": []
																		}
																	]
																},
																{
																	"name": "dedo3",
																	"origin": [12.7, 10.7, 15.4],
																	"children": [
																		{
																			"name": "dedo1.1",
																			"origin": [12.4, 10.7, 15.4],
																			"children": []
																		}
																	]
																},
																{
																	"name": "dedo4",
																	"origin": [12.8, 10.7, 15.8],
																	"children": []
																}
															]
														}
													]
												}
											]
										}
									]
								}
							]
						}
					]
				}
			]
		}
	]
}