{
	"credit": "Made with Blockbench",
	"texture_size": [32, 32],
	"textures": {
		"0": "6dt2_custom/6dt2_cartooncat/6dt2_cartooncat",
		"particle": "6dt2_custom/6dt2_cartooncat/6dt2_cartooncat"
	},
	"elements": [
		{
			"name": "pata",
			"from": [6.5906, -1.343, 30.5236],
			"to": [7.3736, 2.572, 31.3066],
			"rotation": {"angle": 22.5, "axis": "x", "origin": [19.1186, 11.185, 42.2686]},
			"faces": {
				"north": {"uv": [5.5, 3, 6, 4.5], "texture": "#0"},
				"east": {"uv": [0, 6, 0.5, 7.5], "texture": "#0"},
				"south": {"uv": [5.5, 3, 6, 4.5], "texture": "#0"},
				"west": {"uv": [2, 6, 2.5, 7.5], "texture": "#0"},
				"up": {"uv": [3, 4, 2.5, 3.5], "texture": "#0"},
				"down": {"uv": [3, 4, 2.5, 3.5], "texture": "#0"}
			}
		},
		{
			"name": "pata",
			"from": [6.5906, -4.898, 28.9936],
			"to": [7.3736, -0.983, 29.7766],
			"rotation": {"angle": 22.5, "axis": "x", "origin": [19.1186, 7.63, 40.7386]},
			"faces": {
				"north": {"uv": [2.5, 6, 3, 7.5], "texture": "#0"},
				"east": {"uv": [2.5, 6, 3, 7.5], "texture": "#0"},
				"south": {"uv": [2.5, 6, 3, 7.5], "texture": "#0"},
				"west": {"uv": [2.5, 6, 3, 7.5], "texture": "#0"},
				"up": {"uv": [2.5, 5, 2, 4.5], "texture": "#0"},
				"down": {"uv": [2.5, 5, 2, 4.5], "texture": "#0"}
			}
		},
		{
			"name": "pata",
			"from": [8.783, 7.477, 24.4036],
			"to": [9.566, 11.392, 25.1866],
			"rotation": {"angle": -22.5, "axis": "x", "origin": [21.311, 20.005, 36.1486]},
			"faces": {
				"north": {"uv": [5.5, 3, 6, 4.5], "texture": "#0"},
				"east": {"uv": [5.5, 3, 6, 4.5], "texture": "#0"},
				"south": {"uv": [5.5, 3, 6, 4.5], "texture": "#0"},
				"west": {"uv": [5.5, 3, 6, 4.5], "texture": "#0"},
				"up": {"uv": [3, 4, 2.5, 3.5], "texture": "#0"},
				"down": {"uv": [3, 4, 2.5, 3.5], "texture": "#0"}
			}
		},
		{
			"name": "pata",
			"from": [8.783, 3.832, 25.9336],
			"to": [9.566, 7.747, 26.7166],
			"rotation": {"angle": -22.5, "axis": "x", "origin": [21.311, 16.36, 37.6786]},
			"faces": {
				"north": {"uv": [2.5, 6, 3, 7.5], "texture": "#0"},
				"east": {"uv": [2.5, 6, 3, 7.5], "texture": "#0"},
				"south": {"uv": [2.5, 6, 3, 7.5], "texture": "#0"},
				"west": {"uv": [2.5, 6, 3, 7.5], "texture": "#0"},
				"up": {"uv": [2.5, 5, 2, 4.5], "texture": "#0"},
				"down": {"uv": [2.5, 5, 2, 4.5], "texture": "#0"}
			}
		},
		{
			"from": [6.1208, 17.9656, 20.6272],
			"to": [10.0358, 20.3146, 22.663],
			"rotation": {"angle": -22.5, "axis": "x", "origin": [18.962, 30.4936, 33.3118]},
			"faces": {
				"north": {"uv": [3, 1, 4, 2], "texture": "#0"},
				"east": {"uv": [5.5, 0, 6, 1], "texture": "#0"},
				"south": {"uv": [3, 1, 4, 2], "texture": "#0"},
				"west": {"uv": [5.5, 4.5, 6, 5.5], "texture": "#0"},
				"up": {"uv": [5.5, 4.5, 4.5, 4], "texture": "#0"},
				"down": {"uv": [7.5, 3, 6.5, 3.5], "texture": "#0"}
			}
		},
		{
			"from": [5.8076, 13.381, 22.4272],
			"to": [10.349, 18.2356, 24.463],
			"rotation": {"angle": -22.5, "axis": "x", "origin": [18.962, 25.909, 35.1118]},
			"faces": {
				"north": {"uv": [0, 0, 1.5, 1.5], "texture": "#0"},
				"east": {"uv": [5, 6.5, 5.5, 8], "texture": "#0"},
				"south": {"uv": [0, 0, 1.5, 1.5], "texture": "#0"},
				"west": {"uv": [5.5, 6.5, 6, 8], "texture": "#0"},
				"up": {"uv": [3, 1.5, 1.5, 1], "texture": "#0"},
				"down": {"uv": [8, 6.5, 6.5, 7], "texture": "#0"}
			}
		},
		{
			"from": [6.1208, 7.612, 28.0738],
			"to": [10.0358, 9.961, 29.7964],
			"rotation": {"angle": 0, "axis": "y", "origin": [18.962, 20.14, 40.6018]},
			"faces": {
				"north": {"uv": [1.5, 1.5, 3, 2.5], "texture": "#0"},
				"east": {"uv": [6.5, 3.5, 7, 4.5], "texture": "#0"},
				"south": {"uv": [1.5, 1.5, 3, 2.5], "texture": "#0"},
				"west": {"uv": [6.5, 4.5, 7, 5.5], "texture": "#0"},
				"up": {"uv": [8, 0.5, 6.5, 0], "texture": "#0"},
				"down": {"uv": [8, 0.5, 6.5, 1], "texture": "#0"}
			}
		},
		{
			"from": [5.17471, 21.41454, 25.9336],
			"to": [6.42751, 22.66734, 26.8732],
			"rotation": {"angle": 0, "axis": "x", "origin": [8.1314, 16.5022, 26.2918]},
			"faces": {
				"north": {"uv": [11, 0, 11.5, 0.5], "rotation": 270, "texture": "#0"},
				"east": {"uv": [11.5, 3.5, 11, 3], "rotation": 90, "texture": "#0"},
				"south": {"uv": [11, 2, 11.5, 2.5], "rotation": 90, "texture": "#0"},
				"west": {"uv": [11.5, 3.5, 11, 4], "rotation": 90, "texture": "#0"},
				"up": {"uv": [11, 2.5, 11.5, 3], "rotation": 90, "texture": "#0"},
				"down": {"uv": [11, 0.5, 11.5, 1], "rotation": 90, "texture": "#0"}
			}
		},
		{
			"from": [4.90565, 22.33341, 26.2468],
			"to": [5.53205, 23.27301, 26.56],
			"rotation": {"angle": 0, "axis": "x", "origin": [8.1314, 16.5022, 26.2918]},
			"faces": {
				"north": {"uv": [11, 4, 11.5, 4.5], "rotation": 270, "texture": "#0"},
				"east": {"uv": [11.5, 7.5, 11, 7], "rotation": 90, "texture": "#0"},
				"south": {"uv": [11, 6, 11.5, 6.5], "rotation": 90, "texture": "#0"},
				"west": {"uv": [11.5, 7.5, 11, 8], "rotation": 90, "texture": "#0"},
				"up": {"uv": [11, 6.5, 11.5, 7], "rotation": 90, "texture": "#0"},
				"down": {"uv": [11, 4.5, 11.5, 5], "rotation": 90, "texture": "#0"}
			}
		},
		{
			"from": [9.61474, 21.32549, 25.9336],
			"to": [10.86754, 22.57829, 26.8732],
			"rotation": {"angle": 0, "axis": "x", "origin": [8.1314, 16.5022, 26.2918]},
			"faces": {
				"north": {"uv": [11, 8.5, 11.5, 9], "texture": "#0"},
				"east": {"uv": [11, 10, 11.5, 10.5], "texture": "#0"},
				"south": {"uv": [11, 10.5, 11.5, 11], "texture": "#0"},
				"west": {"uv": [1, 11.5, 1.5, 12], "texture": "#0"},
				"up": {"uv": [2, 12, 1.5, 11.5], "texture": "#0"},
				"down": {"uv": [2.5, 11.5, 2, 12], "texture": "#0"}
			}
		},
		{
			"from": [10.51021, 22.17775, 26.2468],
			"to": [11.13661, 23.11735, 26.56],
			"rotation": {"angle": 0, "axis": "x", "origin": [8.1314, 16.5022, 26.2918]},
			"faces": {
				"north": {"uv": [2.5, 11.5, 3, 12], "texture": "#0"},
				"east": {"uv": [3, 11.5, 3.5, 12], "texture": "#0"},
				"south": {"uv": [4.5, 11.5, 5, 12], "texture": "#0"},
				"west": {"uv": [5, 11.5, 5.5, 12], "texture": "#0"},
				"up": {"uv": [6, 12, 5.5, 11.5], "texture": "#0"},
				"down": {"uv": [6.5, 11.5, 6, 12], "texture": "#0"}
			}
		},
		{
			"from": [5.3378, 17.4742, 24.5242],
			"to": [6.1208, 19.51, 28.126],
			"rotation": {"angle": 0, "axis": "x", "origin": [8.1314, 16.5022, 26.2918]},
			"faces": {
				"north": {"uv": [6.5, 11.5, 7, 12], "texture": "#0"},
				"east": {"uv": [6.5, 5.5, 7.5, 6], "texture": "#0"},
				"south": {"uv": [7, 11.5, 7.5, 12], "texture": "#0"},
				"west": {"uv": [6.5, 6, 7.5, 6.5], "texture": "#0"},
				"up": {"uv": [7, 8, 6.5, 7], "texture": "#0"},
				"down": {"uv": [7.5, 7, 7, 8], "texture": "#0"}
			}
		},
		{
			"from": [6.9038, 16.5346, 25.6204],
			"to": [9.2528, 16.8478, 27.0298],
			"rotation": {"angle": 0, "axis": "x", "origin": [8.1314, 16.5022, 26.2918]},
			"faces": {
				"north": {"uv": [7, 3.5, 8, 4], "texture": "#0"},
				"east": {"uv": [8.5, 11.5, 9, 12], "texture": "#0"},
				"south": {"uv": [7, 4, 8, 4.5], "texture": "#0"},
				"west": {"uv": [9, 11.5, 9.5, 12], "texture": "#0"},
				"up": {"uv": [8, 5, 7, 4.5], "texture": "#0"},
				"down": {"uv": [8, 5, 7, 5.5], "texture": "#0"}
			}
		},
		{
			"from": [6.1208, 16.8478, 24.5242],
			"to": [10.0358, 17.4742, 28.126],
			"rotation": {"angle": 0, "axis": "x", "origin": [8.1314, 16.5022, 26.2918]},
			"faces": {
				"north": {"uv": [6.5, 1, 8, 1.5], "texture": "#0"},
				"east": {"uv": [0, 7.5, 1, 8], "texture": "#0"},
				"south": {"uv": [6.5, 1.5, 8, 2], "texture": "#0"},
				"west": {"uv": [2, 7.5, 3, 8], "texture": "#0"},
				"up": {"uv": [3, 3.5, 1.5, 2.5], "texture": "#0"},
				"down": {"uv": [1.5, 3, 0, 4], "texture": "#0"}
			}
		},
		{
			"from": [9.8792, 17.4742, 24.5242],
			"to": [10.6622, 19.51, 28.126],
			"rotation": {"angle": 0, "axis": "x", "origin": [8.1314, 16.5022, 26.2918]},
			"faces": {
				"north": {"uv": [6.5, 11.5, 7, 12], "texture": "#0"},
				"east": {"uv": [6.5, 6, 7.5, 6.5], "texture": "#0"},
				"south": {"uv": [7, 11.5, 7.5, 12], "texture": "#0"},
				"west": {"uv": [6.5, 5.5, 7.5, 6], "texture": "#0"},
				"up": {"uv": [7, 8, 6.5, 7], "texture": "#0"},
				"down": {"uv": [7.5, 7, 7, 8], "texture": "#0"}
			}
		},
		{
			"name": "pepe",
			"from": [6.1208, 18.5704, 24.5242],
			"to": [9.8792, 19.51, 28.126],
			"rotation": {"angle": 0, "axis": "x", "origin": [8.1314, 16.5022, 26.2918]},
			"faces": {
				"north": {"uv": [7.5, 3, 8.5, 3.5], "texture": "#0"},
				"east": {"uv": [7.5, 7, 8.5, 7.5], "texture": "#0"},
				"south": {"uv": [0, 8, 1, 8.5], "texture": "#0"},
				"west": {"uv": [1, 8, 2, 8.5], "texture": "#0"},
				"up": {"uv": [2.5, 4.5, 1.5, 3.5], "texture": "#0"},
				"down": {"uv": [1, 4, 0, 5], "texture": "#0"}
			}
		},
		{
			"from": [6.1208, 17.4742, 25.3072],
			"to": [9.8792, 18.5704, 28.126],
			"rotation": {"angle": 0, "axis": "x", "origin": [8.1314, 16.5022, 26.2918]},
			"faces": {
				"north": {"uv": [2, 8, 3, 8.5], "texture": "#0"},
				"east": {"uv": [3, 8, 4, 8.5], "texture": "#0"},
				"south": {"uv": [4, 8, 5, 8.5], "texture": "#0"},
				"west": {"uv": [5, 8, 6, 8.5], "texture": "#0"},
				"up": {"uv": [3.5, 5, 2.5, 4], "texture": "#0"},
				"down": {"uv": [4.5, 4, 3.5, 5], "texture": "#0"}
			}
		},
		{
			"from": [10.0358, 19.51, 24.8374],
			"to": [10.5056, 21.3892, 27.8128],
			"rotation": {"angle": 0, "axis": "x", "origin": [8.1314, 16.5022, 26.2918]},
			"faces": {
				"north": {"uv": [11.5, 11.5, 12, 12], "texture": "#0"},
				"east": {"uv": [8, 2.5, 9, 3], "texture": "#0"},
				"south": {"uv": [11.5, 0, 12, 0.5], "texture": "#0"},
				"west": {"uv": [8, 2, 9, 2.5], "texture": "#0"},
				"up": {"uv": [8.5, 4.5, 8, 3.5], "texture": "#0"},
				"down": {"uv": [8.5, 4.5, 8, 5.5], "texture": "#0"}
			}
		},
		{
			"from": [5.4944, 19.51, 24.8374],
			"to": [5.9642, 21.3892, 27.8128],
			"rotation": {"angle": 0, "axis": "x", "origin": [8.1314, 16.5022, 26.2918]},
			"faces": {
				"north": {"uv": [11.5, 11.5, 12, 12], "texture": "#0"},
				"east": {"uv": [8, 2, 9, 2.5], "texture": "#0"},
				"south": {"uv": [11.5, 0, 12, 0.5], "texture": "#0"},
				"west": {"uv": [8, 2.5, 9, 3], "texture": "#0"},
				"up": {"uv": [8.5, 4.5, 8, 3.5], "texture": "#0"},
				"down": {"uv": [8.5, 4.5, 8, 5.5], "texture": "#0"}
			}
		},
		{
			"from": [5.9642, 19.51, 27.343],
			"to": [10.1924, 21.859, 27.8128],
			"rotation": {"angle": 0, "axis": "x", "origin": [8.1314, 16.5022, 26.2918]},
			"faces": {
				"north": {"uv": [4, 1, 5, 2], "texture": "#0"},
				"east": {"uv": [8, 5.5, 8.5, 6.5], "texture": "#0"},
				"south": {"uv": [4, 2, 5, 3], "texture": "#0"},
				"west": {"uv": [0, 8.5, 0.5, 9.5], "texture": "#0"},
				"up": {"uv": [9, 7, 8, 6.5], "texture": "#0"},
				"down": {"uv": [1.5, 8.5, 0.5, 9], "texture": "#0"}
			}
		},
		{
			"from": [7.6868, 19.51, 24.8374],
			"to": [8.3132, 21.3892, 27.6562],
			"rotation": {"angle": 0, "axis": "x", "origin": [8.1314, 16.5022, 26.2918]},
			"faces": {
				"north": {"uv": [11.5, 11.5, 12, 12], "texture": "#0"},
				"east": {"uv": [8, 2, 9, 2.5], "texture": "#0"},
				"south": {"uv": [11.5, 0, 12, 0.5], "texture": "#0"},
				"west": {"uv": [8, 2, 9, 2.5], "texture": "#0"},
				"up": {"uv": [8.5, 4.5, 8, 3.5], "texture": "#0"},
				"down": {"uv": [8.5, 4.5, 8, 5.5], "texture": "#0"}
			}
		},
		{
			"from": [7.6868, 18.727, 24.3676],
			"to": [8.4698, 19.3534, 24.6808],
			"rotation": {"angle": 0, "axis": "x", "origin": [8.1314, 16.5022, 26.2918]},
			"faces": {
				"north": {"uv": [11.5, 1.5, 12, 2], "texture": "#0"},
				"east": {"uv": [11.5, 2, 12, 2.5], "texture": "#0"},
				"south": {"uv": [11.5, 2.5, 12, 3], "texture": "#0"},
				"west": {"uv": [11.5, 3, 12, 3.5], "texture": "#0"},
				"up": {"uv": [12, 4, 11.5, 3.5], "texture": "#0"},
				"down": {"uv": [12, 4, 11.5, 4.5], "texture": "#0"}
			}
		},
		{
			"from": [5.8076, 21.7024, 24.8374],
			"to": [10.1924, 22.0156, 27.8128],
			"rotation": {"angle": 0, "axis": "x", "origin": [8.1314, 16.5022, 26.2918]},
			"faces": {
				"north": {"uv": [6.5, 2, 8, 2.5], "texture": "#0"},
				"east": {"uv": [4.5, 8.5, 5.5, 9], "texture": "#0"},
				"south": {"uv": [6.5, 2.5, 8, 3], "texture": "#0"},
				"west": {"uv": [5.5, 8.5, 6.5, 9], "texture": "#0"},
				"up": {"uv": [4.5, 4, 3, 3], "texture": "#0"},
				"down": {"uv": [4.5, 0, 3, 1], "texture": "#0"}
			}
		},
		{
			"from": [6.5906, 22.0156, 24.994],
			"to": [9.566, 22.3288, 27.6562],
			"rotation": {"angle": 0, "axis": "x", "origin": [8.1314, 16.5022, 26.2918]},
			"faces": {
				"north": {"uv": [6.5, 8.5, 7.5, 9], "texture": "#0"},
				"east": {"uv": [7.5, 8.5, 8.5, 9], "texture": "#0"},
				"south": {"uv": [8.5, 8.5, 9.5, 9], "texture": "#0"},
				"west": {"uv": [8.5, 0, 9.5, 0.5], "texture": "#0"},
				"up": {"uv": [2, 5.5, 1, 4.5], "texture": "#0"},
				"down": {"uv": [5.5, 4.5, 4.5, 5.5], "texture": "#0"}
			}
		},
		{
			"from": [5.4944, 21.3892, 24.8374],
			"to": [6.2774, 21.7024, 27.8128],
			"rotation": {"angle": 0, "axis": "x", "origin": [8.1314, 16.5022, 26.2918]},
			"faces": {
				"north": {"uv": [11.5, 4.5, 12, 5], "texture": "#0"},
				"east": {"uv": [8.5, 0.5, 9.5, 1], "texture": "#0"},
				"south": {"uv": [11.5, 5, 12, 5.5], "texture": "#0"},
				"west": {"uv": [8.5, 1, 9.5, 1.5], "texture": "#0"},
				"up": {"uv": [9, 4, 8.5, 3], "texture": "#0"},
				"down": {"uv": [9, 4, 8.5, 5], "texture": "#0"}
			}
		},
		{
			"from": [7.5302, 21.3892, 24.8374],
			"to": [8.4698, 21.7024, 27.8128],
			"rotation": {"angle": 0, "axis": "x", "origin": [8.1314, 16.5022, 26.2918]},
			"faces": {
				"north": {"uv": [11.5, 4.5, 12, 5], "texture": "#0"},
				"east": {"uv": [8.5, 1, 9.5, 1.5], "texture": "#0"},
				"south": {"uv": [11.5, 5, 12, 5.5], "texture": "#0"},
				"west": {"uv": [8.5, 1, 9.5, 1.5], "texture": "#0"},
				"up": {"uv": [9, 4, 8.5, 3], "texture": "#0"},
				"down": {"uv": [9, 4, 8.5, 5], "texture": "#0"}
			}
		},
		{
			"from": [9.7226, 21.3892, 24.8374],
			"to": [10.5056, 21.7024, 27.8128],
			"rotation": {"angle": 0, "axis": "x", "origin": [8.1314, 16.5022, 26.2918]},
			"faces": {
				"north": {"uv": [11.5, 4.5, 12, 5], "texture": "#0"},
				"east": {"uv": [8.5, 1, 9.5, 1.5], "texture": "#0"},
				"south": {"uv": [11.5, 5, 12, 5.5], "texture": "#0"},
				"west": {"uv": [8.5, 1, 9.5, 1.5], "texture": "#0"},
				"up": {"uv": [9, 4, 8.5, 3], "texture": "#0"},
				"down": {"uv": [9, 4, 8.5, 5], "texture": "#0"}
			}
		},
		{
			"from": [5.95989, 17.42114, 24.5242],
			"to": [6.44949, 17.89094, 27.9694],
			"rotation": {"angle": 0, "axis": "x", "origin": [8.1314, 16.5022, 26.2918]},
			"faces": {
				"north": {"uv": [11.5, 7.5, 12, 8], "texture": "#0"},
				"east": {"uv": [2.5, 9, 3.5, 9.5], "texture": "#0"},
				"south": {"uv": [11.5, 8, 12, 8.5], "texture": "#0"},
				"west": {"uv": [4.5, 9, 5.5, 9.5], "texture": "#0"},
				"up": {"uv": [6, 10, 5.5, 9], "texture": "#0"},
				"down": {"uv": [6.5, 9, 6, 10], "texture": "#0"}
			}
		},
		{
			"from": [9.67756, 17.36819, 24.5242],
			"to": [10.16716, 17.83799, 27.9694],
			"rotation": {"angle": 0, "axis": "x", "origin": [8.1314, 16.5022, 26.2918]},
			"faces": {
				"north": {"uv": [11.5, 7.5, 12, 8], "texture": "#0"},
				"east": {"uv": [2.5, 9, 3.5, 9.5], "texture": "#0"},
				"south": {"uv": [11.5, 7.5, 12, 8], "texture": "#0"},
				"west": {"uv": [2.5, 9, 3.5, 9.5], "texture": "#0"},
				"up": {"uv": [2.5, 9, 3.5, 9.5], "texture": "#0"},
				"down": {"uv": [2.5, 9, 3.5, 9.5], "texture": "#0"}
			}
		},
		{
			"from": [5.9642, 19.51, 25.1506],
			"to": [10.0358, 21.7024, 27.6562],
			"rotation": {"angle": 0, "axis": "x", "origin": [8.1314, 16.5022, 26.2918]},
			"faces": {
				"north": {"uv": [4.5, 0, 5.5, 1], "texture": "#0"},
				"east": {"uv": [4.5, 3, 5.5, 4], "texture": "#0"},
				"south": {"uv": [0, 5, 1, 6], "texture": "#0"},
				"west": {"uv": [2, 5, 3, 6], "texture": "#0"},
				"up": {"uv": [4, 6, 3, 5], "texture": "#0"},
				"down": {"uv": [6, 1, 5, 2], "texture": "#0"}
			}
		},
		{
			"from": [6.1208, 19.6666, 24.994],
			"to": [7.5302, 21.2326, 25.1506],
			"rotation": {"angle": 0, "axis": "x", "origin": [8.1314, 16.5022, 26.2918]},
			"faces": {
				"north": {"uv": [11.5, 9.5, 12, 10], "texture": "#0"},
				"east": {"uv": [11.5, 10, 12, 10.5], "texture": "#0"},
				"south": {"uv": [11.5, 10.5, 12, 11], "texture": "#0"},
				"west": {"uv": [11.5, 11, 12, 11.5], "texture": "#0"},
				"up": {"uv": [0.5, 12.5, 0, 12], "texture": "#0"},
				"down": {"uv": [1, 12, 0.5, 12.5], "texture": "#0"}
			}
		},
		{
			"from": [6.434, 21.2326, 24.994],
			"to": [7.3736, 21.5458, 25.1506],
			"rotation": {"angle": 0, "axis": "x", "origin": [8.1314, 16.5022, 26.2918]},
			"faces": {
				"north": {"uv": [1, 12, 1.5, 12.5], "texture": "#0"},
				"east": {"uv": [1.5, 12, 2, 12.5], "texture": "#0"},
				"south": {"uv": [2, 12, 2.5, 12.5], "texture": "#0"},
				"west": {"uv": [2.5, 12, 3, 12.5], "texture": "#0"},
				"up": {"uv": [3.5, 12.5, 3, 12], "texture": "#0"},
				"down": {"uv": [4, 12, 3.5, 12.5], "texture": "#0"}
			}
		},
		{
			"from": [8.4698, 19.6666, 24.994],
			"to": [9.8792, 21.2326, 25.1506],
			"rotation": {"angle": 0, "axis": "x", "origin": [8.1314, 16.5022, 26.2918]},
			"faces": {
				"north": {"uv": [11.5, 9.5, 12, 10], "texture": "#0"},
				"east": {"uv": [11.5, 10, 12, 10.5], "texture": "#0"},
				"south": {"uv": [11.5, 9.5, 12, 10], "texture": "#0"},
				"west": {"uv": [11.5, 10, 12, 10.5], "texture": "#0"},
				"up": {"uv": [0.5, 12.5, 0, 12], "texture": "#0"},
				"down": {"uv": [0.5, 12.5, 0, 12], "texture": "#0"}
			}
		},
		{
			"from": [8.6264, 21.2326, 24.994],
			"to": [9.566, 21.5458, 25.1506],
			"rotation": {"angle": 0, "axis": "x", "origin": [8.1314, 16.5022, 26.2918]},
			"faces": {
				"north": {"uv": [1, 12, 1.5, 12.5], "texture": "#0"},
				"east": {"uv": [1.5, 12, 2, 12.5], "texture": "#0"},
				"south": {"uv": [1, 12, 1.5, 12.5], "texture": "#0"},
				"west": {"uv": [1.5, 12, 2, 12.5], "texture": "#0"},
				"up": {"uv": [3.5, 12.5, 3, 12], "texture": "#0"},
				"down": {"uv": [3.5, 12.5, 3, 12], "texture": "#0"}
			}
		},
		{
			"from": [6.5906, 17.4742, 24.6808],
			"to": [9.6794, 17.6308, 27.9694],
			"rotation": {"angle": 0, "axis": "x", "origin": [8.1314, 16.5022, 26.2918]},
			"faces": {
				"north": {"uv": [9, 2, 10, 2.5], "texture": "#0"},
				"east": {"uv": [9, 2.5, 10, 3], "texture": "#0"},
				"south": {"uv": [9, 3, 10, 3.5], "texture": "#0"},
				"west": {"uv": [9, 3.5, 10, 4], "texture": "#0"},
				"up": {"uv": [6, 3, 5, 2], "texture": "#0"},
				"down": {"uv": [2, 5.5, 1, 6.5], "texture": "#0"}
			}
		},
		{
			"from": [6.2346, 17.40853, 24.6808],
			"to": [6.6378, 17.92153, 27.9694],
			"rotation": {"angle": 0, "axis": "x", "origin": [8.1314, 16.5022, 26.2918]},
			"faces": {
				"north": {"uv": [10, 12, 10.5, 12.5], "rotation": 270, "texture": "#0"},
				"east": {"uv": [9.5, 6.5, 9, 5.5], "rotation": 90, "texture": "#0"},
				"south": {"uv": [10.5, 12, 11, 12.5], "rotation": 90, "texture": "#0"},
				"west": {"uv": [9.5, 6.5, 9, 7.5], "rotation": 90, "texture": "#0"},
				"up": {"uv": [9, 4.5, 10, 5], "rotation": 90, "texture": "#0"},
				"down": {"uv": [9, 4, 10, 4.5], "rotation": 90, "texture": "#0"}
			}
		},
		{
			"from": [5.87712, 17.53659, 24.6808],
			"to": [6.34692, 18.47619, 27.9694],
			"rotation": {"angle": 0, "axis": "x", "origin": [8.1314, 16.5022, 26.2918]},
			"faces": {
				"north": {"uv": [11, 12, 11.5, 12.5], "texture": "#0"},
				"east": {"uv": [9, 7.5, 10, 8], "texture": "#0"},
				"south": {"uv": [11.5, 12, 12, 12.5], "texture": "#0"},
				"west": {"uv": [0, 9.5, 1, 10], "texture": "#0"},
				"up": {"uv": [1.5, 10.5, 1, 9.5], "texture": "#0"},
				"down": {"uv": [3, 9.5, 2.5, 10.5], "texture": "#0"}
			}
		},
		{
			"from": [9.55626, 17.6143, 24.6808],
			"to": [9.95946, 17.9473, 27.9694],
			"rotation": {"angle": 0, "axis": "x", "origin": [8.1314, 16.5022, 26.2918]},
			"faces": {
				"north": {"uv": [10, 12, 10.5, 12.5], "rotation": 270, "texture": "#0"},
				"east": {"uv": [9.5, 6.5, 9, 5.5], "rotation": 90, "texture": "#0"},
				"south": {"uv": [12, 0, 12.5, 0.5], "rotation": 90, "texture": "#0"},
				"west": {"uv": [9.5, 6.5, 9, 5.5], "rotation": 90, "texture": "#0"},
				"up": {"uv": [9, 4, 10, 4.5], "rotation": 90, "texture": "#0"},
				"down": {"uv": [9, 4, 10, 4.5], "rotation": 90, "texture": "#0"}
			}
		},
		{
			"from": [9.74715, 17.69843, 24.6808],
			"to": [10.37355, 18.48143, 27.9694],
			"rotation": {"angle": 0, "axis": "x", "origin": [8.1314, 16.5022, 26.2918]},
			"faces": {
				"north": {"uv": [11, 12, 11.5, 12.5], "texture": "#0"},
				"east": {"uv": [0, 9.5, 1, 10], "texture": "#0"},
				"south": {"uv": [11, 12, 11.5, 12.5], "texture": "#0"},
				"west": {"uv": [0, 9.5, 1, 10], "texture": "#0"},
				"up": {"uv": [1.5, 10.5, 1, 9.5], "texture": "#0"},
				"down": {"uv": [1.5, 10.5, 1, 9.5], "texture": "#0"}
			}
		},
		{
			"from": [6.1208, 18.4138, 24.6808],
			"to": [9.8792, 19.0402, 27.9694],
			"rotation": {"angle": 0, "axis": "x", "origin": [8.1314, 16.5022, 26.2918]},
			"faces": {
				"north": {"uv": [9.5, 1, 10.5, 1.5], "texture": "#0"},
				"east": {"uv": [9.5, 1.5, 10.5, 2], "texture": "#0"},
				"south": {"uv": [9.5, 5, 10.5, 5.5], "texture": "#0"},
				"west": {"uv": [9.5, 5.5, 10.5, 6], "texture": "#0"},
				"up": {"uv": [5, 6.5, 4, 5.5], "texture": "#0"},
				"down": {"uv": [6, 5.5, 5, 6.5], "texture": "#0"}
			}
		},
		{
			"from": [7.217, 17.6308, 24.8374],
			"to": [7.5302, 17.944, 27.9694],
			"rotation": {"angle": 0, "axis": "x", "origin": [8.1314, 16.5022, 26.2918]},
			"faces": {
				"north": {"uv": [12, 1.5, 12.5, 2], "texture": "#0"},
				"east": {"uv": [9.5, 6, 10.5, 6.5], "texture": "#0"},
				"south": {"uv": [12, 2, 12.5, 2.5], "texture": "#0"},
				"west": {"uv": [9.5, 6.5, 10.5, 7], "texture": "#0"},
				"up": {"uv": [10, 9, 9.5, 8], "texture": "#0"},
				"down": {"uv": [0.5, 10, 0, 11], "texture": "#0"}
			}
		},
		{
			"from": [7.217, 18.1006, 24.8374],
			"to": [7.5302, 18.4138, 27.9694],
			"rotation": {"angle": 0, "axis": "x", "origin": [8.1314, 16.5022, 26.2918]},
			"faces": {
				"north": {"uv": [12, 1.5, 12.5, 2], "texture": "#0"},
				"east": {"uv": [9.5, 6.5, 10.5, 7], "texture": "#0"},
				"south": {"uv": [12, 3, 12.5, 3.5], "texture": "#0"},
				"west": {"uv": [9.5, 6.5, 10.5, 7], "texture": "#0"},
				"up": {"uv": [9.5, 6.5, 10.5, 7], "texture": "#0"},
				"down": {"uv": [9.5, 6.5, 10.5, 7], "texture": "#0"}
			}
		},
		{
			"from": [7.6868, 17.6308, 24.8374],
			"to": [8, 17.944, 27.9694],
			"rotation": {"angle": 0, "axis": "x", "origin": [8.1314, 16.5022, 26.2918]},
			"faces": {
				"north": {"uv": [12, 1.5, 12.5, 2], "texture": "#0"},
				"east": {"uv": [9.5, 6.5, 10.5, 7], "texture": "#0"},
				"south": {"uv": [12, 4, 12.5, 4.5], "texture": "#0"},
				"west": {"uv": [9.5, 6.5, 10.5, 7], "texture": "#0"},
				"up": {"uv": [9.5, 6.5, 10.5, 7], "texture": "#0"},
				"down": {"uv": [9.5, 6.5, 10.5, 7], "texture": "#0"}
			}
		},
		{
			"from": [8.1566, 17.6308, 24.8374],
			"to": [8.4698, 17.944, 27.9694],
			"rotation": {"angle": 0, "axis": "x", "origin": [8.1314, 16.5022, 26.2918]},
			"faces": {
				"north": {"uv": [12, 1.5, 12.5, 2], "texture": "#0"},
				"east": {"uv": [9.5, 6.5, 10.5, 7], "texture": "#0"},
				"south": {"uv": [12, 5, 12.5, 5.5], "texture": "#0"},
				"west": {"uv": [9.5, 6.5, 10.5, 7], "texture": "#0"},
				"up": {"uv": [9.5, 6.5, 10.5, 7], "texture": "#0"},
				"down": {"uv": [9.5, 6.5, 10.5, 7], "texture": "#0"}
			}
		},
		{
			"from": [8.6264, 17.6308, 24.8374],
			"to": [8.9396, 17.944, 27.9694],
			"rotation": {"angle": 0, "axis": "x", "origin": [8.1314, 16.5022, 26.2918]},
			"faces": {
				"north": {"uv": [12, 1.5, 12.5, 2], "texture": "#0"},
				"east": {"uv": [9.5, 6.5, 10.5, 7], "texture": "#0"},
				"south": {"uv": [12, 6, 12.5, 6.5], "texture": "#0"},
				"west": {"uv": [9.5, 6.5, 10.5, 7], "texture": "#0"},
				"up": {"uv": [9.5, 6.5, 10.5, 7], "texture": "#0"},
				"down": {"uv": [9.5, 6.5, 10.5, 7], "texture": "#0"}
			}
		},
		{
			"from": [6.7472, 17.6308, 24.8374],
			"to": [7.0604, 17.944, 27.9694],
			"rotation": {"angle": 0, "axis": "x", "origin": [8.1314, 16.5022, 26.2918]},
			"faces": {
				"north": {"uv": [12, 1.5, 12.5, 2], "texture": "#0"},
				"east": {"uv": [9.5, 6.5, 10.5, 7], "texture": "#0"},
				"south": {"uv": [12, 7, 12.5, 7.5], "texture": "#0"},
				"west": {"uv": [9.5, 6.5, 10.5, 7], "texture": "#0"},
				"up": {"uv": [9.5, 6.5, 10.5, 7], "texture": "#0"},
				"down": {"uv": [9.5, 6.5, 10.5, 7], "texture": "#0"}
			}
		},
		{
			"from": [6.7472, 18.1006, 24.8374],
			"to": [7.0604, 18.4138, 27.9694],
			"rotation": {"angle": 0, "axis": "x", "origin": [8.1314, 16.5022, 26.2918]},
			"faces": {
				"north": {"uv": [12, 1.5, 12.5, 2], "texture": "#0"},
				"east": {"uv": [9.5, 6.5, 10.5, 7], "texture": "#0"},
				"south": {"uv": [12, 8, 12.5, 8.5], "texture": "#0"},
				"west": {"uv": [9.5, 6.5, 10.5, 7], "texture": "#0"},
				"up": {"uv": [9.5, 6.5, 10.5, 7], "texture": "#0"},
				"down": {"uv": [9.5, 6.5, 10.5, 7], "texture": "#0"}
			}
		},
		{
			"from": [7.6868, 18.1006, 24.8374],
			"to": [8, 18.4138, 27.9694],
			"rotation": {"angle": 0, "axis": "x", "origin": [8.1314, 16.5022, 26.2918]},
			"faces": {
				"north": {"uv": [12, 1.5, 12.5, 2], "texture": "#0"},
				"east": {"uv": [9.5, 6.5, 10.5, 7], "texture": "#0"},
				"south": {"uv": [12, 9, 12.5, 9.5], "texture": "#0"},
				"west": {"uv": [9.5, 6.5, 10.5, 7], "texture": "#0"},
				"up": {"uv": [9.5, 6.5, 10.5, 7], "texture": "#0"},
				"down": {"uv": [9.5, 6.5, 10.5, 7], "texture": "#0"}
			}
		},
		{
			"from": [8.1566, 18.1006, 24.8374],
			"to": [8.4698, 18.4138, 27.9694],
			"rotation": {"angle": 0, "axis": "x", "origin": [8.1314, 16.5022, 26.2918]},
			"faces": {
				"north": {"uv": [12, 1.5, 12.5, 2], "texture": "#0"},
				"east": {"uv": [9.5, 6.5, 10.5, 7], "texture": "#0"},
				"south": {"uv": [12, 10, 12.5, 10.5], "texture": "#0"},
				"west": {"uv": [9.5, 6.5, 10.5, 7], "texture": "#0"},
				"up": {"uv": [9.5, 6.5, 10.5, 7], "texture": "#0"},
				"down": {"uv": [9.5, 6.5, 10.5, 7], "texture": "#0"}
			}
		},
		{
			"from": [8.6264, 18.1006, 24.8374],
			"to": [8.9396, 18.4138, 27.9694],
			"rotation": {"angle": 0, "axis": "x", "origin": [8.1314, 16.5022, 26.2918]},
			"faces": {
				"north": {"uv": [12, 1.5, 12.5, 2], "texture": "#0"},
				"east": {"uv": [9.5, 6.5, 10.5, 7], "texture": "#0"},
				"south": {"uv": [12, 11, 12.5, 11.5], "texture": "#0"},
				"west": {"uv": [9.5, 6.5, 10.5, 7], "texture": "#0"},
				"up": {"uv": [9.5, 6.5, 10.5, 7], "texture": "#0"},
				"down": {"uv": [9.5, 6.5, 10.5, 7], "texture": "#0"}
			}
		},
		{
			"from": [9.0962, 18.1006, 24.8374],
			"to": [9.4094, 18.4138, 27.9694],
			"rotation": {"angle": 0, "axis": "x", "origin": [8.1314, 16.5022, 26.2918]},
			"faces": {
				"north": {"uv": [12, 1.5, 12.5, 2], "texture": "#0"},
				"east": {"uv": [9.5, 6.5, 10.5, 7], "texture": "#0"},
				"south": {"uv": [0, 12.5, 0.5, 13], "texture": "#0"},
				"west": {"uv": [9.5, 6.5, 10.5, 7], "texture": "#0"},
				"up": {"uv": [9.5, 6.5, 10.5, 7], "texture": "#0"},
				"down": {"uv": [9.5, 6.5, 10.5, 7], "texture": "#0"}
			}
		},
		{
			"from": [6.2774, 18.1006, 24.8374],
			"to": [6.5906, 18.4138, 27.9694],
			"rotation": {"angle": 0, "axis": "x", "origin": [8.1314, 16.5022, 26.2918]},
			"faces": {
				"north": {"uv": [12, 1.5, 12.5, 2], "texture": "#0"},
				"east": {"uv": [9.5, 6.5, 10.5, 7], "texture": "#0"},
				"south": {"uv": [1, 12.5, 1.5, 13], "texture": "#0"},
				"west": {"uv": [9.5, 6.5, 10.5, 7], "texture": "#0"},
				"up": {"uv": [9.5, 6.5, 10.5, 7], "texture": "#0"},
				"down": {"uv": [9.5, 6.5, 10.5, 7], "texture": "#0"}
			}
		},
		{
			"from": [9.566, 18.1006, 24.8374],
			"to": [9.8792, 18.4138, 27.9694],
			"rotation": {"angle": 0, "axis": "x", "origin": [8.1314, 16.5022, 26.2918]},
			"faces": {
				"north": {"uv": [12, 1.5, 12.5, 2], "texture": "#0"},
				"east": {"uv": [9.5, 6.5, 10.5, 7], "texture": "#0"},
				"south": {"uv": [2, 12.5, 2.5, 13], "texture": "#0"},
				"west": {"uv": [9.5, 6.5, 10.5, 7], "texture": "#0"},
				"up": {"uv": [9.5, 6.5, 10.5, 7], "texture": "#0"},
				"down": {"uv": [9.5, 6.5, 10.5, 7], "texture": "#0"}
			}
		},
		{
			"from": [9.0962, 17.6308, 24.8374],
			"to": [9.4094, 17.944, 27.9694],
			"rotation": {"angle": 0, "axis": "x", "origin": [8.1314, 16.5022, 26.2918]},
			"faces": {
				"north": {"uv": [12, 1.5, 12.5, 2], "texture": "#0"},
				"east": {"uv": [9.5, 6.5, 10.5, 7], "texture": "#0"},
				"south": {"uv": [3, 12.5, 3.5, 13], "texture": "#0"},
				"west": {"uv": [9.5, 6.5, 10.5, 7], "texture": "#0"},
				"up": {"uv": [9.5, 6.5, 10.5, 7], "texture": "#0"},
				"down": {"uv": [9.5, 6.5, 10.5, 7], "texture": "#0"}
			}
		},
		{
			"from": [5.1578, 13.0624, 26.317],
			"to": [6.0974, 15.0982, 27.2566],
			"rotation": {"angle": -45, "axis": "z", "origin": [6.4106, 14.6833, 26.7868]},
			"faces": {
				"north": {"uv": [3.5, 12.5, 4, 13], "texture": "#0"},
				"east": {"uv": [4, 12.5, 4.5, 13], "texture": "#0"},
				"south": {"uv": [4.5, 12.5, 5, 13], "texture": "#0"},
				"west": {"uv": [5, 12.5, 5.5, 13], "texture": "#0"},
				"up": {"uv": [6, 13, 5.5, 12.5], "texture": "#0"},
				"down": {"uv": [6.5, 12.5, 6, 13], "texture": "#0"}
			}
		},
		{
			"from": [4.8212, 11.6962, 26.317],
			"to": [5.7608, 13.732, 27.2566],
			"rotation": {"angle": -22.5, "axis": "z", "origin": [6.0506, 15.3133, 26.7868]},
			"faces": {
				"north": {"uv": [6.5, 12.5, 7, 13], "texture": "#0"},
				"east": {"uv": [7, 12.5, 7.5, 13], "texture": "#0"},
				"south": {"uv": [7.5, 12.5, 8, 13], "texture": "#0"},
				"west": {"uv": [8, 12.5, 8.5, 13], "texture": "#0"},
				"up": {"uv": [9, 13, 8.5, 12.5], "texture": "#0"},
				"down": {"uv": [9.5, 12.5, 9, 13], "texture": "#0"}
			}
		},
		{
			"from": [3.5018, 10.3534, 24.877],
			"to": [4.4414, 12.3892, 25.8166],
			"rotation": {"angle": -22.5, "axis": "x", "origin": [4.7006, 16.0333, 25.3468]},
			"faces": {
				"north": {"uv": [9.5, 12.5, 10, 13], "texture": "#0"},
				"east": {"uv": [10, 12.5, 10.5, 13], "texture": "#0"},
				"south": {"uv": [10.5, 12.5, 11, 13], "texture": "#0"},
				"west": {"uv": [11, 12.5, 11.5, 13], "texture": "#0"},
				"up": {"uv": [12, 13, 11.5, 12.5], "texture": "#0"},
				"down": {"uv": [12.5, 12.5, 12, 13], "texture": "#0"}
			}
		},
		{
			"from": [3.5018, 8.3176, 24.877],
			"to": [4.4414, 10.3534, 25.8166],
			"rotation": {"angle": -22.5, "axis": "x", "origin": [4.7006, 16.0333, 25.3468]},
			"faces": {
				"north": {"uv": [12.5, 12.5, 13, 13], "texture": "#0"},
				"east": {"uv": [12.5, 0, 13, 0.5], "texture": "#0"},
				"south": {"uv": [12.5, 0.5, 13, 1], "texture": "#0"},
				"west": {"uv": [12.5, 1, 13, 1.5], "texture": "#0"},
				"up": {"uv": [13, 2, 12.5, 1.5], "texture": "#0"},
				"down": {"uv": [13, 2, 12.5, 2.5], "texture": "#0"}
			}
		},
		{
			"from": [3.5018, 6.2818, 24.877],
			"to": [4.4414, 8.3176, 25.8166],
			"rotation": {"angle": -22.5, "axis": "x", "origin": [4.7006, 16.0333, 25.3468]},
			"faces": {
				"north": {"uv": [12.5, 2.5, 13, 3], "texture": "#0"},
				"east": {"uv": [12.5, 3, 13, 3.5], "texture": "#0"},
				"south": {"uv": [12.5, 3.5, 13, 4], "texture": "#0"},
				"west": {"uv": [12.5, 4, 13, 4.5], "texture": "#0"},
				"up": {"uv": [13, 5, 12.5, 4.5], "texture": "#0"},
				"down": {"uv": [13, 5, 12.5, 5.5], "texture": "#0"}
			}
		},
		{
			"from": [3.2336, 5.7688, 24.5638],
			"to": [4.7996, 6.2386, 26.1298],
			"rotation": {"angle": -22.5, "axis": "x", "origin": [4.7006, 16.0333, 25.3468]},
			"faces": {
				"north": {"uv": [12.5, 6, 13, 6.5], "texture": "#0"},
				"east": {"uv": [12.5, 6.5, 13, 7], "texture": "#0"},
				"south": {"uv": [12.5, 7, 13, 7.5], "texture": "#0"},
				"west": {"uv": [12.5, 5.5, 13, 6], "texture": "#0"},
				"up": {"uv": [13, 8, 12.5, 7.5], "rotation": 270, "texture": "#0"},
				"down": {"uv": [13, 8, 12.5, 8.5], "rotation": 90, "texture": "#0"}
			}
		},
		{
			"from": [3.3902, 4.8292, 24.7204],
			"to": [4.643, 5.7688, 25.9732],
			"rotation": {"angle": -22.5, "axis": "x", "origin": [4.7006, 16.0333, 25.3468]},
			"faces": {
				"north": {"uv": [12.5, 9, 13, 9.5], "texture": "#0"},
				"east": {"uv": [12.5, 9.5, 13, 10], "texture": "#0"},
				"south": {"uv": [12.5, 10, 13, 10.5], "texture": "#0"},
				"west": {"uv": [12.5, 8.5, 13, 9], "texture": "#0"},
				"up": {"uv": [13, 11, 12.5, 10.5], "rotation": 270, "texture": "#0"},
				"down": {"uv": [13, 11, 12.5, 11.5], "rotation": 90, "texture": "#0"}
			}
		},
		{
			"from": [3.2336, 4.2028, 25.66],
			"to": [3.5468, 5.1424, 25.9732],
			"rotation": {"angle": -22.5, "axis": "x", "origin": [4.7006, 16.0333, 25.3468]},
			"faces": {
				"north": {"uv": [0.5, 13, 1, 13.5], "texture": "#0"},
				"east": {"uv": [0, 13, 0.5, 13.5], "texture": "#0"},
				"south": {"uv": [0.5, 13, 1, 13.5], "texture": "#0"},
				"west": {"uv": [12.5, 11.5, 13, 12], "texture": "#0"},
				"up": {"uv": [1.5, 13.5, 1, 13], "rotation": 270, "texture": "#0"},
				"down": {"uv": [2, 13, 1.5, 13.5], "rotation": 90, "texture": "#0"}
			}
		},
		{
			"from": [3.2336, 3.5764, 25.66],
			"to": [3.5468, 4.2028, 25.9732],
			"rotation": {"angle": -22.5, "axis": "x", "origin": [4.7006, 16.0333, 25.3468]},
			"faces": {
				"north": {"uv": [2.5, 13, 3, 13.5], "texture": "#0"},
				"east": {"uv": [3, 13, 3.5, 13.5], "texture": "#0"},
				"south": {"uv": [3.5, 13, 4, 13.5], "texture": "#0"},
				"west": {"uv": [2, 13, 2.5, 13.5], "texture": "#0"},
				"up": {"uv": [4.5, 13.5, 4, 13], "rotation": 270, "texture": "#0"},
				"down": {"uv": [5, 13, 4.5, 13.5], "rotation": 90, "texture": "#0"}
			}
		},
		{
			"from": [3.2336, 4.2028, 25.1902],
			"to": [3.5468, 5.1424, 25.5034],
			"rotation": {"angle": -22.5, "axis": "x", "origin": [4.7006, 16.0333, 25.3468]},
			"faces": {
				"north": {"uv": [0.5, 13, 1, 13.5], "texture": "#0"},
				"east": {"uv": [0, 13, 0.5, 13.5], "texture": "#0"},
				"south": {"uv": [0.5, 13, 1, 13.5], "texture": "#0"},
				"west": {"uv": [12.5, 11.5, 13, 12], "texture": "#0"},
				"up": {"uv": [1.5, 13.5, 1, 13], "rotation": 270, "texture": "#0"},
				"down": {"uv": [2, 13, 1.5, 13.5], "rotation": 90, "texture": "#0"}
			}
		},
		{
			"from": [3.2336, 3.5764, 25.1902],
			"to": [3.5468, 4.2028, 25.5034],
			"rotation": {"angle": -22.5, "axis": "x", "origin": [4.7006, 16.0333, 25.3468]},
			"faces": {
				"north": {"uv": [3.5, 13, 4, 13.5], "texture": "#0"},
				"east": {"uv": [2, 13, 2.5, 13.5], "texture": "#0"},
				"south": {"uv": [3.5, 13, 4, 13.5], "texture": "#0"},
				"west": {"uv": [2, 13, 2.5, 13.5], "texture": "#0"},
				"up": {"uv": [4.5, 13.5, 4, 13], "rotation": 270, "texture": "#0"},
				"down": {"uv": [5, 13, 4.5, 13.5], "rotation": 90, "texture": "#0"}
			}
		},
		{
			"from": [3.2336, 4.2028, 24.7204],
			"to": [3.5468, 5.1424, 25.0336],
			"rotation": {"angle": -22.5, "axis": "x", "origin": [4.7006, 16.0333, 25.3468]},
			"faces": {
				"north": {"uv": [0.5, 13, 1, 13.5], "texture": "#0"},
				"east": {"uv": [0, 13, 0.5, 13.5], "texture": "#0"},
				"south": {"uv": [0.5, 13, 1, 13.5], "texture": "#0"},
				"west": {"uv": [12.5, 11.5, 13, 12], "texture": "#0"},
				"up": {"uv": [1.5, 13.5, 1, 13], "rotation": 270, "texture": "#0"},
				"down": {"uv": [2, 13, 1.5, 13.5], "rotation": 90, "texture": "#0"}
			}
		},
		{
			"from": [3.2336, 3.5764, 24.7204],
			"to": [3.5468, 4.2028, 25.0336],
			"rotation": {"angle": -22.5, "axis": "x", "origin": [4.7006, 16.0333, 25.3468]},
			"faces": {
				"north": {"uv": [3.5, 13, 4, 13.5], "texture": "#0"},
				"east": {"uv": [2, 13, 2.5, 13.5], "texture": "#0"},
				"south": {"uv": [3.5, 13, 4, 13.5], "texture": "#0"},
				"west": {"uv": [2, 13, 2.5, 13.5], "texture": "#0"},
				"up": {"uv": [4.5, 13.5, 4, 13], "rotation": 270, "texture": "#0"},
				"down": {"uv": [5, 13, 4.5, 13.5], "rotation": 90, "texture": "#0"}
			}
		},
		{
			"from": [3.86, 4.2028, 24.5638],
			"to": [4.3298, 5.1424, 24.877],
			"rotation": {"angle": -22.5, "axis": "x", "origin": [4.7006, 16.0333, 25.3468]},
			"faces": {
				"north": {"uv": [13, 4, 13.5, 4.5], "texture": "#0"},
				"east": {"uv": [13, 4.5, 13.5, 5], "texture": "#0"},
				"south": {"uv": [13, 5, 13.5, 5.5], "texture": "#0"},
				"west": {"uv": [13, 3.5, 13.5, 4], "texture": "#0"},
				"up": {"uv": [13.5, 6, 13, 5.5], "rotation": 270, "texture": "#0"},
				"down": {"uv": [13.5, 6, 13, 6.5], "rotation": 90, "texture": "#0"}
			}
		},
		{
			"from": [12.07872, 9.87047, 11.4186],
			"to": [13.33779, 11.12953, 14.14657],
			"rotation": {"angle": 0, "axis": "x", "origin": [13.14712, 10.58394, 9.56184]},
			"faces": {
				"north": {"uv": [12.5, 5, 13, 5.5], "rotation": 180, "texture": "#0"},
				"east": {"uv": [12.5, 4.5, 13, 4], "rotation": 90, "texture": "#0"},
				"south": {"uv": [12.5, 5, 13, 4.5], "texture": "#0"},
				"west": {"uv": [12.5, 3.5, 13, 3], "rotation": 270, "texture": "#0"},
				"up": {"uv": [13, 2.5, 12.5, 3], "rotation": 180, "texture": "#0"},
				"down": {"uv": [13, 3.5, 12.5, 4], "texture": "#0"}
			}
		},
		{
			"from": [11.59874, 9.45078, 10.73118],
			"to": [13.69718, 11.54922, 11.36071],
			"rotation": {"angle": 0, "axis": "x", "origin": [13.14712, 10.58394, 9.56184]},
			"faces": {
				"north": {"uv": [13, 8.5, 12.5, 8], "rotation": 270, "texture": "#0"},
				"east": {"uv": [12.5, 6, 13, 5.5], "rotation": 90, "texture": "#0"},
				"south": {"uv": [13, 7.5, 12.5, 8], "rotation": 270, "texture": "#0"},
				"west": {"uv": [12.5, 7, 13, 6.5], "rotation": 270, "texture": "#0"},
				"up": {"uv": [13, 6, 12.5, 6.5], "rotation": 180, "texture": "#0"},
				"down": {"uv": [13, 7, 12.5, 7.5], "texture": "#0"}
			}
		},
		{
			"from": [11.80858, 9.66062, 9.47212],
			"to": [13.48733, 11.33938, 10.73118],
			"rotation": {"angle": 0, "axis": "x", "origin": [13.14712, 10.58394, 9.56184]},
			"faces": {
				"north": {"uv": [13, 11.5, 12.5, 11], "rotation": 270, "texture": "#0"},
				"east": {"uv": [12.5, 9, 13, 8.5], "rotation": 90, "texture": "#0"},
				"south": {"uv": [13, 10.5, 12.5, 11], "rotation": 270, "texture": "#0"},
				"west": {"uv": [12.5, 10, 13, 9.5], "rotation": 270, "texture": "#0"},
				"up": {"uv": [13, 9, 12.5, 9.5], "rotation": 180, "texture": "#0"},
				"down": {"uv": [13, 10, 12.5, 10.5], "texture": "#0"}
			}
		},
		{
			"from": [12.66241, 9.66062, 8.70782],
			"to": [13.92147, 10.08031, 9.12751],
			"rotation": {"angle": -45, "axis": "y", "origin": [12.76733, 10.5, 8.91766]},
			"faces": {
				"north": {"uv": [12.5, 12, 13, 11.5], "rotation": 90, "texture": "#0"},
				"east": {"uv": [1.5, 13, 1, 13.5], "rotation": 270, "texture": "#0"},
				"south": {"uv": [0, 13.5, 0.5, 13], "rotation": 270, "texture": "#0"},
				"west": {"uv": [2, 13.5, 1.5, 13], "rotation": 270, "texture": "#0"},
				"up": {"uv": [1, 13, 0.5, 13.5], "rotation": 90, "texture": "#0"},
				"down": {"uv": [1, 13, 0.5, 13.5], "rotation": 90, "texture": "#0"}
			}
		},
		{
			"from": [11.97669, 9.66062, 8.78686],
			"to": [12.81606, 10.08031, 9.20655],
			"rotation": {"angle": 45, "axis": "y", "origin": [12.39638, 10.5, 8.99671]},
			"faces": {
				"north": {"uv": [2, 13.5, 2.5, 13], "rotation": 90, "texture": "#0"},
				"east": {"uv": [4.5, 13, 4, 13.5], "rotation": 270, "texture": "#0"},
				"south": {"uv": [3, 13.5, 3.5, 13], "rotation": 270, "texture": "#0"},
				"west": {"uv": [5, 13.5, 4.5, 13], "rotation": 270, "texture": "#0"},
				"up": {"uv": [3, 13, 2.5, 13.5], "rotation": 90, "texture": "#0"},
				"down": {"uv": [4, 13, 3.5, 13.5], "rotation": 90, "texture": "#0"}
			}
		},
		{
			"from": [12.66241, 10.29016, 8.70782],
			"to": [13.92147, 10.70984, 9.12751],
			"rotation": {"angle": -45, "axis": "y", "origin": [12.76733, 10.5, 8.91766]},
			"faces": {
				"north": {"uv": [12.5, 12, 13, 11.5], "rotation": 90, "texture": "#0"},
				"east": {"uv": [1.5, 13, 1, 13.5], "rotation": 270, "texture": "#0"},
				"south": {"uv": [0, 13.5, 0.5, 13], "rotation": 270, "texture": "#0"},
				"west": {"uv": [2, 13.5, 1.5, 13], "rotation": 270, "texture": "#0"},
				"up": {"uv": [1, 13, 0.5, 13.5], "rotation": 90, "texture": "#0"},
				"down": {"uv": [1, 13, 0.5, 13.5], "rotation": 90, "texture": "#0"}
			}
		},
		{
			"from": [11.97669, 10.29016, 8.78686],
			"to": [12.81606, 10.70984, 9.20655],
			"rotation": {"angle": 45, "axis": "y", "origin": [12.39638, 10.5, 8.99671]},
			"faces": {
				"north": {"uv": [2, 13.5, 2.5, 13], "rotation": 90, "texture": "#0"},
				"east": {"uv": [4.5, 13, 4, 13.5], "rotation": 270, "texture": "#0"},
				"south": {"uv": [2, 13.5, 2.5, 13], "rotation": 270, "texture": "#0"},
				"west": {"uv": [5, 13.5, 4.5, 13], "rotation": 270, "texture": "#0"},
				"up": {"uv": [4, 13, 3.5, 13.5], "rotation": 90, "texture": "#0"},
				"down": {"uv": [4, 13, 3.5, 13.5], "rotation": 90, "texture": "#0"}
			}
		},
		{
			"from": [12.66241, 10.91969, 8.70782],
			"to": [13.92147, 11.33938, 9.12751],
			"rotation": {"angle": -45, "axis": "y", "origin": [12.76733, 10.5, 8.91766]},
			"faces": {
				"north": {"uv": [12.5, 12, 13, 11.5], "rotation": 90, "texture": "#0"},
				"east": {"uv": [1.5, 13, 1, 13.5], "rotation": 270, "texture": "#0"},
				"south": {"uv": [0, 13.5, 0.5, 13], "rotation": 270, "texture": "#0"},
				"west": {"uv": [2, 13.5, 1.5, 13], "rotation": 270, "texture": "#0"},
				"up": {"uv": [1, 13, 0.5, 13.5], "rotation": 90, "texture": "#0"},
				"down": {"uv": [1, 13, 0.5, 13.5], "rotation": 90, "texture": "#0"}
			}
		},
		{
			"from": [11.97669, 10.91969, 8.78686],
			"to": [12.81606, 11.33938, 9.20655],
			"rotation": {"angle": 45, "axis": "y", "origin": [12.39638, 10.5, 8.99671]},
			"faces": {
				"north": {"uv": [2, 13.5, 2.5, 13], "rotation": 90, "texture": "#0"},
				"east": {"uv": [4.5, 13, 4, 13.5], "rotation": 270, "texture": "#0"},
				"south": {"uv": [2, 13.5, 2.5, 13], "rotation": 270, "texture": "#0"},
				"west": {"uv": [5, 13.5, 4.5, 13], "rotation": 270, "texture": "#0"},
				"up": {"uv": [4, 13, 3.5, 13.5], "rotation": 90, "texture": "#0"},
				"down": {"uv": [4, 13, 3.5, 13.5], "rotation": 90, "texture": "#0"}
			}
		},
		{
			"from": [12.22827, 10.34984, 9.32243],
			"to": [12.8578, 11.60891, 9.74212],
			"rotation": {"angle": 22.5, "axis": "x", "origin": [12.54303, 10.97938, 9.53227]},
			"faces": {
				"north": {"uv": [13.5, 4, 13, 4.5], "texture": "#0"},
				"east": {"uv": [13, 4, 13.5, 3.5], "rotation": 180, "texture": "#0"},
				"south": {"uv": [13.5, 5, 13, 5.5], "texture": "#0"},
				"west": {"uv": [13, 5, 13.5, 4.5], "rotation": 180, "texture": "#0"},
				"up": {"uv": [13.5, 5.5, 13, 6], "rotation": 270, "texture": "#0"},
				"down": {"uv": [13.5, 6.5, 13, 6], "rotation": 90, "texture": "#0"}
			}
		},
		{
			"from": [9.9026, 13.0624, 26.407],
			"to": [10.8422, 15.0982, 27.3466],
			"rotation": {"angle": 45, "axis": "z", "origin": [9.5894, 14.6833, 26.8768]},
			"faces": {
				"north": {"uv": [4, 12.5, 3.5, 13], "texture": "#0"},
				"east": {"uv": [5.5, 12.5, 5, 13], "texture": "#0"},
				"south": {"uv": [5, 12.5, 4.5, 13], "texture": "#0"},
				"west": {"uv": [4.5, 12.5, 4, 13], "texture": "#0"},
				"up": {"uv": [5.5, 13, 6, 12.5], "texture": "#0"},
				"down": {"uv": [6, 12.5, 6.5, 13], "texture": "#0"}
			}
		},
		{
			"from": [9.9692, 11.0662, 26.407],
			"to": [10.9088, 13.102, 27.3466],
			"rotation": {"angle": 45, "axis": "z", "origin": [9.6794, 14.6833, 26.8768]},
			"faces": {
				"north": {"uv": [7, 12.5, 6.5, 13], "texture": "#0"},
				"east": {"uv": [8.5, 12.5, 8, 13], "texture": "#0"},
				"south": {"uv": [8, 12.5, 7.5, 13], "texture": "#0"},
				"west": {"uv": [7.5, 12.5, 7, 13], "texture": "#0"},
				"up": {"uv": [8.5, 13, 9, 12.5], "texture": "#0"},
				"down": {"uv": [9, 12.5, 9.5, 13], "texture": "#0"}
			}
		},
		{
			"from": [12.2786, 10.8934, 26.407],
			"to": [13.2182, 12.9292, 27.3466],
			"rotation": {"angle": 0, "axis": "z", "origin": [12.0194, 16.5733, 26.8768]},
			"faces": {
				"north": {"uv": [10, 12.5, 9.5, 13], "texture": "#0"},
				"east": {"uv": [11.5, 12.5, 11, 13], "texture": "#0"},
				"south": {"uv": [11, 12.5, 10.5, 13], "texture": "#0"},
				"west": {"uv": [10.5, 12.5, 10, 13], "texture": "#0"},
				"up": {"uv": [11.5, 13, 12, 12.5], "texture": "#0"},
				"down": {"uv": [12, 12.5, 12.5, 13], "texture": "#0"}
			}
		},
		{
			"from": [12.2786, 9.9835, 13.2111],
			"to": [13.2182, 10.9231, 27.3169],
			"rotation": {"angle": 0, "axis": "x", "origin": [12.0194, 10.4533, 32.9968]},
			"faces": {
				"north": {"uv": [12.5, 2, 13, 2.5], "rotation": 180, "texture": "#0"},
				"east": {"uv": [13, 1, 12.5, 1.5], "rotation": 270, "texture": "#0"},
				"south": {"uv": [12.5, 2, 13, 1.5], "texture": "#0"},
				"west": {"uv": [13, 0, 12.5, 0.5], "rotation": 90, "texture": "#0"},
				"up": {"uv": [13, 12.5, 12.5, 13], "rotation": 180, "texture": "#0"},
				"down": {"uv": [13, 0.5, 12.5, 1], "texture": "#0"}
			}
		}
	],
	"display": {
		"head": {
			"translation": [-0.5, -15.25, -75.25],
			"scale": [4, 4, 3.68164]
		}
	},
	"groups": [
		{
			"name": "todo",
			"origin": [8, 8, 8],
			"children": [
				{
					"name": "pata1",
					"origin": [13, 8, 16],
					"children": [0, 1]
				},
				{
					"name": "pata2",
					"origin": [13, 8, 16],
					"children": [2, 3]
				},
				{
					"name": "cuerpo",
					"origin": [13, 13, 16.2],
					"children": [4, 5, 6]
				},
				{
					"name": "cabeza",
					"origin": [13, 19.8, 16.2],
					"children": [
						{
							"name": "oreja1",
							"origin": [12.3, 17, 16.5],
							"children": [7, 8]
						},
						{
							"name": "oreja2",
							"origin": [12.3, 17, 16.5],
							"children": [9, 10]
						}, 11, 12, 13, 14, 15, 16, 17, 18, 19, 20, 21, 22, 23, 24, 25, 26, 27, 28, 29, 30, 31, 32, 33, 34, 35, 36, 37, 38, 39, 40, 41, 42, 43, 44, 45, 46, 47, 48, 49, 50, 51, 52, 53]
				},
				{
					"name": "brazo1",
					"origin": [10.8, 18, 16],
					"children": [54,
						{
							"name": "1.1",
							"origin": [12.1, 16.6, 16],
							"children": [55,
								{
									"name": "1.2",
									"origin": [12.1, 10.1, 15.4],
									"children": [56,
										{
											"name": "1.3",
											"origin": [12.1, 10.1, 15.4],
											"children": [57,
												{
													"name": "1.4",
													"origin": [12.1, 10.1, 15.4],
													"children": [58,
														{
															"name": "mano",
															"origin": [12.1, 10.1, 15.4],
															"children": [59, 60,
																{
																	"name": "dedo1",
																	"origin": [12.1, 10.1, 15.4],
																	"children": [61,
																		{
																			"name": "dedo1.1",
																			"origin": [12.4, 10.7, 15.4],
																			"children": [62]
																		}
																	]
																},
																{
																	"name": "dedo2",
																	"origin": [12.4, 10.7, 15.4],
																	"children": [63,
																		{
																			"name": "dedo1.1",
																			"origin": [12.4, 10.7, 15.4],
																			"children": [64]
																		}
																	]
																},
																{
																	"name": "dedo3",
																	"origin": [12.7, 10.7, 15.4],
																	"children": [65,
																		{
																			"name": "dedo1.1",
																			"origin": [12.4, 10.7, 15.4],
																			"children": [66]
																		}
																	]
																},
																{
																	"name": "dedo4",
																	"origin": [12.8, 10.7, 15.8],
																	"children": [67]
																}
															]
														}
													]
												},
												{
													"name": "1.4",
													"origin": [12.1, 10.1, 15.4],
													"children": [68,
														{
															"name": "mano",
															"origin": [12.1, 10.1, 15.4],
															"children": [69, 70,
																{
																	"name": "dedo1",
																	"origin": [12.1, 10.1, 15.4],
																	"children": [71,
																		{
																			"name": "dedo1.1",
																			"origin": [12.4, 10.7, 15.4],
																			"children": [72]
																		}
																	]
																},
																{
																	"name": "dedo2",
																	"origin": [12.4, 10.7, 15.4],
																	"children": [73,
																		{
																			"name": "dedo1.1",
																			"origin": [12.4, 10.7, 15.4],
																			"children": [74]
																		}
																	]
																},
																{
																	"name": "dedo3",
																	"origin": [12.7, 10.7, 15.4],
																	"children": [75,
																		{
																			"name": "dedo1.1",
																			"origin": [12.4, 10.7, 15.4],
																			"children": [76]
																		}
																	]
																},
																{
																	"name": "dedo4",
																	"origin": [12.8, 10.7, 15.8],
																	"children": [77]
																}
															]
														}
													]
												}
											]
										}
									]
								}
							]
						}
					]
				},
				{
					"name": "brazo2",
					"origin": [10.8, 18, 16],
					"children": [78,
						{
							"name": "1.1",
							"origin": [12.1, 16.6, 16],
							"children": [79,
								{
									"name": "1.2",
									"origin": [12.1, 10.1, 15.4],
									"children": [80,
										{
											"name": "1.3",
											"origin": [12.1, 10.1, 15.4],
											"children": [81]
										}
									]
								}
							]
						}
					]
				}
			]
		}
	]
}