{
	"credit": "Made with Blockbench",
	"texture_size": [32, 32],
	"textures": {
		"0": "6dt2_custom/6dt2_cartooncat/6dt2_cartooncat",
		"particle": "6dt2_custom/6dt2_cartooncat/6dt2_cartooncat"
	},
	"elements": [
		{
			"name": "pata",
			"from": [6.434, 4.33, 29.504],
			"to": [7.304, 8.68, 30.374],
			"rotation": {"angle": 0, "axis": "y", "origin": [20.354, 18.25, 42.554]},
			"faces": {
				"north": {"uv": [5.5, 3, 6, 4.5], "texture": "#0"},
				"east": {"uv": [0, 6, 0.5, 7.5], "texture": "#0"},
				"south": {"uv": [5.5, 3, 6, 4.5], "texture": "#0"},
				"west": {"uv": [2, 6, 2.5, 7.5], "texture": "#0"},
				"up": {"uv": [3, 4, 2.5, 3.5], "texture": "#0"},
				"down": {"uv": [3, 4, 2.5, 3.5], "texture": "#0"}
			}
		},
		{
			"name": "pata",
			"from": [6.434, -0.02, 29.504],
			"to": [7.304, 4.33, 30.374],
			"rotation": {"angle": 0, "axis": "y", "origin": [20.354, 13.9, 42.554]},
			"faces": {
				"north": {"uv": [2.5, 6, 3, 7.5], "texture": "#0"},
				"east": {"uv": [2.5, 6, 3, 7.5], "texture": "#0"},
				"south": {"uv": [2.5, 6, 3, 7.5], "texture": "#0"},
				"west": {"uv": [2.5, 6, 3, 7.5], "texture": "#0"},
				"up": {"uv": [2.5, 5, 2, 4.5], "texture": "#0"},
				"down": {"uv": [2.5, 5, 2, 4.5], "texture": "#0"}
			}
		},
		{
			"name": "pata",
			"from": [8.87, 4.33, 29.504],
			"to": [9.74, 8.68, 30.374],
			"rotation": {"angle": 0, "axis": "y", "origin": [22.79, 18.25, 42.554]},
			"faces": {
				"north": {"uv": [5.5, 3, 6, 4.5], "texture": "#0"},
				"east": {"uv": [5.5, 3, 6, 4.5], "texture": "#0"},
				"south": {"uv": [5.5, 3, 6, 4.5], "texture": "#0"},
				"west": {"uv": [5.5, 3, 6, 4.5], "texture": "#0"},
				"up": {"uv": [3, 4, 2.5, 3.5], "texture": "#0"},
				"down": {"uv": [3, 4, 2.5, 3.5], "texture": "#0"}
			}
		},
		{
			"name": "pata",
			"from": [8.87, -0.02, 29.504],
			"to": [9.74, 4.33, 30.374],
			"rotation": {"angle": 0, "axis": "y", "origin": [22.79, 13.9, 42.554]},
			"faces": {
				"north": {"uv": [2.5, 6, 3, 7.5], "texture": "#0"},
				"east": {"uv": [2.5, 6, 3, 7.5], "texture": "#0"},
				"south": {"uv": [2.5, 6, 3, 7.5], "texture": "#0"},
				"west": {"uv": [2.5, 6, 3, 7.5], "texture": "#0"},
				"up": {"uv": [2.5, 5, 2, 4.5], "texture": "#0"},
				"down": {"uv": [2.5, 5, 2, 4.5], "texture": "#0"}
			}
		},
		{
			"from": [5.912, 16.684, 28.808],
			"to": [10.262, 19.294, 31.07],
			"rotation": {"angle": 0, "axis": "y", "origin": [20.18, 30.604, 42.902]},
			"faces": {
				"north": {"uv": [3, 1, 4, 2], "texture": "#0"},
				"east": {"uv": [5.5, 0, 6, 1], "texture": "#0"},
				"south": {"uv": [3, 1, 4, 2], "texture": "#0"},
				"west": {"uv": [5.5, 4.5, 6, 5.5], "texture": "#0"},
				"up": {"uv": [5.5, 4.5, 4.5, 4], "texture": "#0"},
				"down": {"uv": [7.5, 3, 6.5, 3.5], "texture": "#0"}
			}
		},
		{
			"from": [5.564, 11.29, 28.808],
			"to": [10.61, 16.684, 31.07],
			"rotation": {"angle": 0, "axis": "y", "origin": [20.18, 25.21, 42.902]},
			"faces": {
				"north": {"uv": [0, 0, 1.5, 1.5], "texture": "#0"},
				"east": {"uv": [5, 6.5, 5.5, 8], "texture": "#0"},
				"south": {"uv": [0, 0, 1.5, 1.5], "texture": "#0"},
				"west": {"uv": [5.5, 6.5, 6, 8], "texture": "#0"},
				"up": {"uv": [3, 1.5, 1.5, 1], "texture": "#0"},
				"down": {"uv": [8, 6.5, 6.5, 7], "texture": "#0"}
			}
		},
		{
			"from": [5.912, 8.68, 28.982],
			"to": [10.262, 11.29, 30.896],
			"rotation": {"angle": 0, "axis": "y", "origin": [20.18, 22.6, 42.902]},
			"faces": {
				"north": {"uv": [1.5, 1.5, 3, 2.5], "texture": "#0"},
				"east": {"uv": [6.5, 3.5, 7, 4.5], "texture": "#0"},
				"south": {"uv": [1.5, 1.5, 3, 2.5], "texture": "#0"},
				"west": {"uv": [6.5, 4.5, 7, 5.5], "texture": "#0"},
				"up": {"uv": [8, 0.5, 6.5, 0], "texture": "#0"},
				"down": {"uv": [8, 0.5, 6.5, 1], "texture": "#0"}
			}
		},
		{
			"from": [11.306, 15.64, 29.504],
			"to": [12.698, 17.032, 30.548],
			"rotation": {"angle": -45, "axis": "z", "origin": [20.006, 28.342, 43.424]},
			"faces": {
				"north": {"uv": [11, 0, 11.5, 0.5], "texture": "#0"},
				"east": {"uv": [11, 0.5, 11.5, 1], "texture": "#0"},
				"south": {"uv": [11, 2, 11.5, 2.5], "texture": "#0"},
				"west": {"uv": [11, 2.5, 11.5, 3], "texture": "#0"},
				"up": {"uv": [11.5, 3.5, 11, 3], "texture": "#0"},
				"down": {"uv": [11.5, 3.5, 11, 4], "texture": "#0"}
			}
		},
		{
			"from": [10.784, 16.858, 29.852],
			"to": [11.828, 17.554, 30.2],
			"rotation": {"angle": -45, "axis": "z", "origin": [19.136, 29.212, 43.424]},
			"faces": {
				"north": {"uv": [11, 4, 11.5, 4.5], "texture": "#0"},
				"east": {"uv": [11, 4.5, 11.5, 5], "texture": "#0"},
				"south": {"uv": [11, 6, 11.5, 6.5], "texture": "#0"},
				"west": {"uv": [11, 6.5, 11.5, 7], "texture": "#0"},
				"up": {"uv": [11.5, 7.5, 11, 7], "texture": "#0"},
				"down": {"uv": [11.5, 7.5, 11, 8], "texture": "#0"}
			}
		},
		{
			"from": [0.518, 18.772, 29.504],
			"to": [1.91, 20.164, 30.548],
			"rotation": {"angle": -45, "axis": "z", "origin": [13.22, 11.464, 43.424]},
			"faces": {
				"north": {"uv": [11, 8.5, 11.5, 9], "texture": "#0"},
				"east": {"uv": [11, 10, 11.5, 10.5], "texture": "#0"},
				"south": {"uv": [11, 10.5, 11.5, 11], "texture": "#0"},
				"west": {"uv": [1, 11.5, 1.5, 12], "texture": "#0"},
				"up": {"uv": [2, 12, 1.5, 11.5], "texture": "#0"},
				"down": {"uv": [2.5, 11.5, 2, 12], "texture": "#0"}
			}
		},
		{
			"from": [1.736, 19.468, 29.852],
			"to": [2.432, 20.512, 30.2],
			"rotation": {"angle": -45, "axis": "z", "origin": [14.09, 12.16, 43.424]},
			"faces": {
				"north": {"uv": [2.5, 11.5, 3, 12], "texture": "#0"},
				"east": {"uv": [3, 11.5, 3.5, 12], "texture": "#0"},
				"south": {"uv": [4.5, 11.5, 5, 12], "texture": "#0"},
				"west": {"uv": [5, 11.5, 5.5, 12], "texture": "#0"},
				"up": {"uv": [6, 12, 5.5, 11.5], "texture": "#0"},
				"down": {"uv": [6.5, 11.5, 6, 12], "texture": "#0"}
			}
		},
		{
			"from": [5.042, 20.338, 27.938],
			"to": [5.912, 22.6, 31.94],
			"rotation": {"angle": 0, "axis": "y", "origin": [16.7, 34.258, 42.902]},
			"faces": {
				"north": {"uv": [6.5, 11.5, 7, 12], "texture": "#0"},
				"east": {"uv": [6.5, 5.5, 7.5, 6], "texture": "#0"},
				"south": {"uv": [7, 11.5, 7.5, 12], "texture": "#0"},
				"west": {"uv": [6.5, 6, 7.5, 6.5], "texture": "#0"},
				"up": {"uv": [7, 8, 6.5, 7], "texture": "#0"},
				"down": {"uv": [7.5, 7, 7, 8], "texture": "#0"}
			}
		},
		{
			"from": [6.782, 19.294, 29.156],
			"to": [9.392, 19.642, 30.722],
			"rotation": {"angle": 0, "axis": "y", "origin": [21.05, 33.214, 42.902]},
			"faces": {
				"north": {"uv": [7, 3.5, 8, 4], "texture": "#0"},
				"east": {"uv": [8.5, 11.5, 9, 12], "texture": "#0"},
				"south": {"uv": [7, 4, 8, 4.5], "texture": "#0"},
				"west": {"uv": [9, 11.5, 9.5, 12], "texture": "#0"},
				"up": {"uv": [8, 5, 7, 4.5], "texture": "#0"},
				"down": {"uv": [8, 5, 7, 5.5], "texture": "#0"}
			}
		},
		{
			"from": [5.912, 19.642, 27.938],
			"to": [10.262, 20.338, 31.94],
			"rotation": {"angle": 0, "axis": "y", "origin": [21.05, 33.562, 42.902]},
			"faces": {
				"north": {"uv": [6.5, 1, 8, 1.5], "texture": "#0"},
				"east": {"uv": [0, 7.5, 1, 8], "texture": "#0"},
				"south": {"uv": [6.5, 1.5, 8, 2], "texture": "#0"},
				"west": {"uv": [2, 7.5, 3, 8], "texture": "#0"},
				"up": {"uv": [3, 3.5, 1.5, 2.5], "texture": "#0"},
				"down": {"uv": [1.5, 3, 0, 4], "texture": "#0"}
			}
		},
		{
			"from": [10.088, 20.338, 27.938],
			"to": [10.958, 22.6, 31.94],
			"rotation": {"angle": 0, "axis": "y", "origin": [21.572, 34.258, 42.902]},
			"faces": {
				"north": {"uv": [6.5, 11.5, 7, 12], "texture": "#0"},
				"east": {"uv": [6.5, 6, 7.5, 6.5], "texture": "#0"},
				"south": {"uv": [7, 11.5, 7.5, 12], "texture": "#0"},
				"west": {"uv": [6.5, 5.5, 7.5, 6], "texture": "#0"},
				"up": {"uv": [7, 8, 6.5, 7], "texture": "#0"},
				"down": {"uv": [7.5, 7, 7, 8], "texture": "#0"}
			}
		},
		{
			"from": [5.912, 21.556, 27.938],
			"to": [10.088, 22.6, 31.94],
			"rotation": {"angle": 0, "axis": "y", "origin": [17.396, 34.258, 42.902]},
			"faces": {
				"north": {"uv": [7.5, 3, 8.5, 3.5], "texture": "#0"},
				"east": {"uv": [7.5, 7, 8.5, 7.5], "texture": "#0"},
				"south": {"uv": [0, 8, 1, 8.5], "texture": "#0"},
				"west": {"uv": [1, 8, 2, 8.5], "texture": "#0"},
				"up": {"uv": [2.5, 4.5, 1.5, 3.5], "texture": "#0"},
				"down": {"uv": [1, 4, 0, 5], "texture": "#0"}
			}
		},
		{
			"from": [5.912, 20.338, 28.808],
			"to": [10.088, 21.556, 31.94],
			"rotation": {"angle": 0, "axis": "y", "origin": [17.396, 33.214, 42.902]},
			"faces": {
				"north": {"uv": [2, 8, 3, 8.5], "texture": "#0"},
				"east": {"uv": [3, 8, 4, 8.5], "texture": "#0"},
				"south": {"uv": [4, 8, 5, 8.5], "texture": "#0"},
				"west": {"uv": [5, 8, 6, 8.5], "texture": "#0"},
				"up": {"uv": [3.5, 5, 2.5, 4], "texture": "#0"},
				"down": {"uv": [4.5, 4, 3.5, 5], "texture": "#0"}
			}
		},
		{
			"from": [10.262, 22.6, 28.286],
			"to": [10.784, 24.688, 31.592],
			"rotation": {"angle": 0, "axis": "y", "origin": [17.57, 35.302, 42.902]},
			"faces": {
				"north": {"uv": [11.5, 11.5, 12, 12], "texture": "#0"},
				"east": {"uv": [8, 2.5, 9, 3], "texture": "#0"},
				"south": {"uv": [11.5, 0, 12, 0.5], "texture": "#0"},
				"west": {"uv": [8, 2, 9, 2.5], "texture": "#0"},
				"up": {"uv": [8.5, 4.5, 8, 3.5], "texture": "#0"},
				"down": {"uv": [8.5, 4.5, 8, 5.5], "texture": "#0"}
			}
		},
		{
			"from": [5.216, 22.6, 28.286],
			"to": [5.738, 24.688, 31.592],
			"rotation": {"angle": 0, "axis": "y", "origin": [12.524, 35.302, 42.902]},
			"faces": {
				"north": {"uv": [11.5, 11.5, 12, 12], "texture": "#0"},
				"east": {"uv": [8, 2, 9, 2.5], "texture": "#0"},
				"south": {"uv": [11.5, 0, 12, 0.5], "texture": "#0"},
				"west": {"uv": [8, 2.5, 9, 3], "texture": "#0"},
				"up": {"uv": [8.5, 4.5, 8, 3.5], "texture": "#0"},
				"down": {"uv": [8.5, 4.5, 8, 5.5], "texture": "#0"}
			}
		},
		{
			"from": [5.738, 22.6, 31.07],
			"to": [10.436, 25.21, 31.592],
			"rotation": {"angle": 0, "axis": "y", "origin": [-4.876, 35.302, 38.378]},
			"faces": {
				"north": {"uv": [4, 1, 5, 2], "texture": "#0"},
				"east": {"uv": [8, 5.5, 8.5, 6.5], "texture": "#0"},
				"south": {"uv": [4, 2, 5, 3], "texture": "#0"},
				"west": {"uv": [0, 8.5, 0.5, 9.5], "texture": "#0"},
				"up": {"uv": [9, 7, 8, 6.5], "texture": "#0"},
				"down": {"uv": [1.5, 8.5, 0.5, 9], "texture": "#0"}
			}
		},
		{
			"from": [7.652, 22.6, 28.286],
			"to": [8.348, 24.688, 31.418],
			"rotation": {"angle": 0, "axis": "y", "origin": [15.134, 35.302, 42.902]},
			"faces": {
				"north": {"uv": [11.5, 11.5, 12, 12], "texture": "#0"},
				"east": {"uv": [8, 2, 9, 2.5], "texture": "#0"},
				"south": {"uv": [11.5, 0, 12, 0.5], "texture": "#0"},
				"west": {"uv": [8, 2, 9, 2.5], "texture": "#0"},
				"up": {"uv": [8.5, 4.5, 8, 3.5], "texture": "#0"},
				"down": {"uv": [8.5, 4.5, 8, 5.5], "texture": "#0"}
			}
		},
		{
			"from": [7.652, 21.73, 27.764],
			"to": [8.522, 22.426, 28.112],
			"rotation": {"angle": 0, "axis": "y", "origin": [15.134, 34.432, 39.596]},
			"faces": {
				"north": {"uv": [11.5, 1.5, 12, 2], "texture": "#0"},
				"east": {"uv": [11.5, 2, 12, 2.5], "texture": "#0"},
				"south": {"uv": [11.5, 2.5, 12, 3], "texture": "#0"},
				"west": {"uv": [11.5, 3, 12, 3.5], "texture": "#0"},
				"up": {"uv": [12, 4, 11.5, 3.5], "texture": "#0"},
				"down": {"uv": [12, 4, 11.5, 4.5], "texture": "#0"}
			}
		},
		{
			"from": [5.564, 25.036, 28.286],
			"to": [10.436, 25.384, 31.592],
			"rotation": {"angle": 0, "axis": "y", "origin": [17.396, 37.39, 42.902]},
			"faces": {
				"north": {"uv": [6.5, 2, 8, 2.5], "texture": "#0"},
				"east": {"uv": [4.5, 8.5, 5.5, 9], "texture": "#0"},
				"south": {"uv": [6.5, 2.5, 8, 3], "texture": "#0"},
				"west": {"uv": [5.5, 8.5, 6.5, 9], "texture": "#0"},
				"up": {"uv": [4.5, 4, 3, 3], "texture": "#0"},
				"down": {"uv": [4.5, 0, 3, 1], "texture": "#0"}
			}
		},
		{
			"from": [6.434, 25.384, 28.46],
			"to": [9.74, 25.732, 31.418],
			"rotation": {"angle": 0, "axis": "y", "origin": [17.396, 38.086, 42.902]},
			"faces": {
				"north": {"uv": [6.5, 8.5, 7.5, 9], "texture": "#0"},
				"east": {"uv": [7.5, 8.5, 8.5, 9], "texture": "#0"},
				"south": {"uv": [8.5, 8.5, 9.5, 9], "texture": "#0"},
				"west": {"uv": [8.5, 0, 9.5, 0.5], "texture": "#0"},
				"up": {"uv": [2, 5.5, 1, 4.5], "texture": "#0"},
				"down": {"uv": [5.5, 4.5, 4.5, 5.5], "texture": "#0"}
			}
		},
		{
			"from": [5.216, 24.688, 28.286],
			"to": [6.086, 25.036, 31.592],
			"rotation": {"angle": 0, "axis": "y", "origin": [17.048, 36.868, 42.902]},
			"faces": {
				"north": {"uv": [11.5, 4.5, 12, 5], "texture": "#0"},
				"east": {"uv": [8.5, 0.5, 9.5, 1], "texture": "#0"},
				"south": {"uv": [11.5, 5, 12, 5.5], "texture": "#0"},
				"west": {"uv": [8.5, 1, 9.5, 1.5], "texture": "#0"},
				"up": {"uv": [9, 4, 8.5, 3], "texture": "#0"},
				"down": {"uv": [9, 4, 8.5, 5], "texture": "#0"}
			}
		},
		{
			"from": [7.478, 24.688, 28.286],
			"to": [8.522, 25.036, 31.592],
			"rotation": {"angle": 0, "axis": "y", "origin": [19.484, 36.868, 42.902]},
			"faces": {
				"north": {"uv": [11.5, 4.5, 12, 5], "texture": "#0"},
				"east": {"uv": [8.5, 1, 9.5, 1.5], "texture": "#0"},
				"south": {"uv": [11.5, 5, 12, 5.5], "texture": "#0"},
				"west": {"uv": [8.5, 1, 9.5, 1.5], "texture": "#0"},
				"up": {"uv": [9, 4, 8.5, 3], "texture": "#0"},
				"down": {"uv": [9, 4, 8.5, 5], "texture": "#0"}
			}
		},
		{
			"from": [9.914, 24.688, 28.286],
			"to": [10.784, 25.036, 31.592],
			"rotation": {"angle": 0, "axis": "y", "origin": [21.746, 36.868, 42.902]},
			"faces": {
				"north": {"uv": [11.5, 4.5, 12, 5], "texture": "#0"},
				"east": {"uv": [8.5, 1, 9.5, 1.5], "texture": "#0"},
				"south": {"uv": [11.5, 5, 12, 5.5], "texture": "#0"},
				"west": {"uv": [8.5, 1, 9.5, 1.5], "texture": "#0"},
				"up": {"uv": [9, 4, 8.5, 3], "texture": "#0"},
				"down": {"uv": [9, 4, 8.5, 5], "texture": "#0"}
			}
		},
		{
			"from": [11.828, 8.158, 27.938],
			"to": [12.872, 8.68, 31.766],
			"rotation": {"angle": -45, "axis": "z", "origin": [23.834, 22.078, 42.902]},
			"faces": {
				"north": {"uv": [11.5, 7.5, 12, 8], "texture": "#0"},
				"east": {"uv": [2.5, 9, 3.5, 9.5], "texture": "#0"},
				"south": {"uv": [11.5, 8, 12, 8.5], "texture": "#0"},
				"west": {"uv": [4.5, 9, 5.5, 9.5], "texture": "#0"},
				"up": {"uv": [6, 10, 5.5, 9], "texture": "#0"},
				"down": {"uv": [6.5, 9, 6, 10], "texture": "#0"}
			}
		},
		{
			"from": [-3.658, 24.34, 27.938],
			"to": [-2.614, 24.862, 31.766],
			"rotation": {"angle": 45, "axis": "z", "origin": [8.348, 38.26, 42.902]},
			"faces": {
				"north": {"uv": [11.5, 7.5, 12, 8], "texture": "#0"},
				"east": {"uv": [2.5, 9, 3.5, 9.5], "texture": "#0"},
				"south": {"uv": [11.5, 7.5, 12, 8], "texture": "#0"},
				"west": {"uv": [2.5, 9, 3.5, 9.5], "texture": "#0"},
				"up": {"uv": [2.5, 9, 3.5, 9.5], "texture": "#0"},
				"down": {"uv": [2.5, 9, 3.5, 9.5], "texture": "#0"}
			}
		},
		{
			"from": [5.738, 22.6, 28.634],
			"to": [10.262, 25.036, 31.418],
			"rotation": {"angle": 0, "axis": "y", "origin": [13.394, 35.302, 42.902]},
			"faces": {
				"north": {"uv": [4.5, 0, 5.5, 1], "texture": "#0"},
				"east": {"uv": [4.5, 3, 5.5, 4], "texture": "#0"},
				"south": {"uv": [0, 5, 1, 6], "texture": "#0"},
				"west": {"uv": [2, 5, 3, 6], "texture": "#0"},
				"up": {"uv": [4, 6, 3, 5], "texture": "#0"},
				"down": {"uv": [6, 1, 5, 2], "texture": "#0"}
			}
		},
		{
			"from": [5.912, 22.774, 28.46],
			"to": [7.478, 24.514, 28.634],
			"rotation": {"angle": 0, "axis": "y", "origin": [13.394, 35.302, 39.944]},
			"faces": {
				"north": {"uv": [11.5, 9.5, 12, 10], "texture": "#0"},
				"east": {"uv": [11.5, 10, 12, 10.5], "texture": "#0"},
				"south": {"uv": [11.5, 10.5, 12, 11], "texture": "#0"},
				"west": {"uv": [11.5, 11, 12, 11.5], "texture": "#0"},
				"up": {"uv": [0.5, 12.5, 0, 12], "texture": "#0"},
				"down": {"uv": [1, 12, 0.5, 12.5], "texture": "#0"}
			}
		},
		{
			"from": [6.26, 24.514, 28.46],
			"to": [7.304, 24.862, 28.634],
			"rotation": {"angle": 0, "axis": "y", "origin": [13.394, 37.042, 39.944]},
			"faces": {
				"north": {"uv": [1, 12, 1.5, 12.5], "texture": "#0"},
				"east": {"uv": [1.5, 12, 2, 12.5], "texture": "#0"},
				"south": {"uv": [2, 12, 2.5, 12.5], "texture": "#0"},
				"west": {"uv": [2.5, 12, 3, 12.5], "texture": "#0"},
				"up": {"uv": [3.5, 12.5, 3, 12], "texture": "#0"},
				"down": {"uv": [4, 12, 3.5, 12.5], "texture": "#0"}
			}
		},
		{
			"from": [8.522, 22.774, 28.46],
			"to": [10.088, 24.514, 28.634],
			"rotation": {"angle": 0, "axis": "y", "origin": [15.656, 35.302, 39.944]},
			"faces": {
				"north": {"uv": [11.5, 9.5, 12, 10], "texture": "#0"},
				"east": {"uv": [11.5, 10, 12, 10.5], "texture": "#0"},
				"south": {"uv": [11.5, 9.5, 12, 10], "texture": "#0"},
				"west": {"uv": [11.5, 10, 12, 10.5], "texture": "#0"},
				"up": {"uv": [0.5, 12.5, 0, 12], "texture": "#0"},
				"down": {"uv": [0.5, 12.5, 0, 12], "texture": "#0"}
			}
		},
		{
			"from": [8.696, 24.514, 28.46],
			"to": [9.74, 24.862, 28.634],
			"rotation": {"angle": 0, "axis": "y", "origin": [15.656, 37.042, 39.944]},
			"faces": {
				"north": {"uv": [1, 12, 1.5, 12.5], "texture": "#0"},
				"east": {"uv": [1.5, 12, 2, 12.5], "texture": "#0"},
				"south": {"uv": [1, 12, 1.5, 12.5], "texture": "#0"},
				"west": {"uv": [1.5, 12, 2, 12.5], "texture": "#0"},
				"up": {"uv": [3.5, 12.5, 3, 12], "texture": "#0"},
				"down": {"uv": [3.5, 12.5, 3, 12], "texture": "#0"}
			}
		},
		{
			"from": [6.434, 20.338, 28.112],
			"to": [9.566, 20.512, 31.766],
			"rotation": {"angle": 0, "axis": "y", "origin": [18.092, 34.258, 42.902]},
			"faces": {
				"north": {"uv": [9, 2, 10, 2.5], "texture": "#0"},
				"east": {"uv": [9, 2.5, 10, 3], "texture": "#0"},
				"south": {"uv": [9, 3, 10, 3.5], "texture": "#0"},
				"west": {"uv": [9, 3.5, 10, 4], "texture": "#0"},
				"up": {"uv": [6, 3, 5, 2], "texture": "#0"},
				"down": {"uv": [2, 5.5, 1, 6.5], "texture": "#0"}
			}
		},
		{
			"from": [10.61, 15.118, 28.112],
			"to": [11.48, 15.466, 31.766],
			"rotation": {"angle": -22.5, "axis": "z", "origin": [21.92, 29.038, 42.902]},
			"faces": {
				"north": {"uv": [10, 12, 10.5, 12.5], "texture": "#0"},
				"east": {"uv": [9, 4, 10, 4.5], "texture": "#0"},
				"south": {"uv": [10.5, 12, 11, 12.5], "texture": "#0"},
				"west": {"uv": [9, 4.5, 10, 5], "texture": "#0"},
				"up": {"uv": [9.5, 6.5, 9, 5.5], "texture": "#0"},
				"down": {"uv": [9.5, 6.5, 9, 7.5], "texture": "#0"}
			}
		},
		{
			"from": [8.87, 26.602, 28.112],
			"to": [9.392, 27.646, 31.766],
			"rotation": {"angle": 22.5, "axis": "z", "origin": [23.138, 16.162, 42.902]},
			"faces": {
				"north": {"uv": [11, 12, 11.5, 12.5], "texture": "#0"},
				"east": {"uv": [9, 7.5, 10, 8], "texture": "#0"},
				"south": {"uv": [11.5, 12, 12, 12.5], "texture": "#0"},
				"west": {"uv": [0, 9.5, 1, 10], "texture": "#0"},
				"up": {"uv": [1.5, 10.5, 1, 9.5], "texture": "#0"},
				"down": {"uv": [3, 9.5, 2.5, 10.5], "texture": "#0"}
			}
		},
		{
			"from": [2.78, 23.47, 28.112],
			"to": [3.65, 23.818, 31.766],
			"rotation": {"angle": 22.5, "axis": "z", "origin": [14.09, 37.39, 41.162]},
			"faces": {
				"north": {"uv": [10, 12, 10.5, 12.5], "texture": "#0"},
				"east": {"uv": [9, 4, 10, 4.5], "texture": "#0"},
				"south": {"uv": [12, 0, 12.5, 0.5], "texture": "#0"},
				"west": {"uv": [9, 4, 10, 4.5], "texture": "#0"},
				"up": {"uv": [9.5, 6.5, 9, 5.5], "texture": "#0"},
				"down": {"uv": [9.5, 6.5, 9, 5.5], "texture": "#0"}
			}
		},
		{
			"from": [4.52, 15.988, 28.112],
			"to": [5.216, 16.858, 31.766],
			"rotation": {"angle": -22.5, "axis": "z", "origin": [18.788, 5.548, 42.902]},
			"faces": {
				"north": {"uv": [11, 12, 11.5, 12.5], "texture": "#0"},
				"east": {"uv": [0, 9.5, 1, 10], "texture": "#0"},
				"south": {"uv": [11, 12, 11.5, 12.5], "texture": "#0"},
				"west": {"uv": [0, 9.5, 1, 10], "texture": "#0"},
				"up": {"uv": [1.5, 10.5, 1, 9.5], "texture": "#0"},
				"down": {"uv": [1.5, 10.5, 1, 9.5], "texture": "#0"}
			}
		},
		{
			"from": [5.912, 21.382, 28.112],
			"to": [10.088, 22.078, 31.766],
			"rotation": {"angle": 0, "axis": "y", "origin": [20.354, 10.768, 42.902]},
			"faces": {
				"north": {"uv": [9.5, 1, 10.5, 1.5], "texture": "#0"},
				"east": {"uv": [9.5, 1.5, 10.5, 2], "texture": "#0"},
				"south": {"uv": [9.5, 5, 10.5, 5.5], "texture": "#0"},
				"west": {"uv": [9.5, 5.5, 10.5, 6], "texture": "#0"},
				"up": {"uv": [5, 6.5, 4, 5.5], "texture": "#0"},
				"down": {"uv": [6, 5.5, 5, 6.5], "texture": "#0"}
			}
		},
		{
			"from": [7.13, 20.512, 28.286],
			"to": [7.478, 20.86, 31.766],
			"rotation": {"angle": 0, "axis": "y", "origin": [18.092, 34.432, 42.902]},
			"faces": {
				"north": {"uv": [12, 1.5, 12.5, 2], "texture": "#0"},
				"east": {"uv": [9.5, 6, 10.5, 6.5], "texture": "#0"},
				"south": {"uv": [12, 2, 12.5, 2.5], "texture": "#0"},
				"west": {"uv": [9.5, 6.5, 10.5, 7], "texture": "#0"},
				"up": {"uv": [10, 9, 9.5, 8], "texture": "#0"},
				"down": {"uv": [0.5, 10, 0, 11], "texture": "#0"}
			}
		},
		{
			"from": [7.13, 21.034, 28.286],
			"to": [7.478, 21.382, 31.766],
			"rotation": {"angle": 0, "axis": "y", "origin": [18.092, 34.954, 42.902]},
			"faces": {
				"north": {"uv": [12, 1.5, 12.5, 2], "texture": "#0"},
				"east": {"uv": [9.5, 6.5, 10.5, 7], "texture": "#0"},
				"south": {"uv": [12, 3, 12.5, 3.5], "texture": "#0"},
				"west": {"uv": [9.5, 6.5, 10.5, 7], "texture": "#0"},
				"up": {"uv": [9.5, 6.5, 10.5, 7], "texture": "#0"},
				"down": {"uv": [9.5, 6.5, 10.5, 7], "texture": "#0"}
			}
		},
		{
			"from": [7.652, 20.512, 28.286],
			"to": [8, 20.86, 31.766],
			"rotation": {"angle": 0, "axis": "y", "origin": [18.614, 34.432, 42.902]},
			"faces": {
				"north": {"uv": [12, 1.5, 12.5, 2], "texture": "#0"},
				"east": {"uv": [9.5, 6.5, 10.5, 7], "texture": "#0"},
				"south": {"uv": [12, 4, 12.5, 4.5], "texture": "#0"},
				"west": {"uv": [9.5, 6.5, 10.5, 7], "texture": "#0"},
				"up": {"uv": [9.5, 6.5, 10.5, 7], "texture": "#0"},
				"down": {"uv": [9.5, 6.5, 10.5, 7], "texture": "#0"}
			}
		},
		{
			"from": [8.174, 20.512, 28.286],
			"to": [8.522, 20.86, 31.766],
			"rotation": {"angle": 0, "axis": "y", "origin": [19.136, 34.432, 42.902]},
			"faces": {
				"north": {"uv": [12, 1.5, 12.5, 2], "texture": "#0"},
				"east": {"uv": [9.5, 6.5, 10.5, 7], "texture": "#0"},
				"south": {"uv": [12, 5, 12.5, 5.5], "texture": "#0"},
				"west": {"uv": [9.5, 6.5, 10.5, 7], "texture": "#0"},
				"up": {"uv": [9.5, 6.5, 10.5, 7], "texture": "#0"},
				"down": {"uv": [9.5, 6.5, 10.5, 7], "texture": "#0"}
			}
		},
		{
			"from": [8.696, 20.512, 28.286],
			"to": [9.044, 20.86, 31.766],
			"rotation": {"angle": 0, "axis": "y", "origin": [19.658, 34.432, 42.902]},
			"faces": {
				"north": {"uv": [12, 1.5, 12.5, 2], "texture": "#0"},
				"east": {"uv": [9.5, 6.5, 10.5, 7], "texture": "#0"},
				"south": {"uv": [12, 6, 12.5, 6.5], "texture": "#0"},
				"west": {"uv": [9.5, 6.5, 10.5, 7], "texture": "#0"},
				"up": {"uv": [9.5, 6.5, 10.5, 7], "texture": "#0"},
				"down": {"uv": [9.5, 6.5, 10.5, 7], "texture": "#0"}
			}
		},
		{
			"from": [6.608, 20.512, 28.286],
			"to": [6.956, 20.86, 31.766],
			"rotation": {"angle": 0, "axis": "y", "origin": [17.57, 34.432, 42.902]},
			"faces": {
				"north": {"uv": [12, 1.5, 12.5, 2], "texture": "#0"},
				"east": {"uv": [9.5, 6.5, 10.5, 7], "texture": "#0"},
				"south": {"uv": [12, 7, 12.5, 7.5], "texture": "#0"},
				"west": {"uv": [9.5, 6.5, 10.5, 7], "texture": "#0"},
				"up": {"uv": [9.5, 6.5, 10.5, 7], "texture": "#0"},
				"down": {"uv": [9.5, 6.5, 10.5, 7], "texture": "#0"}
			}
		},
		{
			"from": [6.608, 21.034, 28.286],
			"to": [6.956, 21.382, 31.766],
			"rotation": {"angle": 0, "axis": "y", "origin": [17.57, 34.954, 42.902]},
			"faces": {
				"north": {"uv": [12, 1.5, 12.5, 2], "texture": "#0"},
				"east": {"uv": [9.5, 6.5, 10.5, 7], "texture": "#0"},
				"south": {"uv": [12, 8, 12.5, 8.5], "texture": "#0"},
				"west": {"uv": [9.5, 6.5, 10.5, 7], "texture": "#0"},
				"up": {"uv": [9.5, 6.5, 10.5, 7], "texture": "#0"},
				"down": {"uv": [9.5, 6.5, 10.5, 7], "texture": "#0"}
			}
		},
		{
			"from": [7.652, 21.034, 28.286],
			"to": [8, 21.382, 31.766],
			"rotation": {"angle": 0, "axis": "y", "origin": [18.614, 34.954, 42.902]},
			"faces": {
				"north": {"uv": [12, 1.5, 12.5, 2], "texture": "#0"},
				"east": {"uv": [9.5, 6.5, 10.5, 7], "texture": "#0"},
				"south": {"uv": [12, 9, 12.5, 9.5], "texture": "#0"},
				"west": {"uv": [9.5, 6.5, 10.5, 7], "texture": "#0"},
				"up": {"uv": [9.5, 6.5, 10.5, 7], "texture": "#0"},
				"down": {"uv": [9.5, 6.5, 10.5, 7], "texture": "#0"}
			}
		},
		{
			"from": [8.174, 21.034, 28.286],
			"to": [8.522, 21.382, 31.766],
			"rotation": {"angle": 0, "axis": "y", "origin": [19.136, 34.954, 42.902]},
			"faces": {
				"north": {"uv": [12, 1.5, 12.5, 2], "texture": "#0"},
				"east": {"uv": [9.5, 6.5, 10.5, 7], "texture": "#0"},
				"south": {"uv": [12, 10, 12.5, 10.5], "texture": "#0"},
				"west": {"uv": [9.5, 6.5, 10.5, 7], "texture": "#0"},
				"up": {"uv": [9.5, 6.5, 10.5, 7], "texture": "#0"},
				"down": {"uv": [9.5, 6.5, 10.5, 7], "texture": "#0"}
			}
		},
		{
			"from": [8.696, 21.034, 28.286],
			"to": [9.044, 21.382, 31.766],
			"rotation": {"angle": 0, "axis": "y", "origin": [19.658, 34.954, 42.902]},
			"faces": {
				"north": {"uv": [12, 1.5, 12.5, 2], "texture": "#0"},
				"east": {"uv": [9.5, 6.5, 10.5, 7], "texture": "#0"},
				"south": {"uv": [12, 11, 12.5, 11.5], "texture": "#0"},
				"west": {"uv": [9.5, 6.5, 10.5, 7], "texture": "#0"},
				"up": {"uv": [9.5, 6.5, 10.5, 7], "texture": "#0"},
				"down": {"uv": [9.5, 6.5, 10.5, 7], "texture": "#0"}
			}
		},
		{
			"from": [9.218, 21.034, 28.286],
			"to": [9.566, 21.382, 31.766],
			"rotation": {"angle": 0, "axis": "y", "origin": [20.18, 34.954, 42.902]},
			"faces": {
				"north": {"uv": [12, 1.5, 12.5, 2], "texture": "#0"},
				"east": {"uv": [9.5, 6.5, 10.5, 7], "texture": "#0"},
				"south": {"uv": [0, 12.5, 0.5, 13], "texture": "#0"},
				"west": {"uv": [9.5, 6.5, 10.5, 7], "texture": "#0"},
				"up": {"uv": [9.5, 6.5, 10.5, 7], "texture": "#0"},
				"down": {"uv": [9.5, 6.5, 10.5, 7], "texture": "#0"}
			}
		},
		{
			"from": [6.086, 21.034, 28.286],
			"to": [6.434, 21.382, 31.766],
			"rotation": {"angle": 0, "axis": "y", "origin": [17.048, 34.954, 42.902]},
			"faces": {
				"north": {"uv": [12, 1.5, 12.5, 2], "texture": "#0"},
				"east": {"uv": [9.5, 6.5, 10.5, 7], "texture": "#0"},
				"south": {"uv": [1, 12.5, 1.5, 13], "texture": "#0"},
				"west": {"uv": [9.5, 6.5, 10.5, 7], "texture": "#0"},
				"up": {"uv": [9.5, 6.5, 10.5, 7], "texture": "#0"},
				"down": {"uv": [9.5, 6.5, 10.5, 7], "texture": "#0"}
			}
		},
		{
			"from": [9.74, 21.034, 28.286],
			"to": [10.088, 21.382, 31.766],
			"rotation": {"angle": 0, "axis": "y", "origin": [20.702, 34.954, 42.902]},
			"faces": {
				"north": {"uv": [12, 1.5, 12.5, 2], "texture": "#0"},
				"east": {"uv": [9.5, 6.5, 10.5, 7], "texture": "#0"},
				"south": {"uv": [2, 12.5, 2.5, 13], "texture": "#0"},
				"west": {"uv": [9.5, 6.5, 10.5, 7], "texture": "#0"},
				"up": {"uv": [9.5, 6.5, 10.5, 7], "texture": "#0"},
				"down": {"uv": [9.5, 6.5, 10.5, 7], "texture": "#0"}
			}
		},
		{
			"from": [9.218, 20.512, 28.286],
			"to": [9.566, 20.86, 31.766],
			"rotation": {"angle": 0, "axis": "y", "origin": [20.18, 34.432, 42.902]},
			"faces": {
				"north": {"uv": [12, 1.5, 12.5, 2], "texture": "#0"},
				"east": {"uv": [9.5, 6.5, 10.5, 7], "texture": "#0"},
				"south": {"uv": [3, 12.5, 3.5, 13], "texture": "#0"},
				"west": {"uv": [9.5, 6.5, 10.5, 7], "texture": "#0"},
				"up": {"uv": [9.5, 6.5, 10.5, 7], "texture": "#0"},
				"down": {"uv": [9.5, 6.5, 10.5, 7], "texture": "#0"}
			}
		},
		{
			"from": [5.042, 16.336, 29.33],
			"to": [6.086, 18.598, 30.374],
			"rotation": {"angle": -45, "axis": "z", "origin": [6.434, 18.337, 29.852]},
			"faces": {
				"north": {"uv": [3.5, 12.5, 4, 13], "texture": "#0"},
				"east": {"uv": [4, 12.5, 4.5, 13], "texture": "#0"},
				"south": {"uv": [4.5, 12.5, 5, 13], "texture": "#0"},
				"west": {"uv": [5, 12.5, 5.5, 13], "texture": "#0"},
				"up": {"uv": [6, 13, 5.5, 12.5], "texture": "#0"},
				"down": {"uv": [6.5, 12.5, 6, 13], "texture": "#0"}
			}
		},
		{
			"from": [4.868, 15.118, 29.33],
			"to": [5.912, 17.38, 30.374],
			"rotation": {"angle": -22.5, "axis": "z", "origin": [6.26, 19.381, 29.852]},
			"faces": {
				"north": {"uv": [6.5, 12.5, 7, 13], "texture": "#0"},
				"east": {"uv": [7, 12.5, 7.5, 13], "texture": "#0"},
				"south": {"uv": [7.5, 12.5, 8, 13], "texture": "#0"},
				"west": {"uv": [8, 12.5, 8.5, 13], "texture": "#0"},
				"up": {"uv": [9, 13, 8.5, 12.5], "texture": "#0"},
				"down": {"uv": [9.5, 12.5, 9, 13], "texture": "#0"}
			}
		},
		{
			"from": [3.302, 13.726, 29.33],
			"to": [4.346, 15.988, 30.374],
			"rotation": {"angle": 0, "axis": "z", "origin": [4.694, 20.251, 29.852]},
			"faces": {
				"north": {"uv": [9.5, 12.5, 10, 13], "texture": "#0"},
				"east": {"uv": [10, 12.5, 10.5, 13], "texture": "#0"},
				"south": {"uv": [10.5, 12.5, 11, 13], "texture": "#0"},
				"west": {"uv": [11, 12.5, 11.5, 13], "texture": "#0"},
				"up": {"uv": [12, 13, 11.5, 12.5], "texture": "#0"},
				"down": {"uv": [12.5, 12.5, 12, 13], "texture": "#0"}
			}
		},
		{
			"from": [3.302, 11.464, 29.33],
			"to": [4.346, 13.726, 30.374],
			"rotation": {"angle": 0, "axis": "z", "origin": [4.694, 20.251, 29.852]},
			"faces": {
				"north": {"uv": [12.5, 12.5, 13, 13], "texture": "#0"},
				"east": {"uv": [12.5, 0, 13, 0.5], "texture": "#0"},
				"south": {"uv": [12.5, 0.5, 13, 1], "texture": "#0"},
				"west": {"uv": [12.5, 1, 13, 1.5], "texture": "#0"},
				"up": {"uv": [13, 2, 12.5, 1.5], "texture": "#0"},
				"down": {"uv": [13, 2, 12.5, 2.5], "texture": "#0"}
			}
		},
		{
			"from": [3.302, 9.202, 29.33],
			"to": [4.346, 11.464, 30.374],
			"rotation": {"angle": 0, "axis": "z", "origin": [4.694, 20.251, 29.852]},
			"faces": {
				"north": {"uv": [12.5, 2.5, 13, 3], "texture": "#0"},
				"east": {"uv": [12.5, 3, 13, 3.5], "texture": "#0"},
				"south": {"uv": [12.5, 3.5, 13, 4], "texture": "#0"},
				"west": {"uv": [12.5, 4, 13, 4.5], "texture": "#0"},
				"up": {"uv": [13, 5, 12.5, 4.5], "texture": "#0"},
				"down": {"uv": [13, 5, 12.5, 5.5], "texture": "#0"}
			}
		},
		{
			"from": [-1.396, 8.332, 28.982],
			"to": [0.344, 8.854, 30.722],
			"rotation": {"angle": 22.5, "axis": "z", "origin": [0.344, 19.903, 29.852]},
			"faces": {
				"north": {"uv": [12.5, 6, 13, 6.5], "texture": "#0"},
				"east": {"uv": [12.5, 6.5, 13, 7], "texture": "#0"},
				"south": {"uv": [12.5, 7, 13, 7.5], "texture": "#0"},
				"west": {"uv": [12.5, 5.5, 13, 6], "texture": "#0"},
				"up": {"uv": [13, 8, 12.5, 7.5], "rotation": 270, "texture": "#0"},
				"down": {"uv": [13, 8, 12.5, 8.5], "rotation": 90, "texture": "#0"}
			}
		},
		{
			"from": [-1.222, 7.288, 29.156],
			"to": [0.17, 8.332, 30.548],
			"rotation": {"angle": 22.5, "axis": "z", "origin": [0.344, 19.903, 29.852]},
			"faces": {
				"north": {"uv": [12.5, 9, 13, 9.5], "texture": "#0"},
				"east": {"uv": [12.5, 9.5, 13, 10], "texture": "#0"},
				"south": {"uv": [12.5, 10, 13, 10.5], "texture": "#0"},
				"west": {"uv": [12.5, 8.5, 13, 9], "texture": "#0"},
				"up": {"uv": [13, 11, 12.5, 10.5], "rotation": 270, "texture": "#0"},
				"down": {"uv": [13, 11, 12.5, 11.5], "rotation": 90, "texture": "#0"}
			}
		},
		{
			"from": [-1.396, 6.592, 30.2],
			"to": [-1.048, 7.636, 30.548],
			"rotation": {"angle": 22.5, "axis": "z", "origin": [0.344, 19.903, 29.852]},
			"faces": {
				"north": {"uv": [0.5, 13, 1, 13.5], "texture": "#0"},
				"east": {"uv": [0, 13, 0.5, 13.5], "texture": "#0"},
				"south": {"uv": [0.5, 13, 1, 13.5], "texture": "#0"},
				"west": {"uv": [12.5, 11.5, 13, 12], "texture": "#0"},
				"up": {"uv": [1.5, 13.5, 1, 13], "rotation": 270, "texture": "#0"},
				"down": {"uv": [2, 13, 1.5, 13.5], "rotation": 90, "texture": "#0"}
			}
		},
		{
			"from": [-1.396, 5.896, 30.2],
			"to": [-1.048, 6.592, 30.548],
			"rotation": {"angle": 22.5, "axis": "z", "origin": [0.344, 19.903, 29.852]},
			"faces": {
				"north": {"uv": [2.5, 13, 3, 13.5], "texture": "#0"},
				"east": {"uv": [3, 13, 3.5, 13.5], "texture": "#0"},
				"south": {"uv": [3.5, 13, 4, 13.5], "texture": "#0"},
				"west": {"uv": [2, 13, 2.5, 13.5], "texture": "#0"},
				"up": {"uv": [4.5, 13.5, 4, 13], "rotation": 270, "texture": "#0"},
				"down": {"uv": [5, 13, 4.5, 13.5], "rotation": 90, "texture": "#0"}
			}
		},
		{
			"from": [-1.396, 6.592, 29.678],
			"to": [-1.048, 7.636, 30.026],
			"rotation": {"angle": 22.5, "axis": "z", "origin": [0.344, 19.903, 29.852]},
			"faces": {
				"north": {"uv": [0.5, 13, 1, 13.5], "texture": "#0"},
				"east": {"uv": [0, 13, 0.5, 13.5], "texture": "#0"},
				"south": {"uv": [0.5, 13, 1, 13.5], "texture": "#0"},
				"west": {"uv": [12.5, 11.5, 13, 12], "texture": "#0"},
				"up": {"uv": [1.5, 13.5, 1, 13], "rotation": 270, "texture": "#0"},
				"down": {"uv": [2, 13, 1.5, 13.5], "rotation": 90, "texture": "#0"}
			}
		},
		{
			"from": [-1.396, 5.896, 29.678],
			"to": [-1.048, 6.592, 30.026],
			"rotation": {"angle": 22.5, "axis": "z", "origin": [0.344, 19.903, 29.852]},
			"faces": {
				"north": {"uv": [3.5, 13, 4, 13.5], "texture": "#0"},
				"east": {"uv": [2, 13, 2.5, 13.5], "texture": "#0"},
				"south": {"uv": [3.5, 13, 4, 13.5], "texture": "#0"},
				"west": {"uv": [2, 13, 2.5, 13.5], "texture": "#0"},
				"up": {"uv": [4.5, 13.5, 4, 13], "rotation": 270, "texture": "#0"},
				"down": {"uv": [5, 13, 4.5, 13.5], "rotation": 90, "texture": "#0"}
			}
		},
		{
			"from": [-1.396, 6.592, 29.156],
			"to": [-1.048, 7.636, 29.504],
			"rotation": {"angle": 22.5, "axis": "z", "origin": [0.344, 19.903, 29.852]},
			"faces": {
				"north": {"uv": [0.5, 13, 1, 13.5], "texture": "#0"},
				"east": {"uv": [0, 13, 0.5, 13.5], "texture": "#0"},
				"south": {"uv": [0.5, 13, 1, 13.5], "texture": "#0"},
				"west": {"uv": [12.5, 11.5, 13, 12], "texture": "#0"},
				"up": {"uv": [1.5, 13.5, 1, 13], "rotation": 270, "texture": "#0"},
				"down": {"uv": [2, 13, 1.5, 13.5], "rotation": 90, "texture": "#0"}
			}
		},
		{
			"from": [-1.396, 5.896, 29.156],
			"to": [-1.048, 6.592, 29.504],
			"rotation": {"angle": 22.5, "axis": "z", "origin": [0.344, 19.903, 29.852]},
			"faces": {
				"north": {"uv": [3.5, 13, 4, 13.5], "texture": "#0"},
				"east": {"uv": [2, 13, 2.5, 13.5], "texture": "#0"},
				"south": {"uv": [3.5, 13, 4, 13.5], "texture": "#0"},
				"west": {"uv": [2, 13, 2.5, 13.5], "texture": "#0"},
				"up": {"uv": [4.5, 13.5, 4, 13], "rotation": 270, "texture": "#0"},
				"down": {"uv": [5, 13, 4.5, 13.5], "rotation": 90, "texture": "#0"}
			}
		},
		{
			"from": [-0.7, 6.592, 28.982],
			"to": [-0.178, 7.636, 29.33],
			"rotation": {"angle": 22.5, "axis": "z", "origin": [0.344, 19.903, 29.852]},
			"faces": {
				"north": {"uv": [13, 4, 13.5, 4.5], "texture": "#0"},
				"east": {"uv": [13, 4.5, 13.5, 5], "texture": "#0"},
				"south": {"uv": [13, 5, 13.5, 5.5], "texture": "#0"},
				"west": {"uv": [13, 3.5, 13.5, 4], "texture": "#0"},
				"up": {"uv": [13.5, 6, 13, 5.5], "rotation": 270, "texture": "#0"},
				"down": {"uv": [13.5, 6, 13, 6.5], "rotation": 90, "texture": "#0"}
			}
		},
		{
			"from": [10.088, 16.336, 29.33],
			"to": [11.132, 18.598, 30.374],
			"rotation": {"angle": 45, "axis": "z", "origin": [9.74, 18.337, 29.852]},
			"faces": {
				"north": {"uv": [3.5, 12.5, 4, 13], "texture": "#0"},
				"east": {"uv": [4, 12.5, 4.5, 13], "texture": "#0"},
				"south": {"uv": [4.5, 12.5, 5, 13], "texture": "#0"},
				"west": {"uv": [5, 12.5, 5.5, 13], "texture": "#0"},
				"up": {"uv": [6, 13, 5.5, 12.5], "texture": "#0"},
				"down": {"uv": [6.5, 12.5, 6, 13], "texture": "#0"}
			}
		},
		{
			"from": [10.436, 14.944, 29.33],
			"to": [11.48, 17.206, 30.374],
			"rotation": {"angle": 22.5, "axis": "z", "origin": [10.088, 19.207, 29.852]},
			"faces": {
				"north": {"uv": [6.5, 12.5, 7, 13], "texture": "#0"},
				"east": {"uv": [7, 12.5, 7.5, 13], "texture": "#0"},
				"south": {"uv": [7.5, 12.5, 8, 13], "texture": "#0"},
				"west": {"uv": [8, 12.5, 8.5, 13], "texture": "#0"},
				"up": {"uv": [9, 13, 8.5, 12.5], "texture": "#0"},
				"down": {"uv": [9.5, 12.5, 9, 13], "texture": "#0"}
			}
		},
		{
			"from": [12.002, 13.552, 29.33],
			"to": [13.046, 15.814, 30.374],
			"rotation": {"angle": 0, "axis": "z", "origin": [11.654, 20.077, 29.852]},
			"faces": {
				"north": {"uv": [9.5, 12.5, 10, 13], "texture": "#0"},
				"east": {"uv": [10, 12.5, 10.5, 13], "texture": "#0"},
				"south": {"uv": [10.5, 12.5, 11, 13], "texture": "#0"},
				"west": {"uv": [11, 12.5, 11.5, 13], "texture": "#0"},
				"up": {"uv": [12, 13, 11.5, 12.5], "texture": "#0"},
				"down": {"uv": [12.5, 12.5, 12, 13], "texture": "#0"}
			}
		},
		{
			"from": [12.002, 11.29, 29.33],
			"to": [13.046, 13.552, 30.374],
			"rotation": {"angle": 0, "axis": "z", "origin": [11.654, 20.077, 29.852]},
			"faces": {
				"north": {"uv": [12.5, 12.5, 13, 13], "texture": "#0"},
				"east": {"uv": [12.5, 0, 13, 0.5], "texture": "#0"},
				"south": {"uv": [12.5, 0.5, 13, 1], "texture": "#0"},
				"west": {"uv": [12.5, 1, 13, 1.5], "texture": "#0"},
				"up": {"uv": [13, 2, 12.5, 1.5], "texture": "#0"},
				"down": {"uv": [13, 2, 12.5, 2.5], "texture": "#0"}
			}
		},
		{
			"from": [12.002, 9.028, 29.33],
			"to": [13.046, 11.29, 30.374],
			"rotation": {"angle": 0, "axis": "z", "origin": [11.654, 20.077, 29.852]},
			"faces": {
				"north": {"uv": [12.5, 2.5, 13, 3], "texture": "#0"},
				"east": {"uv": [12.5, 3, 13, 3.5], "texture": "#0"},
				"south": {"uv": [12.5, 3.5, 13, 4], "texture": "#0"},
				"west": {"uv": [12.5, 4, 13, 4.5], "texture": "#0"},
				"up": {"uv": [13, 5, 12.5, 4.5], "texture": "#0"},
				"down": {"uv": [13, 5, 12.5, 5.5], "texture": "#0"}
			}
		},
		{
			"from": [16.004, 8.158, 28.982],
			"to": [17.744, 8.68, 30.722],
			"rotation": {"angle": -22.5, "axis": "z", "origin": [16.004, 19.729, 29.852]},
			"faces": {
				"north": {"uv": [12.5, 7, 13, 7.5], "texture": "#0"},
				"east": {"uv": [12.5, 5.5, 13, 6], "texture": "#0"},
				"south": {"uv": [12.5, 6, 13, 6.5], "texture": "#0"},
				"west": {"uv": [12.5, 6.5, 13, 7], "texture": "#0"},
				"up": {"uv": [13, 8, 12.5, 7.5], "rotation": 90, "texture": "#0"},
				"down": {"uv": [13, 8, 12.5, 8.5], "rotation": 270, "texture": "#0"}
			}
		},
		{
			"from": [16.178, 7.114, 29.156],
			"to": [17.57, 8.158, 30.548],
			"rotation": {"angle": -22.5, "axis": "z", "origin": [16.004, 19.729, 29.852]},
			"faces": {
				"north": {"uv": [12.5, 10, 13, 10.5], "texture": "#0"},
				"east": {"uv": [12.5, 8.5, 13, 9], "texture": "#0"},
				"south": {"uv": [12.5, 9, 13, 9.5], "texture": "#0"},
				"west": {"uv": [12.5, 9.5, 13, 10], "texture": "#0"},
				"up": {"uv": [13, 11, 12.5, 10.5], "rotation": 90, "texture": "#0"},
				"down": {"uv": [13, 11, 12.5, 11.5], "rotation": 270, "texture": "#0"}
			}
		},
		{
			"from": [17.396, 6.418, 29.156],
			"to": [17.744, 7.462, 29.504],
			"rotation": {"angle": -22.5, "axis": "z", "origin": [16.004, 19.729, 29.852]},
			"faces": {
				"north": {"uv": [0.5, 13, 1, 13.5], "texture": "#0"},
				"east": {"uv": [12.5, 11.5, 13, 12], "texture": "#0"},
				"south": {"uv": [0.5, 13, 1, 13.5], "texture": "#0"},
				"west": {"uv": [0, 13, 0.5, 13.5], "texture": "#0"},
				"up": {"uv": [1.5, 13.5, 1, 13], "rotation": 90, "texture": "#0"},
				"down": {"uv": [2, 13, 1.5, 13.5], "rotation": 270, "texture": "#0"}
			}
		},
		{
			"from": [17.396, 5.722, 29.156],
			"to": [17.744, 6.418, 29.504],
			"rotation": {"angle": -22.5, "axis": "z", "origin": [16.004, 19.729, 29.852]},
			"faces": {
				"north": {"uv": [3.5, 13, 4, 13.5], "texture": "#0"},
				"east": {"uv": [2, 13, 2.5, 13.5], "texture": "#0"},
				"south": {"uv": [2.5, 13, 3, 13.5], "texture": "#0"},
				"west": {"uv": [3, 13, 3.5, 13.5], "texture": "#0"},
				"up": {"uv": [4.5, 13.5, 4, 13], "rotation": 90, "texture": "#0"},
				"down": {"uv": [5, 13, 4.5, 13.5], "rotation": 270, "texture": "#0"}
			}
		},
		{
			"from": [17.396, 6.418, 29.678],
			"to": [17.744, 7.462, 30.026],
			"rotation": {"angle": -22.5, "axis": "z", "origin": [16.004, 19.729, 29.852]},
			"faces": {
				"north": {"uv": [0.5, 13, 1, 13.5], "texture": "#0"},
				"east": {"uv": [12.5, 11.5, 13, 12], "texture": "#0"},
				"south": {"uv": [0.5, 13, 1, 13.5], "texture": "#0"},
				"west": {"uv": [0, 13, 0.5, 13.5], "texture": "#0"},
				"up": {"uv": [1.5, 13.5, 1, 13], "rotation": 90, "texture": "#0"},
				"down": {"uv": [2, 13, 1.5, 13.5], "rotation": 270, "texture": "#0"}
			}
		},
		{
			"from": [17.396, 5.722, 29.678],
			"to": [17.744, 6.418, 30.026],
			"rotation": {"angle": -22.5, "axis": "z", "origin": [16.004, 19.729, 29.852]},
			"faces": {
				"north": {"uv": [3.5, 13, 4, 13.5], "texture": "#0"},
				"east": {"uv": [2, 13, 2.5, 13.5], "texture": "#0"},
				"south": {"uv": [3.5, 13, 4, 13.5], "texture": "#0"},
				"west": {"uv": [2, 13, 2.5, 13.5], "texture": "#0"},
				"up": {"uv": [4.5, 13.5, 4, 13], "rotation": 90, "texture": "#0"},
				"down": {"uv": [5, 13, 4.5, 13.5], "rotation": 270, "texture": "#0"}
			}
		},
		{
			"from": [17.396, 6.418, 30.2],
			"to": [17.744, 7.462, 30.548],
			"rotation": {"angle": -22.5, "axis": "z", "origin": [16.004, 19.729, 29.852]},
			"faces": {
				"north": {"uv": [0.5, 13, 1, 13.5], "texture": "#0"},
				"east": {"uv": [12.5, 11.5, 13, 12], "texture": "#0"},
				"south": {"uv": [0.5, 13, 1, 13.5], "texture": "#0"},
				"west": {"uv": [0, 13, 0.5, 13.5], "texture": "#0"},
				"up": {"uv": [1.5, 13.5, 1, 13], "rotation": 90, "texture": "#0"},
				"down": {"uv": [2, 13, 1.5, 13.5], "rotation": 270, "texture": "#0"}
			}
		},
		{
			"from": [17.396, 5.722, 30.2],
			"to": [17.744, 6.418, 30.548],
			"rotation": {"angle": -22.5, "axis": "z", "origin": [16.004, 19.729, 29.852]},
			"faces": {
				"north": {"uv": [3.5, 13, 4, 13.5], "texture": "#0"},
				"east": {"uv": [2, 13, 2.5, 13.5], "texture": "#0"},
				"south": {"uv": [3.5, 13, 4, 13.5], "texture": "#0"},
				"west": {"uv": [2, 13, 2.5, 13.5], "texture": "#0"},
				"up": {"uv": [4.5, 13.5, 4, 13], "rotation": 90, "texture": "#0"},
				"down": {"uv": [5, 13, 4.5, 13.5], "rotation": 270, "texture": "#0"}
			}
		},
		{
			"from": [16.526, 6.418, 28.982],
			"to": [17.048, 7.462, 29.33],
			"rotation": {"angle": -22.5, "axis": "z", "origin": [16.004, 19.729, 29.852]},
			"faces": {
				"north": {"uv": [13, 5, 13.5, 5.5], "texture": "#0"},
				"east": {"uv": [13, 3.5, 13.5, 4], "texture": "#0"},
				"south": {"uv": [13, 4, 13.5, 4.5], "texture": "#0"},
				"west": {"uv": [13, 4.5, 13.5, 5], "texture": "#0"},
				"up": {"uv": [13.5, 6, 13, 5.5], "rotation": 90, "texture": "#0"},
				"down": {"uv": [13.5, 6, 13, 6.5], "rotation": 270, "texture": "#0"}
			}
		}
	],
	"display": {
		"head": {
			"translation": [0, -20.5, -80],
			"scale": [2.8418, 3.08008, 3.68164]
		}
	},
	"groups": [
		{
			"name": "todo",
			"origin": [8, 8, 8],
			"children": [
				{
					"name": "pata1",
					"origin": [13, 8, 16],
					"children": [0, 1]
				},
				{
					"name": "pata2",
					"origin": [13, 8, 16],
					"children": [2, 3]
				},
				{
					"name": "cuerpo",
					"origin": [13, 13, 16.2],
					"children": [4, 5, 6]
				},
				{
					"name": "cabeza",
					"origin": [13, 19.8, 16.2],
					"children": [
						{
							"name": "oreja1",
							"origin": [12.3, 17, 16.5],
							"children": [7, 8]
						},
						{
							"name": "oreja2",
							"origin": [12.3, 17, 16.5],
							"children": [9, 10]
						}, 11, 12, 13, 14, 15, 16, 17, 18, 19, 20, 21, 22, 23, 24, 25, 26, 27, 28, 29, 30, 31, 32, 33, 34, 35, 36, 37, 38, 39, 40, 41, 42, 43, 44, 45, 46, 47, 48, 49, 50, 51, 52, 53]
				},
				{
					"name": "brazo1",
					"origin": [10.8, 18, 16],
					"children": [54,
						{
							"name": "1.1",
							"origin": [12.1, 16.6, 16],
							"children": [55,
								{
									"name": "1.2",
									"origin": [12.1, 10.1, 15.4],
									"children": [56,
										{
											"name": "1.3",
											"origin": [12.1, 10.1, 15.4],
											"children": [57,
												{
													"name": "1.4",
													"origin": [12.1, 10.1, 15.4],
													"children": [58,
														{
															"name": "mano",
															"origin": [12.1, 10.1, 15.4],
															"children": [59, 60,
																{
																	"name": "dedo1",
																	"origin": [12.1, 10.1, 15.4],
																	"children": [61,
																		{
																			"name": "dedo1.1",
																			"origin": [12.4, 10.7, 15.4],
																			"children": [62]
																		}
																	]
																},
																{
																	"name": "dedo2",
																	"origin": [12.4, 10.7, 15.4],
																	"children": [63,
																		{
																			"name": "dedo1.1",
																			"origin": [12.4, 10.7, 15.4],
																			"children": [64]
																		}
																	]
																},
																{
																	"name": "dedo3",
																	"origin": [12.7, 10.7, 15.4],
																	"children": [65,
																		{
																			"name": "dedo1.1",
																			"origin": [12.4, 10.7, 15.4],
																			"children": [66]
																		}
																	]
																},
																{
																	"name": "dedo4",
																	"origin": [12.8, 10.7, 15.8],
																	"children": [67]
																}
															]
														}
													]
												}
											]
										}
									]
								}
							]
						}
					]
				},
				{
					"name": "brazo2",
					"origin": [10.8, 18, 16],
					"children": [68,
						{
							"name": "1.1",
							"origin": [12.1, 16.6, 16],
							"children": [69,
								{
									"name": "1.2",
									"origin": [12.1, 10.1, 15.4],
									"children": [70,
										{
											"name": "1.3",
											"origin": [12.1, 10.1, 15.4],
											"children": [71,
												{
													"name": "1.4",
													"origin": [12.1, 10.1, 15.4],
													"children": [72,
														{
															"name": "mano",
															"origin": [12.1, 10.1, 15.4],
															"children": [73, 74,
																{
																	"name": "dedo1",
																	"origin": [12.1, 10.1, 15.4],
																	"children": [75,
																		{
																			"name": "dedo1.1",
																			"origin": [12.4, 10.7, 15.4],
																			"children": [76]
																		}
																	]
																},
																{
																	"name": "dedo2",
																	"origin": [12.4, 10.7, 15.4],
																	"children": [77,
																		{
																			"name": "dedo1.1",
																			"origin": [12.4, 10.7, 15.4],
																			"children": [78]
																		}
																	]
																},
																{
																	"name": "dedo3",
																	"origin": [12.7, 10.7, 15.4],
																	"children": [79,
																		{
																			"name": "dedo1.1",
																			"origin": [12.4, 10.7, 15.4],
																			"children": [80]
																		}
																	]
																},
																{
																	"name": "dedo4",
																	"origin": [12.8, 10.7, 15.8],
																	"children": [81]
																}
															]
														}
													]
												}
											]
										}
									]
								}
							]
						}
					]
				}
			]
		}
	]
}