{
	"credit": "Made with Blockbench",
	"texture_size": [32, 32],
	"textures": {
		"0": "6dt2_custom/6dt2_cartooncat/6dt2_cartooncat",
		"particle": "6dt2_custom/6dt2_cartooncat/6dt2_cartooncat"
	},
	"elements": [
		{
			"name": "pata",
			"from": [6.434, -1.27, 9.804],
			"to": [7.304, 3.08, 10.674],
			"rotation": {"angle": 22.5, "axis": "x", "origin": [20.354, 12.65, 22.854]},
			"faces": {
				"north": {"uv": [5.5, 3, 6, 4.5], "texture": "#0"},
				"east": {"uv": [0, 6, 0.5, 7.5], "texture": "#0"},
				"south": {"uv": [5.5, 3, 6, 4.5], "texture": "#0"},
				"west": {"uv": [2, 6, 2.5, 7.5], "texture": "#0"},
				"up": {"uv": [3, 4, 2.5, 3.5], "texture": "#0"},
				"down": {"uv": [3, 4, 2.5, 3.5], "texture": "#0"}
			}
		},
		{
			"name": "pata",
			"from": [6.434, -5.22, 8.104],
			"to": [7.304, -0.87, 8.974],
			"rotation": {"angle": 22.5, "axis": "x", "origin": [20.354, 8.7, 21.154]},
			"faces": {
				"north": {"uv": [2.5, 6, 3, 7.5], "texture": "#0"},
				"east": {"uv": [2.5, 6, 3, 7.5], "texture": "#0"},
				"south": {"uv": [2.5, 6, 3, 7.5], "texture": "#0"},
				"west": {"uv": [2.5, 6, 3, 7.5], "texture": "#0"},
				"up": {"uv": [2.5, 5, 2, 4.5], "texture": "#0"},
				"down": {"uv": [2.5, 5, 2, 4.5], "texture": "#0"}
			}
		},
		{
			"name": "pata",
			"from": [8.87, 8.53, 3.004],
			"to": [9.74, 12.88, 3.874],
			"rotation": {"angle": -22.5, "axis": "x", "origin": [22.79, 22.45, 16.054]},
			"faces": {
				"north": {"uv": [5.5, 3, 6, 4.5], "texture": "#0"},
				"east": {"uv": [5.5, 3, 6, 4.5], "texture": "#0"},
				"south": {"uv": [5.5, 3, 6, 4.5], "texture": "#0"},
				"west": {"uv": [5.5, 3, 6, 4.5], "texture": "#0"},
				"up": {"uv": [3, 4, 2.5, 3.5], "texture": "#0"},
				"down": {"uv": [3, 4, 2.5, 3.5], "texture": "#0"}
			}
		},
		{
			"name": "pata",
			"from": [8.87, 4.48, 4.704],
			"to": [9.74, 8.83, 5.574],
			"rotation": {"angle": -22.5, "axis": "x", "origin": [22.79, 18.4, 17.754]},
			"faces": {
				"north": {"uv": [2.5, 6, 3, 7.5], "texture": "#0"},
				"east": {"uv": [2.5, 6, 3, 7.5], "texture": "#0"},
				"south": {"uv": [2.5, 6, 3, 7.5], "texture": "#0"},
				"west": {"uv": [2.5, 6, 3, 7.5], "texture": "#0"},
				"up": {"uv": [2.5, 5, 2, 4.5], "texture": "#0"},
				"down": {"uv": [2.5, 5, 2, 4.5], "texture": "#0"}
			}
		},
		{
			"from": [5.912, 20.184, -1.192],
			"to": [10.262, 22.794, 1.07],
			"rotation": {"angle": -22.5, "axis": "x", "origin": [20.18, 34.104, 12.902]},
			"faces": {
				"north": {"uv": [3, 1, 4, 2], "texture": "#0"},
				"east": {"uv": [5.5, 0, 6, 1], "texture": "#0"},
				"south": {"uv": [3, 1, 4, 2], "texture": "#0"},
				"west": {"uv": [5.5, 4.5, 6, 5.5], "texture": "#0"},
				"up": {"uv": [5.5, 4.5, 4.5, 4], "texture": "#0"},
				"down": {"uv": [7.5, 3, 6.5, 3.5], "texture": "#0"}
			}
		},
		{
			"from": [5.564, 15.09, 0.808],
			"to": [10.61, 20.484, 3.07],
			"rotation": {"angle": -22.5, "axis": "x", "origin": [20.18, 29.01, 14.902]},
			"faces": {
				"north": {"uv": [0, 0, 1.5, 1.5], "texture": "#0"},
				"east": {"uv": [5, 6.5, 5.5, 8], "texture": "#0"},
				"south": {"uv": [0, 0, 1.5, 1.5], "texture": "#0"},
				"west": {"uv": [5.5, 6.5, 6, 8], "texture": "#0"},
				"up": {"uv": [3, 1.5, 1.5, 1], "texture": "#0"},
				"down": {"uv": [8, 6.5, 6.5, 7], "texture": "#0"}
			}
		},
		{
			"from": [5.912, 8.68, 7.082],
			"to": [10.262, 11.29, 8.996],
			"rotation": {"angle": 0, "axis": "y", "origin": [20.18, 22.6, 21.002]},
			"faces": {
				"north": {"uv": [1.5, 1.5, 3, 2.5], "texture": "#0"},
				"east": {"uv": [6.5, 3.5, 7, 4.5], "texture": "#0"},
				"south": {"uv": [1.5, 1.5, 3, 2.5], "texture": "#0"},
				"west": {"uv": [6.5, 4.5, 7, 5.5], "texture": "#0"},
				"up": {"uv": [8, 0.5, 6.5, 0], "texture": "#0"},
				"down": {"uv": [8, 0.5, 6.5, 1], "texture": "#0"}
			}
		},
		{
			"from": [4.86079, 24.01616, 4.704],
			"to": [6.25279, 25.40816, 5.748],
			"rotation": {"angle": 0, "axis": "x", "origin": [8.146, 18.558, 5.102]},
			"faces": {
				"north": {"uv": [11, 0, 11.5, 0.5], "rotation": 270, "texture": "#0"},
				"east": {"uv": [11.5, 3.5, 11, 3], "rotation": 90, "texture": "#0"},
				"south": {"uv": [11, 2, 11.5, 2.5], "rotation": 90, "texture": "#0"},
				"west": {"uv": [11.5, 3.5, 11, 4], "rotation": 90, "texture": "#0"},
				"up": {"uv": [11, 2.5, 11.5, 3], "rotation": 90, "texture": "#0"},
				"down": {"uv": [11, 0.5, 11.5, 1], "rotation": 90, "texture": "#0"}
			}
		},
		{
			"from": [4.56183, 25.03712, 5.052],
			"to": [5.25783, 26.08112, 5.4],
			"rotation": {"angle": 0, "axis": "x", "origin": [8.146, 18.558, 5.102]},
			"faces": {
				"north": {"uv": [11, 4, 11.5, 4.5], "rotation": 270, "texture": "#0"},
				"east": {"uv": [11.5, 7.5, 11, 7], "rotation": 90, "texture": "#0"},
				"south": {"uv": [11, 6, 11.5, 6.5], "rotation": 90, "texture": "#0"},
				"west": {"uv": [11.5, 7.5, 11, 8], "rotation": 90, "texture": "#0"},
				"up": {"uv": [11, 6.5, 11.5, 7], "rotation": 90, "texture": "#0"},
				"down": {"uv": [11, 4.5, 11.5, 5], "rotation": 90, "texture": "#0"}
			}
		},
		{
			"from": [9.79416, 23.91721, 4.704],
			"to": [11.18616, 25.30921, 5.748],
			"rotation": {"angle": 0, "axis": "x", "origin": [8.146, 18.558, 5.102]},
			"faces": {
				"north": {"uv": [11, 8.5, 11.5, 9], "texture": "#0"},
				"east": {"uv": [11, 10, 11.5, 10.5], "texture": "#0"},
				"south": {"uv": [11, 10.5, 11.5, 11], "texture": "#0"},
				"west": {"uv": [1, 11.5, 1.5, 12], "texture": "#0"},
				"up": {"uv": [2, 12, 1.5, 11.5], "texture": "#0"},
				"down": {"uv": [2.5, 11.5, 2, 12], "texture": "#0"}
			}
		},
		{
			"from": [10.78912, 24.86417, 5.052],
			"to": [11.48512, 25.90817, 5.4],
			"rotation": {"angle": 0, "axis": "x", "origin": [8.146, 18.558, 5.102]},
			"faces": {
				"north": {"uv": [2.5, 11.5, 3, 12], "texture": "#0"},
				"east": {"uv": [3, 11.5, 3.5, 12], "texture": "#0"},
				"south": {"uv": [4.5, 11.5, 5, 12], "texture": "#0"},
				"west": {"uv": [5, 11.5, 5.5, 12], "texture": "#0"},
				"up": {"uv": [6, 12, 5.5, 11.5], "texture": "#0"},
				"down": {"uv": [6.5, 11.5, 6, 12], "texture": "#0"}
			}
		},
		{
			"from": [5.042, 19.638, 3.138],
			"to": [5.912, 21.9, 7.14],
			"rotation": {"angle": 0, "axis": "x", "origin": [8.146, 18.558, 5.102]},
			"faces": {
				"north": {"uv": [6.5, 11.5, 7, 12], "texture": "#0"},
				"east": {"uv": [6.5, 5.5, 7.5, 6], "texture": "#0"},
				"south": {"uv": [7, 11.5, 7.5, 12], "texture": "#0"},
				"west": {"uv": [6.5, 6, 7.5, 6.5], "texture": "#0"},
				"up": {"uv": [7, 8, 6.5, 7], "texture": "#0"},
				"down": {"uv": [7.5, 7, 7, 8], "texture": "#0"}
			}
		},
		{
			"from": [6.782, 18.594, 4.356],
			"to": [9.392, 18.942, 5.922],
			"rotation": {"angle": 0, "axis": "x", "origin": [8.146, 18.558, 5.102]},
			"faces": {
				"north": {"uv": [7, 3.5, 8, 4], "texture": "#0"},
				"east": {"uv": [8.5, 11.5, 9, 12], "texture": "#0"},
				"south": {"uv": [7, 4, 8, 4.5], "texture": "#0"},
				"west": {"uv": [9, 11.5, 9.5, 12], "texture": "#0"},
				"up": {"uv": [8, 5, 7, 4.5], "texture": "#0"},
				"down": {"uv": [8, 5, 7, 5.5], "texture": "#0"}
			}
		},
		{
			"from": [5.912, 18.942, 3.138],
			"to": [10.262, 19.638, 7.14],
			"rotation": {"angle": 0, "axis": "x", "origin": [8.146, 18.558, 5.102]},
			"faces": {
				"north": {"uv": [6.5, 1, 8, 1.5], "texture": "#0"},
				"east": {"uv": [0, 7.5, 1, 8], "texture": "#0"},
				"south": {"uv": [6.5, 1.5, 8, 2], "texture": "#0"},
				"west": {"uv": [2, 7.5, 3, 8], "texture": "#0"},
				"up": {"uv": [3, 3.5, 1.5, 2.5], "texture": "#0"},
				"down": {"uv": [1.5, 3, 0, 4], "texture": "#0"}
			}
		},
		{
			"from": [10.088, 19.638, 3.138],
			"to": [10.958, 21.9, 7.14],
			"rotation": {"angle": 0, "axis": "x", "origin": [8.146, 18.558, 5.102]},
			"faces": {
				"north": {"uv": [6.5, 11.5, 7, 12], "texture": "#0"},
				"east": {"uv": [6.5, 6, 7.5, 6.5], "texture": "#0"},
				"south": {"uv": [7, 11.5, 7.5, 12], "texture": "#0"},
				"west": {"uv": [6.5, 5.5, 7.5, 6], "texture": "#0"},
				"up": {"uv": [7, 8, 6.5, 7], "texture": "#0"},
				"down": {"uv": [7.5, 7, 7, 8], "texture": "#0"}
			}
		},
		{
			"name": "pepe",
			"from": [5.912, 20.856, 3.138],
			"to": [10.088, 21.9, 7.14],
			"rotation": {"angle": 0, "axis": "x", "origin": [8.146, 18.558, 5.102]},
			"faces": {
				"north": {"uv": [7.5, 3, 8.5, 3.5], "texture": "#0"},
				"east": {"uv": [7.5, 7, 8.5, 7.5], "texture": "#0"},
				"south": {"uv": [0, 8, 1, 8.5], "texture": "#0"},
				"west": {"uv": [1, 8, 2, 8.5], "texture": "#0"},
				"up": {"uv": [2.5, 4.5, 1.5, 3.5], "texture": "#0"},
				"down": {"uv": [1, 4, 0, 5], "texture": "#0"}
			}
		},
		{
			"from": [5.912, 19.638, 4.008],
			"to": [10.088, 20.856, 7.14],
			"rotation": {"angle": 0, "axis": "x", "origin": [8.146, 18.558, 5.102]},
			"faces": {
				"north": {"uv": [2, 8, 3, 8.5], "texture": "#0"},
				"east": {"uv": [3, 8, 4, 8.5], "texture": "#0"},
				"south": {"uv": [4, 8, 5, 8.5], "texture": "#0"},
				"west": {"uv": [5, 8, 6, 8.5], "texture": "#0"},
				"up": {"uv": [3.5, 5, 2.5, 4], "texture": "#0"},
				"down": {"uv": [4.5, 4, 3.5, 5], "texture": "#0"}
			}
		},
		{
			"from": [10.262, 21.9, 3.486],
			"to": [10.784, 23.988, 6.792],
			"rotation": {"angle": 0, "axis": "x", "origin": [8.146, 18.558, 5.102]},
			"faces": {
				"north": {"uv": [11.5, 11.5, 12, 12], "texture": "#0"},
				"east": {"uv": [8, 2.5, 9, 3], "texture": "#0"},
				"south": {"uv": [11.5, 0, 12, 0.5], "texture": "#0"},
				"west": {"uv": [8, 2, 9, 2.5], "texture": "#0"},
				"up": {"uv": [8.5, 4.5, 8, 3.5], "texture": "#0"},
				"down": {"uv": [8.5, 4.5, 8, 5.5], "texture": "#0"}
			}
		},
		{
			"from": [5.216, 21.9, 3.486],
			"to": [5.738, 23.988, 6.792],
			"rotation": {"angle": 0, "axis": "x", "origin": [8.146, 18.558, 5.102]},
			"faces": {
				"north": {"uv": [11.5, 11.5, 12, 12], "texture": "#0"},
				"east": {"uv": [8, 2, 9, 2.5], "texture": "#0"},
				"south": {"uv": [11.5, 0, 12, 0.5], "texture": "#0"},
				"west": {"uv": [8, 2.5, 9, 3], "texture": "#0"},
				"up": {"uv": [8.5, 4.5, 8, 3.5], "texture": "#0"},
				"down": {"uv": [8.5, 4.5, 8, 5.5], "texture": "#0"}
			}
		},
		{
			"from": [5.738, 21.9, 6.27],
			"to": [10.436, 24.51, 6.792],
			"rotation": {"angle": 0, "axis": "x", "origin": [8.146, 18.558, 5.102]},
			"faces": {
				"north": {"uv": [4, 1, 5, 2], "texture": "#0"},
				"east": {"uv": [8, 5.5, 8.5, 6.5], "texture": "#0"},
				"south": {"uv": [4, 2, 5, 3], "texture": "#0"},
				"west": {"uv": [0, 8.5, 0.5, 9.5], "texture": "#0"},
				"up": {"uv": [9, 7, 8, 6.5], "texture": "#0"},
				"down": {"uv": [1.5, 8.5, 0.5, 9], "texture": "#0"}
			}
		},
		{
			"from": [7.652, 21.9, 3.486],
			"to": [8.348, 23.988, 6.618],
			"rotation": {"angle": 0, "axis": "x", "origin": [8.146, 18.558, 5.102]},
			"faces": {
				"north": {"uv": [11.5, 11.5, 12, 12], "texture": "#0"},
				"east": {"uv": [8, 2, 9, 2.5], "texture": "#0"},
				"south": {"uv": [11.5, 0, 12, 0.5], "texture": "#0"},
				"west": {"uv": [8, 2, 9, 2.5], "texture": "#0"},
				"up": {"uv": [8.5, 4.5, 8, 3.5], "texture": "#0"},
				"down": {"uv": [8.5, 4.5, 8, 5.5], "texture": "#0"}
			}
		},
		{
			"from": [7.652, 21.03, 2.964],
			"to": [8.522, 21.726, 3.312],
			"rotation": {"angle": 0, "axis": "x", "origin": [8.146, 18.558, 5.102]},
			"faces": {
				"north": {"uv": [11.5, 1.5, 12, 2], "texture": "#0"},
				"east": {"uv": [11.5, 2, 12, 2.5], "texture": "#0"},
				"south": {"uv": [11.5, 2.5, 12, 3], "texture": "#0"},
				"west": {"uv": [11.5, 3, 12, 3.5], "texture": "#0"},
				"up": {"uv": [12, 4, 11.5, 3.5], "texture": "#0"},
				"down": {"uv": [12, 4, 11.5, 4.5], "texture": "#0"}
			}
		},
		{
			"from": [5.564, 24.336, 3.486],
			"to": [10.436, 24.684, 6.792],
			"rotation": {"angle": 0, "axis": "x", "origin": [8.146, 18.558, 5.102]},
			"faces": {
				"north": {"uv": [6.5, 2, 8, 2.5], "texture": "#0"},
				"east": {"uv": [4.5, 8.5, 5.5, 9], "texture": "#0"},
				"south": {"uv": [6.5, 2.5, 8, 3], "texture": "#0"},
				"west": {"uv": [5.5, 8.5, 6.5, 9], "texture": "#0"},
				"up": {"uv": [4.5, 4, 3, 3], "texture": "#0"},
				"down": {"uv": [4.5, 0, 3, 1], "texture": "#0"}
			}
		},
		{
			"from": [6.434, 24.684, 3.66],
			"to": [9.74, 25.032, 6.618],
			"rotation": {"angle": 0, "axis": "x", "origin": [8.146, 18.558, 5.102]},
			"faces": {
				"north": {"uv": [6.5, 8.5, 7.5, 9], "texture": "#0"},
				"east": {"uv": [7.5, 8.5, 8.5, 9], "texture": "#0"},
				"south": {"uv": [8.5, 8.5, 9.5, 9], "texture": "#0"},
				"west": {"uv": [8.5, 0, 9.5, 0.5], "texture": "#0"},
				"up": {"uv": [2, 5.5, 1, 4.5], "texture": "#0"},
				"down": {"uv": [5.5, 4.5, 4.5, 5.5], "texture": "#0"}
			}
		},
		{
			"from": [5.216, 23.988, 3.486],
			"to": [6.086, 24.336, 6.792],
			"rotation": {"angle": 0, "axis": "x", "origin": [8.146, 18.558, 5.102]},
			"faces": {
				"north": {"uv": [11.5, 4.5, 12, 5], "texture": "#0"},
				"east": {"uv": [8.5, 0.5, 9.5, 1], "texture": "#0"},
				"south": {"uv": [11.5, 5, 12, 5.5], "texture": "#0"},
				"west": {"uv": [8.5, 1, 9.5, 1.5], "texture": "#0"},
				"up": {"uv": [9, 4, 8.5, 3], "texture": "#0"},
				"down": {"uv": [9, 4, 8.5, 5], "texture": "#0"}
			}
		},
		{
			"from": [7.478, 23.988, 3.486],
			"to": [8.522, 24.336, 6.792],
			"rotation": {"angle": 0, "axis": "x", "origin": [8.146, 18.558, 5.102]},
			"faces": {
				"north": {"uv": [11.5, 4.5, 12, 5], "texture": "#0"},
				"east": {"uv": [8.5, 1, 9.5, 1.5], "texture": "#0"},
				"south": {"uv": [11.5, 5, 12, 5.5], "texture": "#0"},
				"west": {"uv": [8.5, 1, 9.5, 1.5], "texture": "#0"},
				"up": {"uv": [9, 4, 8.5, 3], "texture": "#0"},
				"down": {"uv": [9, 4, 8.5, 5], "texture": "#0"}
			}
		},
		{
			"from": [9.914, 23.988, 3.486],
			"to": [10.784, 24.336, 6.792],
			"rotation": {"angle": 0, "axis": "x", "origin": [8.146, 18.558, 5.102]},
			"faces": {
				"north": {"uv": [11.5, 4.5, 12, 5], "texture": "#0"},
				"east": {"uv": [8.5, 1, 9.5, 1.5], "texture": "#0"},
				"south": {"uv": [11.5, 5, 12, 5.5], "texture": "#0"},
				"west": {"uv": [8.5, 1, 9.5, 1.5], "texture": "#0"},
				"up": {"uv": [9, 4, 8.5, 3], "texture": "#0"},
				"down": {"uv": [9, 4, 8.5, 5], "texture": "#0"}
			}
		},
		{
			"from": [5.73321, 19.57904, 3.138],
			"to": [6.27721, 20.10104, 6.966],
			"rotation": {"angle": 0, "axis": "x", "origin": [8.146, 18.558, 5.102]},
			"faces": {
				"north": {"uv": [11.5, 7.5, 12, 8], "texture": "#0"},
				"east": {"uv": [2.5, 9, 3.5, 9.5], "texture": "#0"},
				"south": {"uv": [11.5, 8, 12, 8.5], "texture": "#0"},
				"west": {"uv": [4.5, 9, 5.5, 9.5], "texture": "#0"},
				"up": {"uv": [6, 10, 5.5, 9], "texture": "#0"},
				"down": {"uv": [6.5, 9, 6, 10], "texture": "#0"}
			}
		},
		{
			"from": [9.86396, 19.52021, 3.138],
			"to": [10.40796, 20.04221, 6.966],
			"rotation": {"angle": 0, "axis": "x", "origin": [8.146, 18.558, 5.102]},
			"faces": {
				"north": {"uv": [11.5, 7.5, 12, 8], "texture": "#0"},
				"east": {"uv": [2.5, 9, 3.5, 9.5], "texture": "#0"},
				"south": {"uv": [11.5, 7.5, 12, 8], "texture": "#0"},
				"west": {"uv": [2.5, 9, 3.5, 9.5], "texture": "#0"},
				"up": {"uv": [2.5, 9, 3.5, 9.5], "texture": "#0"},
				"down": {"uv": [2.5, 9, 3.5, 9.5], "texture": "#0"}
			}
		},
		{
			"from": [5.738, 21.9, 3.834],
			"to": [10.262, 24.336, 6.618],
			"rotation": {"angle": 0, "axis": "x", "origin": [8.146, 18.558, 5.102]},
			"faces": {
				"north": {"uv": [4.5, 0, 5.5, 1], "texture": "#0"},
				"east": {"uv": [4.5, 3, 5.5, 4], "texture": "#0"},
				"south": {"uv": [0, 5, 1, 6], "texture": "#0"},
				"west": {"uv": [2, 5, 3, 6], "texture": "#0"},
				"up": {"uv": [4, 6, 3, 5], "texture": "#0"},
				"down": {"uv": [6, 1, 5, 2], "texture": "#0"}
			}
		},
		{
			"from": [5.912, 22.074, 3.66],
			"to": [7.478, 23.814, 3.834],
			"rotation": {"angle": 0, "axis": "x", "origin": [8.146, 18.558, 5.102]},
			"faces": {
				"north": {"uv": [11.5, 9.5, 12, 10], "texture": "#0"},
				"east": {"uv": [11.5, 10, 12, 10.5], "texture": "#0"},
				"south": {"uv": [11.5, 10.5, 12, 11], "texture": "#0"},
				"west": {"uv": [11.5, 11, 12, 11.5], "texture": "#0"},
				"up": {"uv": [0.5, 12.5, 0, 12], "texture": "#0"},
				"down": {"uv": [1, 12, 0.5, 12.5], "texture": "#0"}
			}
		},
		{
			"from": [6.26, 23.814, 3.66],
			"to": [7.304, 24.162, 3.834],
			"rotation": {"angle": 0, "axis": "x", "origin": [8.146, 18.558, 5.102]},
			"faces": {
				"north": {"uv": [1, 12, 1.5, 12.5], "texture": "#0"},
				"east": {"uv": [1.5, 12, 2, 12.5], "texture": "#0"},
				"south": {"uv": [2, 12, 2.5, 12.5], "texture": "#0"},
				"west": {"uv": [2.5, 12, 3, 12.5], "texture": "#0"},
				"up": {"uv": [3.5, 12.5, 3, 12], "texture": "#0"},
				"down": {"uv": [4, 12, 3.5, 12.5], "texture": "#0"}
			}
		},
		{
			"from": [8.522, 22.074, 3.66],
			"to": [10.088, 23.814, 3.834],
			"rotation": {"angle": 0, "axis": "x", "origin": [8.146, 18.558, 5.102]},
			"faces": {
				"north": {"uv": [11.5, 9.5, 12, 10], "texture": "#0"},
				"east": {"uv": [11.5, 10, 12, 10.5], "texture": "#0"},
				"south": {"uv": [11.5, 9.5, 12, 10], "texture": "#0"},
				"west": {"uv": [11.5, 10, 12, 10.5], "texture": "#0"},
				"up": {"uv": [0.5, 12.5, 0, 12], "texture": "#0"},
				"down": {"uv": [0.5, 12.5, 0, 12], "texture": "#0"}
			}
		},
		{
			"from": [8.696, 23.814, 3.66],
			"to": [9.74, 24.162, 3.834],
			"rotation": {"angle": 0, "axis": "x", "origin": [8.146, 18.558, 5.102]},
			"faces": {
				"north": {"uv": [1, 12, 1.5, 12.5], "texture": "#0"},
				"east": {"uv": [1.5, 12, 2, 12.5], "texture": "#0"},
				"south": {"uv": [1, 12, 1.5, 12.5], "texture": "#0"},
				"west": {"uv": [1.5, 12, 2, 12.5], "texture": "#0"},
				"up": {"uv": [3.5, 12.5, 3, 12], "texture": "#0"},
				"down": {"uv": [3.5, 12.5, 3, 12], "texture": "#0"}
			}
		},
		{
			"from": [6.434, 19.638, 3.312],
			"to": [9.866, 19.812, 6.966],
			"rotation": {"angle": 0, "axis": "x", "origin": [8.146, 18.558, 5.102]},
			"faces": {
				"north": {"uv": [9, 2, 10, 2.5], "texture": "#0"},
				"east": {"uv": [9, 2.5, 10, 3], "texture": "#0"},
				"south": {"uv": [9, 3, 10, 3.5], "texture": "#0"},
				"west": {"uv": [9, 3.5, 10, 4], "texture": "#0"},
				"up": {"uv": [6, 3, 5, 2], "texture": "#0"},
				"down": {"uv": [2, 5.5, 1, 6.5], "texture": "#0"}
			}
		},
		{
			"from": [6.03844, 19.56503, 3.312],
			"to": [6.48644, 20.13503, 6.966],
			"rotation": {"angle": 0, "axis": "x", "origin": [8.146, 18.558, 5.102]},
			"faces": {
				"north": {"uv": [10, 12, 10.5, 12.5], "rotation": 270, "texture": "#0"},
				"east": {"uv": [9.5, 6.5, 9, 5.5], "rotation": 90, "texture": "#0"},
				"south": {"uv": [10.5, 12, 11, 12.5], "rotation": 90, "texture": "#0"},
				"west": {"uv": [9.5, 6.5, 9, 7.5], "rotation": 90, "texture": "#0"},
				"up": {"uv": [9, 4.5, 10, 5], "rotation": 90, "texture": "#0"},
				"down": {"uv": [9, 4, 10, 4.5], "rotation": 90, "texture": "#0"}
			}
		},
		{
			"from": [5.64124, 19.70732, 3.312],
			"to": [6.16324, 20.75132, 6.966],
			"rotation": {"angle": 0, "axis": "x", "origin": [8.146, 18.558, 5.102]},
			"faces": {
				"north": {"uv": [11, 12, 11.5, 12.5], "texture": "#0"},
				"east": {"uv": [9, 7.5, 10, 8], "texture": "#0"},
				"south": {"uv": [11.5, 12, 12, 12.5], "texture": "#0"},
				"west": {"uv": [0, 9.5, 1, 10], "texture": "#0"},
				"up": {"uv": [1.5, 10.5, 1, 9.5], "texture": "#0"},
				"down": {"uv": [3, 9.5, 2.5, 10.5], "texture": "#0"}
			}
		},
		{
			"from": [9.72918, 19.79367, 3.312],
			"to": [10.17718, 20.16367, 6.966],
			"rotation": {"angle": 0, "axis": "x", "origin": [8.146, 18.558, 5.102]},
			"faces": {
				"north": {"uv": [10, 12, 10.5, 12.5], "rotation": 270, "texture": "#0"},
				"east": {"uv": [9.5, 6.5, 9, 5.5], "rotation": 90, "texture": "#0"},
				"south": {"uv": [12, 0, 12.5, 0.5], "rotation": 90, "texture": "#0"},
				"west": {"uv": [9.5, 6.5, 9, 5.5], "rotation": 90, "texture": "#0"},
				"up": {"uv": [9, 4, 10, 4.5], "rotation": 90, "texture": "#0"},
				"down": {"uv": [9, 4, 10, 4.5], "rotation": 90, "texture": "#0"}
			}
		},
		{
			"from": [9.94128, 19.88714, 3.312],
			"to": [10.63728, 20.75714, 6.966],
			"rotation": {"angle": 0, "axis": "x", "origin": [8.146, 18.558, 5.102]},
			"faces": {
				"north": {"uv": [11, 12, 11.5, 12.5], "texture": "#0"},
				"east": {"uv": [0, 9.5, 1, 10], "texture": "#0"},
				"south": {"uv": [11, 12, 11.5, 12.5], "texture": "#0"},
				"west": {"uv": [0, 9.5, 1, 10], "texture": "#0"},
				"up": {"uv": [1.5, 10.5, 1, 9.5], "texture": "#0"},
				"down": {"uv": [1.5, 10.5, 1, 9.5], "texture": "#0"}
			}
		},
		{
			"from": [5.912, 20.682, 3.312],
			"to": [10.088, 21.378, 6.966],
			"rotation": {"angle": 0, "axis": "x", "origin": [8.146, 18.558, 5.102]},
			"faces": {
				"north": {"uv": [9.5, 1, 10.5, 1.5], "texture": "#0"},
				"east": {"uv": [9.5, 1.5, 10.5, 2], "texture": "#0"},
				"south": {"uv": [9.5, 5, 10.5, 5.5], "texture": "#0"},
				"west": {"uv": [9.5, 5.5, 10.5, 6], "texture": "#0"},
				"up": {"uv": [5, 6.5, 4, 5.5], "texture": "#0"},
				"down": {"uv": [6, 5.5, 5, 6.5], "texture": "#0"}
			}
		},
		{
			"from": [7.13, 19.812, 3.486],
			"to": [7.478, 20.16, 6.966],
			"rotation": {"angle": 0, "axis": "x", "origin": [8.146, 18.558, 5.102]},
			"faces": {
				"north": {"uv": [12, 1.5, 12.5, 2], "texture": "#0"},
				"east": {"uv": [9.5, 6, 10.5, 6.5], "texture": "#0"},
				"south": {"uv": [12, 2, 12.5, 2.5], "texture": "#0"},
				"west": {"uv": [9.5, 6.5, 10.5, 7], "texture": "#0"},
				"up": {"uv": [10, 9, 9.5, 8], "texture": "#0"},
				"down": {"uv": [0.5, 10, 0, 11], "texture": "#0"}
			}
		},
		{
			"from": [7.13, 20.334, 3.486],
			"to": [7.478, 20.682, 6.966],
			"rotation": {"angle": 0, "axis": "x", "origin": [8.146, 18.558, 5.102]},
			"faces": {
				"north": {"uv": [12, 1.5, 12.5, 2], "texture": "#0"},
				"east": {"uv": [9.5, 6.5, 10.5, 7], "texture": "#0"},
				"south": {"uv": [12, 3, 12.5, 3.5], "texture": "#0"},
				"west": {"uv": [9.5, 6.5, 10.5, 7], "texture": "#0"},
				"up": {"uv": [9.5, 6.5, 10.5, 7], "texture": "#0"},
				"down": {"uv": [9.5, 6.5, 10.5, 7], "texture": "#0"}
			}
		},
		{
			"from": [7.652, 19.812, 3.486],
			"to": [8, 20.16, 6.966],
			"rotation": {"angle": 0, "axis": "x", "origin": [8.146, 18.558, 5.102]},
			"faces": {
				"north": {"uv": [12, 1.5, 12.5, 2], "texture": "#0"},
				"east": {"uv": [9.5, 6.5, 10.5, 7], "texture": "#0"},
				"south": {"uv": [12, 4, 12.5, 4.5], "texture": "#0"},
				"west": {"uv": [9.5, 6.5, 10.5, 7], "texture": "#0"},
				"up": {"uv": [9.5, 6.5, 10.5, 7], "texture": "#0"},
				"down": {"uv": [9.5, 6.5, 10.5, 7], "texture": "#0"}
			}
		},
		{
			"from": [8.174, 19.812, 3.486],
			"to": [8.522, 20.16, 6.966],
			"rotation": {"angle": 0, "axis": "x", "origin": [8.146, 18.558, 5.102]},
			"faces": {
				"north": {"uv": [12, 1.5, 12.5, 2], "texture": "#0"},
				"east": {"uv": [9.5, 6.5, 10.5, 7], "texture": "#0"},
				"south": {"uv": [12, 5, 12.5, 5.5], "texture": "#0"},
				"west": {"uv": [9.5, 6.5, 10.5, 7], "texture": "#0"},
				"up": {"uv": [9.5, 6.5, 10.5, 7], "texture": "#0"},
				"down": {"uv": [9.5, 6.5, 10.5, 7], "texture": "#0"}
			}
		},
		{
			"from": [8.696, 19.812, 3.486],
			"to": [9.044, 20.16, 6.966],
			"rotation": {"angle": 0, "axis": "x", "origin": [8.146, 18.558, 5.102]},
			"faces": {
				"north": {"uv": [12, 1.5, 12.5, 2], "texture": "#0"},
				"east": {"uv": [9.5, 6.5, 10.5, 7], "texture": "#0"},
				"south": {"uv": [12, 6, 12.5, 6.5], "texture": "#0"},
				"west": {"uv": [9.5, 6.5, 10.5, 7], "texture": "#0"},
				"up": {"uv": [9.5, 6.5, 10.5, 7], "texture": "#0"},
				"down": {"uv": [9.5, 6.5, 10.5, 7], "texture": "#0"}
			}
		},
		{
			"from": [6.608, 19.812, 3.486],
			"to": [6.956, 20.16, 6.966],
			"rotation": {"angle": 0, "axis": "x", "origin": [8.146, 18.558, 5.102]},
			"faces": {
				"north": {"uv": [12, 1.5, 12.5, 2], "texture": "#0"},
				"east": {"uv": [9.5, 6.5, 10.5, 7], "texture": "#0"},
				"south": {"uv": [12, 7, 12.5, 7.5], "texture": "#0"},
				"west": {"uv": [9.5, 6.5, 10.5, 7], "texture": "#0"},
				"up": {"uv": [9.5, 6.5, 10.5, 7], "texture": "#0"},
				"down": {"uv": [9.5, 6.5, 10.5, 7], "texture": "#0"}
			}
		},
		{
			"from": [6.608, 20.334, 3.486],
			"to": [6.956, 20.682, 6.966],
			"rotation": {"angle": 0, "axis": "x", "origin": [8.146, 18.558, 5.102]},
			"faces": {
				"north": {"uv": [12, 1.5, 12.5, 2], "texture": "#0"},
				"east": {"uv": [9.5, 6.5, 10.5, 7], "texture": "#0"},
				"south": {"uv": [12, 8, 12.5, 8.5], "texture": "#0"},
				"west": {"uv": [9.5, 6.5, 10.5, 7], "texture": "#0"},
				"up": {"uv": [9.5, 6.5, 10.5, 7], "texture": "#0"},
				"down": {"uv": [9.5, 6.5, 10.5, 7], "texture": "#0"}
			}
		},
		{
			"from": [7.652, 20.334, 3.486],
			"to": [8, 20.682, 6.966],
			"rotation": {"angle": 0, "axis": "x", "origin": [8.146, 18.558, 5.102]},
			"faces": {
				"north": {"uv": [12, 1.5, 12.5, 2], "texture": "#0"},
				"east": {"uv": [9.5, 6.5, 10.5, 7], "texture": "#0"},
				"south": {"uv": [12, 9, 12.5, 9.5], "texture": "#0"},
				"west": {"uv": [9.5, 6.5, 10.5, 7], "texture": "#0"},
				"up": {"uv": [9.5, 6.5, 10.5, 7], "texture": "#0"},
				"down": {"uv": [9.5, 6.5, 10.5, 7], "texture": "#0"}
			}
		},
		{
			"from": [8.174, 20.334, 3.486],
			"to": [8.522, 20.682, 6.966],
			"rotation": {"angle": 0, "axis": "x", "origin": [8.146, 18.558, 5.102]},
			"faces": {
				"north": {"uv": [12, 1.5, 12.5, 2], "texture": "#0"},
				"east": {"uv": [9.5, 6.5, 10.5, 7], "texture": "#0"},
				"south": {"uv": [12, 10, 12.5, 10.5], "texture": "#0"},
				"west": {"uv": [9.5, 6.5, 10.5, 7], "texture": "#0"},
				"up": {"uv": [9.5, 6.5, 10.5, 7], "texture": "#0"},
				"down": {"uv": [9.5, 6.5, 10.5, 7], "texture": "#0"}
			}
		},
		{
			"from": [8.696, 20.334, 3.486],
			"to": [9.044, 20.682, 6.966],
			"rotation": {"angle": 0, "axis": "x", "origin": [8.146, 18.558, 5.102]},
			"faces": {
				"north": {"uv": [12, 1.5, 12.5, 2], "texture": "#0"},
				"east": {"uv": [9.5, 6.5, 10.5, 7], "texture": "#0"},
				"south": {"uv": [12, 11, 12.5, 11.5], "texture": "#0"},
				"west": {"uv": [9.5, 6.5, 10.5, 7], "texture": "#0"},
				"up": {"uv": [9.5, 6.5, 10.5, 7], "texture": "#0"},
				"down": {"uv": [9.5, 6.5, 10.5, 7], "texture": "#0"}
			}
		},
		{
			"from": [9.218, 20.334, 3.486],
			"to": [9.566, 20.682, 6.966],
			"rotation": {"angle": 0, "axis": "x", "origin": [8.146, 18.558, 5.102]},
			"faces": {
				"north": {"uv": [12, 1.5, 12.5, 2], "texture": "#0"},
				"east": {"uv": [9.5, 6.5, 10.5, 7], "texture": "#0"},
				"south": {"uv": [0, 12.5, 0.5, 13], "texture": "#0"},
				"west": {"uv": [9.5, 6.5, 10.5, 7], "texture": "#0"},
				"up": {"uv": [9.5, 6.5, 10.5, 7], "texture": "#0"},
				"down": {"uv": [9.5, 6.5, 10.5, 7], "texture": "#0"}
			}
		},
		{
			"from": [6.086, 20.334, 3.486],
			"to": [6.434, 20.682, 6.966],
			"rotation": {"angle": 0, "axis": "x", "origin": [8.146, 18.558, 5.102]},
			"faces": {
				"north": {"uv": [12, 1.5, 12.5, 2], "texture": "#0"},
				"east": {"uv": [9.5, 6.5, 10.5, 7], "texture": "#0"},
				"south": {"uv": [1, 12.5, 1.5, 13], "texture": "#0"},
				"west": {"uv": [9.5, 6.5, 10.5, 7], "texture": "#0"},
				"up": {"uv": [9.5, 6.5, 10.5, 7], "texture": "#0"},
				"down": {"uv": [9.5, 6.5, 10.5, 7], "texture": "#0"}
			}
		},
		{
			"from": [9.74, 20.334, 3.486],
			"to": [10.088, 20.682, 6.966],
			"rotation": {"angle": 0, "axis": "x", "origin": [8.146, 18.558, 5.102]},
			"faces": {
				"north": {"uv": [12, 1.5, 12.5, 2], "texture": "#0"},
				"east": {"uv": [9.5, 6.5, 10.5, 7], "texture": "#0"},
				"south": {"uv": [2, 12.5, 2.5, 13], "texture": "#0"},
				"west": {"uv": [9.5, 6.5, 10.5, 7], "texture": "#0"},
				"up": {"uv": [9.5, 6.5, 10.5, 7], "texture": "#0"},
				"down": {"uv": [9.5, 6.5, 10.5, 7], "texture": "#0"}
			}
		},
		{
			"from": [9.218, 19.812, 3.486],
			"to": [9.566, 20.16, 6.966],
			"rotation": {"angle": 0, "axis": "x", "origin": [8.146, 18.558, 5.102]},
			"faces": {
				"north": {"uv": [12, 1.5, 12.5, 2], "texture": "#0"},
				"east": {"uv": [9.5, 6.5, 10.5, 7], "texture": "#0"},
				"south": {"uv": [3, 12.5, 3.5, 13], "texture": "#0"},
				"west": {"uv": [9.5, 6.5, 10.5, 7], "texture": "#0"},
				"up": {"uv": [9.5, 6.5, 10.5, 7], "texture": "#0"},
				"down": {"uv": [9.5, 6.5, 10.5, 7], "texture": "#0"}
			}
		},
		{
			"from": [4.842, 14.736, 5.13],
			"to": [5.886, 16.998, 6.174],
			"rotation": {"angle": -45, "axis": "z", "origin": [6.234, 16.537, 5.652]},
			"faces": {
				"north": {"uv": [3.5, 12.5, 4, 13], "texture": "#0"},
				"east": {"uv": [4, 12.5, 4.5, 13], "texture": "#0"},
				"south": {"uv": [4.5, 12.5, 5, 13], "texture": "#0"},
				"west": {"uv": [5, 12.5, 5.5, 13], "texture": "#0"},
				"up": {"uv": [6, 13, 5.5, 12.5], "texture": "#0"},
				"down": {"uv": [6.5, 12.5, 6, 13], "texture": "#0"}
			}
		},
		{
			"from": [4.468, 13.218, 5.13],
			"to": [5.512, 15.48, 6.174],
			"rotation": {"angle": -22.5, "axis": "z", "origin": [5.834, 17.237, 5.652]},
			"faces": {
				"north": {"uv": [6.5, 12.5, 7, 13], "texture": "#0"},
				"east": {"uv": [7, 12.5, 7.5, 13], "texture": "#0"},
				"south": {"uv": [7.5, 12.5, 8, 13], "texture": "#0"},
				"west": {"uv": [8, 12.5, 8.5, 13], "texture": "#0"},
				"up": {"uv": [9, 13, 8.5, 12.5], "texture": "#0"},
				"down": {"uv": [9.5, 12.5, 9, 13], "texture": "#0"}
			}
		},
		{
			"from": [3.002, 11.726, 3.53],
			"to": [4.046, 13.988, 4.574],
			"rotation": {"angle": -22.5, "axis": "x", "origin": [4.334, 18.037, 4.052]},
			"faces": {
				"north": {"uv": [9.5, 12.5, 10, 13], "texture": "#0"},
				"east": {"uv": [10, 12.5, 10.5, 13], "texture": "#0"},
				"south": {"uv": [10.5, 12.5, 11, 13], "texture": "#0"},
				"west": {"uv": [11, 12.5, 11.5, 13], "texture": "#0"},
				"up": {"uv": [12, 13, 11.5, 12.5], "texture": "#0"},
				"down": {"uv": [12.5, 12.5, 12, 13], "texture": "#0"}
			}
		},
		{
			"from": [3.002, 9.464, 3.53],
			"to": [4.046, 11.726, 4.574],
			"rotation": {"angle": -22.5, "axis": "x", "origin": [4.334, 18.037, 4.052]},
			"faces": {
				"north": {"uv": [12.5, 12.5, 13, 13], "texture": "#0"},
				"east": {"uv": [12.5, 0, 13, 0.5], "texture": "#0"},
				"south": {"uv": [12.5, 0.5, 13, 1], "texture": "#0"},
				"west": {"uv": [12.5, 1, 13, 1.5], "texture": "#0"},
				"up": {"uv": [13, 2, 12.5, 1.5], "texture": "#0"},
				"down": {"uv": [13, 2, 12.5, 2.5], "texture": "#0"}
			}
		},
		{
			"from": [3.002, 7.202, 3.53],
			"to": [4.046, 9.464, 4.574],
			"rotation": {"angle": -22.5, "axis": "x", "origin": [4.334, 18.037, 4.052]},
			"faces": {
				"north": {"uv": [12.5, 2.5, 13, 3], "texture": "#0"},
				"east": {"uv": [12.5, 3, 13, 3.5], "texture": "#0"},
				"south": {"uv": [12.5, 3.5, 13, 4], "texture": "#0"},
				"west": {"uv": [12.5, 4, 13, 4.5], "texture": "#0"},
				"up": {"uv": [13, 5, 12.5, 4.5], "texture": "#0"},
				"down": {"uv": [13, 5, 12.5, 5.5], "texture": "#0"}
			}
		},
		{
			"from": [2.704, 6.632, 3.182],
			"to": [4.444, 7.154, 4.922],
			"rotation": {"angle": -22.5, "axis": "x", "origin": [4.334, 18.037, 4.052]},
			"faces": {
				"north": {"uv": [12.5, 6, 13, 6.5], "texture": "#0"},
				"east": {"uv": [12.5, 6.5, 13, 7], "texture": "#0"},
				"south": {"uv": [12.5, 7, 13, 7.5], "texture": "#0"},
				"west": {"uv": [12.5, 5.5, 13, 6], "texture": "#0"},
				"up": {"uv": [13, 8, 12.5, 7.5], "rotation": 270, "texture": "#0"},
				"down": {"uv": [13, 8, 12.5, 8.5], "rotation": 90, "texture": "#0"}
			}
		},
		{
			"from": [2.878, 5.588, 3.356],
			"to": [4.27, 6.632, 4.748],
			"rotation": {"angle": -22.5, "axis": "x", "origin": [4.334, 18.037, 4.052]},
			"faces": {
				"north": {"uv": [12.5, 9, 13, 9.5], "texture": "#0"},
				"east": {"uv": [12.5, 9.5, 13, 10], "texture": "#0"},
				"south": {"uv": [12.5, 10, 13, 10.5], "texture": "#0"},
				"west": {"uv": [12.5, 8.5, 13, 9], "texture": "#0"},
				"up": {"uv": [13, 11, 12.5, 10.5], "rotation": 270, "texture": "#0"},
				"down": {"uv": [13, 11, 12.5, 11.5], "rotation": 90, "texture": "#0"}
			}
		},
		{
			"from": [2.704, 4.892, 4.4],
			"to": [3.052, 5.936, 4.748],
			"rotation": {"angle": -22.5, "axis": "x", "origin": [4.334, 18.037, 4.052]},
			"faces": {
				"north": {"uv": [0.5, 13, 1, 13.5], "texture": "#0"},
				"east": {"uv": [0, 13, 0.5, 13.5], "texture": "#0"},
				"south": {"uv": [0.5, 13, 1, 13.5], "texture": "#0"},
				"west": {"uv": [12.5, 11.5, 13, 12], "texture": "#0"},
				"up": {"uv": [1.5, 13.5, 1, 13], "rotation": 270, "texture": "#0"},
				"down": {"uv": [2, 13, 1.5, 13.5], "rotation": 90, "texture": "#0"}
			}
		},
		{
			"from": [2.704, 4.196, 4.4],
			"to": [3.052, 4.892, 4.748],
			"rotation": {"angle": -22.5, "axis": "x", "origin": [4.334, 18.037, 4.052]},
			"faces": {
				"north": {"uv": [2.5, 13, 3, 13.5], "texture": "#0"},
				"east": {"uv": [3, 13, 3.5, 13.5], "texture": "#0"},
				"south": {"uv": [3.5, 13, 4, 13.5], "texture": "#0"},
				"west": {"uv": [2, 13, 2.5, 13.5], "texture": "#0"},
				"up": {"uv": [4.5, 13.5, 4, 13], "rotation": 270, "texture": "#0"},
				"down": {"uv": [5, 13, 4.5, 13.5], "rotation": 90, "texture": "#0"}
			}
		},
		{
			"from": [2.704, 4.892, 3.878],
			"to": [3.052, 5.936, 4.226],
			"rotation": {"angle": -22.5, "axis": "x", "origin": [4.334, 18.037, 4.052]},
			"faces": {
				"north": {"uv": [0.5, 13, 1, 13.5], "texture": "#0"},
				"east": {"uv": [0, 13, 0.5, 13.5], "texture": "#0"},
				"south": {"uv": [0.5, 13, 1, 13.5], "texture": "#0"},
				"west": {"uv": [12.5, 11.5, 13, 12], "texture": "#0"},
				"up": {"uv": [1.5, 13.5, 1, 13], "rotation": 270, "texture": "#0"},
				"down": {"uv": [2, 13, 1.5, 13.5], "rotation": 90, "texture": "#0"}
			}
		},
		{
			"from": [2.704, 4.196, 3.878],
			"to": [3.052, 4.892, 4.226],
			"rotation": {"angle": -22.5, "axis": "x", "origin": [4.334, 18.037, 4.052]},
			"faces": {
				"north": {"uv": [3.5, 13, 4, 13.5], "texture": "#0"},
				"east": {"uv": [2, 13, 2.5, 13.5], "texture": "#0"},
				"south": {"uv": [3.5, 13, 4, 13.5], "texture": "#0"},
				"west": {"uv": [2, 13, 2.5, 13.5], "texture": "#0"},
				"up": {"uv": [4.5, 13.5, 4, 13], "rotation": 270, "texture": "#0"},
				"down": {"uv": [5, 13, 4.5, 13.5], "rotation": 90, "texture": "#0"}
			}
		},
		{
			"from": [2.704, 4.892, 3.356],
			"to": [3.052, 5.936, 3.704],
			"rotation": {"angle": -22.5, "axis": "x", "origin": [4.334, 18.037, 4.052]},
			"faces": {
				"north": {"uv": [0.5, 13, 1, 13.5], "texture": "#0"},
				"east": {"uv": [0, 13, 0.5, 13.5], "texture": "#0"},
				"south": {"uv": [0.5, 13, 1, 13.5], "texture": "#0"},
				"west": {"uv": [12.5, 11.5, 13, 12], "texture": "#0"},
				"up": {"uv": [1.5, 13.5, 1, 13], "rotation": 270, "texture": "#0"},
				"down": {"uv": [2, 13, 1.5, 13.5], "rotation": 90, "texture": "#0"}
			}
		},
		{
			"from": [2.704, 4.196, 3.356],
			"to": [3.052, 4.892, 3.704],
			"rotation": {"angle": -22.5, "axis": "x", "origin": [4.334, 18.037, 4.052]},
			"faces": {
				"north": {"uv": [3.5, 13, 4, 13.5], "texture": "#0"},
				"east": {"uv": [2, 13, 2.5, 13.5], "texture": "#0"},
				"south": {"uv": [3.5, 13, 4, 13.5], "texture": "#0"},
				"west": {"uv": [2, 13, 2.5, 13.5], "texture": "#0"},
				"up": {"uv": [4.5, 13.5, 4, 13], "rotation": 270, "texture": "#0"},
				"down": {"uv": [5, 13, 4.5, 13.5], "rotation": 90, "texture": "#0"}
			}
		},
		{
			"from": [3.4, 4.892, 3.182],
			"to": [3.922, 5.936, 3.53],
			"rotation": {"angle": -22.5, "axis": "x", "origin": [4.334, 18.037, 4.052]},
			"faces": {
				"north": {"uv": [13, 4, 13.5, 4.5], "texture": "#0"},
				"east": {"uv": [13, 4.5, 13.5, 5], "texture": "#0"},
				"south": {"uv": [13, 5, 13.5, 5.5], "texture": "#0"},
				"west": {"uv": [13, 3.5, 13.5, 4], "texture": "#0"},
				"up": {"uv": [13.5, 6, 13, 5.5], "rotation": 270, "texture": "#0"},
				"down": {"uv": [13.5, 6, 13, 6.5], "rotation": 90, "texture": "#0"}
			}
		},
		{
			"from": [10.114, 14.736, 5.23],
			"to": [11.158, 16.998, 6.274],
			"rotation": {"angle": 45, "axis": "z", "origin": [9.766, 16.537, 5.752]},
			"faces": {
				"north": {"uv": [4, 12.5, 3.5, 13], "texture": "#0"},
				"east": {"uv": [5.5, 12.5, 5, 13], "texture": "#0"},
				"south": {"uv": [5, 12.5, 4.5, 13], "texture": "#0"},
				"west": {"uv": [4.5, 12.5, 4, 13], "texture": "#0"},
				"up": {"uv": [5.5, 13, 6, 12.5], "texture": "#0"},
				"down": {"uv": [6, 12.5, 6.5, 13], "texture": "#0"}
			}
		},
		{
			"from": [10.188, 12.518, 5.23],
			"to": [11.232, 14.78, 6.274],
			"rotation": {"angle": 45, "axis": "z", "origin": [9.866, 16.537, 5.752]},
			"faces": {
				"north": {"uv": [7, 12.5, 6.5, 13], "texture": "#0"},
				"east": {"uv": [8.5, 12.5, 8, 13], "texture": "#0"},
				"south": {"uv": [8, 12.5, 7.5, 13], "texture": "#0"},
				"west": {"uv": [7.5, 12.5, 7, 13], "texture": "#0"},
				"up": {"uv": [8.5, 13, 9, 12.5], "texture": "#0"},
				"down": {"uv": [9, 12.5, 9.5, 13], "texture": "#0"}
			}
		},
		{
			"from": [10.154, 10.326, 5.23],
			"to": [11.198, 12.588, 6.274],
			"rotation": {"angle": 45, "axis": "z", "origin": [9.866, 16.637, 5.752]},
			"faces": {
				"north": {"uv": [10, 12.5, 9.5, 13], "texture": "#0"},
				"east": {"uv": [11.5, 12.5, 11, 13], "texture": "#0"},
				"south": {"uv": [11, 12.5, 10.5, 13], "texture": "#0"},
				"west": {"uv": [10.5, 12.5, 10, 13], "texture": "#0"},
				"up": {"uv": [11.5, 13, 12, 12.5], "texture": "#0"},
				"down": {"uv": [12, 12.5, 12.5, 13], "texture": "#0"}
			}
		},
		{
			"from": [10.154, 8.064, 5.23],
			"to": [11.198, 10.326, 6.274],
			"rotation": {"angle": 45, "axis": "z", "origin": [9.866, 16.637, 5.752]},
			"faces": {
				"north": {"uv": [13, 12.5, 12.5, 13], "texture": "#0"},
				"east": {"uv": [13, 1, 12.5, 1.5], "texture": "#0"},
				"south": {"uv": [13, 0.5, 12.5, 1], "texture": "#0"},
				"west": {"uv": [13, 0, 12.5, 0.5], "texture": "#0"},
				"up": {"uv": [12.5, 2, 13, 1.5], "texture": "#0"},
				"down": {"uv": [12.5, 2, 13, 2.5], "texture": "#0"}
			}
		},
		{
			"from": [6.981, 3.153, 5.145],
			"to": [8.547, 6.546, 6.711],
			"rotation": {"angle": 45, "axis": "z", "origin": [6.549, 19.4055, 5.928]},
			"faces": {
				"north": {"uv": [13, 2.5, 12.5, 3], "texture": "#0"},
				"east": {"uv": [13, 4, 12.5, 4.5], "texture": "#0"},
				"south": {"uv": [13, 3.5, 12.5, 4], "texture": "#0"},
				"west": {"uv": [13, 3, 12.5, 3.5], "texture": "#0"},
				"up": {"uv": [12.5, 5, 13, 4.5], "texture": "#0"},
				"down": {"uv": [12.5, 5, 13, 5.5], "texture": "#0"}
			}
		},
		{
			"from": [6.384, 2.298, 4.623],
			"to": [8.994, 3.081, 7.233],
			"rotation": {"angle": 45, "axis": "z", "origin": [6.549, 19.4055, 5.928]},
			"faces": {
				"north": {"uv": [13, 6, 12.5, 6.5], "texture": "#0"},
				"east": {"uv": [13, 5.5, 12.5, 6], "texture": "#0"},
				"south": {"uv": [13, 7, 12.5, 7.5], "texture": "#0"},
				"west": {"uv": [13, 6.5, 12.5, 7], "texture": "#0"},
				"up": {"uv": [13, 7.5, 12.5, 8], "rotation": 270, "texture": "#0"},
				"down": {"uv": [13, 8.5, 12.5, 8], "rotation": 90, "texture": "#0"}
			}
		},
		{
			"from": [6.645, 0.732, 4.884],
			"to": [8.733, 2.298, 6.972],
			"rotation": {"angle": 45, "axis": "z", "origin": [6.549, 19.4055, 5.928]},
			"faces": {
				"north": {"uv": [13, 9, 12.5, 9.5], "texture": "#0"},
				"east": {"uv": [13, 8.5, 12.5, 9], "texture": "#0"},
				"south": {"uv": [13, 10, 12.5, 10.5], "texture": "#0"},
				"west": {"uv": [13, 9.5, 12.5, 10], "texture": "#0"},
				"up": {"uv": [13, 10.5, 12.5, 11], "rotation": 270, "texture": "#0"},
				"down": {"uv": [13, 11.5, 12.5, 11], "rotation": 90, "texture": "#0"}
			}
		},
		{
			"from": [8.472, -0.312, 6.45],
			"to": [8.994, 1.254, 6.972],
			"rotation": {"angle": 45, "axis": "z", "origin": [6.549, 19.4055, 5.928]},
			"faces": {
				"north": {"uv": [1, 13, 0.5, 13.5], "texture": "#0"},
				"east": {"uv": [13, 11.5, 12.5, 12], "texture": "#0"},
				"south": {"uv": [1, 13, 0.5, 13.5], "texture": "#0"},
				"west": {"uv": [0.5, 13, 0, 13.5], "texture": "#0"},
				"up": {"uv": [1.5, 13, 1, 13.5], "rotation": 270, "texture": "#0"},
				"down": {"uv": [2, 13.5, 1.5, 13], "rotation": 90, "texture": "#0"}
			}
		},
		{
			"from": [8.472, -1.356, 6.45],
			"to": [8.994, -0.312, 6.972],
			"rotation": {"angle": 45, "axis": "z", "origin": [6.549, 19.4055, 5.928]},
			"faces": {
				"north": {"uv": [3, 13, 2.5, 13.5], "texture": "#0"},
				"east": {"uv": [2.5, 13, 2, 13.5], "texture": "#0"},
				"south": {"uv": [4, 13, 3.5, 13.5], "texture": "#0"},
				"west": {"uv": [3.5, 13, 3, 13.5], "texture": "#0"},
				"up": {"uv": [4.5, 13, 4, 13.5], "rotation": 270, "texture": "#0"},
				"down": {"uv": [5, 13.5, 4.5, 13], "rotation": 90, "texture": "#0"}
			}
		},
		{
			"from": [8.472, -0.312, 5.667],
			"to": [8.994, 1.254, 6.189],
			"rotation": {"angle": 45, "axis": "z", "origin": [6.549, 19.4055, 5.928]},
			"faces": {
				"north": {"uv": [1, 13, 0.5, 13.5], "texture": "#0"},
				"east": {"uv": [13, 11.5, 12.5, 12], "texture": "#0"},
				"south": {"uv": [1, 13, 0.5, 13.5], "texture": "#0"},
				"west": {"uv": [0.5, 13, 0, 13.5], "texture": "#0"},
				"up": {"uv": [1.5, 13, 1, 13.5], "rotation": 270, "texture": "#0"},
				"down": {"uv": [2, 13.5, 1.5, 13], "rotation": 90, "texture": "#0"}
			}
		},
		{
			"from": [8.472, -1.356, 5.667],
			"to": [8.994, -0.312, 6.189],
			"rotation": {"angle": 45, "axis": "z", "origin": [6.549, 19.4055, 5.928]},
			"faces": {
				"north": {"uv": [4, 13, 3.5, 13.5], "texture": "#0"},
				"east": {"uv": [2.5, 13, 2, 13.5], "texture": "#0"},
				"south": {"uv": [4, 13, 3.5, 13.5], "texture": "#0"},
				"west": {"uv": [2.5, 13, 2, 13.5], "texture": "#0"},
				"up": {"uv": [4.5, 13, 4, 13.5], "rotation": 270, "texture": "#0"},
				"down": {"uv": [5, 13.5, 4.5, 13], "rotation": 90, "texture": "#0"}
			}
		},
		{
			"from": [8.472, -0.312, 4.884],
			"to": [8.994, 1.254, 5.406],
			"rotation": {"angle": 45, "axis": "z", "origin": [6.549, 19.4055, 5.928]},
			"faces": {
				"north": {"uv": [1, 13, 0.5, 13.5], "texture": "#0"},
				"east": {"uv": [13, 11.5, 12.5, 12], "texture": "#0"},
				"south": {"uv": [1, 13, 0.5, 13.5], "texture": "#0"},
				"west": {"uv": [0.5, 13, 0, 13.5], "texture": "#0"},
				"up": {"uv": [1.5, 13, 1, 13.5], "rotation": 270, "texture": "#0"},
				"down": {"uv": [2, 13.5, 1.5, 13], "rotation": 90, "texture": "#0"}
			}
		},
		{
			"from": [8.472, -1.356, 4.884],
			"to": [8.994, -0.312, 5.406],
			"rotation": {"angle": 45, "axis": "z", "origin": [6.549, 19.4055, 5.928]},
			"faces": {
				"north": {"uv": [4, 13, 3.5, 13.5], "texture": "#0"},
				"east": {"uv": [2.5, 13, 2, 13.5], "texture": "#0"},
				"south": {"uv": [4, 13, 3.5, 13.5], "texture": "#0"},
				"west": {"uv": [2.5, 13, 2, 13.5], "texture": "#0"},
				"up": {"uv": [4.5, 13, 4, 13.5], "rotation": 270, "texture": "#0"},
				"down": {"uv": [5, 13.5, 4.5, 13], "rotation": 90, "texture": "#0"}
			}
		},
		{
			"from": [7.167, -0.312, 4.623],
			"to": [7.95, 1.254, 5.145],
			"rotation": {"angle": 45, "axis": "z", "origin": [6.549, 19.4055, 5.928]},
			"faces": {
				"north": {"uv": [13.5, 4, 13, 4.5], "texture": "#0"},
				"east": {"uv": [13.5, 3.5, 13, 4], "texture": "#0"},
				"south": {"uv": [13.5, 5, 13, 5.5], "texture": "#0"},
				"west": {"uv": [13.5, 4.5, 13, 5], "texture": "#0"},
				"up": {"uv": [13.5, 5.5, 13, 6], "rotation": 270, "texture": "#0"},
				"down": {"uv": [13.5, 6.5, 13, 6], "rotation": 90, "texture": "#0"}
			}
		}
	],
	"display": {
		"head": {
			"translation": [0, -20.5, 1.5],
			"scale": [2.8418, 3.08008, 3.68164]
		}
	},
	"groups": [
		{
			"name": "todo",
			"origin": [8, 8, 8],
			"children": [
				{
					"name": "pata1",
					"origin": [13, 8, 16],
					"children": [0, 1]
				},
				{
					"name": "pata2",
					"origin": [13, 8, 16],
					"children": [2, 3]
				},
				{
					"name": "cuerpo",
					"origin": [13, 13, 16.2],
					"children": [4, 5, 6]
				},
				{
					"name": "cabeza",
					"origin": [13, 19.8, 16.2],
					"children": [
						{
							"name": "oreja1",
							"origin": [12.3, 17, 16.5],
							"children": [7, 8]
						},
						{
							"name": "oreja2",
							"origin": [12.3, 17, 16.5],
							"children": [9, 10]
						}, 11, 12, 13, 14, 15, 16, 17, 18, 19, 20, 21, 22, 23, 24, 25, 26, 27, 28, 29, 30, 31, 32, 33, 34, 35, 36, 37, 38, 39, 40, 41, 42, 43, 44, 45, 46, 47, 48, 49, 50, 51, 52, 53]
				},
				{
					"name": "brazo1",
					"origin": [10.8, 18, 16],
					"children": [54,
						{
							"name": "1.1",
							"origin": [12.1, 16.6, 16],
							"children": [55,
								{
									"name": "1.2",
									"origin": [12.1, 10.1, 15.4],
									"children": [56,
										{
											"name": "1.3",
											"origin": [12.1, 10.1, 15.4],
											"children": [57,
												{
													"name": "1.4",
													"origin": [12.1, 10.1, 15.4],
													"children": [58,
														{
															"name": "mano",
															"origin": [12.1, 10.1, 15.4],
															"children": [59, 60,
																{
																	"name": "dedo1",
																	"origin": [12.1, 10.1, 15.4],
																	"children": [61,
																		{
																			"name": "dedo1.1",
																			"origin": [12.4, 10.7, 15.4],
																			"children": [62]
																		}
																	]
																},
																{
																	"name": "dedo2",
																	"origin": [12.4, 10.7, 15.4],
																	"children": [63,
																		{
																			"name": "dedo1.1",
																			"origin": [12.4, 10.7, 15.4],
																			"children": [64]
																		}
																	]
																},
																{
																	"name": "dedo3",
																	"origin": [12.7, 10.7, 15.4],
																	"children": [65,
																		{
																			"name": "dedo1.1",
																			"origin": [12.4, 10.7, 15.4],
																			"children": [66]
																		}
																	]
																},
																{
																	"name": "dedo4",
																	"origin": [12.8, 10.7, 15.8],
																	"children": [67]
																}
															]
														}
													]
												}
											]
										}
									]
								}
							]
						}
					]
				},
				{
					"name": "brazo2",
					"origin": [10.8, 18, 16],
					"children": [68,
						{
							"name": "1.1",
							"origin": [12.1, 16.6, 16],
							"children": [69,
								{
									"name": "1.2",
									"origin": [12.1, 10.1, 15.4],
									"children": [70,
										{
											"name": "1.3",
											"origin": [12.1, 10.1, 15.4],
											"children": [71,
												{
													"name": "1.4",
													"origin": [12.1, 10.1, 15.4],
													"children": [72,
														{
															"name": "mano",
															"origin": [12.1, 10.1, 15.4],
															"children": [73, 74,
																{
																	"name": "dedo1",
																	"origin": [12.1, 10.1, 15.4],
																	"children": [75,
																		{
																			"name": "dedo1.1",
																			"origin": [12.4, 10.7, 15.4],
																			"children": [76]
																		}
																	]
																},
																{
																	"name": "dedo2",
																	"origin": [12.4, 10.7, 15.4],
																	"children": [77,
																		{
																			"name": "dedo1.1",
																			"origin": [12.4, 10.7, 15.4],
																			"children": [78]
																		}
																	]
																},
																{
																	"name": "dedo3",
																	"origin": [12.7, 10.7, 15.4],
																	"children": [79,
																		{
																			"name": "dedo1.1",
																			"origin": [12.4, 10.7, 15.4],
																			"children": [80]
																		}
																	]
																},
																{
																	"name": "dedo4",
																	"origin": [12.8, 10.7, 15.8],
																	"children": [81]
																}
															]
														}
													]
												}
											]
										}
									]
								}
							]
						}
					]
				}
			]
		}
	]
}