{
	"credit": "Made with Blockbench",
	"texture_size": [32, 32],
	"textures": {
		"0": "6dt2_custom/6dt2_cartooncat/6dt2_cartooncat",
		"particle": "6dt2_custom/6dt2_cartooncat/6dt2_cartooncat"
	},
	"elements": [
		{
			"name": "pata",
			"from": [6.93512, 4.94376, 31.31106],
			"to": [7.52672, 7.90176, 31.90266],
			"rotation": {"angle": 22.5, "axis": "x", "origin": [8.06644, 7.96657, 26.97065]},
			"faces": {
				"north": {"uv": [5.5, 3, 6, 4.5], "texture": "#0"},
				"east": {"uv": [0, 6, 0.5, 7.5], "texture": "#0"},
				"south": {"uv": [5.5, 3, 6, 4.5], "texture": "#0"},
				"west": {"uv": [2, 6, 2.5, 7.5], "texture": "#0"},
				"up": {"uv": [3, 4, 2.5, 3.5], "texture": "#0"},
				"down": {"uv": [3, 4, 2.5, 3.5], "texture": "#0"}
			}
		},
		{
			"name": "pata",
			"from": [6.93512, 0.2464, 29.84672],
			"to": [7.52672, 3.5444, 30.43832],
			"rotation": {"angle": 0, "axis": "x", "origin": [8.06644, 7.96657, 26.97065]},
			"faces": {
				"north": {"uv": [2.5, 6, 3, 7.5], "texture": "#0"},
				"east": {"uv": [2.5, 6, 3, 7.5], "texture": "#0"},
				"south": {"uv": [2.5, 6, 3, 7.5], "texture": "#0"},
				"west": {"uv": [2.5, 6, 3, 7.5], "texture": "#0"},
				"up": {"uv": [2.5, 5, 2, 4.5], "texture": "#0"},
				"down": {"uv": [2.5, 5, 2, 4.5], "texture": "#0"}
			}
		},
		{
			"name": "pata",
			"from": [8.5916, 4.91774, 31.24823],
			"to": [9.1832, 7.87574, 31.83983],
			"rotation": {"angle": 22.5, "axis": "x", "origin": [8.06644, 7.96657, 26.97065]},
			"faces": {
				"north": {"uv": [5.5, 3, 6, 4.5], "texture": "#0"},
				"east": {"uv": [5.5, 3, 6, 4.5], "texture": "#0"},
				"south": {"uv": [5.5, 3, 6, 4.5], "texture": "#0"},
				"west": {"uv": [5.5, 3, 6, 4.5], "texture": "#0"},
				"up": {"uv": [3, 4, 2.5, 3.5], "texture": "#0"},
				"down": {"uv": [3, 4, 2.5, 3.5], "texture": "#0"}
			}
		},
		{
			"name": "pata",
			"from": [8.5916, 0.2464, 29.71072],
			"to": [9.1832, 3.4764, 30.30232],
			"rotation": {"angle": 0, "axis": "x", "origin": [8.06644, 7.96657, 26.97065]},
			"faces": {
				"north": {"uv": [2.5, 6, 3, 7.5], "texture": "#0"},
				"east": {"uv": [2.5, 6, 3, 7.5], "texture": "#0"},
				"south": {"uv": [2.5, 6, 3, 7.5], "texture": "#0"},
				"west": {"uv": [2.5, 6, 3, 7.5], "texture": "#0"},
				"up": {"uv": [2.5, 5, 2, 4.5], "texture": "#0"},
				"down": {"uv": [2.5, 5, 2, 4.5], "texture": "#0"}
			}
		},
		{
			"from": [6.58016, 8.22349, 28.86805],
			"to": [9.53816, 9.99829, 30.40621],
			"rotation": {"angle": -22.5, "axis": "x", "origin": [8.06644, 7.96657, 26.97065]},
			"faces": {
				"north": {"uv": [3, 1, 4, 2], "texture": "#0"},
				"east": {"uv": [5.5, 0, 6, 1], "texture": "#0"},
				"south": {"uv": [3, 1, 4, 2], "texture": "#0"},
				"west": {"uv": [5.5, 4.5, 6, 5.5], "texture": "#0"},
				"up": {"uv": [5.5, 4.5, 4.5, 4], "texture": "#0"},
				"down": {"uv": [7.5, 3, 6.5, 3.5], "texture": "#0"}
			}
		},
		{
			"from": [6.34352, 4.58316, 28.78454],
			"to": [9.7748, 8.25108, 30.3227],
			"rotation": {"angle": -45, "axis": "x", "origin": [8.06644, 7.96657, 26.97065]},
			"faces": {
				"north": {"uv": [0, 0, 1.5, 1.5], "texture": "#0"},
				"east": {"uv": [5, 6.5, 5.5, 8], "texture": "#0"},
				"south": {"uv": [0, 0, 1.5, 1.5], "texture": "#0"},
				"west": {"uv": [5.5, 6.5, 6, 8], "texture": "#0"},
				"up": {"uv": [3, 1.5, 1.5, 1], "texture": "#0"},
				"down": {"uv": [8, 6.5, 6.5, 7], "texture": "#0"}
			}
		},
		{
			"from": [6.58016, 6.1624, 30.44376],
			"to": [9.53816, 7.9372, 31.74528],
			"rotation": {"angle": 0, "axis": "y", "origin": [8.06644, 7.96657, 26.97065]},
			"faces": {
				"north": {"uv": [1.5, 1.5, 3, 2.5], "texture": "#0"},
				"east": {"uv": [6.5, 3.5, 7, 4.5], "texture": "#0"},
				"south": {"uv": [1.5, 1.5, 3, 2.5], "texture": "#0"},
				"west": {"uv": [6.5, 4.5, 7, 5.5], "texture": "#0"},
				"up": {"uv": [8, 0.5, 6.5, 0], "texture": "#0"},
				"down": {"uv": [8, 0.5, 6.5, 1], "texture": "#0"}
			}
		},
		{
			"from": [4.83109, 13.29921, 28.95236],
			"to": [6.25411, 14.72223, 30.01963],
			"rotation": {"angle": 0, "axis": "y", "origin": [8.06644, 8.36657, 26.97065]},
			"faces": {
				"north": {"uv": [11, 0, 11.5, 0.5], "rotation": 270, "texture": "#0"},
				"east": {"uv": [11.5, 3.5, 11, 3], "rotation": 90, "texture": "#0"},
				"south": {"uv": [11, 2, 11.5, 2.5], "rotation": 90, "texture": "#0"},
				"west": {"uv": [11.5, 3.5, 11, 4], "rotation": 90, "texture": "#0"},
				"up": {"uv": [11, 2.5, 11.5, 3], "rotation": 90, "texture": "#0"},
				"down": {"uv": [11, 0.5, 11.5, 1], "rotation": 90, "texture": "#0"}
			}
		},
		{
			"from": [4.52547, 14.34293, 29.30812],
			"to": [5.23698, 15.41019, 29.66387],
			"rotation": {"angle": 0, "axis": "y", "origin": [8.06644, 8.36657, 26.97065]},
			"faces": {
				"north": {"uv": [11, 4, 11.5, 4.5], "rotation": 270, "texture": "#0"},
				"east": {"uv": [11.5, 7.5, 11, 7], "rotation": 90, "texture": "#0"},
				"south": {"uv": [11, 6, 11.5, 6.5], "rotation": 90, "texture": "#0"},
				"west": {"uv": [11.5, 7.5, 11, 8], "rotation": 90, "texture": "#0"},
				"up": {"uv": [11, 6.5, 11.5, 7], "rotation": 90, "texture": "#0"},
				"down": {"uv": [11, 4.5, 11.5, 5], "rotation": 90, "texture": "#0"}
			}
		},
		{
			"from": [9.8744, 13.19805, 28.95236],
			"to": [11.29742, 14.62108, 30.01963],
			"rotation": {"angle": 0, "axis": "y", "origin": [8.06644, 8.36657, 26.97065]},
			"faces": {
				"north": {"uv": [11, 8.5, 11.5, 9], "texture": "#0"},
				"east": {"uv": [11, 10, 11.5, 10.5], "texture": "#0"},
				"south": {"uv": [11, 10.5, 11.5, 11], "texture": "#0"},
				"west": {"uv": [1, 11.5, 1.5, 12], "texture": "#0"},
				"up": {"uv": [2, 12, 1.5, 11.5], "texture": "#0"},
				"down": {"uv": [2.5, 11.5, 2, 12], "texture": "#0"}
			}
		},
		{
			"from": [10.89153, 14.16612, 29.30812],
			"to": [11.60304, 15.23339, 29.66387],
			"rotation": {"angle": 0, "axis": "y", "origin": [8.06644, 8.36657, 26.97065]},
			"faces": {
				"north": {"uv": [2.5, 11.5, 3, 12], "texture": "#0"},
				"east": {"uv": [3, 11.5, 3.5, 12], "texture": "#0"},
				"south": {"uv": [4.5, 11.5, 5, 12], "texture": "#0"},
				"west": {"uv": [5, 11.5, 5.5, 12], "texture": "#0"},
				"up": {"uv": [6, 12, 5.5, 11.5], "texture": "#0"},
				"down": {"uv": [6.5, 11.5, 6, 12], "texture": "#0"}
			}
		},
		{
			"from": [5.01634, 8.12349, 27.35146],
			"to": [5.90573, 11.1359, 31.44265],
			"rotation": {"angle": 0, "axis": "y", "origin": [8.06644, 8.36657, 26.97065]},
			"faces": {
				"north": {"uv": [6.5, 11.5, 7, 12], "texture": "#0"},
				"east": {"uv": [6.5, 5.5, 7.5, 6], "texture": "#0"},
				"south": {"uv": [7, 11.5, 7.5, 12], "texture": "#0"},
				"west": {"uv": [6.5, 6, 7.5, 6.5], "texture": "#0"},
				"up": {"uv": [7, 8, 6.5, 7], "texture": "#0"},
				"down": {"uv": [7.5, 7, 7, 8], "texture": "#0"}
			}
		},
		{
			"from": [6.79511, 7.75622, 28.59661],
			"to": [9.46328, 8.11198, 30.1975],
			"rotation": {"angle": 0, "axis": "y", "origin": [8.06644, 8.36657, 26.97065]},
			"faces": {
				"north": {"uv": [7, 3.5, 8, 4], "texture": "#0"},
				"east": {"uv": [8.5, 11.5, 9, 12], "texture": "#0"},
				"south": {"uv": [7, 4, 8, 4.5], "texture": "#0"},
				"west": {"uv": [9, 11.5, 9.5, 12], "texture": "#0"},
				"up": {"uv": [8, 5, 7, 4.5], "texture": "#0"},
				"down": {"uv": [8, 5, 7, 5.5], "texture": "#0"}
			}
		},
		{
			"from": [5.90573, 7.21198, 27.35146],
			"to": [10.35266, 7.92349, 31.44265],
			"rotation": {"angle": 0, "axis": "y", "origin": [8.06644, 7.46657, 26.97065]},
			"faces": {
				"north": {"uv": [6.5, 1, 8, 1.5], "texture": "#0"},
				"east": {"uv": [0, 7.5, 1, 8], "texture": "#0"},
				"south": {"uv": [6.5, 1.5, 8, 2], "texture": "#0"},
				"west": {"uv": [2, 7.5, 3, 8], "texture": "#0"},
				"up": {"uv": [3, 3.5, 1.5, 2.5], "texture": "#0"},
				"down": {"uv": [1.5, 3, 0, 4], "texture": "#0"}
			}
		},
		{
			"from": [10.17479, 8.02349, 27.35146],
			"to": [11.06417, 11.1359, 31.44265],
			"rotation": {"angle": 0, "axis": "y", "origin": [8.06644, 8.36657, 26.97065]},
			"faces": {
				"north": {"uv": [6.5, 11.5, 7, 12], "texture": "#0"},
				"east": {"uv": [6.5, 6, 7.5, 6.5], "texture": "#0"},
				"south": {"uv": [7, 11.5, 7.5, 12], "texture": "#0"},
				"west": {"uv": [6.5, 5.5, 7.5, 6], "texture": "#0"},
				"up": {"uv": [7, 8, 6.5, 7], "texture": "#0"},
				"down": {"uv": [7.5, 7, 7, 8], "texture": "#0"}
			}
		},
		{
			"name": "pepe",
			"from": [5.90573, 10.06863, 27.35146],
			"to": [10.17479, 11.1359, 31.44265],
			"rotation": {"angle": 0, "axis": "y", "origin": [8.06644, 8.36657, 26.97065]},
			"faces": {
				"north": {"uv": [7.5, 3, 8.5, 3.5], "texture": "#0"},
				"east": {"uv": [7.5, 7, 8.5, 7.5], "texture": "#0"},
				"south": {"uv": [0, 8, 1, 8.5], "texture": "#0"},
				"west": {"uv": [1, 8, 2, 8.5], "texture": "#0"},
				"up": {"uv": [2.5, 4.5, 1.5, 3.5], "texture": "#0"},
				"down": {"uv": [1, 4, 0, 5], "texture": "#0"}
			}
		},
		{
			"from": [5.90573, 8.42349, 28.24085],
			"to": [10.17479, 10.06863, 31.44265],
			"rotation": {"angle": 0, "axis": "y", "origin": [8.06644, 8.36657, 26.97065]},
			"faces": {
				"north": {"uv": [2, 8, 3, 8.5], "texture": "#0"},
				"east": {"uv": [3, 8, 4, 8.5], "texture": "#0"},
				"south": {"uv": [4, 8, 5, 8.5], "texture": "#0"},
				"west": {"uv": [5, 8, 6, 8.5], "texture": "#0"},
				"up": {"uv": [3.5, 5, 2.5, 4], "texture": "#0"},
				"down": {"uv": [4.5, 4, 3.5, 5], "texture": "#0"}
			}
		},
		{
			"from": [10.35266, 11.1359, 27.70722],
			"to": [10.8863, 13.27043, 31.08689],
			"rotation": {"angle": 0, "axis": "y", "origin": [8.06644, 8.36657, 26.97065]},
			"faces": {
				"north": {"uv": [11.5, 11.5, 12, 12], "texture": "#0"},
				"east": {"uv": [8, 2.5, 9, 3], "texture": "#0"},
				"south": {"uv": [11.5, 0, 12, 0.5], "texture": "#0"},
				"west": {"uv": [8, 2, 9, 2.5], "texture": "#0"},
				"up": {"uv": [8.5, 4.5, 8, 3.5], "texture": "#0"},
				"down": {"uv": [8.5, 4.5, 8, 5.5], "texture": "#0"}
			}
		},
		{
			"from": [5.19422, 11.1359, 27.70722],
			"to": [5.72785, 13.27043, 31.08689],
			"rotation": {"angle": 0, "axis": "y", "origin": [8.06644, 8.36657, 26.97065]},
			"faces": {
				"north": {"uv": [11.5, 11.5, 12, 12], "texture": "#0"},
				"east": {"uv": [8, 2, 9, 2.5], "texture": "#0"},
				"south": {"uv": [11.5, 0, 12, 0.5], "texture": "#0"},
				"west": {"uv": [8, 2.5, 9, 3], "texture": "#0"},
				"up": {"uv": [8.5, 4.5, 8, 3.5], "texture": "#0"},
				"down": {"uv": [8.5, 4.5, 8, 5.5], "texture": "#0"}
			}
		},
		{
			"from": [5.72785, 11.1359, 30.55326],
			"to": [10.53054, 13.80406, 31.08689],
			"rotation": {"angle": 0, "axis": "y", "origin": [8.06644, 8.36657, 26.97065]},
			"faces": {
				"north": {"uv": [4, 1, 5, 2], "texture": "#0"},
				"east": {"uv": [8, 5.5, 8.5, 6.5], "texture": "#0"},
				"south": {"uv": [4, 2, 5, 3], "texture": "#0"},
				"west": {"uv": [0, 8.5, 0.5, 9.5], "texture": "#0"},
				"up": {"uv": [9, 7, 8, 6.5], "texture": "#0"},
				"down": {"uv": [1.5, 8.5, 0.5, 9], "texture": "#0"}
			}
		},
		{
			"from": [7.6845, 11.1359, 27.70722],
			"to": [8.39601, 13.27043, 30.90901],
			"rotation": {"angle": 0, "axis": "y", "origin": [8.06644, 8.36657, 26.97065]},
			"faces": {
				"north": {"uv": [11.5, 11.5, 12, 12], "texture": "#0"},
				"east": {"uv": [8, 2, 9, 2.5], "texture": "#0"},
				"south": {"uv": [11.5, 0, 12, 0.5], "texture": "#0"},
				"west": {"uv": [8, 2, 9, 2.5], "texture": "#0"},
				"up": {"uv": [8.5, 4.5, 8, 3.5], "texture": "#0"},
				"down": {"uv": [8.5, 4.5, 8, 5.5], "texture": "#0"}
			}
		},
		{
			"from": [7.6845, 10.24651, 27.17358],
			"to": [8.57389, 10.95802, 27.52934],
			"rotation": {"angle": 0, "axis": "y", "origin": [8.06644, 8.36657, 26.97065]},
			"faces": {
				"north": {"uv": [11.5, 1.5, 12, 2], "texture": "#0"},
				"east": {"uv": [11.5, 2, 12, 2.5], "texture": "#0"},
				"south": {"uv": [11.5, 2.5, 12, 3], "texture": "#0"},
				"west": {"uv": [11.5, 3, 12, 3.5], "texture": "#0"},
				"up": {"uv": [12, 4, 11.5, 3.5], "texture": "#0"},
				"down": {"uv": [12, 4, 11.5, 4.5], "texture": "#0"}
			}
		},
		{
			"from": [5.54997, 13.62618, 27.70722],
			"to": [10.53054, 13.98194, 31.08689],
			"rotation": {"angle": 0, "axis": "y", "origin": [8.06644, 8.36657, 26.97065]},
			"faces": {
				"north": {"uv": [6.5, 2, 8, 2.5], "texture": "#0"},
				"east": {"uv": [4.5, 8.5, 5.5, 9], "texture": "#0"},
				"south": {"uv": [6.5, 2.5, 8, 3], "texture": "#0"},
				"west": {"uv": [5.5, 8.5, 6.5, 9], "texture": "#0"},
				"up": {"uv": [4.5, 4, 3, 3], "texture": "#0"},
				"down": {"uv": [4.5, 0, 3, 1], "texture": "#0"}
			}
		},
		{
			"from": [6.43936, 13.98194, 27.8851],
			"to": [9.81903, 14.33769, 30.90901],
			"rotation": {"angle": 0, "axis": "y", "origin": [8.06644, 8.36657, 26.97065]},
			"faces": {
				"north": {"uv": [6.5, 8.5, 7.5, 9], "texture": "#0"},
				"east": {"uv": [7.5, 8.5, 8.5, 9], "texture": "#0"},
				"south": {"uv": [8.5, 8.5, 9.5, 9], "texture": "#0"},
				"west": {"uv": [8.5, 0, 9.5, 0.5], "texture": "#0"},
				"up": {"uv": [2, 5.5, 1, 4.5], "texture": "#0"},
				"down": {"uv": [5.5, 4.5, 4.5, 5.5], "texture": "#0"}
			}
		},
		{
			"from": [5.19422, 13.27043, 27.70722],
			"to": [6.0836, 13.62618, 31.08689],
			"rotation": {"angle": 0, "axis": "y", "origin": [8.06644, 8.36657, 26.97065]},
			"faces": {
				"north": {"uv": [11.5, 4.5, 12, 5], "texture": "#0"},
				"east": {"uv": [8.5, 0.5, 9.5, 1], "texture": "#0"},
				"south": {"uv": [11.5, 5, 12, 5.5], "texture": "#0"},
				"west": {"uv": [8.5, 1, 9.5, 1.5], "texture": "#0"},
				"up": {"uv": [9, 4, 8.5, 3], "texture": "#0"},
				"down": {"uv": [9, 4, 8.5, 5], "texture": "#0"}
			}
		},
		{
			"from": [7.50662, 13.27043, 27.70722],
			"to": [8.57389, 13.62618, 31.08689],
			"rotation": {"angle": 0, "axis": "y", "origin": [8.06644, 8.36657, 26.97065]},
			"faces": {
				"north": {"uv": [11.5, 4.5, 12, 5], "texture": "#0"},
				"east": {"uv": [8.5, 1, 9.5, 1.5], "texture": "#0"},
				"south": {"uv": [11.5, 5, 12, 5.5], "texture": "#0"},
				"west": {"uv": [8.5, 1, 9.5, 1.5], "texture": "#0"},
				"up": {"uv": [9, 4, 8.5, 3], "texture": "#0"},
				"down": {"uv": [9, 4, 8.5, 5], "texture": "#0"}
			}
		},
		{
			"from": [9.99691, 13.27043, 27.70722],
			"to": [10.8863, 13.62618, 31.08689],
			"rotation": {"angle": 0, "axis": "y", "origin": [8.06644, 8.36657, 26.97065]},
			"faces": {
				"north": {"uv": [11.5, 4.5, 12, 5], "texture": "#0"},
				"east": {"uv": [8.5, 1, 9.5, 1.5], "texture": "#0"},
				"south": {"uv": [11.5, 5, 12, 5.5], "texture": "#0"},
				"west": {"uv": [8.5, 1, 9.5, 1.5], "texture": "#0"},
				"up": {"uv": [9, 4, 8.5, 3], "texture": "#0"},
				"down": {"uv": [9, 4, 8.5, 5], "texture": "#0"}
			}
		},
		{
			"from": [5.72296, 7.86322, 27.35146],
			"to": [6.27908, 8.39685, 31.26477],
			"rotation": {"angle": 0, "axis": "y", "origin": [8.06644, 7.46657, 26.97065]},
			"faces": {
				"north": {"uv": [11.5, 7.5, 12, 8], "texture": "#0"},
				"east": {"uv": [2.5, 9, 3.5, 9.5], "texture": "#0"},
				"south": {"uv": [11.5, 8, 12, 8.5], "texture": "#0"},
				"west": {"uv": [4.5, 9, 5.5, 9.5], "texture": "#0"},
				"up": {"uv": [6, 10, 5.5, 9], "texture": "#0"},
				"down": {"uv": [6.5, 9, 6, 10], "texture": "#0"}
			}
		},
		{
			"from": [9.94575, 7.80308, 27.35146],
			"to": [10.50187, 8.33671, 31.26477],
			"rotation": {"angle": 0, "axis": "y", "origin": [8.06644, 7.46657, 26.97065]},
			"faces": {
				"north": {"uv": [11.5, 7.5, 12, 8], "texture": "#0"},
				"east": {"uv": [2.5, 9, 3.5, 9.5], "texture": "#0"},
				"south": {"uv": [11.5, 7.5, 12, 8], "texture": "#0"},
				"west": {"uv": [2.5, 9, 3.5, 9.5], "texture": "#0"},
				"up": {"uv": [2.5, 9, 3.5, 9.5], "texture": "#0"},
				"down": {"uv": [2.5, 9, 3.5, 9.5], "texture": "#0"}
			}
		},
		{
			"from": [5.72785, 11.1359, 28.06297],
			"to": [10.35266, 13.62618, 30.90901],
			"rotation": {"angle": 0, "axis": "y", "origin": [8.06644, 8.36657, 26.97065]},
			"faces": {
				"north": {"uv": [4.5, 0, 5.5, 1], "texture": "#0"},
				"east": {"uv": [4.5, 3, 5.5, 4], "texture": "#0"},
				"south": {"uv": [0, 5, 1, 6], "texture": "#0"},
				"west": {"uv": [2, 5, 3, 6], "texture": "#0"},
				"up": {"uv": [4, 6, 3, 5], "texture": "#0"},
				"down": {"uv": [6, 1, 5, 2], "texture": "#0"}
			}
		},
		{
			"from": [5.90573, 11.31377, 27.8851],
			"to": [7.50662, 13.09255, 28.06297],
			"rotation": {"angle": 0, "axis": "y", "origin": [8.06644, 8.36657, 26.97065]},
			"faces": {
				"north": {"uv": [11.5, 9.5, 12, 10], "texture": "#0"},
				"east": {"uv": [11.5, 10, 12, 10.5], "texture": "#0"},
				"south": {"uv": [11.5, 10.5, 12, 11], "texture": "#0"},
				"west": {"uv": [11.5, 11, 12, 11.5], "texture": "#0"},
				"up": {"uv": [0.5, 12.5, 0, 12], "texture": "#0"},
				"down": {"uv": [1, 12, 0.5, 12.5], "texture": "#0"}
			}
		},
		{
			"from": [6.26148, 13.09255, 27.8851],
			"to": [7.32875, 13.4483, 28.06297],
			"rotation": {"angle": 0, "axis": "y", "origin": [8.06644, 8.36657, 26.97065]},
			"faces": {
				"north": {"uv": [1, 12, 1.5, 12.5], "texture": "#0"},
				"east": {"uv": [1.5, 12, 2, 12.5], "texture": "#0"},
				"south": {"uv": [2, 12, 2.5, 12.5], "texture": "#0"},
				"west": {"uv": [2.5, 12, 3, 12.5], "texture": "#0"},
				"up": {"uv": [3.5, 12.5, 3, 12], "texture": "#0"},
				"down": {"uv": [4, 12, 3.5, 12.5], "texture": "#0"}
			}
		},
		{
			"from": [8.57389, 11.31377, 27.8851],
			"to": [10.17479, 13.09255, 28.06297],
			"rotation": {"angle": 0, "axis": "y", "origin": [8.06644, 8.36657, 26.97065]},
			"faces": {
				"north": {"uv": [11.5, 9.5, 12, 10], "texture": "#0"},
				"east": {"uv": [11.5, 10, 12, 10.5], "texture": "#0"},
				"south": {"uv": [11.5, 9.5, 12, 10], "texture": "#0"},
				"west": {"uv": [11.5, 10, 12, 10.5], "texture": "#0"},
				"up": {"uv": [0.5, 12.5, 0, 12], "texture": "#0"},
				"down": {"uv": [0.5, 12.5, 0, 12], "texture": "#0"}
			}
		},
		{
			"from": [8.75177, 13.09255, 27.8851],
			"to": [9.81903, 13.4483, 28.06297],
			"rotation": {"angle": 0, "axis": "y", "origin": [8.06644, 8.36657, 26.97065]},
			"faces": {
				"north": {"uv": [1, 12, 1.5, 12.5], "texture": "#0"},
				"east": {"uv": [1.5, 12, 2, 12.5], "texture": "#0"},
				"south": {"uv": [1, 12, 1.5, 12.5], "texture": "#0"},
				"west": {"uv": [1.5, 12, 2, 12.5], "texture": "#0"},
				"up": {"uv": [3.5, 12.5, 3, 12], "texture": "#0"},
				"down": {"uv": [3.5, 12.5, 3, 12], "texture": "#0"}
			}
		},
		{
			"from": [6.43936, 7.92349, 27.52934],
			"to": [9.94784, 8.10136, 31.26477],
			"rotation": {"angle": 0, "axis": "y", "origin": [8.06644, 7.46657, 26.97065]},
			"faces": {
				"north": {"uv": [9, 2, 10, 2.5], "texture": "#0"},
				"east": {"uv": [9, 2.5, 10, 3], "texture": "#0"},
				"south": {"uv": [9, 3, 10, 3.5], "texture": "#0"},
				"west": {"uv": [9, 3.5, 10, 4], "texture": "#0"},
				"up": {"uv": [6, 3, 5, 2], "texture": "#0"},
				"down": {"uv": [2, 5.5, 1, 6.5], "texture": "#0"}
			}
		},
		{
			"from": [6.03499, 7.8489, 27.52934],
			"to": [6.49297, 8.4316, 31.26477],
			"rotation": {"angle": 0, "axis": "y", "origin": [8.06644, 7.46657, 26.97065]},
			"faces": {
				"north": {"uv": [10, 12, 10.5, 12.5], "rotation": 270, "texture": "#0"},
				"east": {"uv": [9.5, 6.5, 9, 5.5], "rotation": 90, "texture": "#0"},
				"south": {"uv": [10.5, 12, 11, 12.5], "rotation": 90, "texture": "#0"},
				"west": {"uv": [9.5, 6.5, 9, 7.5], "rotation": 90, "texture": "#0"},
				"up": {"uv": [9, 4.5, 10, 5], "rotation": 90, "texture": "#0"},
				"down": {"uv": [9, 4, 10, 4.5], "rotation": 90, "texture": "#0"}
			}
		},
		{
			"from": [5.62894, 8.39435, 27.52934],
			"to": [6.16257, 9.96162, 31.26477],
			"rotation": {"angle": 0, "axis": "y", "origin": [8.06644, 8.36657, 26.97065]},
			"faces": {
				"north": {"uv": [11, 12, 11.5, 12.5], "texture": "#0"},
				"east": {"uv": [9, 7.5, 10, 8], "texture": "#0"},
				"south": {"uv": [11.5, 12, 12, 12.5], "texture": "#0"},
				"west": {"uv": [0, 9.5, 1, 10], "texture": "#0"},
				"up": {"uv": [1.5, 10.5, 1, 9.5], "texture": "#0"},
				"down": {"uv": [3, 9.5, 2.5, 10.5], "texture": "#0"}
			}
		},
		{
			"from": [9.80797, 8.08263, 27.52934],
			"to": [10.26595, 8.46087, 31.26477],
			"rotation": {"angle": 0, "axis": "y", "origin": [8.06644, 7.46657, 26.97065]},
			"faces": {
				"north": {"uv": [10, 12, 10.5, 12.5], "rotation": 270, "texture": "#0"},
				"east": {"uv": [9.5, 6.5, 9, 5.5], "rotation": 90, "texture": "#0"},
				"south": {"uv": [12, 0, 12.5, 0.5], "rotation": 90, "texture": "#0"},
				"west": {"uv": [9.5, 6.5, 9, 5.5], "rotation": 90, "texture": "#0"},
				"up": {"uv": [9, 4, 10, 4.5], "rotation": 90, "texture": "#0"},
				"down": {"uv": [9, 4, 10, 4.5], "rotation": 90, "texture": "#0"}
			}
		},
		{
			"from": [10.0248, 8.37818, 27.52934],
			"to": [10.73631, 9.96757, 31.26477],
			"rotation": {"angle": 0, "axis": "y", "origin": [8.06644, 8.36657, 26.97065]},
			"faces": {
				"north": {"uv": [11, 12, 11.5, 12.5], "texture": "#0"},
				"east": {"uv": [0, 9.5, 1, 10], "texture": "#0"},
				"south": {"uv": [11, 12, 11.5, 12.5], "texture": "#0"},
				"west": {"uv": [0, 9.5, 1, 10], "texture": "#0"},
				"up": {"uv": [1.5, 10.5, 1, 9.5], "texture": "#0"},
				"down": {"uv": [1.5, 10.5, 1, 9.5], "texture": "#0"}
			}
		},
		{
			"from": [5.90573, 9.89075, 27.52934],
			"to": [10.17479, 10.60226, 31.26477],
			"rotation": {"angle": 0, "axis": "y", "origin": [8.06644, 8.36657, 26.97065]},
			"faces": {
				"north": {"uv": [9.5, 1, 10.5, 1.5], "texture": "#0"},
				"east": {"uv": [9.5, 1.5, 10.5, 2], "texture": "#0"},
				"south": {"uv": [9.5, 5, 10.5, 5.5], "texture": "#0"},
				"west": {"uv": [9.5, 5.5, 10.5, 6], "texture": "#0"},
				"up": {"uv": [5, 6.5, 4, 5.5], "texture": "#0"},
				"down": {"uv": [6, 5.5, 5, 6.5], "texture": "#0"}
			}
		},
		{
			"from": [7.15087, 8.10136, 27.70722],
			"to": [7.50662, 8.45712, 31.26477],
			"rotation": {"angle": 0, "axis": "y", "origin": [8.06644, 7.46657, 26.97065]},
			"faces": {
				"north": {"uv": [12, 1.5, 12.5, 2], "texture": "#0"},
				"east": {"uv": [9.5, 6, 10.5, 6.5], "texture": "#0"},
				"south": {"uv": [12, 2, 12.5, 2.5], "texture": "#0"},
				"west": {"uv": [9.5, 6.5, 10.5, 7], "texture": "#0"},
				"up": {"uv": [10, 9, 9.5, 8], "texture": "#0"},
				"down": {"uv": [0.5, 10, 0, 11], "texture": "#0"}
			}
		},
		{
			"from": [7.15087, 9.535, 27.70722],
			"to": [7.50662, 9.89075, 31.26477],
			"rotation": {"angle": 0, "axis": "y", "origin": [8.06644, 8.36657, 26.97065]},
			"faces": {
				"north": {"uv": [12, 1.5, 12.5, 2], "texture": "#0"},
				"east": {"uv": [9.5, 6.5, 10.5, 7], "texture": "#0"},
				"south": {"uv": [12, 3, 12.5, 3.5], "texture": "#0"},
				"west": {"uv": [9.5, 6.5, 10.5, 7], "texture": "#0"},
				"up": {"uv": [9.5, 6.5, 10.5, 7], "texture": "#0"},
				"down": {"uv": [9.5, 6.5, 10.5, 7], "texture": "#0"}
			}
		},
		{
			"from": [7.6845, 8.10136, 27.70722],
			"to": [8.04026, 8.45712, 31.26477],
			"rotation": {"angle": 0, "axis": "y", "origin": [8.06644, 7.46657, 26.97065]},
			"faces": {
				"north": {"uv": [12, 1.5, 12.5, 2], "texture": "#0"},
				"east": {"uv": [9.5, 6.5, 10.5, 7], "texture": "#0"},
				"south": {"uv": [12, 4, 12.5, 4.5], "texture": "#0"},
				"west": {"uv": [9.5, 6.5, 10.5, 7], "texture": "#0"},
				"up": {"uv": [9.5, 6.5, 10.5, 7], "texture": "#0"},
				"down": {"uv": [9.5, 6.5, 10.5, 7], "texture": "#0"}
			}
		},
		{
			"from": [8.21813, 8.10136, 27.70722],
			"to": [8.57389, 8.45712, 31.26477],
			"rotation": {"angle": 0, "axis": "y", "origin": [8.06644, 7.46657, 26.97065]},
			"faces": {
				"north": {"uv": [12, 1.5, 12.5, 2], "texture": "#0"},
				"east": {"uv": [9.5, 6.5, 10.5, 7], "texture": "#0"},
				"south": {"uv": [12, 5, 12.5, 5.5], "texture": "#0"},
				"west": {"uv": [9.5, 6.5, 10.5, 7], "texture": "#0"},
				"up": {"uv": [9.5, 6.5, 10.5, 7], "texture": "#0"},
				"down": {"uv": [9.5, 6.5, 10.5, 7], "texture": "#0"}
			}
		},
		{
			"from": [8.75177, 8.10136, 27.70722],
			"to": [9.10752, 8.45712, 31.26477],
			"rotation": {"angle": 0, "axis": "y", "origin": [8.06644, 7.46657, 26.97065]},
			"faces": {
				"north": {"uv": [12, 1.5, 12.5, 2], "texture": "#0"},
				"east": {"uv": [9.5, 6.5, 10.5, 7], "texture": "#0"},
				"south": {"uv": [12, 6, 12.5, 6.5], "texture": "#0"},
				"west": {"uv": [9.5, 6.5, 10.5, 7], "texture": "#0"},
				"up": {"uv": [9.5, 6.5, 10.5, 7], "texture": "#0"},
				"down": {"uv": [9.5, 6.5, 10.5, 7], "texture": "#0"}
			}
		},
		{
			"from": [6.61724, 8.10136, 27.70722],
			"to": [6.97299, 8.45712, 31.26477],
			"rotation": {"angle": 0, "axis": "y", "origin": [8.06644, 7.46657, 26.97065]},
			"faces": {
				"north": {"uv": [12, 1.5, 12.5, 2], "texture": "#0"},
				"east": {"uv": [9.5, 6.5, 10.5, 7], "texture": "#0"},
				"south": {"uv": [12, 7, 12.5, 7.5], "texture": "#0"},
				"west": {"uv": [9.5, 6.5, 10.5, 7], "texture": "#0"},
				"up": {"uv": [9.5, 6.5, 10.5, 7], "texture": "#0"},
				"down": {"uv": [9.5, 6.5, 10.5, 7], "texture": "#0"}
			}
		},
		{
			"from": [6.61724, 9.535, 27.70722],
			"to": [6.97299, 9.89075, 31.26477],
			"rotation": {"angle": 0, "axis": "y", "origin": [8.06644, 8.36657, 26.97065]},
			"faces": {
				"north": {"uv": [12, 1.5, 12.5, 2], "texture": "#0"},
				"east": {"uv": [9.5, 6.5, 10.5, 7], "texture": "#0"},
				"south": {"uv": [12, 8, 12.5, 8.5], "texture": "#0"},
				"west": {"uv": [9.5, 6.5, 10.5, 7], "texture": "#0"},
				"up": {"uv": [9.5, 6.5, 10.5, 7], "texture": "#0"},
				"down": {"uv": [9.5, 6.5, 10.5, 7], "texture": "#0"}
			}
		},
		{
			"from": [7.6845, 9.535, 27.70722],
			"to": [8.04026, 9.89075, 31.26477],
			"rotation": {"angle": 0, "axis": "y", "origin": [8.06644, 8.36657, 26.97065]},
			"faces": {
				"north": {"uv": [12, 1.5, 12.5, 2], "texture": "#0"},
				"east": {"uv": [9.5, 6.5, 10.5, 7], "texture": "#0"},
				"south": {"uv": [12, 9, 12.5, 9.5], "texture": "#0"},
				"west": {"uv": [9.5, 6.5, 10.5, 7], "texture": "#0"},
				"up": {"uv": [9.5, 6.5, 10.5, 7], "texture": "#0"},
				"down": {"uv": [9.5, 6.5, 10.5, 7], "texture": "#0"}
			}
		},
		{
			"from": [8.21813, 9.535, 27.70722],
			"to": [8.57389, 9.89075, 31.26477],
			"rotation": {"angle": 0, "axis": "y", "origin": [8.06644, 8.36657, 26.97065]},
			"faces": {
				"north": {"uv": [12, 1.5, 12.5, 2], "texture": "#0"},
				"east": {"uv": [9.5, 6.5, 10.5, 7], "texture": "#0"},
				"south": {"uv": [12, 10, 12.5, 10.5], "texture": "#0"},
				"west": {"uv": [9.5, 6.5, 10.5, 7], "texture": "#0"},
				"up": {"uv": [9.5, 6.5, 10.5, 7], "texture": "#0"},
				"down": {"uv": [9.5, 6.5, 10.5, 7], "texture": "#0"}
			}
		},
		{
			"from": [8.75177, 9.535, 27.70722],
			"to": [9.10752, 9.89075, 31.26477],
			"rotation": {"angle": 0, "axis": "y", "origin": [8.06644, 8.36657, 26.97065]},
			"faces": {
				"north": {"uv": [12, 1.5, 12.5, 2], "texture": "#0"},
				"east": {"uv": [9.5, 6.5, 10.5, 7], "texture": "#0"},
				"south": {"uv": [12, 11, 12.5, 11.5], "texture": "#0"},
				"west": {"uv": [9.5, 6.5, 10.5, 7], "texture": "#0"},
				"up": {"uv": [9.5, 6.5, 10.5, 7], "texture": "#0"},
				"down": {"uv": [9.5, 6.5, 10.5, 7], "texture": "#0"}
			}
		},
		{
			"from": [9.2854, 9.535, 27.70722],
			"to": [9.64115, 9.89075, 31.26477],
			"rotation": {"angle": 0, "axis": "y", "origin": [8.06644, 8.36657, 26.97065]},
			"faces": {
				"north": {"uv": [12, 1.5, 12.5, 2], "texture": "#0"},
				"east": {"uv": [9.5, 6.5, 10.5, 7], "texture": "#0"},
				"south": {"uv": [0, 12.5, 0.5, 13], "texture": "#0"},
				"west": {"uv": [9.5, 6.5, 10.5, 7], "texture": "#0"},
				"up": {"uv": [9.5, 6.5, 10.5, 7], "texture": "#0"},
				"down": {"uv": [9.5, 6.5, 10.5, 7], "texture": "#0"}
			}
		},
		{
			"from": [6.0836, 9.535, 27.70722],
			"to": [6.43936, 9.89075, 31.26477],
			"rotation": {"angle": 0, "axis": "y", "origin": [8.06644, 8.36657, 26.97065]},
			"faces": {
				"north": {"uv": [12, 1.5, 12.5, 2], "texture": "#0"},
				"east": {"uv": [9.5, 6.5, 10.5, 7], "texture": "#0"},
				"south": {"uv": [1, 12.5, 1.5, 13], "texture": "#0"},
				"west": {"uv": [9.5, 6.5, 10.5, 7], "texture": "#0"},
				"up": {"uv": [9.5, 6.5, 10.5, 7], "texture": "#0"},
				"down": {"uv": [9.5, 6.5, 10.5, 7], "texture": "#0"}
			}
		},
		{
			"from": [9.81903, 9.535, 27.70722],
			"to": [10.17479, 9.89075, 31.26477],
			"rotation": {"angle": 0, "axis": "y", "origin": [8.06644, 8.36657, 26.97065]},
			"faces": {
				"north": {"uv": [12, 1.5, 12.5, 2], "texture": "#0"},
				"east": {"uv": [9.5, 6.5, 10.5, 7], "texture": "#0"},
				"south": {"uv": [2, 12.5, 2.5, 13], "texture": "#0"},
				"west": {"uv": [9.5, 6.5, 10.5, 7], "texture": "#0"},
				"up": {"uv": [9.5, 6.5, 10.5, 7], "texture": "#0"},
				"down": {"uv": [9.5, 6.5, 10.5, 7], "texture": "#0"}
			}
		},
		{
			"from": [9.2854, 8.10136, 27.70722],
			"to": [9.64115, 8.45712, 31.26477],
			"rotation": {"angle": 0, "axis": "y", "origin": [8.06644, 7.46657, 26.97065]},
			"faces": {
				"north": {"uv": [12, 1.5, 12.5, 2], "texture": "#0"},
				"east": {"uv": [9.5, 6.5, 10.5, 7], "texture": "#0"},
				"south": {"uv": [3, 12.5, 3.5, 13], "texture": "#0"},
				"west": {"uv": [9.5, 6.5, 10.5, 7], "texture": "#0"},
				"up": {"uv": [9.5, 6.5, 10.5, 7], "texture": "#0"},
				"down": {"uv": [9.5, 6.5, 10.5, 7], "texture": "#0"}
			}
		},
		{
			"from": [5.55324, 7.56782, 29.3204],
			"to": [6.26316, 9.10598, 30.03032],
			"rotation": {"angle": -22.5, "axis": "z", "origin": [8.06644, 7.96657, 26.97065]},
			"faces": {
				"north": {"uv": [3.5, 12.5, 4, 13], "texture": "#0"},
				"east": {"uv": [4, 12.5, 4.5, 13], "texture": "#0"},
				"south": {"uv": [4.5, 12.5, 5, 13], "texture": "#0"},
				"west": {"uv": [5, 12.5, 5.5, 13], "texture": "#0"},
				"up": {"uv": [6, 13, 5.5, 12.5], "texture": "#0"},
				"down": {"uv": [6.5, 12.5, 6, 13], "texture": "#0"}
			}
		},
		{
			"from": [5.57092, 6.05958, 29.3204],
			"to": [6.28084, 7.59774, 30.03032],
			"rotation": {"angle": -22.5, "axis": "z", "origin": [8.06644, 7.96657, 26.97065]},
			"faces": {
				"north": {"uv": [6.5, 12.5, 7, 13], "texture": "#0"},
				"east": {"uv": [7, 12.5, 7.5, 13], "texture": "#0"},
				"south": {"uv": [7.5, 12.5, 8, 13], "texture": "#0"},
				"west": {"uv": [8, 12.5, 8.5, 13], "texture": "#0"},
				"up": {"uv": [9, 13, 8.5, 12.5], "texture": "#0"},
				"down": {"uv": [9.5, 12.5, 9, 13], "texture": "#0"}
			}
		},
		{
			"from": [5.00936, 6.76231, 29.44212],
			"to": [5.71928, 8.30047, 30.15204],
			"rotation": {"angle": 22.5, "axis": "x", "origin": [8.06644, 7.96657, 26.97065]},
			"faces": {
				"north": {"uv": [9.5, 12.5, 10, 13], "texture": "#0"},
				"east": {"uv": [10, 12.5, 10.5, 13], "texture": "#0"},
				"south": {"uv": [10.5, 12.5, 11, 13], "texture": "#0"},
				"west": {"uv": [11, 12.5, 11.5, 13], "texture": "#0"},
				"up": {"uv": [12, 13, 11.5, 12.5], "texture": "#0"},
				"down": {"uv": [12.5, 12.5, 12, 13], "texture": "#0"}
			}
		},
		{
			"from": [5.00936, 5.22415, 29.44212],
			"to": [5.71928, 6.76231, 30.15204],
			"rotation": {"angle": 22.5, "axis": "x", "origin": [8.06644, 7.96657, 26.97065]},
			"faces": {
				"north": {"uv": [12.5, 12.5, 13, 13], "texture": "#0"},
				"east": {"uv": [12.5, 0, 13, 0.5], "texture": "#0"},
				"south": {"uv": [12.5, 0.5, 13, 1], "texture": "#0"},
				"west": {"uv": [12.5, 1, 13, 1.5], "texture": "#0"},
				"up": {"uv": [13, 2, 12.5, 1.5], "texture": "#0"},
				"down": {"uv": [13, 2, 12.5, 2.5], "texture": "#0"}
			}
		},
		{
			"from": [10.37573, 3.83185, 26.19827],
			"to": [11.07649, 4.53261, 28.74792],
			"rotation": {"angle": 0, "axis": "x", "origin": [8.06644, 7.96657, 26.97065]},
			"faces": {
				"north": {"uv": [13, 5, 12.5, 5.5], "rotation": 180, "texture": "#0"},
				"east": {"uv": [12.5, 3, 13, 3.5], "rotation": 270, "texture": "#0"},
				"south": {"uv": [13, 5, 12.5, 4.5], "texture": "#0"},
				"west": {"uv": [12.5, 4, 13, 4.5], "rotation": 90, "texture": "#0"},
				"up": {"uv": [12.5, 2.5, 13, 3], "rotation": 180, "texture": "#0"},
				"down": {"uv": [12.5, 3.5, 13, 4], "texture": "#0"}
			}
		},
		{
			"from": [5.00373, 3.83185, 26.19827],
			"to": [5.70449, 4.53261, 28.74792],
			"rotation": {"angle": 0, "axis": "x", "origin": [8.06644, 7.96657, 26.97065]},
			"faces": {
				"north": {"uv": [13, 5, 12.5, 5.5], "rotation": 180, "texture": "#0"},
				"east": {"uv": [12.5, 3, 13, 3.5], "rotation": 270, "texture": "#0"},
				"south": {"uv": [13, 5, 12.5, 4.5], "texture": "#0"},
				"west": {"uv": [12.5, 4, 13, 4.5], "rotation": 90, "texture": "#0"},
				"up": {"uv": [12.5, 2.5, 13, 3], "rotation": 180, "texture": "#0"},
				"down": {"uv": [12.5, 3.5, 13, 4], "texture": "#0"}
			}
		},
		{
			"from": [5.30373, 3.53185, 17.69827],
			"to": [6.00449, 4.23261, 26.24792],
			"rotation": {"angle": 0, "axis": "x", "origin": [8.36644, 7.66657, 24.47065]},
			"faces": {
				"north": {"uv": [13, 5, 12.5, 5.5], "rotation": 180, "texture": "#0"},
				"east": {"uv": [12.5, 3, 13, 3.5], "rotation": 270, "texture": "#0"},
				"south": {"uv": [13, 5, 12.5, 4.5], "texture": "#0"},
				"west": {"uv": [12.5, 4, 13, 4.5], "rotation": 90, "texture": "#0"},
				"up": {"uv": [12.5, 2.5, 13, 3], "rotation": 180, "texture": "#0"},
				"down": {"uv": [12.5, 3.5, 13, 4], "texture": "#0"}
			}
		},
		{
			"from": [5.30373, 3.53185, 8.69827],
			"to": [6.00449, 4.23261, 17.74792],
			"rotation": {"angle": 0, "axis": "x", "origin": [8.36644, 7.66657, 15.97065]},
			"faces": {
				"north": {"uv": [13, 5, 12.5, 5.5], "rotation": 180, "texture": "#0"},
				"east": {"uv": [12.5, 3, 13, 3.5], "rotation": 270, "texture": "#0"},
				"south": {"uv": [13, 5, 12.5, 4.5], "texture": "#0"},
				"west": {"uv": [12.5, 4, 13, 4.5], "rotation": 90, "texture": "#0"},
				"up": {"uv": [12.5, 2.5, 13, 3], "rotation": 180, "texture": "#0"},
				"down": {"uv": [12.5, 3.5, 13, 4], "texture": "#0"}
			}
		},
		{
			"from": [10.10373, 3.53185, 8.69827],
			"to": [10.80449, 4.23261, 17.74792],
			"rotation": {"angle": 0, "axis": "x", "origin": [13.16644, 7.66657, 15.97065]},
			"faces": {
				"north": {"uv": [13, 5, 12.5, 5.5], "rotation": 180, "texture": "#0"},
				"east": {"uv": [12.5, 3, 13, 3.5], "rotation": 270, "texture": "#0"},
				"south": {"uv": [13, 5, 12.5, 4.5], "texture": "#0"},
				"west": {"uv": [12.5, 4, 13, 4.5], "rotation": 90, "texture": "#0"},
				"up": {"uv": [12.5, 2.5, 13, 3], "rotation": 180, "texture": "#0"},
				"down": {"uv": [12.5, 3.5, 13, 4], "texture": "#0"}
			}
		},
		{
			"from": [10.10373, 3.63185, 17.69827],
			"to": [10.80449, 4.33261, 26.24792],
			"rotation": {"angle": 0, "axis": "x", "origin": [13.16644, 7.76657, 24.47065]},
			"faces": {
				"north": {"uv": [13, 5, 12.5, 5.5], "rotation": 180, "texture": "#0"},
				"east": {"uv": [12.5, 3, 13, 3.5], "rotation": 270, "texture": "#0"},
				"south": {"uv": [13, 5, 12.5, 4.5], "texture": "#0"},
				"west": {"uv": [12.5, 4, 13, 4.5], "rotation": 90, "texture": "#0"},
				"up": {"uv": [12.5, 2.5, 13, 3], "rotation": 180, "texture": "#0"},
				"down": {"uv": [12.5, 3.5, 13, 4], "texture": "#0"}
			}
		},
		{
			"from": [5.07173, 3.28785, 3.76627],
			"to": [6.24849, 4.46461, 6.31592],
			"rotation": {"angle": 0, "axis": "x", "origin": [8.06644, 7.96657, 9.57065]},
			"faces": {
				"north": {"uv": [13, 5, 12.5, 5.5], "rotation": 180, "texture": "#0"},
				"east": {"uv": [12.5, 3, 13, 3.5], "rotation": 270, "texture": "#0"},
				"south": {"uv": [13, 5, 12.5, 4.5], "texture": "#0"},
				"west": {"uv": [12.5, 4, 13, 4.5], "rotation": 90, "texture": "#0"},
				"up": {"uv": [12.5, 2.5, 13, 3], "rotation": 180, "texture": "#0"},
				"down": {"uv": [12.5, 3.5, 13, 4], "texture": "#0"}
			}
		},
		{
			"from": [5.20773, 3.42385, 6.28227],
			"to": [6.11249, 4.32861, 8.83192],
			"rotation": {"angle": 0, "axis": "x", "origin": [8.06644, 7.96657, 9.57065]},
			"faces": {
				"north": {"uv": [13, 5, 12.5, 5.5], "rotation": 180, "texture": "#0"},
				"east": {"uv": [12.5, 3, 13, 3.5], "rotation": 270, "texture": "#0"},
				"south": {"uv": [13, 5, 12.5, 4.5], "texture": "#0"},
				"west": {"uv": [12.5, 4, 13, 4.5], "rotation": 90, "texture": "#0"},
				"up": {"uv": [12.5, 2.5, 13, 3], "rotation": 180, "texture": "#0"},
				"down": {"uv": [12.5, 3.5, 13, 4], "texture": "#0"}
			}
		},
		{
			"from": [4.73583, 2.8956, 3.12378],
			"to": [6.6971, 4.85687, 3.71216],
			"rotation": {"angle": 0, "axis": "x", "origin": [8.06644, 7.96657, 9.57065]},
			"faces": {
				"north": {"uv": [13, 8, 12.5, 8.5], "rotation": 270, "texture": "#0"},
				"east": {"uv": [12.5, 6.5, 13, 7], "rotation": 270, "texture": "#0"},
				"south": {"uv": [13, 8, 12.5, 7.5], "rotation": 270, "texture": "#0"},
				"west": {"uv": [12.5, 5.5, 13, 6], "rotation": 90, "texture": "#0"},
				"up": {"uv": [12.5, 6, 13, 6.5], "rotation": 180, "texture": "#0"},
				"down": {"uv": [12.5, 7, 13, 7.5], "texture": "#0"}
			}
		},
		{
			"from": [4.93196, 3.09172, 1.94702],
			"to": [6.50098, 4.66074, 3.12378],
			"rotation": {"angle": 0, "axis": "x", "origin": [8.06644, 7.96657, 9.57065]},
			"faces": {
				"north": {"uv": [13, 11, 12.5, 11.5], "rotation": 270, "texture": "#0"},
				"east": {"uv": [12.5, 9.5, 13, 10], "rotation": 270, "texture": "#0"},
				"south": {"uv": [13, 11, 12.5, 10.5], "rotation": 270, "texture": "#0"},
				"west": {"uv": [12.5, 8.5, 13, 9], "rotation": 90, "texture": "#0"},
				"up": {"uv": [12.5, 9, 13, 9.5], "rotation": 180, "texture": "#0"},
				"down": {"uv": [12.5, 10, 13, 10.5], "texture": "#0"}
			}
		},
		{
			"from": [4.73583, 3.09172, 1.16251],
			"to": [5.12808, 3.48398, 2.33927],
			"rotation": {"angle": 0, "axis": "x", "origin": [8.06644, 7.96657, 9.57065]},
			"faces": {
				"north": {"uv": [2, 13, 1.5, 13.5], "rotation": 270, "texture": "#0"},
				"east": {"uv": [0, 13, 0.5, 13.5], "rotation": 270, "texture": "#0"},
				"south": {"uv": [1.5, 13.5, 1, 13], "rotation": 270, "texture": "#0"},
				"west": {"uv": [12.5, 11.5, 13, 12], "rotation": 90, "texture": "#0"},
				"up": {"uv": [0.5, 13, 1, 13.5], "rotation": 180, "texture": "#0"},
				"down": {"uv": [0.5, 13, 1, 13.5], "texture": "#0"}
			}
		},
		{
			"from": [1.74221, 3.09172, 2.24585],
			"to": [2.13446, 3.48398, 3.03036],
			"rotation": {"angle": -22.5, "axis": "y", "origin": [8.06644, 7.96657, 9.57065]},
			"faces": {
				"north": {"uv": [5, 13, 4.5, 13.5], "rotation": 270, "texture": "#0"},
				"east": {"uv": [3, 13, 3.5, 13.5], "rotation": 270, "texture": "#0"},
				"south": {"uv": [4.5, 13.5, 4, 13], "rotation": 270, "texture": "#0"},
				"west": {"uv": [2, 13, 2.5, 13.5], "rotation": 90, "texture": "#0"},
				"up": {"uv": [2.5, 13, 3, 13.5], "rotation": 180, "texture": "#0"},
				"down": {"uv": [3.5, 13, 4, 13.5], "texture": "#0"}
			}
		},
		{
			"from": [4.73583, 3.68011, 1.16251],
			"to": [5.12808, 4.07236, 2.33927],
			"rotation": {"angle": 0, "axis": "x", "origin": [8.06644, 7.96657, 9.57065]},
			"faces": {
				"north": {"uv": [2, 13, 1.5, 13.5], "rotation": 270, "texture": "#0"},
				"east": {"uv": [0, 13, 0.5, 13.5], "rotation": 270, "texture": "#0"},
				"south": {"uv": [1.5, 13.5, 1, 13], "rotation": 270, "texture": "#0"},
				"west": {"uv": [12.5, 11.5, 13, 12], "rotation": 90, "texture": "#0"},
				"up": {"uv": [0.5, 13, 1, 13.5], "rotation": 180, "texture": "#0"},
				"down": {"uv": [0.5, 13, 1, 13.5], "texture": "#0"}
			}
		},
		{
			"from": [1.74221, 3.68011, 2.24585],
			"to": [2.13446, 4.07236, 3.03036],
			"rotation": {"angle": -22.5, "axis": "y", "origin": [8.06644, 7.96657, 9.57065]},
			"faces": {
				"north": {"uv": [5, 13, 4.5, 13.5], "rotation": 270, "texture": "#0"},
				"east": {"uv": [2, 13, 2.5, 13.5], "rotation": 270, "texture": "#0"},
				"south": {"uv": [4.5, 13.5, 4, 13], "rotation": 270, "texture": "#0"},
				"west": {"uv": [2, 13, 2.5, 13.5], "rotation": 90, "texture": "#0"},
				"up": {"uv": [3.5, 13, 4, 13.5], "rotation": 180, "texture": "#0"},
				"down": {"uv": [3.5, 13, 4, 13.5], "texture": "#0"}
			}
		},
		{
			"from": [4.73583, 4.26849, 1.16251],
			"to": [5.12808, 4.66074, 2.33927],
			"rotation": {"angle": 0, "axis": "x", "origin": [8.06644, 7.96657, 9.57065]},
			"faces": {
				"north": {"uv": [2, 13, 1.5, 13.5], "rotation": 270, "texture": "#0"},
				"east": {"uv": [0, 13, 0.5, 13.5], "rotation": 270, "texture": "#0"},
				"south": {"uv": [1.5, 13.5, 1, 13], "rotation": 270, "texture": "#0"},
				"west": {"uv": [12.5, 11.5, 13, 12], "rotation": 90, "texture": "#0"},
				"up": {"uv": [0.5, 13, 1, 13.5], "rotation": 180, "texture": "#0"},
				"down": {"uv": [0.5, 13, 1, 13.5], "texture": "#0"}
			}
		},
		{
			"from": [1.74221, 4.26849, 2.24585],
			"to": [2.13446, 4.66074, 3.03036],
			"rotation": {"angle": -22.5, "axis": "y", "origin": [8.06644, 7.96657, 9.57065]},
			"faces": {
				"north": {"uv": [5, 13, 4.5, 13.5], "rotation": 270, "texture": "#0"},
				"east": {"uv": [2, 13, 2.5, 13.5], "rotation": 270, "texture": "#0"},
				"south": {"uv": [4.5, 13.5, 4, 13], "rotation": 270, "texture": "#0"},
				"west": {"uv": [2, 13, 2.5, 13.5], "rotation": 90, "texture": "#0"},
				"up": {"uv": [3.5, 13, 4, 13.5], "rotation": 180, "texture": "#0"},
				"down": {"uv": [3.5, 13, 4, 13.5], "texture": "#0"}
			}
		},
		{
			"from": [5.52034, 4.46461, 1.16251],
			"to": [6.10872, 4.85687, 2.33927],
			"rotation": {"angle": 0, "axis": "x", "origin": [8.06644, 7.96657, 9.57065]},
			"faces": {
				"north": {"uv": [13.5, 6, 13, 6.5], "rotation": 270, "texture": "#0"},
				"east": {"uv": [13, 4.5, 13.5, 5], "rotation": 270, "texture": "#0"},
				"south": {"uv": [13.5, 6, 13, 5.5], "rotation": 270, "texture": "#0"},
				"west": {"uv": [13, 3.5, 13.5, 4], "rotation": 90, "texture": "#0"},
				"up": {"uv": [13, 4, 13.5, 4.5], "rotation": 180, "texture": "#0"},
				"down": {"uv": [13, 5, 13.5, 5.5], "texture": "#0"}
			}
		},
		{
			"from": [9.74249, 7.25251, 29.3204],
			"to": [10.45241, 8.79067, 30.03032],
			"rotation": {"angle": 22.5, "axis": "z", "origin": [8.06644, 7.96657, 26.97065]},
			"faces": {
				"north": {"uv": [4, 12.5, 3.5, 13], "texture": "#0"},
				"east": {"uv": [5.5, 12.5, 5, 13], "texture": "#0"},
				"south": {"uv": [5, 12.5, 4.5, 13], "texture": "#0"},
				"west": {"uv": [4.5, 12.5, 4, 13], "texture": "#0"},
				"up": {"uv": [5.5, 13, 6, 12.5], "texture": "#0"},
				"down": {"uv": [6, 12.5, 6.5, 13], "texture": "#0"}
			}
		},
		{
			"from": [9.72481, 5.74427, 29.3204],
			"to": [10.43473, 7.28243, 30.03032],
			"rotation": {"angle": 22.5, "axis": "z", "origin": [8.06644, 7.96657, 26.97065]},
			"faces": {
				"north": {"uv": [7, 12.5, 6.5, 13], "texture": "#0"},
				"east": {"uv": [8.5, 12.5, 8, 13], "texture": "#0"},
				"south": {"uv": [8, 12.5, 7.5, 13], "texture": "#0"},
				"west": {"uv": [7.5, 12.5, 7, 13], "texture": "#0"},
				"up": {"uv": [8.5, 13, 9, 12.5], "texture": "#0"},
				"down": {"uv": [9, 12.5, 9.5, 13], "texture": "#0"}
			}
		},
		{
			"from": [10.34872, 6.59986, 29.58301],
			"to": [11.05864, 8.13802, 30.29293],
			"rotation": {"angle": 22.5, "axis": "x", "origin": [8.06644, 7.96657, 26.97065]},
			"faces": {
				"north": {"uv": [10, 12.5, 9.5, 13], "texture": "#0"},
				"east": {"uv": [11.5, 12.5, 11, 13], "texture": "#0"},
				"south": {"uv": [11, 12.5, 10.5, 13], "texture": "#0"},
				"west": {"uv": [10.5, 12.5, 10, 13], "texture": "#0"},
				"up": {"uv": [11.5, 13, 12, 12.5], "texture": "#0"},
				"down": {"uv": [12, 12.5, 12.5, 13], "texture": "#0"}
			}
		},
		{
			"from": [10.34872, 5.0617, 29.58301],
			"to": [11.05864, 6.59986, 30.29293],
			"rotation": {"angle": 22.5, "axis": "x", "origin": [8.06644, 7.96657, 26.97065]},
			"faces": {
				"north": {"uv": [13, 12.5, 12.5, 13], "texture": "#0"},
				"east": {"uv": [13, 1, 12.5, 1.5], "texture": "#0"},
				"south": {"uv": [13, 0.5, 12.5, 1], "texture": "#0"},
				"west": {"uv": [13, 0, 12.5, 0.5], "texture": "#0"},
				"up": {"uv": [12.5, 2, 13, 1.5], "texture": "#0"},
				"down": {"uv": [12.5, 2, 13, 2.5], "texture": "#0"}
			}
		},
		{
			"from": [9.79769, 3.44254, 3.70717],
			"to": [10.95855, 4.6034, 6.22237],
			"rotation": {"angle": 0, "axis": "x", "origin": [8.06644, 7.96657, 9.37065]},
			"faces": {
				"north": {"uv": [12.5, 5, 13, 5.5], "rotation": 180, "texture": "#0"},
				"east": {"uv": [13, 4, 12.5, 4.5], "rotation": 270, "texture": "#0"},
				"south": {"uv": [12.5, 5, 13, 4.5], "texture": "#0"},
				"west": {"uv": [13, 3, 12.5, 3.5], "rotation": 90, "texture": "#0"},
				"up": {"uv": [13, 2.5, 12.5, 3], "rotation": 180, "texture": "#0"},
				"down": {"uv": [13, 3.5, 12.5, 4], "texture": "#0"}
			}
		},
		{
			"from": [10.00169, 3.57854, 6.22317],
			"to": [10.82255, 4.3994, 8.73837],
			"rotation": {"angle": 0, "axis": "x", "origin": [8.06644, 7.96657, 9.37065]},
			"faces": {
				"north": {"uv": [12.5, 5, 13, 5.5], "rotation": 180, "texture": "#0"},
				"east": {"uv": [13, 4, 12.5, 4.5], "rotation": 270, "texture": "#0"},
				"south": {"uv": [12.5, 5, 13, 4.5], "texture": "#0"},
				"west": {"uv": [13, 3, 12.5, 3.5], "rotation": 90, "texture": "#0"},
				"up": {"uv": [13, 2.5, 12.5, 3], "rotation": 180, "texture": "#0"},
				"down": {"uv": [13, 3.5, 12.5, 4], "texture": "#0"}
			}
		},
		{
			"from": [9.35514, 3.05559, 3.07337],
			"to": [11.28991, 4.99036, 3.6538],
			"rotation": {"angle": 0, "axis": "x", "origin": [8.06644, 7.96657, 9.37065]},
			"faces": {
				"north": {"uv": [13, 8.5, 12.5, 8], "rotation": 270, "texture": "#0"},
				"east": {"uv": [13, 5.5, 12.5, 6], "rotation": 270, "texture": "#0"},
				"south": {"uv": [13, 7.5, 12.5, 8], "rotation": 270, "texture": "#0"},
				"west": {"uv": [13, 6.5, 12.5, 7], "rotation": 90, "texture": "#0"},
				"up": {"uv": [13, 6, 12.5, 6.5], "rotation": 180, "texture": "#0"},
				"down": {"uv": [13, 7, 12.5, 7.5], "texture": "#0"}
			}
		},
		{
			"from": [9.54862, 3.24906, 1.91251],
			"to": [11.09643, 4.79688, 3.07337],
			"rotation": {"angle": 0, "axis": "x", "origin": [8.06644, 7.96657, 9.37065]},
			"faces": {
				"north": {"uv": [13, 11.5, 12.5, 11], "rotation": 270, "texture": "#0"},
				"east": {"uv": [13, 8.5, 12.5, 9], "rotation": 270, "texture": "#0"},
				"south": {"uv": [13, 10.5, 12.5, 11], "rotation": 270, "texture": "#0"},
				"west": {"uv": [13, 9.5, 12.5, 10], "rotation": 90, "texture": "#0"},
				"up": {"uv": [13, 9, 12.5, 9.5], "rotation": 180, "texture": "#0"},
				"down": {"uv": [13, 10, 12.5, 10.5], "texture": "#0"}
			}
		},
		{
			"from": [10.90295, 3.24906, 1.1386],
			"to": [11.28991, 3.63602, 2.29946],
			"rotation": {"angle": 0, "axis": "x", "origin": [8.06644, 7.96657, 9.37065]},
			"faces": {
				"north": {"uv": [2, 13.5, 1.5, 13], "rotation": 270, "texture": "#0"},
				"east": {"uv": [13, 11.5, 12.5, 12], "rotation": 270, "texture": "#0"},
				"south": {"uv": [1.5, 13, 1, 13.5], "rotation": 270, "texture": "#0"},
				"west": {"uv": [0.5, 13, 0, 13.5], "rotation": 90, "texture": "#0"},
				"up": {"uv": [1, 13, 0.5, 13.5], "rotation": 180, "texture": "#0"},
				"down": {"uv": [1, 13, 0.5, 13.5], "texture": "#0"}
			}
		},
		{
			"from": [13.8413, 3.24906, 2.18169],
			"to": [14.22826, 3.63602, 2.9556],
			"rotation": {"angle": 22.5, "axis": "y", "origin": [8.06644, 7.96657, 9.37065]},
			"faces": {
				"north": {"uv": [5, 13.5, 4.5, 13], "rotation": 270, "texture": "#0"},
				"east": {"uv": [2.5, 13, 2, 13.5], "rotation": 270, "texture": "#0"},
				"south": {"uv": [4.5, 13, 4, 13.5], "rotation": 270, "texture": "#0"},
				"west": {"uv": [3.5, 13, 3, 13.5], "rotation": 90, "texture": "#0"},
				"up": {"uv": [3, 13, 2.5, 13.5], "rotation": 180, "texture": "#0"},
				"down": {"uv": [4, 13, 3.5, 13.5], "texture": "#0"}
			}
		},
		{
			"from": [10.90295, 3.82949, 1.1386],
			"to": [11.28991, 4.21645, 2.29946],
			"rotation": {"angle": 0, "axis": "x", "origin": [8.06644, 7.96657, 9.37065]},
			"faces": {
				"north": {"uv": [2, 13.5, 1.5, 13], "rotation": 270, "texture": "#0"},
				"east": {"uv": [13, 11.5, 12.5, 12], "rotation": 270, "texture": "#0"},
				"south": {"uv": [1.5, 13, 1, 13.5], "rotation": 270, "texture": "#0"},
				"west": {"uv": [0.5, 13, 0, 13.5], "rotation": 90, "texture": "#0"},
				"up": {"uv": [1, 13, 0.5, 13.5], "rotation": 180, "texture": "#0"},
				"down": {"uv": [1, 13, 0.5, 13.5], "texture": "#0"}
			}
		},
		{
			"from": [13.8413, 3.82949, 2.18169],
			"to": [14.22826, 4.21645, 2.9556],
			"rotation": {"angle": 22.5, "axis": "y", "origin": [8.06644, 7.96657, 9.37065]},
			"faces": {
				"north": {"uv": [5, 13.5, 4.5, 13], "rotation": 270, "texture": "#0"},
				"east": {"uv": [2.5, 13, 2, 13.5], "rotation": 270, "texture": "#0"},
				"south": {"uv": [4.5, 13, 4, 13.5], "rotation": 270, "texture": "#0"},
				"west": {"uv": [2.5, 13, 2, 13.5], "rotation": 90, "texture": "#0"},
				"up": {"uv": [4, 13, 3.5, 13.5], "rotation": 180, "texture": "#0"},
				"down": {"uv": [4, 13, 3.5, 13.5], "texture": "#0"}
			}
		},
		{
			"from": [10.90295, 4.40992, 1.1386],
			"to": [11.28991, 4.79688, 2.29946],
			"rotation": {"angle": 0, "axis": "x", "origin": [8.06644, 7.96657, 9.37065]},
			"faces": {
				"north": {"uv": [2, 13.5, 1.5, 13], "rotation": 270, "texture": "#0"},
				"east": {"uv": [13, 11.5, 12.5, 12], "rotation": 270, "texture": "#0"},
				"south": {"uv": [1.5, 13, 1, 13.5], "rotation": 270, "texture": "#0"},
				"west": {"uv": [0.5, 13, 0, 13.5], "rotation": 90, "texture": "#0"},
				"up": {"uv": [1, 13, 0.5, 13.5], "rotation": 180, "texture": "#0"},
				"down": {"uv": [1, 13, 0.5, 13.5], "texture": "#0"}
			}
		},
		{
			"from": [13.8413, 4.40992, 2.18169],
			"to": [14.22826, 4.79688, 2.9556],
			"rotation": {"angle": 22.5, "axis": "y", "origin": [8.06644, 7.96657, 9.37065]},
			"faces": {
				"north": {"uv": [5, 13.5, 4.5, 13], "rotation": 270, "texture": "#0"},
				"east": {"uv": [2.5, 13, 2, 13.5], "rotation": 270, "texture": "#0"},
				"south": {"uv": [4.5, 13, 4, 13.5], "rotation": 270, "texture": "#0"},
				"west": {"uv": [2.5, 13, 2, 13.5], "rotation": 90, "texture": "#0"},
				"up": {"uv": [4, 13, 3.5, 13.5], "rotation": 180, "texture": "#0"},
				"down": {"uv": [4, 13, 3.5, 13.5], "texture": "#0"}
			}
		},
		{
			"from": [9.93557, 4.6034, 1.1386],
			"to": [10.516, 4.99036, 2.29946],
			"rotation": {"angle": 0, "axis": "x", "origin": [8.06644, 7.96657, 9.37065]},
			"faces": {
				"north": {"uv": [13.5, 6.5, 13, 6], "rotation": 270, "texture": "#0"},
				"east": {"uv": [13.5, 3.5, 13, 4], "rotation": 270, "texture": "#0"},
				"south": {"uv": [13.5, 5.5, 13, 6], "rotation": 270, "texture": "#0"},
				"west": {"uv": [13.5, 4.5, 13, 5], "rotation": 90, "texture": "#0"},
				"up": {"uv": [13.5, 4, 13, 4.5], "rotation": 180, "texture": "#0"},
				"down": {"uv": [13.5, 5, 13, 5.5], "texture": "#0"}
			}
		}
	],
	"display": {
		"head": {
			"translation": [0, -15, -80],
			"scale": [4, 4, 3.68164]
		}
	},
	"groups": [
		{
			"name": "todo",
			"origin": [8, 8, 8],
			"children": [
				{
					"name": "pata1",
					"origin": [13, 8, 16],
					"children": [0, 1]
				},
				{
					"name": "pata2",
					"origin": [13, 8, 16],
					"children": [2, 3]
				},
				{
					"name": "cuerpo",
					"origin": [13, 13, 16.2],
					"children": [4, 5, 6]
				},
				{
					"name": "cabeza",
					"origin": [13, 19.8, 16.2],
					"children": [
						{
							"name": "oreja1",
							"origin": [12.3, 17, 16.5],
							"children": [7, 8]
						},
						{
							"name": "oreja2",
							"origin": [12.3, 17, 16.5],
							"children": [9, 10]
						}, 11, 12, 13, 14, 15, 16, 17, 18, 19, 20, 21, 22, 23, 24, 25, 26, 27, 28, 29, 30, 31, 32, 33, 34, 35, 36, 37, 38, 39, 40, 41, 42, 43, 44, 45, 46, 47, 48, 49, 50, 51, 52, 53]
				},
				{
					"name": "brazo1",
					"origin": [10.8, 18, 16],
					"children": [54,
						{
							"name": "1.1",
							"origin": [12.1, 16.6, 16],
							"children": [55,
								{
									"name": "1.2",
									"origin": [12.1, 10.1, 15.4],
									"children": [56,
										{
											"name": "1.3",
											"origin": [12.1, 10.1, 15.4],
											"children": [57, 58, 59, 60, 61, 62, 63,
												{
													"name": "1.4",
													"origin": [12.1, 10.1, 15.4],
													"children": [64, 65,
														{
															"name": "mano",
															"origin": [12.1, 10.1, 15.4],
															"children": [66, 67,
																{
																	"name": "dedo1",
																	"origin": [12.1, 10.1, 15.4],
																	"children": [68,
																		{
																			"name": "dedo1.1",
																			"origin": [12.4, 10.7, 15.4],
																			"children": [69]
																		}
																	]
																},
																{
																	"name": "dedo2",
																	"origin": [12.4, 10.7, 15.4],
																	"children": [70,
																		{
																			"name": "dedo1.1",
																			"origin": [12.4, 10.7, 15.4],
																			"children": [71]
																		}
																	]
																},
																{
																	"name": "dedo3",
																	"origin": [12.7, 10.7, 15.4],
																	"children": [72,
																		{
																			"name": "dedo1.1",
																			"origin": [12.4, 10.7, 15.4],
																			"children": [73]
																		}
																	]
																},
																{
																	"name": "dedo4",
																	"origin": [12.8, 10.7, 15.8],
																	"children": [74]
																}
															]
														}
													]
												}
											]
										}
									]
								}
							]
						}
					]
				},
				{
					"name": "brazo2",
					"origin": [10.8, 18, 16],
					"children": [75,
						{
							"name": "1.1",
							"origin": [12.1, 16.6, 16],
							"children": [76,
								{
									"name": "1.2",
									"origin": [12.1, 10.1, 15.4],
									"children": [77,
										{
											"name": "1.3",
											"origin": [12.1, 10.1, 15.4],
											"children": [78,
												{
													"name": "1.4",
													"origin": [12.1, 10.1, 15.4],
													"children": [79, 80,
														{
															"name": "mano",
															"origin": [12.1, 10.1, 15.4],
															"children": [81, 82,
																{
																	"name": "dedo1",
																	"origin": [12.1, 10.1, 15.4],
																	"children": [83,
																		{
																			"name": "dedo1.1",
																			"origin": [12.4, 10.7, 15.4],
																			"children": [84]
																		}
																	]
																},
																{
																	"name": "dedo2",
																	"origin": [12.4, 10.7, 15.4],
																	"children": [85,
																		{
																			"name": "dedo1.1",
																			"origin": [12.4, 10.7, 15.4],
																			"children": [86]
																		}
																	]
																},
																{
																	"name": "dedo3",
																	"origin": [12.7, 10.7, 15.4],
																	"children": [87,
																		{
																			"name": "dedo1.1",
																			"origin": [12.4, 10.7, 15.4],
																			"children": [88]
																		}
																	]
																},
																{
																	"name": "dedo4",
																	"origin": [12.8, 10.7, 15.8],
																	"children": [89]
																}
															]
														}
													]
												}
											]
										}
									]
								}
							]
						}
					]
				}
			]
		}
	]
}