{
	"credit": "Made with Blockbench",
	"texture_size": [64, 64],
	"textures": {
		"0": "6dt2_custom/6dt2_slenderman/6dt2_slenderman",
		"particle": "6dt2_custom/6dt2_slenderman/6dt2_slenderman"
	},
	"elements": [
		{
			"from": [2.02008, 13.5, 30.8273],
			"to": [7.12008, 14.6, 31.9273],
			"rotation": {"angle": -22.5, "axis": "y", "origin": [8.57369, 14.05, 27.45361]},
			"faces": {
				"north": {"uv": [8.25, 6.5, 8.9375, 7.75], "rotation": 90, "texture": "#0"},
				"east": {"uv": [8.25, 6.5, 8.9375, 7.75], "rotation": 90, "texture": "#0"},
				"south": {"uv": [8.25, 6.5, 8.9375, 7.75], "rotation": 90, "texture": "#0"},
				"west": {"uv": [8.25, 6.5, 8.9375, 7.75], "rotation": 90, "texture": "#0"},
				"up": {"uv": [8.25, 6.5, 8.9375, 7.75], "rotation": 270, "texture": "#0"},
				"down": {"uv": [8.25, 6.5, 8.9375, 7.75], "rotation": 90, "texture": "#0"}
			}
		},
		{
			"from": [-3.07992, 13.5, 30.8273],
			"to": [2.02008, 14.6, 31.9273],
			"rotation": {"angle": -22.5, "axis": "y", "origin": [8.57369, 14.05, 27.45361]},
			"faces": {
				"north": {"uv": [8.25, 6.5, 8.9375, 7.75], "rotation": 90, "texture": "#0"},
				"east": {"uv": [8.25, 6.5, 8.9375, 7.75], "rotation": 90, "texture": "#0"},
				"south": {"uv": [8.25, 6.5, 8.9375, 7.75], "rotation": 90, "texture": "#0"},
				"west": {"uv": [8.25, 6.5, 8.9375, 7.75], "rotation": 90, "texture": "#0"},
				"up": {"uv": [8.25, 6.5, 8.9375, 7.75], "rotation": 270, "texture": "#0"},
				"down": {"uv": [8.25, 6.5, 8.9375, 7.75], "rotation": 90, "texture": "#0"}
			}
		},
		{
			"from": [0.06987, 13.7, 13.33663],
			"to": [0.76987, 14.4, 18.43663],
			"rotation": {"angle": 45, "axis": "y", "origin": [8.57369, 14.05, 27.45361]},
			"faces": {
				"north": {"uv": [8.25, 6.5, 8.9375, 7.75], "rotation": 90, "texture": "#0"},
				"east": {"uv": [8.25, 6.5, 8.9375, 7.75], "rotation": 90, "texture": "#0"},
				"south": {"uv": [8.25, 6.5, 8.9375, 7.75], "rotation": 90, "texture": "#0"},
				"west": {"uv": [8.25, 6.5, 8.9375, 7.75], "rotation": 90, "texture": "#0"},
				"up": {"uv": [8.25, 6.5, 8.9375, 7.75], "texture": "#0"},
				"down": {"uv": [8.25, 6.5, 8.9375, 7.75], "texture": "#0"}
			}
		},
		{
			"from": [0.16987, 13.8, 8.23663],
			"to": [0.66987, 14.3, 13.33663],
			"rotation": {"angle": 45, "axis": "y", "origin": [8.57369, 14.05, 27.45361]},
			"faces": {
				"north": {"uv": [8.25, 6.5, 8.9375, 7.75], "rotation": 90, "texture": "#0"},
				"east": {"uv": [8.25, 6.5, 8.9375, 7.75], "rotation": 90, "texture": "#0"},
				"south": {"uv": [8.25, 6.5, 8.9375, 7.75], "rotation": 90, "texture": "#0"},
				"west": {"uv": [8.25, 6.5, 8.9375, 7.75], "rotation": 90, "texture": "#0"},
				"up": {"uv": [8.25, 6.5, 8.9375, 7.75], "texture": "#0"},
				"down": {"uv": [8.25, 6.5, 8.9375, 7.75], "texture": "#0"}
			}
		},
		{
			"from": [8.17992, 13.5, 30.8273],
			"to": [13.27992, 14.6, 31.9273],
			"rotation": {"angle": 22.5, "axis": "y", "origin": [6.72631, 14.05, 27.45361]},
			"faces": {
				"north": {"uv": [8.25, 7.75, 8.9375, 6.5], "rotation": 90, "texture": "#0"},
				"east": {"uv": [8.25, 7.75, 8.9375, 6.5], "rotation": 90, "texture": "#0"},
				"south": {"uv": [8.25, 7.75, 8.9375, 6.5], "rotation": 90, "texture": "#0"},
				"west": {"uv": [8.25, 7.75, 8.9375, 6.5], "rotation": 90, "texture": "#0"},
				"up": {"uv": [8.25, 7.75, 8.9375, 6.5], "rotation": 270, "texture": "#0"},
				"down": {"uv": [8.25, 7.75, 8.9375, 6.5], "rotation": 90, "texture": "#0"}
			}
		},
		{
			"from": [13.27992, 13.5, 30.8273],
			"to": [18.37992, 14.6, 31.9273],
			"rotation": {"angle": 22.5, "axis": "y", "origin": [6.72631, 14.05, 27.45361]},
			"faces": {
				"north": {"uv": [8.25, 7.75, 8.9375, 6.5], "rotation": 90, "texture": "#0"},
				"east": {"uv": [8.25, 7.75, 8.9375, 6.5], "rotation": 90, "texture": "#0"},
				"south": {"uv": [8.25, 7.75, 8.9375, 6.5], "rotation": 90, "texture": "#0"},
				"west": {"uv": [8.25, 7.75, 8.9375, 6.5], "rotation": 90, "texture": "#0"},
				"up": {"uv": [8.25, 7.75, 8.9375, 6.5], "rotation": 270, "texture": "#0"},
				"down": {"uv": [8.25, 7.75, 8.9375, 6.5], "rotation": 90, "texture": "#0"}
			}
		},
		{
			"from": [14.53013, 13.7, 13.33663],
			"to": [15.23013, 14.4, 18.43663],
			"rotation": {"angle": -45, "axis": "y", "origin": [6.72631, 14.05, 27.45361]},
			"faces": {
				"north": {"uv": [8.25, 7.75, 8.9375, 6.5], "rotation": 90, "texture": "#0"},
				"east": {"uv": [8.25, 7.75, 8.9375, 6.5], "rotation": 90, "texture": "#0"},
				"south": {"uv": [8.25, 7.75, 8.9375, 6.5], "rotation": 90, "texture": "#0"},
				"west": {"uv": [8.25, 7.75, 8.9375, 6.5], "rotation": 90, "texture": "#0"},
				"up": {"uv": [8.9375, 6.5, 8.25, 7.75], "texture": "#0"},
				"down": {"uv": [8.9375, 6.5, 8.25, 7.75], "texture": "#0"}
			}
		},
		{
			"from": [14.63013, 13.8, 8.23663],
			"to": [15.13013, 14.3, 13.33663],
			"rotation": {"angle": -45, "axis": "y", "origin": [6.72631, 14.05, 27.45361]},
			"faces": {
				"north": {"uv": [8.25, 7.75, 8.9375, 6.5], "rotation": 90, "texture": "#0"},
				"east": {"uv": [8.25, 7.75, 8.9375, 6.5], "rotation": 90, "texture": "#0"},
				"south": {"uv": [8.25, 7.75, 8.9375, 6.5], "rotation": 90, "texture": "#0"},
				"west": {"uv": [8.25, 7.75, 8.9375, 6.5], "rotation": 90, "texture": "#0"},
				"up": {"uv": [8.9375, 6.5, 8.25, 7.75], "texture": "#0"},
				"down": {"uv": [8.9375, 6.5, 8.25, 7.75], "texture": "#0"}
			}
		},
		{
			"from": [8.37992, 21, 29.3273],
			"to": [13.47992, 22.1, 30.4273],
			"rotation": {"angle": 22.5, "axis": "y", "origin": [6.92631, 21.55, 25.95361]},
			"faces": {
				"north": {"uv": [8.25, 7.75, 8.9375, 6.5], "rotation": 90, "texture": "#0"},
				"east": {"uv": [8.25, 7.75, 8.9375, 6.5], "rotation": 90, "texture": "#0"},
				"south": {"uv": [8.25, 7.75, 8.9375, 6.5], "rotation": 90, "texture": "#0"},
				"west": {"uv": [8.25, 7.75, 8.9375, 6.5], "rotation": 90, "texture": "#0"},
				"up": {"uv": [8.25, 7.75, 8.9375, 6.5], "rotation": 270, "texture": "#0"},
				"down": {"uv": [8.25, 7.75, 8.9375, 6.5], "rotation": 90, "texture": "#0"}
			}
		},
		{
			"from": [13.47992, 21, 29.3273],
			"to": [18.57992, 22.1, 30.4273],
			"rotation": {"angle": 22.5, "axis": "y", "origin": [6.92631, 21.55, 25.95361]},
			"faces": {
				"north": {"uv": [8.25, 7.75, 8.9375, 6.5], "rotation": 90, "texture": "#0"},
				"east": {"uv": [8.25, 7.75, 8.9375, 6.5], "rotation": 90, "texture": "#0"},
				"south": {"uv": [8.25, 7.75, 8.9375, 6.5], "rotation": 90, "texture": "#0"},
				"west": {"uv": [8.25, 7.75, 8.9375, 6.5], "rotation": 90, "texture": "#0"},
				"up": {"uv": [8.25, 7.75, 8.9375, 6.5], "rotation": 270, "texture": "#0"},
				"down": {"uv": [8.25, 7.75, 8.9375, 6.5], "rotation": 90, "texture": "#0"}
			}
		},
		{
			"from": [14.73013, 21.2, 11.83663],
			"to": [15.43013, 21.9, 16.93663],
			"rotation": {"angle": -45, "axis": "y", "origin": [6.92631, 21.55, 25.95361]},
			"faces": {
				"north": {"uv": [8.25, 7.75, 8.9375, 6.5], "rotation": 90, "texture": "#0"},
				"east": {"uv": [8.25, 7.75, 8.9375, 6.5], "rotation": 90, "texture": "#0"},
				"south": {"uv": [8.25, 7.75, 8.9375, 6.5], "rotation": 90, "texture": "#0"},
				"west": {"uv": [8.25, 7.75, 8.9375, 6.5], "rotation": 90, "texture": "#0"},
				"up": {"uv": [8.9375, 6.5, 8.25, 7.75], "texture": "#0"},
				"down": {"uv": [8.9375, 6.5, 8.25, 7.75], "texture": "#0"}
			}
		},
		{
			"from": [14.83013, 21.3, 6.73663],
			"to": [15.33013, 21.8, 11.83663],
			"rotation": {"angle": -45, "axis": "y", "origin": [6.92631, 21.55, 25.95361]},
			"faces": {
				"north": {"uv": [8.25, 7.75, 8.9375, 6.5], "rotation": 90, "texture": "#0"},
				"east": {"uv": [8.25, 7.75, 8.9375, 6.5], "rotation": 90, "texture": "#0"},
				"south": {"uv": [8.25, 7.75, 8.9375, 6.5], "rotation": 90, "texture": "#0"},
				"west": {"uv": [8.25, 7.75, 8.9375, 6.5], "rotation": 90, "texture": "#0"},
				"up": {"uv": [8.9375, 6.5, 8.25, 7.75], "texture": "#0"},
				"down": {"uv": [8.9375, 6.5, 8.25, 7.75], "texture": "#0"}
			}
		},
		{
			"from": [1.82008, 21.1, 29.3273],
			"to": [6.92008, 22.2, 30.4273],
			"rotation": {"angle": -22.5, "axis": "y", "origin": [8.37369, 21.65, 25.95361]},
			"faces": {
				"north": {"uv": [8.25, 6.5, 8.9375, 7.75], "rotation": 90, "texture": "#0"},
				"east": {"uv": [8.25, 6.5, 8.9375, 7.75], "rotation": 90, "texture": "#0"},
				"south": {"uv": [8.25, 6.5, 8.9375, 7.75], "rotation": 90, "texture": "#0"},
				"west": {"uv": [8.25, 6.5, 8.9375, 7.75], "rotation": 90, "texture": "#0"},
				"up": {"uv": [8.25, 6.5, 8.9375, 7.75], "rotation": 270, "texture": "#0"},
				"down": {"uv": [8.25, 6.5, 8.9375, 7.75], "rotation": 90, "texture": "#0"}
			}
		},
		{
			"from": [-3.27992, 21.1, 29.3273],
			"to": [1.82008, 22.2, 30.4273],
			"rotation": {"angle": -22.5, "axis": "y", "origin": [8.37369, 21.65, 25.95361]},
			"faces": {
				"north": {"uv": [8.25, 6.5, 8.9375, 7.75], "rotation": 90, "texture": "#0"},
				"east": {"uv": [8.25, 6.5, 8.9375, 7.75], "rotation": 90, "texture": "#0"},
				"south": {"uv": [8.25, 6.5, 8.9375, 7.75], "rotation": 90, "texture": "#0"},
				"west": {"uv": [8.25, 6.5, 8.9375, 7.75], "rotation": 90, "texture": "#0"},
				"up": {"uv": [8.25, 6.5, 8.9375, 7.75], "rotation": 270, "texture": "#0"},
				"down": {"uv": [8.25, 6.5, 8.9375, 7.75], "rotation": 90, "texture": "#0"}
			}
		},
		{
			"from": [-0.13013, 21.3, 11.83663],
			"to": [0.56987, 22, 16.93663],
			"rotation": {"angle": 45, "axis": "y", "origin": [8.37369, 21.65, 25.95361]},
			"faces": {
				"north": {"uv": [8.25, 6.5, 8.9375, 7.75], "rotation": 90, "texture": "#0"},
				"east": {"uv": [8.25, 6.5, 8.9375, 7.75], "rotation": 90, "texture": "#0"},
				"south": {"uv": [8.25, 6.5, 8.9375, 7.75], "rotation": 90, "texture": "#0"},
				"west": {"uv": [8.25, 6.5, 8.9375, 7.75], "rotation": 90, "texture": "#0"},
				"up": {"uv": [8.25, 6.5, 8.9375, 7.75], "texture": "#0"},
				"down": {"uv": [8.25, 6.5, 8.9375, 7.75], "texture": "#0"}
			}
		},
		{
			"from": [-0.03013, 21.4, 6.73663],
			"to": [0.46987, 21.9, 11.83663],
			"rotation": {"angle": 45, "axis": "y", "origin": [8.37369, 21.65, 25.95361]},
			"faces": {
				"north": {"uv": [8.25, 6.5, 8.9375, 7.75], "rotation": 90, "texture": "#0"},
				"east": {"uv": [8.25, 6.5, 8.9375, 7.75], "rotation": 90, "texture": "#0"},
				"south": {"uv": [8.25, 6.5, 8.9375, 7.75], "rotation": 90, "texture": "#0"},
				"west": {"uv": [8.25, 6.5, 8.9375, 7.75], "rotation": 90, "texture": "#0"},
				"up": {"uv": [8.25, 6.5, 8.9375, 7.75], "texture": "#0"},
				"down": {"uv": [8.25, 6.5, 8.9375, 7.75], "texture": "#0"}
			}
		},
		{
			"from": [5.72, 9.61519, 29.32017],
			"to": [7.16, 15.67519, 31.36017],
			"rotation": {"angle": 0, "axis": "x", "origin": [7.7, 4.31831, 26.10844]},
			"faces": {
				"north": {"uv": [6.75, 7.5, 7.25, 9.75], "texture": "#0"},
				"east": {"uv": [3, 5.5, 3.75, 7.75], "texture": "#0"},
				"south": {"uv": [4.5, 8.25, 5, 10.5], "texture": "#0"},
				"west": {"uv": [3.75, 5.5, 4.5, 7.75], "texture": "#0"},
				"up": {"uv": [10, 1.5, 9.5, 0.75], "texture": "#0"},
				"down": {"uv": [10, 2.25, 9.5, 3], "texture": "#0"}
			}
		},
		{
			"from": [7.16, 12.61519, 29.32017],
			"to": [7.46, 14.83519, 31.36017],
			"rotation": {"angle": 0, "axis": "x", "origin": [7.7, 4.31831, 26.10844]},
			"faces": {
				"north": {"uv": [1.5, 6, 1.75, 7], "texture": "#0"},
				"east": {"uv": [5.75, 8.5, 6.5, 9.5], "texture": "#0"},
				"south": {"uv": [6.5, 0, 6.75, 1], "texture": "#0"},
				"west": {"uv": [7.25, 8.5, 8, 9.5], "texture": "#0"},
				"up": {"uv": [6.75, 1.75, 6.5, 1], "texture": "#0"},
				"down": {"uv": [6.75, 3, 6.5, 3.75], "texture": "#0"}
			}
		},
		{
			"from": [5.84, 1.20879, 29.47623],
			"to": [7.04, 9.54879, 31.33623],
			"rotation": {"angle": 0, "axis": "x", "origin": [7.7, 4.31831, 26.10844]},
			"faces": {
				"north": {"uv": [0.75, 2.5, 1.25, 6], "texture": "#0"},
				"east": {"uv": [2.25, 2.25, 3, 5.75], "texture": "#0"},
				"south": {"uv": [1.25, 2.5, 1.75, 6], "texture": "#0"},
				"west": {"uv": [0, 2.5, 0.75, 6], "texture": "#0"},
				"up": {"uv": [6.75, 10.25, 6.25, 9.5], "texture": "#0"},
				"down": {"uv": [7.75, 9.5, 7.25, 10.25], "texture": "#0"}
			}
		},
		{
			"from": [6.08, 0.30879, 28.09623],
			"to": [6.8, 0.60879, 28.51623],
			"rotation": {"angle": 0, "axis": "x", "origin": [7.7, 4.31831, 26.10844]},
			"faces": {
				"north": {"uv": [4.5, 5.5, 4.75, 5.75], "texture": "#0"},
				"east": {"uv": [6.5, 1.75, 6.75, 2], "texture": "#0"},
				"south": {"uv": [6.5, 3.75, 6.75, 4], "texture": "#0"},
				"west": {"uv": [8.5, 5.25, 8.75, 5.5], "texture": "#0"},
				"up": {"uv": [6.75, 9.5, 6.5, 9.25], "texture": "#0"},
				"down": {"uv": [8, 9.5, 7.75, 9.75], "texture": "#0"}
			}
		},
		{
			"from": [5.96, 0.30879, 28.51623],
			"to": [6.92, 0.78879, 28.99623],
			"rotation": {"angle": 0, "axis": "x", "origin": [7.7, 4.31831, 26.10844]},
			"faces": {
				"north": {"uv": [1.75, 5.5, 2.25, 5.75], "texture": "#0"},
				"east": {"uv": [10.25, 7.75, 10.5, 8], "texture": "#0"},
				"south": {"uv": [7.25, 5.5, 7.75, 5.75], "texture": "#0"},
				"west": {"uv": [10.25, 8, 10.5, 8.25], "texture": "#0"},
				"up": {"uv": [5.5, 8.5, 5, 8.25], "texture": "#0"},
				"down": {"uv": [9.5, 2.25, 9, 2.5], "texture": "#0"}
			}
		},
		{
			"from": [5.84, 0.30879, 28.99623],
			"to": [7.04, 0.90879, 31.39623],
			"rotation": {"angle": 0, "axis": "x", "origin": [7.7, 4.31831, 26.10844]},
			"faces": {
				"north": {"uv": [1, 10.25, 1.5, 10.5], "texture": "#0"},
				"east": {"uv": [9.5, 4.5, 10.5, 4.75], "texture": "#0"},
				"south": {"uv": [1.5, 10.25, 2, 10.5], "texture": "#0"},
				"west": {"uv": [9.5, 5.75, 10.5, 6], "texture": "#0"},
				"up": {"uv": [4.5, 10, 4, 9], "texture": "#0"},
				"down": {"uv": [9.5, 0.75, 9, 1.75], "texture": "#0"}
			}
		},
		{
			"from": [5.96, 0.30879, 31.39623],
			"to": [6.92, 0.72879, 31.63623],
			"rotation": {"angle": 0, "axis": "x", "origin": [7.7, 4.31831, 26.10844]},
			"faces": {
				"north": {"uv": [2, 10.25, 2.5, 10.5], "texture": "#0"},
				"east": {"uv": [10.25, 8.25, 10.5, 8.5], "texture": "#0"},
				"south": {"uv": [3.5, 10.25, 4, 10.5], "texture": "#0"},
				"west": {"uv": [10.25, 8.5, 10.5, 8.75], "texture": "#0"},
				"up": {"uv": [5.5, 10.5, 5, 10.25], "texture": "#0"},
				"down": {"uv": [6.25, 10.25, 5.75, 10.5], "texture": "#0"}
			}
		},
		{
			"from": [5.96, 0.90879, 29.59623],
			"to": [6.92, 1.20879, 31.21623],
			"rotation": {"angle": 0, "axis": "x", "origin": [7.7, 4.31831, 26.10844]},
			"faces": {
				"north": {"uv": [6.25, 10.25, 6.75, 10.5], "texture": "#0"},
				"east": {"uv": [2.25, 2, 3, 2.25], "texture": "#0"},
				"south": {"uv": [6.75, 10.25, 7.25, 10.5], "texture": "#0"},
				"west": {"uv": [10, 1.25, 10.75, 1.5], "texture": "#0"},
				"up": {"uv": [3, 7.75, 2.5, 7], "texture": "#0"},
				"down": {"uv": [6.25, 9.5, 5.75, 10.25], "texture": "#0"}
			}
		},
		{
			"from": [8.24, 9.54766, 29.24178],
			"to": [9.68, 15.48766, 31.28178],
			"rotation": {"angle": 0, "axis": "x", "origin": [7.7, 4.31831, 26.10844]},
			"faces": {
				"north": {"uv": [7.25, 7.5, 6.75, 9.75], "texture": "#0"},
				"east": {"uv": [4.5, 5.5, 3.75, 7.75], "texture": "#0"},
				"south": {"uv": [5, 8.25, 4.5, 10.5], "texture": "#0"},
				"west": {"uv": [3.75, 5.5, 3, 7.75], "texture": "#0"},
				"up": {"uv": [9.5, 1.5, 10, 0.75], "texture": "#0"},
				"down": {"uv": [9.5, 2.25, 10, 3], "texture": "#0"}
			}
		},
		{
			"from": [7.94, 12.54766, 29.24178],
			"to": [8.24, 14.76766, 31.28178],
			"rotation": {"angle": 0, "axis": "x", "origin": [7.7, 4.31831, 26.10844]},
			"faces": {
				"north": {"uv": [1.75, 6, 1.5, 7], "texture": "#0"},
				"east": {"uv": [8, 8.5, 7.25, 9.5], "texture": "#0"},
				"south": {"uv": [6.75, 0, 6.5, 1], "texture": "#0"},
				"west": {"uv": [6.5, 8.5, 5.75, 9.5], "texture": "#0"},
				"up": {"uv": [6.5, 1.75, 6.75, 1], "texture": "#0"},
				"down": {"uv": [6.5, 3, 6.75, 3.75], "texture": "#0"}
			}
		},
		{
			"from": [8.36, 1.24241, 29.43563],
			"to": [9.56, 9.58241, 31.29563],
			"rotation": {"angle": 0, "axis": "x", "origin": [7.7, 4.31831, 26.10844]},
			"faces": {
				"north": {"uv": [1.25, 2.5, 0.75, 6], "texture": "#0"},
				"east": {"uv": [0.75, 2.5, 0, 6], "texture": "#0"},
				"south": {"uv": [1.75, 2.5, 1.25, 6], "texture": "#0"},
				"west": {"uv": [3, 2.25, 2.25, 5.75], "texture": "#0"},
				"up": {"uv": [6.25, 10.25, 6.75, 9.5], "texture": "#0"},
				"down": {"uv": [7.25, 9.5, 7.75, 10.25], "texture": "#0"}
			}
		},
		{
			"from": [8.6, 0.34241, 28.05563],
			"to": [9.32, 0.64241, 28.47563],
			"rotation": {"angle": 0, "axis": "x", "origin": [7.7, 4.31831, 26.10844]},
			"faces": {
				"north": {"uv": [4.75, 5.5, 4.5, 5.75], "texture": "#0"},
				"east": {"uv": [8.75, 5.25, 8.5, 5.5], "texture": "#0"},
				"south": {"uv": [6.75, 3.75, 6.5, 4], "texture": "#0"},
				"west": {"uv": [6.75, 1.75, 6.5, 2], "texture": "#0"},
				"up": {"uv": [6.5, 9.5, 6.75, 9.25], "texture": "#0"},
				"down": {"uv": [7.75, 9.5, 8, 9.75], "texture": "#0"}
			}
		},
		{
			"from": [8.48, 0.34241, 28.47563],
			"to": [9.44, 0.82241, 28.95563],
			"rotation": {"angle": 0, "axis": "x", "origin": [7.7, 4.31831, 26.10844]},
			"faces": {
				"north": {"uv": [2.25, 5.5, 1.75, 5.75], "texture": "#0"},
				"east": {"uv": [10.5, 8, 10.25, 8.25], "texture": "#0"},
				"south": {"uv": [7.75, 5.5, 7.25, 5.75], "texture": "#0"},
				"west": {"uv": [10.5, 7.75, 10.25, 8], "texture": "#0"},
				"up": {"uv": [5, 8.5, 5.5, 8.25], "texture": "#0"},
				"down": {"uv": [9, 2.25, 9.5, 2.5], "texture": "#0"}
			}
		},
		{
			"from": [8.36, 0.34241, 28.95563],
			"to": [9.56, 0.94241, 31.35563],
			"rotation": {"angle": 0, "axis": "x", "origin": [7.7, 4.31831, 26.10844]},
			"faces": {
				"north": {"uv": [1.5, 10.25, 1, 10.5], "texture": "#0"},
				"east": {"uv": [10.5, 5.75, 9.5, 6], "texture": "#0"},
				"south": {"uv": [2, 10.25, 1.5, 10.5], "texture": "#0"},
				"west": {"uv": [10.5, 4.5, 9.5, 4.75], "texture": "#0"},
				"up": {"uv": [4, 10, 4.5, 9], "texture": "#0"},
				"down": {"uv": [9, 0.75, 9.5, 1.75], "texture": "#0"}
			}
		},
		{
			"from": [8.48, 0.34241, 31.35563],
			"to": [9.44, 0.76241, 31.59563],
			"rotation": {"angle": 0, "axis": "x", "origin": [7.7, 4.31831, 26.10844]},
			"faces": {
				"north": {"uv": [2.5, 10.25, 2, 10.5], "texture": "#0"},
				"east": {"uv": [10.5, 8.5, 10.25, 8.75], "texture": "#0"},
				"south": {"uv": [4, 10.25, 3.5, 10.5], "texture": "#0"},
				"west": {"uv": [10.5, 8.25, 10.25, 8.5], "texture": "#0"},
				"up": {"uv": [5, 10.5, 5.5, 10.25], "texture": "#0"},
				"down": {"uv": [5.75, 10.25, 6.25, 10.5], "texture": "#0"}
			}
		},
		{
			"from": [8.48, 0.94241, 29.55563],
			"to": [9.44, 1.24241, 31.17563],
			"rotation": {"angle": 0, "axis": "x", "origin": [7.7, 4.31831, 26.10844]},
			"faces": {
				"north": {"uv": [6.75, 10.25, 6.25, 10.5], "texture": "#0"},
				"east": {"uv": [10.75, 1.25, 10, 1.5], "texture": "#0"},
				"south": {"uv": [7.25, 10.25, 6.75, 10.5], "texture": "#0"},
				"west": {"uv": [3, 2, 2.25, 2.25], "texture": "#0"},
				"up": {"uv": [2.5, 7.75, 3, 7], "texture": "#0"},
				"down": {"uv": [5.75, 9.5, 6.25, 10.25], "texture": "#0"}
			}
		},
		{
			"from": [7.46, 13.5, 29.36],
			"to": [7.88, 14.46, 31.4],
			"rotation": {"angle": 0, "axis": "x", "origin": [7.65, 18.4277, 28.95941]},
			"faces": {
				"north": {"uv": [5.5, 7, 5.75, 7.5], "texture": "#0"},
				"east": {"uv": [9.25, 8.75, 10, 9.25], "texture": "#0"},
				"south": {"uv": [7.25, 10.25, 7.5, 10.75], "texture": "#0"},
				"west": {"uv": [9.5, 3, 10.25, 3.5], "texture": "#0"},
				"up": {"uv": [6.75, 9.25, 6.5, 8.5], "texture": "#0"},
				"down": {"uv": [8.25, 8.5, 8, 9.25], "texture": "#0"}
			}
		},
		{
			"from": [5.48, 14.26, 29.18],
			"to": [9.86, 17.44, 31.58],
			"rotation": {"angle": 0, "axis": "x", "origin": [7.65, 18.4277, 28.95941]},
			"faces": {
				"north": {"uv": [3, 3, 4.75, 4.25], "texture": "#0"},
				"east": {"uv": [4.5, 7, 5.5, 8.25], "texture": "#0"},
				"south": {"uv": [3, 4.25, 4.75, 5.5], "texture": "#0"},
				"west": {"uv": [7.25, 7.25, 8.25, 8.5], "texture": "#0"},
				"up": {"uv": [6.5, 4, 4.75, 3], "texture": "#0"},
				"down": {"uv": [6.75, 2, 5, 3], "texture": "#0"}
			}
		},
		{
			"from": [5.24, 16.54141, 27.73769],
			"to": [10.1, 18.64141, 30.13769],
			"rotation": {"angle": -22.5, "axis": "x", "origin": [7.64, 20.23404, 28.24912]},
			"faces": {
				"north": {"uv": [4.75, 4, 6.75, 4.75], "texture": "#0"},
				"east": {"uv": [7.25, 6.5, 8.25, 7.25], "texture": "#0"},
				"south": {"uv": [5.75, 5.75, 7.75, 6.5], "texture": "#0"},
				"west": {"uv": [8.5, 2.5, 9.5, 3.25], "texture": "#0"},
				"up": {"uv": [5, 3, 3, 2], "texture": "#0"},
				"down": {"uv": [6.5, 0, 4.5, 1], "texture": "#0"}
			}
		},
		{
			"from": [4.94, 18.5257, 28.07417],
			"to": [10.34, 21.7057, 30.47417],
			"rotation": {"angle": -22.5, "axis": "x", "origin": [7.64, 19.33404, 28.24912]},
			"faces": {
				"north": {"uv": [0, 0, 2.25, 1.25], "texture": "#0"},
				"east": {"uv": [7.25, 0, 8.25, 1.25], "texture": "#0"},
				"south": {"uv": [0, 1.25, 2.25, 2.5], "texture": "#0"},
				"west": {"uv": [7.25, 1.25, 8.25, 2.5], "texture": "#0"},
				"up": {"uv": [4.5, 1, 2.25, 0], "texture": "#0"},
				"down": {"uv": [4.5, 1, 2.25, 2], "texture": "#0"}
			}
		},
		{
			"from": [5.18, 21.7057, 28.07417],
			"to": [10.1, 22.1257, 30.47417],
			"rotation": {"angle": -22.5, "axis": "x", "origin": [7.64, 19.33404, 28.24912]},
			"faces": {
				"north": {"uv": [8.75, 6, 10.75, 6.25], "texture": "#0"},
				"east": {"uv": [2.5, 9.75, 3.5, 10], "texture": "#0"},
				"south": {"uv": [8.75, 6.25, 10.75, 6.5], "texture": "#0"},
				"west": {"uv": [7.75, 9.75, 8.75, 10], "texture": "#0"},
				"up": {"uv": [6.5, 2, 4.5, 1], "texture": "#0"},
				"down": {"uv": [6.75, 4.75, 4.75, 5.75], "texture": "#0"}
			}
		},
		{
			"from": [5.84, 22.1257, 28.07417],
			"to": [9.38, 22.4257, 30.47417],
			"rotation": {"angle": -22.5, "axis": "x", "origin": [7.64, 19.33404, 28.24912]},
			"faces": {
				"north": {"uv": [9, 7.5, 10.5, 7.75], "texture": "#0"},
				"east": {"uv": [8.75, 9.75, 9.75, 10], "texture": "#0"},
				"south": {"uv": [9.5, 1.5, 11, 1.75], "texture": "#0"},
				"west": {"uv": [9.75, 9.75, 10.75, 10], "texture": "#0"},
				"up": {"uv": [1.5, 7, 0, 6], "texture": "#0"},
				"down": {"uv": [7.25, 6.5, 5.75, 7.5], "texture": "#0"}
			}
		},
		{
			"name": "cuello",
			"from": [6.74, 22.39999, 26.90001],
			"to": [8.42, 23.29999, 28.40001],
			"rotation": {"angle": -22.5, "axis": "x", "origin": [7.5825, 22.97367, 27.5798]},
			"faces": {
				"north": {"uv": [10, 2.75, 10.75, 3], "texture": "#0"},
				"east": {"uv": [10, 8.75, 10.75, 9], "texture": "#0"},
				"south": {"uv": [10, 9, 10.75, 9.25], "texture": "#0"},
				"west": {"uv": [10, 9.25, 10.75, 9.5], "texture": "#0"},
				"up": {"uv": [9.5, 6, 8.75, 5.25], "texture": "#0"},
				"down": {"uv": [3.25, 9, 2.5, 9.75], "texture": "#0"}
			}
		},
		{
			"from": [6.38, 23.91154, 25.52639],
			"to": [8.84, 25.05154, 28.22639],
			"rotation": {"angle": 0, "axis": "x", "origin": [7.5825, 23.75367, 27.2198]},
			"faces": {
				"north": {"uv": [9, 1.75, 10, 2.25], "texture": "#0"},
				"east": {"uv": [8.25, 7.75, 9.5, 8.25], "texture": "#0"},
				"south": {"uv": [9, 6.5, 10, 7], "texture": "#0"},
				"west": {"uv": [8.5, 4.75, 9.75, 5.25], "texture": "#0"},
				"up": {"uv": [3.5, 9, 2.5, 7.75], "texture": "#0"},
				"down": {"uv": [4.5, 7.75, 3.5, 9], "texture": "#0"}
			}
		},
		{
			"from": [6.14, 24.61154, 25.46639],
			"to": [9.02, 26.89154, 28.40639],
			"rotation": {"angle": 0, "axis": "x", "origin": [7.5825, 23.75367, 27.2198]},
			"faces": {
				"north": {"uv": [7.25, 2.5, 8.5, 3.5], "texture": "#0"},
				"east": {"uv": [7.25, 3.5, 8.5, 4.5], "texture": "#0"},
				"south": {"uv": [7.25, 4.5, 8.5, 5.5], "texture": "#0"},
				"west": {"uv": [5.5, 7.5, 6.75, 8.5], "texture": "#0"},
				"up": {"uv": [3, 7, 1.75, 5.75], "texture": "#0"},
				"down": {"uv": [5.75, 5.75, 4.5, 7], "texture": "#0"}
			}
		},
		{
			"from": [6.38, 26.25154, 25.64639],
			"to": [8.78, 27.27154, 28.16639],
			"rotation": {"angle": 0, "axis": "x", "origin": [7.5825, 23.75367, 27.2198]},
			"faces": {
				"north": {"uv": [9, 7, 10, 7.5], "texture": "#0"},
				"east": {"uv": [8, 9.25, 9, 9.75], "texture": "#0"},
				"south": {"uv": [9, 9.25, 10, 9.75], "texture": "#0"},
				"west": {"uv": [9.25, 8.25, 10.25, 8.75], "texture": "#0"},
				"up": {"uv": [8.75, 6.5, 7.75, 5.5], "texture": "#0"},
				"down": {"uv": [9.25, 8.25, 8.25, 9.25], "texture": "#0"}
			}
		},
		{
			"from": [6.62, 23.54, 25.96],
			"to": [6.62, 23.9, 28],
			"rotation": {"angle": 0, "axis": "x", "origin": [7.5825, 23.75367, 27.2198]},
			"faces": {
				"north": {"uv": [0, 0.15, 0, 0], "texture": "#0"},
				"east": {"uv": [10.5, 10.25, 12, 10], "texture": "#0"},
				"south": {"uv": [0, 0.15, 0, 0], "texture": "#0"},
				"west": {"uv": [10.5, 10.25, 12, 10], "texture": "#0"},
				"up": {"uv": [0, 0.85, 0, 0], "texture": "#0"},
				"down": {"uv": [0, 0.85, 0, 0], "texture": "#0"}
			}
		},
		{
			"from": [6.56, 23.54, 25.9],
			"to": [8.6, 23.9, 25.9],
			"rotation": {"angle": 0, "axis": "x", "origin": [7.5825, 23.75367, 27.2198]},
			"faces": {
				"north": {"uv": [10.5, 10.25, 12, 10], "texture": "#0"},
				"east": {"uv": [0, 0.15, 0, 0], "texture": "#0"},
				"south": {"uv": [10.5, 10.25, 12, 10], "texture": "#0"},
				"west": {"uv": [0, 0.15, 0, 0], "texture": "#0"},
				"up": {"uv": [0, 0, 0, 0.85], "rotation": 270, "texture": "#0"},
				"down": {"uv": [0, 0, 0, 0.85], "rotation": 90, "texture": "#0"}
			}
		},
		{
			"from": [8.54, 23.54, 25.96],
			"to": [8.54, 23.9, 28],
			"rotation": {"angle": 0, "axis": "x", "origin": [7.5825, 23.75367, 27.2198]},
			"faces": {
				"north": {"uv": [0, 0.15, 0, 0], "texture": "#0"},
				"east": {"uv": [10.5, 10.25, 12, 10], "texture": "#0"},
				"south": {"uv": [0, 0.15, 0, 0], "texture": "#0"},
				"west": {"uv": [10.5, 10.25, 12, 10], "texture": "#0"},
				"up": {"uv": [0, 0.85, 0, 0], "texture": "#0"},
				"down": {"uv": [0, 0.85, 0, 0], "texture": "#0"}
			}
		},
		{
			"from": [6.56, 23.69106, 26.33441],
			"to": [8.6, 24.05106, 26.33441],
			"rotation": {"angle": -22.5, "axis": "x", "origin": [7.5825, 22.73367, 27.2798]},
			"faces": {
				"north": {"uv": [10.5, 10, 12, 10.25], "texture": "#0"},
				"east": {"uv": [0, 0, 0, 0.15], "texture": "#0"},
				"south": {"uv": [10.5, 10, 12, 10.25], "texture": "#0"},
				"west": {"uv": [0, 0, 0, 0.15], "texture": "#0"},
				"up": {"uv": [0, 0, 0, 0.85], "rotation": 90, "texture": "#0"},
				"down": {"uv": [0, 0, 0, 0.85], "rotation": 270, "texture": "#0"}
			}
		},
		{
			"from": [6.62, 23.69106, 26.39441],
			"to": [6.62, 24.05106, 28.43441],
			"rotation": {"angle": -22.5, "axis": "x", "origin": [7.5825, 22.73367, 27.2798]},
			"faces": {
				"north": {"uv": [0, 0, 0, 0.15], "texture": "#0"},
				"east": {"uv": [10.5, 10, 12, 10.25], "texture": "#0"},
				"south": {"uv": [0, 0, 0, 0.15], "texture": "#0"},
				"west": {"uv": [10.5, 10, 12, 10.25], "texture": "#0"},
				"up": {"uv": [0, 0, 0, 0.85], "texture": "#0"},
				"down": {"uv": [0, 0, 0, 0.85], "texture": "#0"}
			}
		},
		{
			"from": [8.54, 23.69106, 26.39441],
			"to": [8.54, 24.05106, 28.43441],
			"rotation": {"angle": -22.5, "axis": "x", "origin": [7.5825, 22.73367, 27.2798]},
			"faces": {
				"north": {"uv": [0, 0, 0, 0.15], "texture": "#0"},
				"east": {"uv": [10.5, 10, 12, 10.25], "texture": "#0"},
				"south": {"uv": [0, 0, 0, 0.15], "texture": "#0"},
				"west": {"uv": [10.5, 10, 12, 10.25], "texture": "#0"},
				"up": {"uv": [0, 0, 0, 0.85], "texture": "#0"},
				"down": {"uv": [0, 0, 0, 0.85], "texture": "#0"}
			}
		},
		{
			"from": [6.5, 22.81079, 26.21863],
			"to": [8.66, 23.71079, 26.81863],
			"rotation": {"angle": -22.5, "axis": "x", "origin": [7.5825, 22.73367, 27.2798]},
			"faces": {
				"north": {"uv": [9.75, 0, 10.75, 0.25], "texture": "#0"},
				"east": {"uv": [10.25, 10, 10.5, 10.25], "texture": "#0"},
				"south": {"uv": [9.75, 0.25, 10.75, 0.5], "texture": "#0"},
				"west": {"uv": [0, 10.5, 0.25, 10.75], "texture": "#0"},
				"up": {"uv": [10.75, 0.75, 9.75, 0.5], "texture": "#0"},
				"down": {"uv": [10.75, 4.75, 9.75, 5], "texture": "#0"}
			}
		},
		{
			"from": [6.5, 23.17079, 26.81863],
			"to": [8.66, 23.71079, 28.49863],
			"rotation": {"angle": -22.5, "axis": "x", "origin": [7.5825, 22.73367, 27.2798]},
			"faces": {
				"north": {"uv": [9.75, 5, 10.75, 5.25], "texture": "#0"},
				"east": {"uv": [10, 9.5, 10.75, 9.75], "texture": "#0"},
				"south": {"uv": [0, 10, 1, 10.25], "texture": "#0"},
				"west": {"uv": [0, 10.25, 0.75, 10.5], "texture": "#0"},
				"up": {"uv": [9.5, 4, 8.5, 3.25], "texture": "#0"},
				"down": {"uv": [9.5, 4, 8.5, 4.75], "texture": "#0"}
			}
		},
		{
			"from": [1.65045, 19.06129, 28.02],
			"to": [3.21045, 20.20129, 29.22],
			"rotation": {"angle": -22.5, "axis": "z", "origin": [4.77673, 15.78806, 20.5938]},
			"faces": {
				"north": {"uv": [3, 10, 3.5, 10.5], "texture": "#0"},
				"east": {"uv": [4, 10, 4.5, 10.5], "texture": "#0"},
				"south": {"uv": [7.75, 10, 8.25, 10.5], "texture": "#0"},
				"west": {"uv": [8.25, 10, 8.75, 10.5], "texture": "#0"},
				"up": {"uv": [9.25, 10.5, 8.75, 10], "texture": "#0"},
				"down": {"uv": [9.75, 10, 9.25, 10.5], "texture": "#0"}
			}
		},
		{
			"from": [1.65045, 20.20129, 28.02],
			"to": [3.21045, 21.58129, 29.22],
			"rotation": {"angle": -22.5, "axis": "z", "origin": [4.77673, 15.78806, 20.5938]},
			"faces": {
				"north": {"uv": [9.5, 5.25, 10.25, 5.75], "texture": "#0"},
				"east": {"uv": [6.75, 9.75, 7.25, 10.25], "texture": "#0"},
				"south": {"uv": [9.5, 7.75, 10.25, 8.25], "texture": "#0"},
				"west": {"uv": [2.5, 10, 3, 10.5], "texture": "#0"},
				"up": {"uv": [1.75, 10.25, 1, 9.75], "texture": "#0"},
				"down": {"uv": [2.5, 9.75, 1.75, 10.25], "texture": "#0"}
			}
		},
		{
			"from": [2.13045, 21.58129, 28.02],
			"to": [3.21045, 21.88129, 29.22],
			"rotation": {"angle": -22.5, "axis": "z", "origin": [4.77673, 15.78806, 20.5938]},
			"faces": {
				"north": {"uv": [10.25, 3, 10.75, 3.25], "texture": "#0"},
				"east": {"uv": [10.25, 3.25, 10.75, 3.5], "texture": "#0"},
				"south": {"uv": [10.25, 3.5, 10.75, 3.75], "texture": "#0"},
				"west": {"uv": [10.25, 3.75, 10.75, 4], "texture": "#0"},
				"up": {"uv": [4, 10.25, 3.5, 9.75], "texture": "#0"},
				"down": {"uv": [5.5, 9.75, 5, 10.25], "texture": "#0"}
			}
		},
		{
			"from": [2.49045, 20.38129, 27.66],
			"to": [3.21045, 21.82129, 29.52],
			"rotation": {"angle": -22.5, "axis": "z", "origin": [4.77673, 15.78806, 20.5938]},
			"faces": {
				"north": {"uv": [7.5, 10.25, 7.75, 10.75], "texture": "#0"},
				"east": {"uv": [9.5, 3.5, 10.25, 4], "texture": "#0"},
				"south": {"uv": [10.25, 10.25, 10.5, 10.75], "texture": "#0"},
				"west": {"uv": [9.5, 4, 10.25, 4.5], "texture": "#0"},
				"up": {"uv": [5.75, 10.5, 5.5, 9.75], "texture": "#0"},
				"down": {"uv": [1, 10.25, 0.75, 11], "texture": "#0"}
			}
		},
		{
			"from": [1.65045, 12.70129, 28.02],
			"to": [2.85045, 19.06129, 29.22],
			"rotation": {"angle": -22.5, "axis": "z", "origin": [4.77673, 15.78806, 20.5938]},
			"faces": {
				"north": {"uv": [6.75, 3, 7.25, 5.75], "texture": "#0"},
				"east": {"uv": [1, 7, 1.5, 9.75], "texture": "#0"},
				"south": {"uv": [1.5, 7, 2, 9.75], "texture": "#0"},
				"west": {"uv": [2, 7, 2.5, 9.75], "texture": "#0"},
				"up": {"uv": [10.25, 10.5, 9.75, 10], "texture": "#0"},
				"down": {"uv": [10.5, 0.75, 10, 1.25], "texture": "#0"}
			}
		},
		{
			"from": [0.762, 9.69048, 20.99948],
			"to": [1.962, 10.89048, 28.49948],
			"rotation": {"angle": -45, "axis": "x", "origin": [2.37673, 12.58806, 23.7938]},
			"faces": {
				"north": {"uv": [10.5, 2.25, 10, 2.75], "rotation": 90, "texture": "#0"},
				"east": {"uv": [1.75, 2.5, 2.25, 5.5], "rotation": 270, "texture": "#0"},
				"south": {"uv": [10.5, 2.25, 10, 1.75], "rotation": 90, "texture": "#0"},
				"west": {"uv": [0, 7, 0.5, 10], "rotation": 90, "texture": "#0"},
				"up": {"uv": [0.5, 7, 1, 10], "rotation": 180, "texture": "#0"},
				"down": {"uv": [6.75, 0, 7.25, 3], "texture": "#0"}
			}
		},
		{
			"from": [0.822, 9.75048, 20.51948],
			"to": [1.902, 10.83048, 20.99948],
			"rotation": {"angle": -45, "axis": "x", "origin": [2.37673, 12.58806, 23.7938]},
			"faces": {
				"north": {"uv": [10.25, 5.5, 10.75, 5.75], "rotation": 90, "texture": "#0"},
				"east": {"uv": [10.25, 4, 10.75, 4.25], "rotation": 270, "texture": "#0"},
				"south": {"uv": [10.5, 7, 10, 6.5], "rotation": 90, "texture": "#0"},
				"west": {"uv": [10.25, 4, 10.75, 4.25], "rotation": 90, "texture": "#0"},
				"up": {"uv": [10.25, 5.5, 10.75, 5.75], "rotation": 180, "texture": "#0"},
				"down": {"uv": [10.25, 5.5, 10.75, 5.75], "texture": "#0"}
			}
		},
		{
			"from": [0.822, 9.75048, 19.97948],
			"to": [1.902, 10.83048, 20.57948],
			"rotation": {"angle": -45, "axis": "x", "origin": [2.37673, 12.58806, 23.7938]},
			"faces": {
				"north": {"uv": [10.25, 5.5, 10.75, 5.75], "rotation": 90, "texture": "#0"},
				"east": {"uv": [10.25, 4, 10.75, 4.25], "rotation": 270, "texture": "#0"},
				"south": {"uv": [10.5, 7, 10, 6.5], "rotation": 90, "texture": "#0"},
				"west": {"uv": [10.25, 4, 10.75, 4.25], "rotation": 90, "texture": "#0"},
				"up": {"uv": [10.25, 5.5, 10.75, 5.75], "rotation": 180, "texture": "#0"},
				"down": {"uv": [10.25, 5.5, 10.75, 5.75], "texture": "#0"}
			}
		},
		{
			"from": [1.542, 7.66608, 19.99943],
			"to": [1.842, 7.96608, 20.71943],
			"rotation": {"angle": -22.5, "axis": "x", "origin": [1.692, 11.21608, 19.48943]},
			"faces": {
				"north": {"uv": [3.5, 10.5, 3.25, 10.75], "rotation": 90, "texture": "#0"},
				"east": {"uv": [2, 10.5, 2.25, 10.75], "rotation": 270, "texture": "#0"},
				"south": {"uv": [3.25, 10.75, 3, 10.5], "rotation": 90, "texture": "#0"},
				"west": {"uv": [2.5, 10.5, 2.75, 10.75], "rotation": 90, "texture": "#0"},
				"up": {"uv": [2.75, 10.5, 3, 10.75], "rotation": 180, "texture": "#0"},
				"down": {"uv": [2.25, 10.5, 2.5, 10.75], "texture": "#0"}
			}
		},
		{
			"from": [1.542, 7.66608, 20.71943],
			"to": [1.842, 7.96608, 21.31943],
			"rotation": {"angle": -22.5, "axis": "x", "origin": [1.692, 11.21608, 19.48943]},
			"faces": {
				"north": {"uv": [5, 10.5, 4.75, 10.75], "rotation": 90, "texture": "#0"},
				"east": {"uv": [3.5, 10.5, 3.75, 10.75], "rotation": 270, "texture": "#0"},
				"south": {"uv": [4.75, 10.75, 4.5, 10.5], "rotation": 90, "texture": "#0"},
				"west": {"uv": [4, 10.5, 4.25, 10.75], "rotation": 90, "texture": "#0"},
				"up": {"uv": [4.25, 10.5, 4.5, 10.75], "rotation": 180, "texture": "#0"},
				"down": {"uv": [3.75, 10.5, 4, 10.75], "texture": "#0"}
			}
		},
		{
			"from": [1.182, 7.66608, 19.99943],
			"to": [1.482, 7.96608, 20.71943],
			"rotation": {"angle": -22.5, "axis": "x", "origin": [1.332, 11.21608, 19.48943]},
			"faces": {
				"north": {"uv": [3.5, 10.5, 3.25, 10.75], "rotation": 90, "texture": "#0"},
				"east": {"uv": [2, 10.5, 2.25, 10.75], "rotation": 270, "texture": "#0"},
				"south": {"uv": [3.25, 10.75, 3, 10.5], "rotation": 90, "texture": "#0"},
				"west": {"uv": [2.5, 10.5, 2.75, 10.75], "rotation": 90, "texture": "#0"},
				"up": {"uv": [2.75, 10.5, 3, 10.75], "rotation": 180, "texture": "#0"},
				"down": {"uv": [2.25, 10.5, 2.5, 10.75], "texture": "#0"}
			}
		},
		{
			"from": [1.182, 7.66608, 20.71943],
			"to": [1.482, 7.96608, 21.31943],
			"rotation": {"angle": -22.5, "axis": "x", "origin": [1.332, 11.21608, 19.48943]},
			"faces": {
				"north": {"uv": [5, 10.5, 4.75, 10.75], "rotation": 90, "texture": "#0"},
				"east": {"uv": [3.5, 10.5, 3.75, 10.75], "rotation": 270, "texture": "#0"},
				"south": {"uv": [4.75, 10.75, 4.5, 10.5], "rotation": 90, "texture": "#0"},
				"west": {"uv": [4, 10.5, 4.25, 10.75], "rotation": 90, "texture": "#0"},
				"up": {"uv": [4.25, 10.5, 4.5, 10.75], "rotation": 180, "texture": "#0"},
				"down": {"uv": [3.75, 10.5, 4, 10.75], "texture": "#0"}
			}
		},
		{
			"from": [0.822, 7.66608, 19.99943],
			"to": [1.122, 7.96608, 20.71943],
			"rotation": {"angle": -22.5, "axis": "x", "origin": [0.972, 11.21608, 19.48943]},
			"faces": {
				"north": {"uv": [3.5, 10.5, 3.25, 10.75], "rotation": 90, "texture": "#0"},
				"east": {"uv": [2, 10.5, 2.25, 10.75], "rotation": 270, "texture": "#0"},
				"south": {"uv": [3.25, 10.75, 3, 10.5], "rotation": 90, "texture": "#0"},
				"west": {"uv": [2.5, 10.5, 2.75, 10.75], "rotation": 90, "texture": "#0"},
				"up": {"uv": [2.75, 10.5, 3, 10.75], "rotation": 180, "texture": "#0"},
				"down": {"uv": [2.25, 10.5, 2.5, 10.75], "texture": "#0"}
			}
		},
		{
			"from": [0.822, 7.66608, 20.71943],
			"to": [1.122, 7.96608, 21.31943],
			"rotation": {"angle": -22.5, "axis": "x", "origin": [0.972, 11.21608, 19.48943]},
			"faces": {
				"north": {"uv": [5, 10.5, 4.75, 10.75], "rotation": 90, "texture": "#0"},
				"east": {"uv": [3.5, 10.5, 3.75, 10.75], "rotation": 270, "texture": "#0"},
				"south": {"uv": [4.75, 10.75, 4.5, 10.5], "rotation": 90, "texture": "#0"},
				"west": {"uv": [4, 10.5, 4.25, 10.75], "rotation": 90, "texture": "#0"},
				"up": {"uv": [4.25, 10.5, 4.5, 10.75], "rotation": 180, "texture": "#0"},
				"down": {"uv": [3.75, 10.5, 4, 10.75], "texture": "#0"}
			}
		},
		{
			"from": [1.722, 9.87048, 19.31948],
			"to": [2.022, 10.23048, 20.15948],
			"rotation": {"angle": -45, "axis": "x", "origin": [2.37673, 12.58806, 23.7938]},
			"faces": {
				"north": {"uv": [2, 10.5, 1.75, 10.75], "rotation": 90, "texture": "#0"},
				"east": {"uv": [0.25, 10.5, 0.5, 10.75], "rotation": 270, "texture": "#0"},
				"south": {"uv": [1.75, 10.75, 1.5, 10.5], "rotation": 90, "texture": "#0"},
				"west": {"uv": [1, 10.5, 1.25, 10.75], "rotation": 90, "texture": "#0"},
				"up": {"uv": [1.25, 10.5, 1.5, 10.75], "rotation": 180, "texture": "#0"},
				"down": {"uv": [0.5, 10.5, 0.75, 10.75], "texture": "#0"}
			}
		},
		{
			"from": [12.28955, 18.96129, 28.02],
			"to": [13.84955, 20.10129, 29.22],
			"rotation": {"angle": 22.5, "axis": "z", "origin": [10.72327, 15.68806, 20.5938]},
			"faces": {
				"north": {"uv": [3.5, 10, 3, 10.5], "texture": "#0"},
				"east": {"uv": [8.75, 10, 8.25, 10.5], "texture": "#0"},
				"south": {"uv": [8.25, 10, 7.75, 10.5], "texture": "#0"},
				"west": {"uv": [4.5, 10, 4, 10.5], "texture": "#0"},
				"up": {"uv": [8.75, 10.5, 9.25, 10], "texture": "#0"},
				"down": {"uv": [9.25, 10, 9.75, 10.5], "texture": "#0"}
			}
		},
		{
			"from": [12.28955, 20.10129, 28.02],
			"to": [13.84955, 21.48129, 29.22],
			"rotation": {"angle": 22.5, "axis": "z", "origin": [10.72327, 15.68806, 20.5938]},
			"faces": {
				"north": {"uv": [10.25, 5.25, 9.5, 5.75], "texture": "#0"},
				"east": {"uv": [3, 10, 2.5, 10.5], "texture": "#0"},
				"south": {"uv": [10.25, 7.75, 9.5, 8.25], "texture": "#0"},
				"west": {"uv": [7.25, 9.75, 6.75, 10.25], "texture": "#0"},
				"up": {"uv": [1, 10.25, 1.75, 9.75], "texture": "#0"},
				"down": {"uv": [1.75, 9.75, 2.5, 10.25], "texture": "#0"}
			}
		},
		{
			"from": [12.28955, 21.48129, 28.02],
			"to": [13.36955, 21.78129, 29.22],
			"rotation": {"angle": 22.5, "axis": "z", "origin": [10.72327, 15.68806, 20.5938]},
			"faces": {
				"north": {"uv": [10.75, 3, 10.25, 3.25], "texture": "#0"},
				"east": {"uv": [10.75, 3.75, 10.25, 4], "texture": "#0"},
				"south": {"uv": [10.75, 3.5, 10.25, 3.75], "texture": "#0"},
				"west": {"uv": [10.75, 3.25, 10.25, 3.5], "texture": "#0"},
				"up": {"uv": [3.5, 10.25, 4, 9.75], "texture": "#0"},
				"down": {"uv": [5, 9.75, 5.5, 10.25], "texture": "#0"}
			}
		},
		{
			"from": [12.28955, 20.28129, 27.66],
			"to": [13.00955, 21.72129, 29.52],
			"rotation": {"angle": 22.5, "axis": "z", "origin": [10.72327, 15.68806, 20.5938]},
			"faces": {
				"north": {"uv": [7.75, 10.25, 7.5, 10.75], "texture": "#0"},
				"east": {"uv": [10.25, 4, 9.5, 4.5], "texture": "#0"},
				"south": {"uv": [10.5, 10.25, 10.25, 10.75], "texture": "#0"},
				"west": {"uv": [10.25, 3.5, 9.5, 4], "texture": "#0"},
				"up": {"uv": [5.5, 10.5, 5.75, 9.75], "texture": "#0"},
				"down": {"uv": [0.75, 10.25, 1, 11], "texture": "#0"}
			}
		},
		{
			"from": [12.64955, 12.60129, 28.02],
			"to": [13.84955, 18.96129, 29.22],
			"rotation": {"angle": 22.5, "axis": "z", "origin": [10.72327, 15.68806, 20.5938]},
			"faces": {
				"north": {"uv": [7.25, 3, 6.75, 5.75], "texture": "#0"},
				"east": {"uv": [2.5, 7, 2, 9.75], "texture": "#0"},
				"south": {"uv": [2, 7, 1.5, 9.75], "texture": "#0"},
				"west": {"uv": [1.5, 7, 1, 9.75], "texture": "#0"},
				"up": {"uv": [9.75, 10.5, 10.25, 10], "texture": "#0"},
				"down": {"uv": [10, 0.75, 10.5, 1.25], "texture": "#0"}
			}
		},
		{
			"from": [13.538, 9.59048, 20.99948],
			"to": [14.738, 10.79048, 28.49948],
			"rotation": {"angle": -45, "axis": "x", "origin": [13.12327, 12.48806, 23.7938]},
			"faces": {
				"north": {"uv": [10.5, 2.75, 10, 2.25], "rotation": 90, "texture": "#0"},
				"east": {"uv": [0, 10, 0.5, 7], "rotation": 90, "texture": "#0"},
				"south": {"uv": [10.5, 1.75, 10, 2.25], "rotation": 90, "texture": "#0"},
				"west": {"uv": [1.75, 5.5, 2.25, 2.5], "rotation": 270, "texture": "#0"},
				"up": {"uv": [1, 7, 0.5, 10], "rotation": 180, "texture": "#0"},
				"down": {"uv": [7.25, 0, 6.75, 3], "texture": "#0"}
			}
		},
		{
			"from": [13.598, 9.65048, 20.51948],
			"to": [14.678, 10.73048, 20.99948],
			"rotation": {"angle": -45, "axis": "x", "origin": [13.12327, 12.48806, 23.7938]},
			"faces": {
				"north": {"uv": [10.25, 5.75, 10.75, 5.5], "rotation": 90, "texture": "#0"},
				"east": {"uv": [10.25, 4.25, 10.75, 4], "rotation": 90, "texture": "#0"},
				"south": {"uv": [10.5, 6.5, 10, 7], "rotation": 90, "texture": "#0"},
				"west": {"uv": [10.25, 4.25, 10.75, 4], "rotation": 270, "texture": "#0"},
				"up": {"uv": [10.75, 5.5, 10.25, 5.75], "rotation": 180, "texture": "#0"},
				"down": {"uv": [10.75, 5.5, 10.25, 5.75], "texture": "#0"}
			}
		},
		{
			"from": [13.598, 9.65048, 19.97948],
			"to": [14.678, 10.73048, 20.57948],
			"rotation": {"angle": -45, "axis": "x", "origin": [13.12327, 12.48806, 23.7938]},
			"faces": {
				"north": {"uv": [10.25, 5.75, 10.75, 5.5], "rotation": 90, "texture": "#0"},
				"east": {"uv": [10.25, 4.25, 10.75, 4], "rotation": 90, "texture": "#0"},
				"south": {"uv": [10.5, 6.5, 10, 7], "rotation": 90, "texture": "#0"},
				"west": {"uv": [10.25, 4.25, 10.75, 4], "rotation": 270, "texture": "#0"},
				"up": {"uv": [10.75, 5.5, 10.25, 5.75], "rotation": 180, "texture": "#0"},
				"down": {"uv": [10.75, 5.5, 10.25, 5.75], "texture": "#0"}
			}
		},
		{
			"from": [13.658, 7.56608, 19.99943],
			"to": [13.958, 7.86608, 20.71943],
			"rotation": {"angle": -22.5, "axis": "x", "origin": [13.808, 11.11608, 19.48943]},
			"faces": {
				"north": {"uv": [3.5, 10.75, 3.25, 10.5], "rotation": 90, "texture": "#0"},
				"east": {"uv": [2.5, 10.75, 2.75, 10.5], "rotation": 90, "texture": "#0"},
				"south": {"uv": [3.25, 10.5, 3, 10.75], "rotation": 90, "texture": "#0"},
				"west": {"uv": [2, 10.75, 2.25, 10.5], "rotation": 270, "texture": "#0"},
				"up": {"uv": [3, 10.5, 2.75, 10.75], "rotation": 180, "texture": "#0"},
				"down": {"uv": [2.5, 10.5, 2.25, 10.75], "texture": "#0"}
			}
		},
		{
			"from": [13.658, 7.56608, 20.71943],
			"to": [13.958, 7.86608, 21.31943],
			"rotation": {"angle": -22.5, "axis": "x", "origin": [13.808, 11.11608, 19.48943]},
			"faces": {
				"north": {"uv": [5, 10.75, 4.75, 10.5], "rotation": 90, "texture": "#0"},
				"east": {"uv": [4, 10.75, 4.25, 10.5], "rotation": 90, "texture": "#0"},
				"south": {"uv": [4.75, 10.5, 4.5, 10.75], "rotation": 90, "texture": "#0"},
				"west": {"uv": [3.5, 10.75, 3.75, 10.5], "rotation": 270, "texture": "#0"},
				"up": {"uv": [4.5, 10.5, 4.25, 10.75], "rotation": 180, "texture": "#0"},
				"down": {"uv": [4, 10.5, 3.75, 10.75], "texture": "#0"}
			}
		},
		{
			"from": [14.018, 7.56608, 19.99943],
			"to": [14.318, 7.86608, 20.71943],
			"rotation": {"angle": -22.5, "axis": "x", "origin": [14.168, 11.11608, 19.48943]},
			"faces": {
				"north": {"uv": [3.5, 10.75, 3.25, 10.5], "rotation": 90, "texture": "#0"},
				"east": {"uv": [2.5, 10.75, 2.75, 10.5], "rotation": 90, "texture": "#0"},
				"south": {"uv": [3.25, 10.5, 3, 10.75], "rotation": 90, "texture": "#0"},
				"west": {"uv": [2, 10.75, 2.25, 10.5], "rotation": 270, "texture": "#0"},
				"up": {"uv": [3, 10.5, 2.75, 10.75], "rotation": 180, "texture": "#0"},
				"down": {"uv": [2.5, 10.5, 2.25, 10.75], "texture": "#0"}
			}
		},
		{
			"from": [14.018, 7.56608, 20.71943],
			"to": [14.318, 7.86608, 21.31943],
			"rotation": {"angle": -22.5, "axis": "x", "origin": [14.168, 11.11608, 19.48943]},
			"faces": {
				"north": {"uv": [5, 10.75, 4.75, 10.5], "rotation": 90, "texture": "#0"},
				"east": {"uv": [4, 10.75, 4.25, 10.5], "rotation": 90, "texture": "#0"},
				"south": {"uv": [4.75, 10.5, 4.5, 10.75], "rotation": 90, "texture": "#0"},
				"west": {"uv": [3.5, 10.75, 3.75, 10.5], "rotation": 270, "texture": "#0"},
				"up": {"uv": [4.5, 10.5, 4.25, 10.75], "rotation": 180, "texture": "#0"},
				"down": {"uv": [4, 10.5, 3.75, 10.75], "texture": "#0"}
			}
		},
		{
			"from": [14.378, 7.56608, 19.99943],
			"to": [14.678, 7.86608, 20.71943],
			"rotation": {"angle": -22.5, "axis": "x", "origin": [14.528, 11.11608, 19.48943]},
			"faces": {
				"north": {"uv": [3.5, 10.75, 3.25, 10.5], "rotation": 90, "texture": "#0"},
				"east": {"uv": [2.5, 10.75, 2.75, 10.5], "rotation": 90, "texture": "#0"},
				"south": {"uv": [3.25, 10.5, 3, 10.75], "rotation": 90, "texture": "#0"},
				"west": {"uv": [2, 10.75, 2.25, 10.5], "rotation": 270, "texture": "#0"},
				"up": {"uv": [3, 10.5, 2.75, 10.75], "rotation": 180, "texture": "#0"},
				"down": {"uv": [2.5, 10.5, 2.25, 10.75], "texture": "#0"}
			}
		},
		{
			"from": [14.378, 7.56608, 20.71943],
			"to": [14.678, 7.86608, 21.31943],
			"rotation": {"angle": -22.5, "axis": "x", "origin": [14.528, 11.11608, 19.48943]},
			"faces": {
				"north": {"uv": [5, 10.75, 4.75, 10.5], "rotation": 90, "texture": "#0"},
				"east": {"uv": [4, 10.75, 4.25, 10.5], "rotation": 90, "texture": "#0"},
				"south": {"uv": [4.75, 10.5, 4.5, 10.75], "rotation": 90, "texture": "#0"},
				"west": {"uv": [3.5, 10.75, 3.75, 10.5], "rotation": 270, "texture": "#0"},
				"up": {"uv": [4.5, 10.5, 4.25, 10.75], "rotation": 180, "texture": "#0"},
				"down": {"uv": [4, 10.5, 3.75, 10.75], "texture": "#0"}
			}
		},
		{
			"from": [13.478, 9.77048, 19.31948],
			"to": [13.778, 10.13048, 20.15948],
			"rotation": {"angle": -45, "axis": "x", "origin": [13.12327, 12.48806, 23.7938]},
			"faces": {
				"north": {"uv": [2, 10.75, 1.75, 10.5], "rotation": 90, "texture": "#0"},
				"east": {"uv": [1, 10.75, 1.25, 10.5], "rotation": 90, "texture": "#0"},
				"south": {"uv": [1.75, 10.5, 1.5, 10.75], "rotation": 90, "texture": "#0"},
				"west": {"uv": [0.25, 10.75, 0.5, 10.5], "rotation": 270, "texture": "#0"},
				"up": {"uv": [1.5, 10.5, 1.25, 10.75], "rotation": 180, "texture": "#0"},
				"down": {"uv": [0.75, 10.5, 0.5, 10.75], "texture": "#0"}
			}
		}
	],
	"display": {
		"head": {
			"translation": [1.5, -21.75, -62.5],
			"scale": [2.78, 2.78, 2.78]
		}
	},
	"groups": [
		{
			"name": "group",
			"origin": [16.1, 33.5, 22],
			"children": [
				{
					"name": "tentaculo1",
					"origin": [16.1, 33.5, 22],
					"children": [
						{
							"name": "group",
							"origin": [-0.45, 0.95, 8.05],
							"children": [
								{
									"name": "group",
									"origin": [-0.45, 0.95, 8.05],
									"children": [
										{
											"name": "group",
											"origin": [-0.45, 0.95, 8.05],
											"children": [
												{
													"name": "group",
													"origin": [-0.45, 0.95, 8.05],
													"children": [
														{
															"name": "group",
															"origin": [-0.45, 0.95, 8.05],
															"children": [0,
																{
																	"name": "group",
																	"origin": [-0.45, 0.95, 8.05],
																	"children": [1,
																		{
																			"name": "group",
																			"origin": [-0.45, 0.95, 8.05],
																			"children": [2,
																				{
																					"name": "group",
																					"origin": [-0.45, 0.95, 8.05],
																					"children": [3]
																				}
																			]
																		}
																	]
																}
															]
														}
													]
												}
											]
										}
									]
								}
							]
						}
					]
				},
				{
					"name": "tentaculo1",
					"origin": [16.1, 33.5, 22],
					"children": [
						{
							"name": "group",
							"origin": [-0.45, 0.95, 8.05],
							"children": [
								{
									"name": "group",
									"origin": [-0.45, 0.95, 8.05],
									"children": [
										{
											"name": "group",
											"origin": [-0.45, 0.95, 8.05],
											"children": [
												{
													"name": "group",
													"origin": [-0.45, 0.95, 8.05],
													"children": [
														{
															"name": "group",
															"origin": [-0.45, 0.95, 8.05],
															"children": [4,
																{
																	"name": "group",
																	"origin": [-0.45, 0.95, 8.05],
																	"children": [5,
																		{
																			"name": "group",
																			"origin": [-0.45, 0.95, 8.05],
																			"children": [6,
																				{
																					"name": "group",
																					"origin": [-0.45, 0.95, 8.05],
																					"children": [7]
																				}
																			]
																		}
																	]
																}
															]
														}
													]
												}
											]
										}
									]
								}
							]
						}
					]
				},
				{
					"name": "tentaculo1",
					"origin": [16.1, 33.5, 22],
					"children": [
						{
							"name": "group",
							"origin": [-0.45, 0.95, 8.05],
							"children": [
								{
									"name": "group",
									"origin": [-0.45, 0.95, 8.05],
									"children": [
										{
											"name": "group",
											"origin": [-0.45, 0.95, 8.05],
											"children": [
												{
													"name": "group",
													"origin": [-0.45, 0.95, 8.05],
													"children": [
														{
															"name": "group",
															"origin": [-0.45, 0.95, 8.05],
															"children": [8,
																{
																	"name": "group",
																	"origin": [-0.45, 0.95, 8.05],
																	"children": [9,
																		{
																			"name": "group",
																			"origin": [-0.45, 0.95, 8.05],
																			"children": [10,
																				{
																					"name": "group",
																					"origin": [-0.45, 0.95, 8.05],
																					"children": [11]
																				}
																			]
																		}
																	]
																}
															]
														}
													]
												}
											]
										}
									]
								}
							]
						}
					]
				},
				{
					"name": "tentaculo1",
					"origin": [16.1, 33.5, 22],
					"children": [
						{
							"name": "group",
							"origin": [-0.45, 0.95, 8.05],
							"children": [
								{
									"name": "group",
									"origin": [-0.45, 0.95, 8.05],
									"children": [
										{
											"name": "group",
											"origin": [-0.45, 0.95, 8.05],
											"children": [
												{
													"name": "group",
													"origin": [-0.45, 0.95, 8.05],
													"children": [
														{
															"name": "group",
															"origin": [-0.45, 0.95, 8.05],
															"children": [12,
																{
																	"name": "group",
																	"origin": [-0.45, 0.95, 8.05],
																	"children": [13,
																		{
																			"name": "group",
																			"origin": [-0.45, 0.95, 8.05],
																			"children": [14,
																				{
																					"name": "group",
																					"origin": [-0.45, 0.95, 8.05],
																					"children": [15]
																				}
																			]
																		}
																	]
																}
															]
														}
													]
												}
											]
										}
									]
								}
							]
						}
					]
				},
				{
					"name": "pierna1",
					"origin": [14.4, 9.2, 15],
					"children": [16, 17,
						{
							"name": "pierna2",
							"origin": [12, -6.5, 15],
							"children": [18,
								{
									"name": "zapato",
									"origin": [12, -7, 15],
									"children": [19, 20, 21, 22, 23]
								}
							]
						}
					]
				},
				{
					"name": "pierna2",
					"origin": [14.4, 9.2, 15],
					"children": [24, 25,
						{
							"name": "pierna2",
							"origin": [12, -6.5, 15],
							"children": [26,
								{
									"name": "zapato",
									"origin": [12, -7, 15],
									"children": [27, 28, 29, 30, 31]
								}
							]
						}
					]
				},
				{
					"name": "cuerpo",
					"origin": [12, 30.9, 15],
					"children": [32,
						{
							"name": "cuerpo2",
							"origin": [12, 30.9, 15],
							"children": [33,
								{
									"name": "cuerpo3",
									"origin": [12, 30.9, 15],
									"children": [34,
										{
											"name": "cuerpo4",
											"origin": [12, 30.9, 15],
											"children": [35, 36, 37]
										}
									]
								}
							]
						}
					]
				},
				{
					"name": "cabeza",
					"origin": [12.4, 33, 15],
					"children": [38,
						{
							"name": "cabeza2",
							"origin": [12.4, 33, 15],
							"children": [
								{
									"name": "boca1",
									"origin": [12.4, 37.7, 15],
									"children": [39, 40, 41, 42, 43, 44]
								},
								{
									"name": "boca2",
									"origin": [12.4, 33, 15],
									"children": [45, 46, 47, 48, 49]
								}
							]
						}
					]
				},
				{
					"name": "brazo1",
					"origin": [3, 25.2, 15],
					"children": [50, 51, 52, 53,
						{
							"name": "brazo2",
							"origin": [2.6, 20.9, 14.9],
							"children": [54,
								{
									"name": "brazo3",
									"origin": [2.6, 10.3, 14.9],
									"children": [55,
										{
											"name": "mano",
											"origin": [2.6, 0, 15],
											"children": [56, 57,
												{
													"name": "dedo1",
													"origin": [2.2, -1.7, 15],
													"children": [58, 59]
												},
												{
													"name": "dedo2",
													"origin": [2.2, -1.7, 15.6],
													"children": [60, 61]
												},
												{
													"name": "dedo3",
													"origin": [2.2, -1.7, 16.2],
													"children": [62, 63]
												},
												{
													"name": "pulgar",
													"origin": [3.3, -1.4, 13.4],
													"children": [64]
												}
											]
										}
									]
								}
							]
						}
					]
				},
				{
					"name": "brazo1",
					"origin": [3, 25.2, 15],
					"children": [65, 66, 67, 68,
						{
							"name": "brazo2",
							"origin": [2.6, 20.9, 14.9],
							"children": [69,
								{
									"name": "brazo3",
									"origin": [2.6, 10.3, 14.9],
									"children": [70,
										{
											"name": "mano",
											"origin": [2.6, 0, 15],
											"children": [71, 72,
												{
													"name": "dedo1",
													"origin": [2.2, -1.7, 15],
													"children": [73, 74]
												},
												{
													"name": "dedo2",
													"origin": [2.2, -1.7, 15.6],
													"children": [75, 76]
												},
												{
													"name": "dedo3",
													"origin": [2.2, -1.7, 16.2],
													"children": [77, 78]
												},
												{
													"name": "pulgar",
													"origin": [3.3, -1.4, 13.4],
													"children": [79]
												}
											]
										}
									]
								}
							]
						}
					]
				}
			]
		}
	]
}