{
	"credit": "Made with Blockbench",
	"texture_size": [64, 64],
	"textures": {
		"0": "6dt2_custom/6dt2_slenderman/6dt2_slenderman",
		"particle": "6dt2_custom/6dt2_slenderman/6dt2_slenderman"
	},
	"elements": [
		{
			"from": [-0.77992, 13.5, 29.8273],
			"to": [4.32008, 14.6, 30.9273],
			"rotation": {"angle": -22.5, "axis": "y", "origin": [4.87369, 14.05, 34.45361]},
			"faces": {
				"north": {"uv": [8.25, 6.5, 8.9375, 7.75], "rotation": 90, "texture": "#0"},
				"east": {"uv": [8.25, 6.5, 8.9375, 7.75], "rotation": 90, "texture": "#0"},
				"south": {"uv": [8.25, 6.5, 8.9375, 7.75], "rotation": 90, "texture": "#0"},
				"west": {"uv": [8.25, 6.5, 8.9375, 7.75], "rotation": 90, "texture": "#0"},
				"up": {"uv": [8.25, 6.5, 8.9375, 7.75], "rotation": 270, "texture": "#0"},
				"down": {"uv": [8.25, 6.5, 8.9375, 7.75], "rotation": 90, "texture": "#0"}
			}
		},
		{
			"from": [6.16987, 13.7, 22.53663],
			"to": [6.86987, 14.4, 27.63663],
			"rotation": {"angle": 45, "axis": "y", "origin": [4.87369, 14.05, 34.45361]},
			"faces": {
				"north": {"uv": [8.25, 6.5, 8.9375, 7.75], "rotation": 90, "texture": "#0"},
				"east": {"uv": [8.25, 6.5, 8.9375, 7.75], "rotation": 90, "texture": "#0"},
				"south": {"uv": [8.25, 6.5, 8.9375, 7.75], "rotation": 90, "texture": "#0"},
				"west": {"uv": [8.25, 6.5, 8.9375, 7.75], "rotation": 90, "texture": "#0"},
				"up": {"uv": [8.25, 6.5, 8.9375, 7.75], "texture": "#0"},
				"down": {"uv": [8.25, 6.5, 8.9375, 7.75], "texture": "#0"}
			}
		},
		{
			"from": [6.26987, 13.8, 17.43663],
			"to": [6.76987, 14.3, 22.53663],
			"rotation": {"angle": 45, "axis": "y", "origin": [4.87369, 14.05, 34.45361]},
			"faces": {
				"north": {"uv": [8.25, 6.5, 8.9375, 7.75], "rotation": 90, "texture": "#0"},
				"east": {"uv": [8.25, 6.5, 8.9375, 7.75], "rotation": 90, "texture": "#0"},
				"south": {"uv": [8.25, 6.5, 8.9375, 7.75], "rotation": 90, "texture": "#0"},
				"west": {"uv": [8.25, 6.5, 8.9375, 7.75], "rotation": 90, "texture": "#0"},
				"up": {"uv": [8.25, 6.5, 8.9375, 7.75], "texture": "#0"},
				"down": {"uv": [8.25, 6.5, 8.9375, 7.75], "texture": "#0"}
			}
		},
		{
			"from": [10.97992, 13.5, 29.8273],
			"to": [16.07992, 14.6, 30.9273],
			"rotation": {"angle": 22.5, "axis": "y", "origin": [10.42631, 14.05, 34.45361]},
			"faces": {
				"north": {"uv": [8.25, 7.75, 8.9375, 6.5], "rotation": 90, "texture": "#0"},
				"east": {"uv": [8.25, 7.75, 8.9375, 6.5], "rotation": 90, "texture": "#0"},
				"south": {"uv": [8.25, 7.75, 8.9375, 6.5], "rotation": 90, "texture": "#0"},
				"west": {"uv": [8.25, 7.75, 8.9375, 6.5], "rotation": 90, "texture": "#0"},
				"up": {"uv": [8.25, 7.75, 8.9375, 6.5], "rotation": 270, "texture": "#0"},
				"down": {"uv": [8.25, 7.75, 8.9375, 6.5], "rotation": 90, "texture": "#0"}
			}
		},
		{
			"from": [8.43013, 13.7, 22.53663],
			"to": [9.13013, 14.4, 27.63663],
			"rotation": {"angle": -45, "axis": "y", "origin": [10.42631, 14.05, 34.45361]},
			"faces": {
				"north": {"uv": [8.25, 7.75, 8.9375, 6.5], "rotation": 90, "texture": "#0"},
				"east": {"uv": [8.25, 7.75, 8.9375, 6.5], "rotation": 90, "texture": "#0"},
				"south": {"uv": [8.25, 7.75, 8.9375, 6.5], "rotation": 90, "texture": "#0"},
				"west": {"uv": [8.25, 7.75, 8.9375, 6.5], "rotation": 90, "texture": "#0"},
				"up": {"uv": [8.9375, 6.5, 8.25, 7.75], "texture": "#0"},
				"down": {"uv": [8.9375, 6.5, 8.25, 7.75], "texture": "#0"}
			}
		},
		{
			"from": [8.53013, 13.8, 17.43663],
			"to": [9.03013, 14.3, 22.53663],
			"rotation": {"angle": -45, "axis": "y", "origin": [10.42631, 14.05, 34.45361]},
			"faces": {
				"north": {"uv": [8.25, 7.75, 8.9375, 6.5], "rotation": 90, "texture": "#0"},
				"east": {"uv": [8.25, 7.75, 8.9375, 6.5], "rotation": 90, "texture": "#0"},
				"south": {"uv": [8.25, 7.75, 8.9375, 6.5], "rotation": 90, "texture": "#0"},
				"west": {"uv": [8.25, 7.75, 8.9375, 6.5], "rotation": 90, "texture": "#0"},
				"up": {"uv": [8.9375, 6.5, 8.25, 7.75], "texture": "#0"},
				"down": {"uv": [8.9375, 6.5, 8.25, 7.75], "texture": "#0"}
			}
		},
		{
			"from": [-0.77992, 21.4, 29.8273],
			"to": [4.32008, 22.5, 30.9273],
			"rotation": {"angle": -22.5, "axis": "y", "origin": [4.87369, 21.95, 34.45361]},
			"faces": {
				"north": {"uv": [8.25, 6.5, 8.9375, 7.75], "rotation": 90, "texture": "#0"},
				"east": {"uv": [8.25, 6.5, 8.9375, 7.75], "rotation": 90, "texture": "#0"},
				"south": {"uv": [8.25, 6.5, 8.9375, 7.75], "rotation": 90, "texture": "#0"},
				"west": {"uv": [8.25, 6.5, 8.9375, 7.75], "rotation": 90, "texture": "#0"},
				"up": {"uv": [8.25, 6.5, 8.9375, 7.75], "rotation": 270, "texture": "#0"},
				"down": {"uv": [8.25, 6.5, 8.9375, 7.75], "rotation": 90, "texture": "#0"}
			}
		},
		{
			"from": [6.16987, 21.6, 22.53663],
			"to": [6.86987, 22.3, 27.63663],
			"rotation": {"angle": 45, "axis": "y", "origin": [4.87369, 21.95, 34.45361]},
			"faces": {
				"north": {"uv": [8.25, 6.5, 8.9375, 7.75], "rotation": 90, "texture": "#0"},
				"east": {"uv": [8.25, 6.5, 8.9375, 7.75], "rotation": 90, "texture": "#0"},
				"south": {"uv": [8.25, 6.5, 8.9375, 7.75], "rotation": 90, "texture": "#0"},
				"west": {"uv": [8.25, 6.5, 8.9375, 7.75], "rotation": 90, "texture": "#0"},
				"up": {"uv": [8.25, 6.5, 8.9375, 7.75], "texture": "#0"},
				"down": {"uv": [8.25, 6.5, 8.9375, 7.75], "texture": "#0"}
			}
		},
		{
			"from": [6.26987, 21.7, 17.43663],
			"to": [6.76987, 22.2, 22.53663],
			"rotation": {"angle": 45, "axis": "y", "origin": [4.87369, 21.95, 34.45361]},
			"faces": {
				"north": {"uv": [8.25, 6.5, 8.9375, 7.75], "rotation": 90, "texture": "#0"},
				"east": {"uv": [8.25, 6.5, 8.9375, 7.75], "rotation": 90, "texture": "#0"},
				"south": {"uv": [8.25, 6.5, 8.9375, 7.75], "rotation": 90, "texture": "#0"},
				"west": {"uv": [8.25, 6.5, 8.9375, 7.75], "rotation": 90, "texture": "#0"},
				"up": {"uv": [8.25, 6.5, 8.9375, 7.75], "texture": "#0"},
				"down": {"uv": [8.25, 6.5, 8.9375, 7.75], "texture": "#0"}
			}
		},
		{
			"from": [11.67992, 21.4, 29.8273],
			"to": [16.77992, 22.5, 30.9273],
			"rotation": {"angle": 22.5, "axis": "y", "origin": [11.12631, 21.95, 34.45361]},
			"faces": {
				"north": {"uv": [8.25, 7.75, 8.9375, 6.5], "rotation": 90, "texture": "#0"},
				"east": {"uv": [8.25, 7.75, 8.9375, 6.5], "rotation": 90, "texture": "#0"},
				"south": {"uv": [8.25, 7.75, 8.9375, 6.5], "rotation": 90, "texture": "#0"},
				"west": {"uv": [8.25, 7.75, 8.9375, 6.5], "rotation": 90, "texture": "#0"},
				"up": {"uv": [8.25, 7.75, 8.9375, 6.5], "rotation": 270, "texture": "#0"},
				"down": {"uv": [8.25, 7.75, 8.9375, 6.5], "rotation": 90, "texture": "#0"}
			}
		},
		{
			"from": [9.13013, 21.6, 22.53663],
			"to": [9.83013, 22.3, 27.63663],
			"rotation": {"angle": -45, "axis": "y", "origin": [11.12631, 21.95, 34.45361]},
			"faces": {
				"north": {"uv": [8.25, 7.75, 8.9375, 6.5], "rotation": 90, "texture": "#0"},
				"east": {"uv": [8.25, 7.75, 8.9375, 6.5], "rotation": 90, "texture": "#0"},
				"south": {"uv": [8.25, 7.75, 8.9375, 6.5], "rotation": 90, "texture": "#0"},
				"west": {"uv": [8.25, 7.75, 8.9375, 6.5], "rotation": 90, "texture": "#0"},
				"up": {"uv": [8.9375, 6.5, 8.25, 7.75], "texture": "#0"},
				"down": {"uv": [8.9375, 6.5, 8.25, 7.75], "texture": "#0"}
			}
		},
		{
			"from": [9.23013, 21.7, 17.43663],
			"to": [9.73013, 22.2, 22.53663],
			"rotation": {"angle": -45, "axis": "y", "origin": [11.12631, 21.95, 34.45361]},
			"faces": {
				"north": {"uv": [8.25, 7.75, 8.9375, 6.5], "rotation": 90, "texture": "#0"},
				"east": {"uv": [8.25, 7.75, 8.9375, 6.5], "rotation": 90, "texture": "#0"},
				"south": {"uv": [8.25, 7.75, 8.9375, 6.5], "rotation": 90, "texture": "#0"},
				"west": {"uv": [8.25, 7.75, 8.9375, 6.5], "rotation": 90, "texture": "#0"},
				"up": {"uv": [8.9375, 6.5, 8.25, 7.75], "texture": "#0"},
				"down": {"uv": [8.9375, 6.5, 8.25, 7.75], "texture": "#0"}
			}
		},
		{
			"from": [5.72, 9.61519, 29.32017],
			"to": [7.16, 15.67519, 31.36017],
			"rotation": {"angle": 0, "axis": "x", "origin": [7.7, 4.31831, 26.10844]},
			"faces": {
				"north": {"uv": [6.75, 7.5, 7.25, 9.75], "texture": "#0"},
				"east": {"uv": [3, 5.5, 3.75, 7.75], "texture": "#0"},
				"south": {"uv": [4.5, 8.25, 5, 10.5], "texture": "#0"},
				"west": {"uv": [3.75, 5.5, 4.5, 7.75], "texture": "#0"},
				"up": {"uv": [10, 1.5, 9.5, 0.75], "texture": "#0"},
				"down": {"uv": [10, 2.25, 9.5, 3], "texture": "#0"}
			}
		},
		{
			"from": [7.16, 12.61519, 29.32017],
			"to": [7.46, 14.83519, 31.36017],
			"rotation": {"angle": 0, "axis": "x", "origin": [7.7, 4.31831, 26.10844]},
			"faces": {
				"north": {"uv": [1.5, 6, 1.75, 7], "texture": "#0"},
				"east": {"uv": [5.75, 8.5, 6.5, 9.5], "texture": "#0"},
				"south": {"uv": [6.5, 0, 6.75, 1], "texture": "#0"},
				"west": {"uv": [7.25, 8.5, 8, 9.5], "texture": "#0"},
				"up": {"uv": [6.75, 1.75, 6.5, 1], "texture": "#0"},
				"down": {"uv": [6.75, 3, 6.5, 3.75], "texture": "#0"}
			}
		},
		{
			"from": [5.84, 1.20879, 29.47623],
			"to": [7.04, 9.54879, 31.33623],
			"rotation": {"angle": 0, "axis": "x", "origin": [7.7, 4.31831, 26.10844]},
			"faces": {
				"north": {"uv": [0.75, 2.5, 1.25, 6], "texture": "#0"},
				"east": {"uv": [2.25, 2.25, 3, 5.75], "texture": "#0"},
				"south": {"uv": [1.25, 2.5, 1.75, 6], "texture": "#0"},
				"west": {"uv": [0, 2.5, 0.75, 6], "texture": "#0"},
				"up": {"uv": [6.75, 10.25, 6.25, 9.5], "texture": "#0"},
				"down": {"uv": [7.75, 9.5, 7.25, 10.25], "texture": "#0"}
			}
		},
		{
			"from": [6.08, 0.30879, 28.09623],
			"to": [6.8, 0.60879, 28.51623],
			"rotation": {"angle": 0, "axis": "x", "origin": [7.7, 4.31831, 26.10844]},
			"faces": {
				"north": {"uv": [4.5, 5.5, 4.75, 5.75], "texture": "#0"},
				"east": {"uv": [6.5, 1.75, 6.75, 2], "texture": "#0"},
				"south": {"uv": [6.5, 3.75, 6.75, 4], "texture": "#0"},
				"west": {"uv": [8.5, 5.25, 8.75, 5.5], "texture": "#0"},
				"up": {"uv": [6.75, 9.5, 6.5, 9.25], "texture": "#0"},
				"down": {"uv": [8, 9.5, 7.75, 9.75], "texture": "#0"}
			}
		},
		{
			"from": [5.96, 0.30879, 28.51623],
			"to": [6.92, 0.78879, 28.99623],
			"rotation": {"angle": 0, "axis": "x", "origin": [7.7, 4.31831, 26.10844]},
			"faces": {
				"north": {"uv": [1.75, 5.5, 2.25, 5.75], "texture": "#0"},
				"east": {"uv": [10.25, 7.75, 10.5, 8], "texture": "#0"},
				"south": {"uv": [7.25, 5.5, 7.75, 5.75], "texture": "#0"},
				"west": {"uv": [10.25, 8, 10.5, 8.25], "texture": "#0"},
				"up": {"uv": [5.5, 8.5, 5, 8.25], "texture": "#0"},
				"down": {"uv": [9.5, 2.25, 9, 2.5], "texture": "#0"}
			}
		},
		{
			"from": [5.84, 0.30879, 28.99623],
			"to": [7.04, 0.90879, 31.39623],
			"rotation": {"angle": 0, "axis": "x", "origin": [7.7, 4.31831, 26.10844]},
			"faces": {
				"north": {"uv": [1, 10.25, 1.5, 10.5], "texture": "#0"},
				"east": {"uv": [9.5, 4.5, 10.5, 4.75], "texture": "#0"},
				"south": {"uv": [1.5, 10.25, 2, 10.5], "texture": "#0"},
				"west": {"uv": [9.5, 5.75, 10.5, 6], "texture": "#0"},
				"up": {"uv": [4.5, 10, 4, 9], "texture": "#0"},
				"down": {"uv": [9.5, 0.75, 9, 1.75], "texture": "#0"}
			}
		},
		{
			"from": [5.96, 0.30879, 31.39623],
			"to": [6.92, 0.72879, 31.63623],
			"rotation": {"angle": 0, "axis": "x", "origin": [7.7, 4.31831, 26.10844]},
			"faces": {
				"north": {"uv": [2, 10.25, 2.5, 10.5], "texture": "#0"},
				"east": {"uv": [10.25, 8.25, 10.5, 8.5], "texture": "#0"},
				"south": {"uv": [3.5, 10.25, 4, 10.5], "texture": "#0"},
				"west": {"uv": [10.25, 8.5, 10.5, 8.75], "texture": "#0"},
				"up": {"uv": [5.5, 10.5, 5, 10.25], "texture": "#0"},
				"down": {"uv": [6.25, 10.25, 5.75, 10.5], "texture": "#0"}
			}
		},
		{
			"from": [5.96, 0.90879, 29.59623],
			"to": [6.92, 1.20879, 31.21623],
			"rotation": {"angle": 0, "axis": "x", "origin": [7.7, 4.31831, 26.10844]},
			"faces": {
				"north": {"uv": [6.25, 10.25, 6.75, 10.5], "texture": "#0"},
				"east": {"uv": [2.25, 2, 3, 2.25], "texture": "#0"},
				"south": {"uv": [6.75, 10.25, 7.25, 10.5], "texture": "#0"},
				"west": {"uv": [10, 1.25, 10.75, 1.5], "texture": "#0"},
				"up": {"uv": [3, 7.75, 2.5, 7], "texture": "#0"},
				"down": {"uv": [6.25, 9.5, 5.75, 10.25], "texture": "#0"}
			}
		},
		{
			"from": [8.24, 9.54766, 29.24178],
			"to": [9.68, 15.48766, 31.28178],
			"rotation": {"angle": 0, "axis": "x", "origin": [7.7, 4.31831, 26.10844]},
			"faces": {
				"north": {"uv": [7.25, 7.5, 6.75, 9.75], "texture": "#0"},
				"east": {"uv": [4.5, 5.5, 3.75, 7.75], "texture": "#0"},
				"south": {"uv": [5, 8.25, 4.5, 10.5], "texture": "#0"},
				"west": {"uv": [3.75, 5.5, 3, 7.75], "texture": "#0"},
				"up": {"uv": [9.5, 1.5, 10, 0.75], "texture": "#0"},
				"down": {"uv": [9.5, 2.25, 10, 3], "texture": "#0"}
			}
		},
		{
			"from": [7.94, 12.54766, 29.24178],
			"to": [8.24, 14.76766, 31.28178],
			"rotation": {"angle": 0, "axis": "x", "origin": [7.7, 4.31831, 26.10844]},
			"faces": {
				"north": {"uv": [1.75, 6, 1.5, 7], "texture": "#0"},
				"east": {"uv": [8, 8.5, 7.25, 9.5], "texture": "#0"},
				"south": {"uv": [6.75, 0, 6.5, 1], "texture": "#0"},
				"west": {"uv": [6.5, 8.5, 5.75, 9.5], "texture": "#0"},
				"up": {"uv": [6.5, 1.75, 6.75, 1], "texture": "#0"},
				"down": {"uv": [6.5, 3, 6.75, 3.75], "texture": "#0"}
			}
		},
		{
			"from": [8.36, 1.24241, 29.43563],
			"to": [9.56, 9.58241, 31.29563],
			"rotation": {"angle": 0, "axis": "x", "origin": [7.7, 4.31831, 26.10844]},
			"faces": {
				"north": {"uv": [1.25, 2.5, 0.75, 6], "texture": "#0"},
				"east": {"uv": [0.75, 2.5, 0, 6], "texture": "#0"},
				"south": {"uv": [1.75, 2.5, 1.25, 6], "texture": "#0"},
				"west": {"uv": [3, 2.25, 2.25, 5.75], "texture": "#0"},
				"up": {"uv": [6.25, 10.25, 6.75, 9.5], "texture": "#0"},
				"down": {"uv": [7.25, 9.5, 7.75, 10.25], "texture": "#0"}
			}
		},
		{
			"from": [8.6, 0.34241, 28.05563],
			"to": [9.32, 0.64241, 28.47563],
			"rotation": {"angle": 0, "axis": "x", "origin": [7.7, 4.31831, 26.10844]},
			"faces": {
				"north": {"uv": [4.75, 5.5, 4.5, 5.75], "texture": "#0"},
				"east": {"uv": [8.75, 5.25, 8.5, 5.5], "texture": "#0"},
				"south": {"uv": [6.75, 3.75, 6.5, 4], "texture": "#0"},
				"west": {"uv": [6.75, 1.75, 6.5, 2], "texture": "#0"},
				"up": {"uv": [6.5, 9.5, 6.75, 9.25], "texture": "#0"},
				"down": {"uv": [7.75, 9.5, 8, 9.75], "texture": "#0"}
			}
		},
		{
			"from": [8.48, 0.34241, 28.47563],
			"to": [9.44, 0.82241, 28.95563],
			"rotation": {"angle": 0, "axis": "x", "origin": [7.7, 4.31831, 26.10844]},
			"faces": {
				"north": {"uv": [2.25, 5.5, 1.75, 5.75], "texture": "#0"},
				"east": {"uv": [10.5, 8, 10.25, 8.25], "texture": "#0"},
				"south": {"uv": [7.75, 5.5, 7.25, 5.75], "texture": "#0"},
				"west": {"uv": [10.5, 7.75, 10.25, 8], "texture": "#0"},
				"up": {"uv": [5, 8.5, 5.5, 8.25], "texture": "#0"},
				"down": {"uv": [9, 2.25, 9.5, 2.5], "texture": "#0"}
			}
		},
		{
			"from": [8.36, 0.34241, 28.95563],
			"to": [9.56, 0.94241, 31.35563],
			"rotation": {"angle": 0, "axis": "x", "origin": [7.7, 4.31831, 26.10844]},
			"faces": {
				"north": {"uv": [1.5, 10.25, 1, 10.5], "texture": "#0"},
				"east": {"uv": [10.5, 5.75, 9.5, 6], "texture": "#0"},
				"south": {"uv": [2, 10.25, 1.5, 10.5], "texture": "#0"},
				"west": {"uv": [10.5, 4.5, 9.5, 4.75], "texture": "#0"},
				"up": {"uv": [4, 10, 4.5, 9], "texture": "#0"},
				"down": {"uv": [9, 0.75, 9.5, 1.75], "texture": "#0"}
			}
		},
		{
			"from": [8.48, 0.34241, 31.35563],
			"to": [9.44, 0.76241, 31.59563],
			"rotation": {"angle": 0, "axis": "x", "origin": [7.7, 4.31831, 26.10844]},
			"faces": {
				"north": {"uv": [2.5, 10.25, 2, 10.5], "texture": "#0"},
				"east": {"uv": [10.5, 8.5, 10.25, 8.75], "texture": "#0"},
				"south": {"uv": [4, 10.25, 3.5, 10.5], "texture": "#0"},
				"west": {"uv": [10.5, 8.25, 10.25, 8.5], "texture": "#0"},
				"up": {"uv": [5, 10.5, 5.5, 10.25], "texture": "#0"},
				"down": {"uv": [5.75, 10.25, 6.25, 10.5], "texture": "#0"}
			}
		},
		{
			"from": [8.48, 0.94241, 29.55563],
			"to": [9.44, 1.24241, 31.17563],
			"rotation": {"angle": 0, "axis": "x", "origin": [7.7, 4.31831, 26.10844]},
			"faces": {
				"north": {"uv": [6.75, 10.25, 6.25, 10.5], "texture": "#0"},
				"east": {"uv": [10.75, 1.25, 10, 1.5], "texture": "#0"},
				"south": {"uv": [7.25, 10.25, 6.75, 10.5], "texture": "#0"},
				"west": {"uv": [3, 2, 2.25, 2.25], "texture": "#0"},
				"up": {"uv": [2.5, 7.75, 3, 7], "texture": "#0"},
				"down": {"uv": [5.75, 9.5, 6.25, 10.25], "texture": "#0"}
			}
		},
		{
			"from": [7.46, 13.5, 29.36],
			"to": [7.88, 14.46, 31.4],
			"rotation": {"angle": 0, "axis": "x", "origin": [7.65, 18.4277, 28.95941]},
			"faces": {
				"north": {"uv": [5.5, 7, 5.75, 7.5], "texture": "#0"},
				"east": {"uv": [9.25, 8.75, 10, 9.25], "texture": "#0"},
				"south": {"uv": [7.25, 10.25, 7.5, 10.75], "texture": "#0"},
				"west": {"uv": [9.5, 3, 10.25, 3.5], "texture": "#0"},
				"up": {"uv": [6.75, 9.25, 6.5, 8.5], "texture": "#0"},
				"down": {"uv": [8.25, 8.5, 8, 9.25], "texture": "#0"}
			}
		},
		{
			"from": [5.48, 14.26, 29.18],
			"to": [9.86, 17.44, 31.58],
			"rotation": {"angle": 0, "axis": "x", "origin": [7.65, 18.4277, 28.95941]},
			"faces": {
				"north": {"uv": [3, 3, 4.75, 4.25], "texture": "#0"},
				"east": {"uv": [4.5, 7, 5.5, 8.25], "texture": "#0"},
				"south": {"uv": [3, 4.25, 4.75, 5.5], "texture": "#0"},
				"west": {"uv": [7.25, 7.25, 8.25, 8.5], "texture": "#0"},
				"up": {"uv": [6.5, 4, 4.75, 3], "texture": "#0"},
				"down": {"uv": [6.75, 2, 5, 3], "texture": "#0"}
			}
		},
		{
			"from": [5.24, 17.44141, 29.13769],
			"to": [10.1, 19.54141, 31.53769],
			"rotation": {"angle": 0, "axis": "x", "origin": [7.64, 20.23404, 28.24912]},
			"faces": {
				"north": {"uv": [4.75, 4, 6.75, 4.75], "texture": "#0"},
				"east": {"uv": [7.25, 6.5, 8.25, 7.25], "texture": "#0"},
				"south": {"uv": [5.75, 5.75, 7.75, 6.5], "texture": "#0"},
				"west": {"uv": [8.5, 2.5, 9.5, 3.25], "texture": "#0"},
				"up": {"uv": [5, 3, 3, 2], "texture": "#0"},
				"down": {"uv": [6.5, 0, 4.5, 1], "texture": "#0"}
			}
		},
		{
			"from": [4.94, 19.4257, 29.17417],
			"to": [10.34, 22.6057, 31.57417],
			"rotation": {"angle": 0, "axis": "x", "origin": [7.64, 19.33404, 28.24912]},
			"faces": {
				"north": {"uv": [0, 0, 2.25, 1.25], "texture": "#0"},
				"east": {"uv": [7.25, 0, 8.25, 1.25], "texture": "#0"},
				"south": {"uv": [0, 1.25, 2.25, 2.5], "texture": "#0"},
				"west": {"uv": [7.25, 1.25, 8.25, 2.5], "texture": "#0"},
				"up": {"uv": [4.5, 1, 2.25, 0], "texture": "#0"},
				"down": {"uv": [4.5, 1, 2.25, 2], "texture": "#0"}
			}
		},
		{
			"from": [5.18, 22.6057, 29.17417],
			"to": [10.1, 23.0257, 31.57417],
			"rotation": {"angle": 0, "axis": "x", "origin": [7.64, 19.33404, 28.24912]},
			"faces": {
				"north": {"uv": [8.75, 6, 10.75, 6.25], "texture": "#0"},
				"east": {"uv": [2.5, 9.75, 3.5, 10], "texture": "#0"},
				"south": {"uv": [8.75, 6.25, 10.75, 6.5], "texture": "#0"},
				"west": {"uv": [7.75, 9.75, 8.75, 10], "texture": "#0"},
				"up": {"uv": [6.5, 2, 4.5, 1], "texture": "#0"},
				"down": {"uv": [6.75, 4.75, 4.75, 5.75], "texture": "#0"}
			}
		},
		{
			"from": [5.84, 23.0257, 29.17417],
			"to": [9.38, 23.3257, 31.57417],
			"rotation": {"angle": 0, "axis": "x", "origin": [7.64, 19.33404, 28.24912]},
			"faces": {
				"north": {"uv": [9, 7.5, 10.5, 7.75], "texture": "#0"},
				"east": {"uv": [8.75, 9.75, 9.75, 10], "texture": "#0"},
				"south": {"uv": [9.5, 1.5, 11, 1.75], "texture": "#0"},
				"west": {"uv": [9.75, 9.75, 10.75, 10], "texture": "#0"},
				"up": {"uv": [1.5, 7, 0, 6], "texture": "#0"},
				"down": {"uv": [7.25, 6.5, 5.75, 7.5], "texture": "#0"}
			}
		},
		{
			"name": "cuello",
			"from": [6.74, 23.29999, 29.60001],
			"to": [8.42, 24.19999, 31.10001],
			"rotation": {"angle": 0, "axis": "x", "origin": [7.5825, 23.57367, 30.4798]},
			"faces": {
				"north": {"uv": [10, 2.75, 10.75, 3], "texture": "#0"},
				"east": {"uv": [10, 8.75, 10.75, 9], "texture": "#0"},
				"south": {"uv": [10, 9, 10.75, 9.25], "texture": "#0"},
				"west": {"uv": [10, 9.25, 10.75, 9.5], "texture": "#0"},
				"up": {"uv": [9.5, 6, 8.75, 5.25], "texture": "#0"},
				"down": {"uv": [3.25, 9, 2.5, 9.75], "texture": "#0"}
			}
		},
		{
			"from": [6.38, 24.51154, 28.42639],
			"to": [8.84, 25.65154, 31.12639],
			"rotation": {"angle": 0, "axis": "x", "origin": [7.5825, 24.35367, 30.1198]},
			"faces": {
				"north": {"uv": [9, 1.75, 10, 2.25], "texture": "#0"},
				"east": {"uv": [8.25, 7.75, 9.5, 8.25], "texture": "#0"},
				"south": {"uv": [9, 6.5, 10, 7], "texture": "#0"},
				"west": {"uv": [8.5, 4.75, 9.75, 5.25], "texture": "#0"},
				"up": {"uv": [3.5, 9, 2.5, 7.75], "texture": "#0"},
				"down": {"uv": [4.5, 7.75, 3.5, 9], "texture": "#0"}
			}
		},
		{
			"from": [6.14, 25.21154, 28.36639],
			"to": [9.02, 27.49154, 31.30639],
			"rotation": {"angle": 0, "axis": "x", "origin": [7.5825, 24.35367, 30.1198]},
			"faces": {
				"north": {"uv": [7.25, 2.5, 8.5, 3.5], "texture": "#0"},
				"east": {"uv": [7.25, 3.5, 8.5, 4.5], "texture": "#0"},
				"south": {"uv": [7.25, 4.5, 8.5, 5.5], "texture": "#0"},
				"west": {"uv": [5.5, 7.5, 6.75, 8.5], "texture": "#0"},
				"up": {"uv": [3, 7, 1.75, 5.75], "texture": "#0"},
				"down": {"uv": [5.75, 5.75, 4.5, 7], "texture": "#0"}
			}
		},
		{
			"from": [6.38, 26.85154, 28.54639],
			"to": [8.78, 27.87154, 31.06639],
			"rotation": {"angle": 0, "axis": "x", "origin": [7.5825, 24.35367, 30.1198]},
			"faces": {
				"north": {"uv": [9, 7, 10, 7.5], "texture": "#0"},
				"east": {"uv": [8, 9.25, 9, 9.75], "texture": "#0"},
				"south": {"uv": [9, 9.25, 10, 9.75], "texture": "#0"},
				"west": {"uv": [9.25, 8.25, 10.25, 8.75], "texture": "#0"},
				"up": {"uv": [8.75, 6.5, 7.75, 5.5], "texture": "#0"},
				"down": {"uv": [9.25, 8.25, 8.25, 9.25], "texture": "#0"}
			}
		},
		{
			"from": [6.62, 24.14, 28.86],
			"to": [6.62, 24.5, 30.9],
			"rotation": {"angle": 0, "axis": "x", "origin": [7.5825, 24.35367, 30.1198]},
			"faces": {
				"north": {"uv": [0, 0.15, 0, 0], "texture": "#0"},
				"east": {"uv": [10.5, 10.25, 12, 10], "texture": "#0"},
				"south": {"uv": [0, 0.15, 0, 0], "texture": "#0"},
				"west": {"uv": [10.5, 10.25, 12, 10], "texture": "#0"},
				"up": {"uv": [0, 0.85, 0, 0], "texture": "#0"},
				"down": {"uv": [0, 0.85, 0, 0], "texture": "#0"}
			}
		},
		{
			"from": [6.56, 24.14, 28.8],
			"to": [8.6, 24.5, 28.8],
			"rotation": {"angle": 0, "axis": "x", "origin": [7.5825, 24.35367, 30.1198]},
			"faces": {
				"north": {"uv": [10.5, 10.25, 12, 10], "texture": "#0"},
				"east": {"uv": [0, 0.15, 0, 0], "texture": "#0"},
				"south": {"uv": [10.5, 10.25, 12, 10], "texture": "#0"},
				"west": {"uv": [0, 0.15, 0, 0], "texture": "#0"},
				"up": {"uv": [0, 0, 0, 0.85], "rotation": 270, "texture": "#0"},
				"down": {"uv": [0, 0, 0, 0.85], "rotation": 90, "texture": "#0"}
			}
		},
		{
			"from": [8.54, 24.14, 28.86],
			"to": [8.54, 24.5, 30.9],
			"rotation": {"angle": 0, "axis": "x", "origin": [7.5825, 24.35367, 30.1198]},
			"faces": {
				"north": {"uv": [0, 0.15, 0, 0], "texture": "#0"},
				"east": {"uv": [10.5, 10.25, 12, 10], "texture": "#0"},
				"south": {"uv": [0, 0.15, 0, 0], "texture": "#0"},
				"west": {"uv": [10.5, 10.25, 12, 10], "texture": "#0"},
				"up": {"uv": [0, 0.85, 0, 0], "texture": "#0"},
				"down": {"uv": [0, 0.85, 0, 0], "texture": "#0"}
			}
		},
		{
			"from": [6.56, 24.39106, 29.23441],
			"to": [8.6, 24.75106, 29.23441],
			"rotation": {"angle": -22.5, "axis": "x", "origin": [7.5825, 23.33367, 30.1798]},
			"faces": {
				"north": {"uv": [10.5, 10, 12, 10.25], "texture": "#0"},
				"east": {"uv": [0, 0, 0, 0.15], "texture": "#0"},
				"south": {"uv": [10.5, 10, 12, 10.25], "texture": "#0"},
				"west": {"uv": [0, 0, 0, 0.15], "texture": "#0"},
				"up": {"uv": [0, 0, 0, 0.85], "rotation": 90, "texture": "#0"},
				"down": {"uv": [0, 0, 0, 0.85], "rotation": 270, "texture": "#0"}
			}
		},
		{
			"from": [6.62, 24.39106, 29.29441],
			"to": [6.62, 24.75106, 31.33441],
			"rotation": {"angle": -22.5, "axis": "x", "origin": [7.5825, 23.33367, 30.1798]},
			"faces": {
				"north": {"uv": [0, 0, 0, 0.15], "texture": "#0"},
				"east": {"uv": [10.5, 10, 12, 10.25], "texture": "#0"},
				"south": {"uv": [0, 0, 0, 0.15], "texture": "#0"},
				"west": {"uv": [10.5, 10, 12, 10.25], "texture": "#0"},
				"up": {"uv": [0, 0, 0, 0.85], "texture": "#0"},
				"down": {"uv": [0, 0, 0, 0.85], "texture": "#0"}
			}
		},
		{
			"from": [8.54, 24.39106, 29.29441],
			"to": [8.54, 24.75106, 31.33441],
			"rotation": {"angle": -22.5, "axis": "x", "origin": [7.5825, 23.33367, 30.1798]},
			"faces": {
				"north": {"uv": [0, 0, 0, 0.15], "texture": "#0"},
				"east": {"uv": [10.5, 10, 12, 10.25], "texture": "#0"},
				"south": {"uv": [0, 0, 0, 0.15], "texture": "#0"},
				"west": {"uv": [10.5, 10, 12, 10.25], "texture": "#0"},
				"up": {"uv": [0, 0, 0, 0.85], "texture": "#0"},
				"down": {"uv": [0, 0, 0, 0.85], "texture": "#0"}
			}
		},
		{
			"from": [6.5, 23.51079, 29.11863],
			"to": [8.66, 24.41079, 29.71863],
			"rotation": {"angle": -22.5, "axis": "x", "origin": [7.5825, 23.33367, 30.1798]},
			"faces": {
				"north": {"uv": [9.75, 0, 10.75, 0.25], "texture": "#0"},
				"east": {"uv": [10.25, 10, 10.5, 10.25], "texture": "#0"},
				"south": {"uv": [9.75, 0.25, 10.75, 0.5], "texture": "#0"},
				"west": {"uv": [0, 10.5, 0.25, 10.75], "texture": "#0"},
				"up": {"uv": [10.75, 0.75, 9.75, 0.5], "texture": "#0"},
				"down": {"uv": [10.75, 4.75, 9.75, 5], "texture": "#0"}
			}
		},
		{
			"from": [6.5, 23.87079, 29.71863],
			"to": [8.66, 24.41079, 31.39863],
			"rotation": {"angle": -22.5, "axis": "x", "origin": [7.5825, 23.33367, 30.1798]},
			"faces": {
				"north": {"uv": [9.75, 5, 10.75, 5.25], "texture": "#0"},
				"east": {"uv": [10, 9.5, 10.75, 9.75], "texture": "#0"},
				"south": {"uv": [0, 10, 1, 10.25], "texture": "#0"},
				"west": {"uv": [0, 10.25, 0.75, 10.5], "texture": "#0"},
				"up": {"uv": [9.5, 4, 8.5, 3.25], "texture": "#0"},
				"down": {"uv": [9.5, 4, 8.5, 4.75], "texture": "#0"}
			}
		},
		{
			"from": [1.65045, 19.46129, 29.72],
			"to": [3.21045, 20.60129, 30.92],
			"rotation": {"angle": -22.5, "axis": "z", "origin": [4.77673, 16.18806, 22.2938]},
			"faces": {
				"north": {"uv": [3, 10, 3.5, 10.5], "texture": "#0"},
				"east": {"uv": [4, 10, 4.5, 10.5], "texture": "#0"},
				"south": {"uv": [7.75, 10, 8.25, 10.5], "texture": "#0"},
				"west": {"uv": [8.25, 10, 8.75, 10.5], "texture": "#0"},
				"up": {"uv": [9.25, 10.5, 8.75, 10], "texture": "#0"},
				"down": {"uv": [9.75, 10, 9.25, 10.5], "texture": "#0"}
			}
		},
		{
			"from": [1.65045, 20.60129, 29.72],
			"to": [3.21045, 21.98129, 30.92],
			"rotation": {"angle": -22.5, "axis": "z", "origin": [4.77673, 16.18806, 22.2938]},
			"faces": {
				"north": {"uv": [9.5, 5.25, 10.25, 5.75], "texture": "#0"},
				"east": {"uv": [6.75, 9.75, 7.25, 10.25], "texture": "#0"},
				"south": {"uv": [9.5, 7.75, 10.25, 8.25], "texture": "#0"},
				"west": {"uv": [2.5, 10, 3, 10.5], "texture": "#0"},
				"up": {"uv": [1.75, 10.25, 1, 9.75], "texture": "#0"},
				"down": {"uv": [2.5, 9.75, 1.75, 10.25], "texture": "#0"}
			}
		},
		{
			"from": [2.13045, 21.98129, 29.72],
			"to": [3.21045, 22.28129, 30.92],
			"rotation": {"angle": -22.5, "axis": "z", "origin": [4.77673, 16.18806, 22.2938]},
			"faces": {
				"north": {"uv": [10.25, 3, 10.75, 3.25], "texture": "#0"},
				"east": {"uv": [10.25, 3.25, 10.75, 3.5], "texture": "#0"},
				"south": {"uv": [10.25, 3.5, 10.75, 3.75], "texture": "#0"},
				"west": {"uv": [10.25, 3.75, 10.75, 4], "texture": "#0"},
				"up": {"uv": [4, 10.25, 3.5, 9.75], "texture": "#0"},
				"down": {"uv": [5.5, 9.75, 5, 10.25], "texture": "#0"}
			}
		},
		{
			"from": [2.49045, 20.78129, 29.36],
			"to": [3.21045, 22.22129, 31.22],
			"rotation": {"angle": -22.5, "axis": "z", "origin": [4.77673, 16.18806, 22.2938]},
			"faces": {
				"north": {"uv": [7.5, 10.25, 7.75, 10.75], "texture": "#0"},
				"east": {"uv": [9.5, 3.5, 10.25, 4], "texture": "#0"},
				"south": {"uv": [10.25, 10.25, 10.5, 10.75], "texture": "#0"},
				"west": {"uv": [9.5, 4, 10.25, 4.5], "texture": "#0"},
				"up": {"uv": [5.75, 10.5, 5.5, 9.75], "texture": "#0"},
				"down": {"uv": [1, 10.25, 0.75, 11], "texture": "#0"}
			}
		},
		{
			"from": [1.65045, 13.10129, 29.72],
			"to": [2.85045, 19.46129, 30.92],
			"rotation": {"angle": -22.5, "axis": "z", "origin": [4.77673, 16.18806, 22.2938]},
			"faces": {
				"north": {"uv": [6.75, 3, 7.25, 5.75], "texture": "#0"},
				"east": {"uv": [1, 7, 1.5, 9.75], "texture": "#0"},
				"south": {"uv": [1.5, 7, 2, 9.75], "texture": "#0"},
				"west": {"uv": [2, 7, 2.5, 9.75], "texture": "#0"},
				"up": {"uv": [10.25, 10.5, 9.75, 10], "texture": "#0"},
				"down": {"uv": [10.5, 0.75, 10, 1.25], "texture": "#0"}
			}
		},
		{
			"from": [0.762, 9.01023, 27.13942],
			"to": [1.962, 16.51023, 28.33942],
			"rotation": {"angle": 22.5, "axis": "x", "origin": [1.395, 8.99155, 24.38076]},
			"faces": {
				"north": {"uv": [0.5, 7, 1, 10], "texture": "#0"},
				"east": {"uv": [1.75, 2.5, 2.25, 5.5], "texture": "#0"},
				"south": {"uv": [6.75, 0, 7.25, 3], "texture": "#0"},
				"west": {"uv": [0, 7, 0.5, 10], "texture": "#0"},
				"up": {"uv": [10.5, 2.25, 10, 1.75], "rotation": 90, "texture": "#0"},
				"down": {"uv": [10.5, 2.25, 10, 2.75], "rotation": 270, "texture": "#0"}
			}
		},
		{
			"from": [0.822, 8.53023, 27.19942],
			"to": [1.902, 9.01023, 28.27942],
			"rotation": {"angle": 22.5, "axis": "x", "origin": [1.395, 8.99155, 24.38076]},
			"faces": {
				"north": {"uv": [10.25, 5.5, 10.75, 5.75], "texture": "#0"},
				"east": {"uv": [10.25, 4, 10.75, 4.25], "texture": "#0"},
				"south": {"uv": [10.25, 5.5, 10.75, 5.75], "texture": "#0"},
				"west": {"uv": [10.25, 4, 10.75, 4.25], "texture": "#0"},
				"up": {"uv": [10.5, 7, 10, 6.5], "rotation": 90, "texture": "#0"},
				"down": {"uv": [10.25, 5.5, 10.75, 5.75], "rotation": 270, "texture": "#0"}
			}
		},
		{
			"from": [0.822, 7.99023, 27.19942],
			"to": [1.902, 8.59023, 28.27942],
			"rotation": {"angle": 22.5, "axis": "x", "origin": [1.395, 8.99155, 24.38076]},
			"faces": {
				"north": {"uv": [10.25, 5.5, 10.75, 5.75], "texture": "#0"},
				"east": {"uv": [10.25, 4, 10.75, 4.25], "texture": "#0"},
				"south": {"uv": [10.25, 5.5, 10.75, 5.75], "texture": "#0"},
				"west": {"uv": [10.25, 4, 10.75, 4.25], "texture": "#0"},
				"up": {"uv": [10.5, 7, 10, 6.5], "rotation": 90, "texture": "#0"},
				"down": {"uv": [10.25, 5.5, 10.75, 5.75], "rotation": 270, "texture": "#0"}
			}
		},
		{
			"from": [1.542, 6.70076, 27.11832],
			"to": [1.842, 7.42076, 27.41832],
			"rotation": {"angle": 22.5, "axis": "x", "origin": [1.395, 8.99155, 24.38076]},
			"faces": {
				"north": {"uv": [2.75, 10.5, 3, 10.75], "texture": "#0"},
				"east": {"uv": [2, 10.5, 2.25, 10.75], "texture": "#0"},
				"south": {"uv": [2.25, 10.5, 2.5, 10.75], "texture": "#0"},
				"west": {"uv": [2.5, 10.5, 2.75, 10.75], "texture": "#0"},
				"up": {"uv": [3.25, 10.75, 3, 10.5], "rotation": 90, "texture": "#0"},
				"down": {"uv": [3.5, 10.5, 3.25, 10.75], "rotation": 270, "texture": "#0"}
			}
		},
		{
			"from": [1.542, 7.42076, 27.11832],
			"to": [1.842, 8.02076, 27.41832],
			"rotation": {"angle": 22.5, "axis": "x", "origin": [1.395, 8.99155, 24.38076]},
			"faces": {
				"north": {"uv": [4.25, 10.5, 4.5, 10.75], "texture": "#0"},
				"east": {"uv": [3.5, 10.5, 3.75, 10.75], "texture": "#0"},
				"south": {"uv": [3.75, 10.5, 4, 10.75], "texture": "#0"},
				"west": {"uv": [4, 10.5, 4.25, 10.75], "texture": "#0"},
				"up": {"uv": [4.75, 10.75, 4.5, 10.5], "rotation": 90, "texture": "#0"},
				"down": {"uv": [5, 10.5, 4.75, 10.75], "rotation": 270, "texture": "#0"}
			}
		},
		{
			"from": [1.182, 6.70076, 27.11832],
			"to": [1.482, 7.42076, 27.41832],
			"rotation": {"angle": 22.5, "axis": "x", "origin": [1.395, 8.99155, 24.38076]},
			"faces": {
				"north": {"uv": [2.75, 10.5, 3, 10.75], "texture": "#0"},
				"east": {"uv": [2, 10.5, 2.25, 10.75], "texture": "#0"},
				"south": {"uv": [2.25, 10.5, 2.5, 10.75], "texture": "#0"},
				"west": {"uv": [2.5, 10.5, 2.75, 10.75], "texture": "#0"},
				"up": {"uv": [3.25, 10.75, 3, 10.5], "rotation": 90, "texture": "#0"},
				"down": {"uv": [3.5, 10.5, 3.25, 10.75], "rotation": 270, "texture": "#0"}
			}
		},
		{
			"from": [1.182, 7.42076, 27.11832],
			"to": [1.482, 8.02076, 27.41832],
			"rotation": {"angle": 22.5, "axis": "x", "origin": [1.395, 8.99155, 24.38076]},
			"faces": {
				"north": {"uv": [4.25, 10.5, 4.5, 10.75], "texture": "#0"},
				"east": {"uv": [3.5, 10.5, 3.75, 10.75], "texture": "#0"},
				"south": {"uv": [3.75, 10.5, 4, 10.75], "texture": "#0"},
				"west": {"uv": [4, 10.5, 4.25, 10.75], "texture": "#0"},
				"up": {"uv": [4.75, 10.75, 4.5, 10.5], "rotation": 90, "texture": "#0"},
				"down": {"uv": [5, 10.5, 4.75, 10.75], "rotation": 270, "texture": "#0"}
			}
		},
		{
			"from": [0.822, 6.70076, 27.11832],
			"to": [1.122, 7.42076, 27.41832],
			"rotation": {"angle": 22.5, "axis": "x", "origin": [1.395, 8.99155, 24.38076]},
			"faces": {
				"north": {"uv": [2.75, 10.5, 3, 10.75], "texture": "#0"},
				"east": {"uv": [2, 10.5, 2.25, 10.75], "texture": "#0"},
				"south": {"uv": [2.25, 10.5, 2.5, 10.75], "texture": "#0"},
				"west": {"uv": [2.5, 10.5, 2.75, 10.75], "texture": "#0"},
				"up": {"uv": [3.25, 10.75, 3, 10.5], "rotation": 90, "texture": "#0"},
				"down": {"uv": [3.5, 10.5, 3.25, 10.75], "rotation": 270, "texture": "#0"}
			}
		},
		{
			"from": [0.822, 7.42076, 27.11832],
			"to": [1.122, 8.02076, 27.41832],
			"rotation": {"angle": 22.5, "axis": "x", "origin": [1.395, 8.99155, 24.38076]},
			"faces": {
				"north": {"uv": [4.25, 10.5, 4.5, 10.75], "texture": "#0"},
				"east": {"uv": [3.5, 10.5, 3.75, 10.75], "texture": "#0"},
				"south": {"uv": [3.75, 10.5, 4, 10.75], "texture": "#0"},
				"west": {"uv": [4, 10.5, 4.25, 10.75], "texture": "#0"},
				"up": {"uv": [4.75, 10.75, 4.5, 10.5], "rotation": 90, "texture": "#0"},
				"down": {"uv": [5, 10.5, 4.75, 10.75], "rotation": 270, "texture": "#0"}
			}
		},
		{
			"from": [1.722, 7.33023, 27.79942],
			"to": [2.022, 8.17023, 28.15942],
			"rotation": {"angle": 22.5, "axis": "x", "origin": [1.395, 8.99155, 24.38076]},
			"faces": {
				"north": {"uv": [1.25, 10.5, 1.5, 10.75], "texture": "#0"},
				"east": {"uv": [0.25, 10.5, 0.5, 10.75], "texture": "#0"},
				"south": {"uv": [0.5, 10.5, 0.75, 10.75], "texture": "#0"},
				"west": {"uv": [1, 10.5, 1.25, 10.75], "texture": "#0"},
				"up": {"uv": [1.75, 10.75, 1.5, 10.5], "rotation": 90, "texture": "#0"},
				"down": {"uv": [2, 10.5, 1.75, 10.75], "rotation": 270, "texture": "#0"}
			}
		},
		{
			"from": [12.08955, 19.46129, 29.72],
			"to": [13.64955, 20.60129, 30.92],
			"rotation": {"angle": 22.5, "axis": "z", "origin": [10.52327, 16.18806, 22.2938]},
			"faces": {
				"north": {"uv": [3.5, 10, 3, 10.5], "texture": "#0"},
				"east": {"uv": [8.75, 10, 8.25, 10.5], "texture": "#0"},
				"south": {"uv": [8.25, 10, 7.75, 10.5], "texture": "#0"},
				"west": {"uv": [4.5, 10, 4, 10.5], "texture": "#0"},
				"up": {"uv": [8.75, 10.5, 9.25, 10], "texture": "#0"},
				"down": {"uv": [9.25, 10, 9.75, 10.5], "texture": "#0"}
			}
		},
		{
			"from": [12.08955, 20.60129, 29.72],
			"to": [13.64955, 21.98129, 30.92],
			"rotation": {"angle": 22.5, "axis": "z", "origin": [10.52327, 16.18806, 22.2938]},
			"faces": {
				"north": {"uv": [10.25, 5.25, 9.5, 5.75], "texture": "#0"},
				"east": {"uv": [3, 10, 2.5, 10.5], "texture": "#0"},
				"south": {"uv": [10.25, 7.75, 9.5, 8.25], "texture": "#0"},
				"west": {"uv": [7.25, 9.75, 6.75, 10.25], "texture": "#0"},
				"up": {"uv": [1, 10.25, 1.75, 9.75], "texture": "#0"},
				"down": {"uv": [1.75, 9.75, 2.5, 10.25], "texture": "#0"}
			}
		},
		{
			"from": [12.08955, 21.98129, 29.72],
			"to": [13.16955, 22.28129, 30.92],
			"rotation": {"angle": 22.5, "axis": "z", "origin": [10.52327, 16.18806, 22.2938]},
			"faces": {
				"north": {"uv": [10.75, 3, 10.25, 3.25], "texture": "#0"},
				"east": {"uv": [10.75, 3.75, 10.25, 4], "texture": "#0"},
				"south": {"uv": [10.75, 3.5, 10.25, 3.75], "texture": "#0"},
				"west": {"uv": [10.75, 3.25, 10.25, 3.5], "texture": "#0"},
				"up": {"uv": [3.5, 10.25, 4, 9.75], "texture": "#0"},
				"down": {"uv": [5, 9.75, 5.5, 10.25], "texture": "#0"}
			}
		},
		{
			"from": [12.08955, 20.78129, 29.36],
			"to": [12.80955, 22.22129, 31.22],
			"rotation": {"angle": 22.5, "axis": "z", "origin": [10.52327, 16.18806, 22.2938]},
			"faces": {
				"north": {"uv": [7.75, 10.25, 7.5, 10.75], "texture": "#0"},
				"east": {"uv": [10.25, 4, 9.5, 4.5], "texture": "#0"},
				"south": {"uv": [10.5, 10.25, 10.25, 10.75], "texture": "#0"},
				"west": {"uv": [10.25, 3.5, 9.5, 4], "texture": "#0"},
				"up": {"uv": [5.5, 10.5, 5.75, 9.75], "texture": "#0"},
				"down": {"uv": [0.75, 10.25, 1, 11], "texture": "#0"}
			}
		},
		{
			"from": [12.44955, 13.10129, 29.72],
			"to": [13.64955, 19.46129, 30.92],
			"rotation": {"angle": 22.5, "axis": "z", "origin": [10.52327, 16.18806, 22.2938]},
			"faces": {
				"north": {"uv": [7.25, 3, 6.75, 5.75], "texture": "#0"},
				"east": {"uv": [2.5, 7, 2, 9.75], "texture": "#0"},
				"south": {"uv": [2, 7, 1.5, 9.75], "texture": "#0"},
				"west": {"uv": [1.5, 7, 1, 9.75], "texture": "#0"},
				"up": {"uv": [9.75, 10.5, 10.25, 10], "texture": "#0"},
				"down": {"uv": [10, 0.75, 10.5, 1.25], "texture": "#0"}
			}
		},
		{
			"from": [13.338, 9.01023, 27.13942],
			"to": [14.538, 16.51023, 28.33942],
			"rotation": {"angle": 22.5, "axis": "x", "origin": [13.905, 8.99155, 24.38076]},
			"faces": {
				"north": {"uv": [1, 7, 0.5, 10], "texture": "#0"},
				"east": {"uv": [0.5, 7, 0, 10], "texture": "#0"},
				"south": {"uv": [7.25, 0, 6.75, 3], "texture": "#0"},
				"west": {"uv": [2.25, 2.5, 1.75, 5.5], "texture": "#0"},
				"up": {"uv": [10.5, 1.75, 10, 2.25], "rotation": 90, "texture": "#0"},
				"down": {"uv": [10.5, 2.75, 10, 2.25], "rotation": 270, "texture": "#0"}
			}
		},
		{
			"from": [13.398, 8.53023, 27.19942],
			"to": [14.478, 9.01023, 28.27942],
			"rotation": {"angle": 22.5, "axis": "x", "origin": [13.905, 8.99155, 24.38076]},
			"faces": {
				"north": {"uv": [10.75, 5.5, 10.25, 5.75], "texture": "#0"},
				"east": {"uv": [10.75, 4, 10.25, 4.25], "texture": "#0"},
				"south": {"uv": [10.75, 5.5, 10.25, 5.75], "texture": "#0"},
				"west": {"uv": [10.75, 4, 10.25, 4.25], "texture": "#0"},
				"up": {"uv": [10.5, 6.5, 10, 7], "rotation": 90, "texture": "#0"},
				"down": {"uv": [10.25, 5.75, 10.75, 5.5], "rotation": 270, "texture": "#0"}
			}
		},
		{
			"from": [13.398, 7.99023, 27.19942],
			"to": [14.478, 8.59023, 28.27942],
			"rotation": {"angle": 22.5, "axis": "x", "origin": [13.905, 8.99155, 24.38076]},
			"faces": {
				"north": {"uv": [10.75, 5.5, 10.25, 5.75], "texture": "#0"},
				"east": {"uv": [10.75, 4, 10.25, 4.25], "texture": "#0"},
				"south": {"uv": [10.75, 5.5, 10.25, 5.75], "texture": "#0"},
				"west": {"uv": [10.75, 4, 10.25, 4.25], "texture": "#0"},
				"up": {"uv": [10.5, 6.5, 10, 7], "rotation": 90, "texture": "#0"},
				"down": {"uv": [10.25, 5.75, 10.75, 5.5], "rotation": 270, "texture": "#0"}
			}
		},
		{
			"from": [13.458, 6.70076, 27.11832],
			"to": [13.758, 7.42076, 27.41832],
			"rotation": {"angle": 22.5, "axis": "x", "origin": [13.905, 8.99155, 24.38076]},
			"faces": {
				"north": {"uv": [3, 10.5, 2.75, 10.75], "texture": "#0"},
				"east": {"uv": [2.75, 10.5, 2.5, 10.75], "texture": "#0"},
				"south": {"uv": [2.5, 10.5, 2.25, 10.75], "texture": "#0"},
				"west": {"uv": [2.25, 10.5, 2, 10.75], "texture": "#0"},
				"up": {"uv": [3.25, 10.5, 3, 10.75], "rotation": 90, "texture": "#0"},
				"down": {"uv": [3.5, 10.75, 3.25, 10.5], "rotation": 270, "texture": "#0"}
			}
		},
		{
			"from": [13.458, 7.42076, 27.11832],
			"to": [13.758, 8.02076, 27.41832],
			"rotation": {"angle": 22.5, "axis": "x", "origin": [13.905, 8.99155, 24.38076]},
			"faces": {
				"north": {"uv": [4.5, 10.5, 4.25, 10.75], "texture": "#0"},
				"east": {"uv": [4.25, 10.5, 4, 10.75], "texture": "#0"},
				"south": {"uv": [4, 10.5, 3.75, 10.75], "texture": "#0"},
				"west": {"uv": [3.75, 10.5, 3.5, 10.75], "texture": "#0"},
				"up": {"uv": [4.75, 10.5, 4.5, 10.75], "rotation": 90, "texture": "#0"},
				"down": {"uv": [5, 10.75, 4.75, 10.5], "rotation": 270, "texture": "#0"}
			}
		},
		{
			"from": [13.818, 6.70076, 27.11832],
			"to": [14.118, 7.42076, 27.41832],
			"rotation": {"angle": 22.5, "axis": "x", "origin": [13.905, 8.99155, 24.38076]},
			"faces": {
				"north": {"uv": [3, 10.5, 2.75, 10.75], "texture": "#0"},
				"east": {"uv": [2.75, 10.5, 2.5, 10.75], "texture": "#0"},
				"south": {"uv": [2.5, 10.5, 2.25, 10.75], "texture": "#0"},
				"west": {"uv": [2.25, 10.5, 2, 10.75], "texture": "#0"},
				"up": {"uv": [3.25, 10.5, 3, 10.75], "rotation": 90, "texture": "#0"},
				"down": {"uv": [3.5, 10.75, 3.25, 10.5], "rotation": 270, "texture": "#0"}
			}
		},
		{
			"from": [13.818, 7.42076, 27.11832],
			"to": [14.118, 8.02076, 27.41832],
			"rotation": {"angle": 22.5, "axis": "x", "origin": [13.905, 8.99155, 24.38076]},
			"faces": {
				"north": {"uv": [4.5, 10.5, 4.25, 10.75], "texture": "#0"},
				"east": {"uv": [4.25, 10.5, 4, 10.75], "texture": "#0"},
				"south": {"uv": [4, 10.5, 3.75, 10.75], "texture": "#0"},
				"west": {"uv": [3.75, 10.5, 3.5, 10.75], "texture": "#0"},
				"up": {"uv": [4.75, 10.5, 4.5, 10.75], "rotation": 90, "texture": "#0"},
				"down": {"uv": [5, 10.75, 4.75, 10.5], "rotation": 270, "texture": "#0"}
			}
		},
		{
			"from": [14.178, 6.70076, 27.11832],
			"to": [14.478, 7.42076, 27.41832],
			"rotation": {"angle": 22.5, "axis": "x", "origin": [13.905, 8.99155, 24.38076]},
			"faces": {
				"north": {"uv": [3, 10.5, 2.75, 10.75], "texture": "#0"},
				"east": {"uv": [2.75, 10.5, 2.5, 10.75], "texture": "#0"},
				"south": {"uv": [2.5, 10.5, 2.25, 10.75], "texture": "#0"},
				"west": {"uv": [2.25, 10.5, 2, 10.75], "texture": "#0"},
				"up": {"uv": [3.25, 10.5, 3, 10.75], "rotation": 90, "texture": "#0"},
				"down": {"uv": [3.5, 10.75, 3.25, 10.5], "rotation": 270, "texture": "#0"}
			}
		},
		{
			"from": [14.178, 7.42076, 27.11832],
			"to": [14.478, 8.02076, 27.41832],
			"rotation": {"angle": 22.5, "axis": "x", "origin": [13.905, 8.99155, 24.38076]},
			"faces": {
				"north": {"uv": [4.5, 10.5, 4.25, 10.75], "texture": "#0"},
				"east": {"uv": [4.25, 10.5, 4, 10.75], "texture": "#0"},
				"south": {"uv": [4, 10.5, 3.75, 10.75], "texture": "#0"},
				"west": {"uv": [3.75, 10.5, 3.5, 10.75], "texture": "#0"},
				"up": {"uv": [4.75, 10.5, 4.5, 10.75], "rotation": 90, "texture": "#0"},
				"down": {"uv": [5, 10.75, 4.75, 10.5], "rotation": 270, "texture": "#0"}
			}
		},
		{
			"from": [13.278, 7.33023, 27.79942],
			"to": [13.578, 8.17023, 28.15942],
			"rotation": {"angle": 22.5, "axis": "x", "origin": [13.905, 8.99155, 24.38076]},
			"faces": {
				"north": {"uv": [1.5, 10.5, 1.25, 10.75], "texture": "#0"},
				"east": {"uv": [1.25, 10.5, 1, 10.75], "texture": "#0"},
				"south": {"uv": [0.75, 10.5, 0.5, 10.75], "texture": "#0"},
				"west": {"uv": [0.5, 10.5, 0.25, 10.75], "texture": "#0"},
				"up": {"uv": [1.75, 10.5, 1.5, 10.75], "rotation": 90, "texture": "#0"},
				"down": {"uv": [2, 10.75, 1.75, 10.5], "rotation": 270, "texture": "#0"}
			}
		}
	],
	"display": {
		"head": {
			"translation": [1.5, -21.75, -62.5],
			"scale": [2.78, 2.78, 2.78]
		}
	},
	"groups": [
		{
			"name": "group",
			"origin": [16.1, 33.5, 22],
			"children": [
				{
					"name": "tentaculo1",
					"origin": [16.1, 33.5, 22],
					"children": [
						{
							"name": "group",
							"origin": [-0.45, 0.95, 8.05],
							"children": [
								{
									"name": "group",
									"origin": [-0.45, 0.95, 8.05],
									"children": [
										{
											"name": "group",
											"origin": [-0.45, 0.95, 8.05],
											"children": [
												{
													"name": "group",
													"origin": [-0.45, 0.95, 8.05],
													"children": [
														{
															"name": "group",
															"origin": [-0.45, 0.95, 8.05],
															"children": [
																{
																	"name": "group",
																	"origin": [-0.45, 0.95, 8.05],
																	"children": [0,
																		{
																			"name": "group",
																			"origin": [-0.45, 0.95, 8.05],
																			"children": [1,
																				{
																					"name": "group",
																					"origin": [-0.45, 0.95, 8.05],
																					"children": [2]
																				}
																			]
																		}
																	]
																}
															]
														}
													]
												}
											]
										}
									]
								}
							]
						}
					]
				},
				{
					"name": "tentaculo1",
					"origin": [16.1, 33.5, 22],
					"children": [
						{
							"name": "group",
							"origin": [-0.45, 0.95, 8.05],
							"children": [
								{
									"name": "group",
									"origin": [-0.45, 0.95, 8.05],
									"children": [
										{
											"name": "group",
											"origin": [-0.45, 0.95, 8.05],
											"children": [
												{
													"name": "group",
													"origin": [-0.45, 0.95, 8.05],
													"children": [
														{
															"name": "group",
															"origin": [-0.45, 0.95, 8.05],
															"children": [
																{
																	"name": "group",
																	"origin": [-0.45, 0.95, 8.05],
																	"children": [3,
																		{
																			"name": "group",
																			"origin": [-0.45, 0.95, 8.05],
																			"children": [4,
																				{
																					"name": "group",
																					"origin": [-0.45, 0.95, 8.05],
																					"children": [5]
																				}
																			]
																		}
																	]
																}
															]
														}
													]
												}
											]
										}
									]
								}
							]
						}
					]
				},
				{
					"name": "tentaculo1",
					"origin": [16.1, 33.5, 22],
					"children": [
						{
							"name": "group",
							"origin": [-0.45, 0.95, 8.05],
							"children": [
								{
									"name": "group",
									"origin": [-0.45, 0.95, 8.05],
									"children": [
										{
											"name": "group",
											"origin": [-0.45, 0.95, 8.05],
											"children": [
												{
													"name": "group",
													"origin": [-0.45, 0.95, 8.05],
													"children": [
														{
															"name": "group",
															"origin": [-0.45, 0.95, 8.05],
															"children": [
																{
																	"name": "group",
																	"origin": [-0.45, 0.95, 8.05],
																	"children": [6,
																		{
																			"name": "group",
																			"origin": [-0.45, 0.95, 8.05],
																			"children": [7,
																				{
																					"name": "group",
																					"origin": [-0.45, 0.95, 8.05],
																					"children": [8]
																				}
																			]
																		}
																	]
																}
															]
														}
													]
												}
											]
										}
									]
								}
							]
						}
					]
				},
				{
					"name": "tentaculo1",
					"origin": [16.1, 33.5, 22],
					"children": [
						{
							"name": "group",
							"origin": [-0.45, 0.95, 8.05],
							"children": [
								{
									"name": "group",
									"origin": [-0.45, 0.95, 8.05],
									"children": [
										{
											"name": "group",
											"origin": [-0.45, 0.95, 8.05],
											"children": [
												{
													"name": "group",
													"origin": [-0.45, 0.95, 8.05],
													"children": [
														{
															"name": "group",
															"origin": [-0.45, 0.95, 8.05],
															"children": [
																{
																	"name": "group",
																	"origin": [-0.45, 0.95, 8.05],
																	"children": [9,
																		{
																			"name": "group",
																			"origin": [-0.45, 0.95, 8.05],
																			"children": [10,
																				{
																					"name": "group",
																					"origin": [-0.45, 0.95, 8.05],
																					"children": [11]
																				}
																			]
																		}
																	]
																}
															]
														}
													]
												}
											]
										}
									]
								}
							]
						}
					]
				},
				{
					"name": "pierna1",
					"origin": [14.4, 9.2, 15],
					"children": [12, 13,
						{
							"name": "pierna2",
							"origin": [12, -6.5, 15],
							"children": [14,
								{
									"name": "zapato",
									"origin": [12, -7, 15],
									"children": [15, 16, 17, 18, 19]
								}
							]
						}
					]
				},
				{
					"name": "pierna2",
					"origin": [14.4, 9.2, 15],
					"children": [20, 21,
						{
							"name": "pierna2",
							"origin": [12, -6.5, 15],
							"children": [22,
								{
									"name": "zapato",
									"origin": [12, -7, 15],
									"children": [23, 24, 25, 26, 27]
								}
							]
						}
					]
				},
				{
					"name": "cuerpo",
					"origin": [12, 30.9, 15],
					"children": [28,
						{
							"name": "cuerpo2",
							"origin": [12, 30.9, 15],
							"children": [29,
								{
									"name": "cuerpo3",
									"origin": [12, 30.9, 15],
									"children": [30,
										{
											"name": "cuerpo4",
											"origin": [12, 30.9, 15],
											"children": [31, 32, 33]
										}
									]
								}
							]
						}
					]
				},
				{
					"name": "cabeza",
					"origin": [12.4, 33, 15],
					"children": [34,
						{
							"name": "cabeza2",
							"origin": [12.4, 33, 15],
							"children": [
								{
									"name": "boca1",
									"origin": [12.4, 37.7, 15],
									"children": [35, 36, 37, 38, 39, 40]
								},
								{
									"name": "boca2",
									"origin": [12.4, 33, 15],
									"children": [41, 42, 43, 44, 45]
								}
							]
						}
					]
				},
				{
					"name": "brazo1",
					"origin": [3, 25.2, 15],
					"children": [46, 47, 48, 49,
						{
							"name": "brazo2",
							"origin": [2.6, 20.9, 14.9],
							"children": [50,
								{
									"name": "brazo3",
									"origin": [2.6, 10.3, 14.9],
									"children": [51,
										{
											"name": "mano",
											"origin": [2.6, 0, 15],
											"children": [52, 53,
												{
													"name": "dedo1",
													"origin": [2.2, -1.7, 15],
													"children": [54, 55]
												},
												{
													"name": "dedo2",
													"origin": [2.2, -1.7, 15.6],
													"children": [56, 57]
												},
												{
													"name": "dedo3",
													"origin": [2.2, -1.7, 16.2],
													"children": [58, 59]
												},
												{
													"name": "pulgar",
													"origin": [3.3, -1.4, 13.4],
													"children": [60]
												}
											]
										}
									]
								}
							]
						}
					]
				},
				{
					"name": "brazo1",
					"origin": [3, 25.2, 15],
					"children": [61, 62, 63, 64,
						{
							"name": "brazo2",
							"origin": [2.6, 20.9, 14.9],
							"children": [65,
								{
									"name": "brazo3",
									"origin": [2.6, 10.3, 14.9],
									"children": [66,
										{
											"name": "mano",
											"origin": [2.6, 0, 15],
											"children": [67, 68,
												{
													"name": "dedo1",
													"origin": [2.2, -1.7, 15],
													"children": [69, 70]
												},
												{
													"name": "dedo2",
													"origin": [2.2, -1.7, 15.6],
													"children": [71, 72]
												},
												{
													"name": "dedo3",
													"origin": [2.2, -1.7, 16.2],
													"children": [73, 74]
												},
												{
													"name": "pulgar",
													"origin": [3.3, -1.4, 13.4],
													"children": [75]
												}
											]
										}
									]
								}
							]
						}
					]
				}
			]
		}
	]
}