{
	"credit": "Made with Blockbench",
	"texture_size": [64, 64],
	"textures": {
		"0": "6dt2_custom/6dt2_slenderman/6dt2_slenderman",
		"particle": "6dt2_custom/6dt2_slenderman/6dt2_slenderman"
	},
	"elements": [
		{
			"from": [2.74959, 13.3, 27.61946],
			"to": [7.84959, 14.8, 29.11946],
			"rotation": {"angle": -22.5, "axis": "y", "origin": [0.67369, 14.05, 25.45361]},
			"faces": {
				"north": {"uv": [8.25, 6.5, 8.9375, 7.75], "rotation": 90, "texture": "#0"},
				"east": {"uv": [8.25, 6.5, 8.9375, 7.75], "rotation": 90, "texture": "#0"},
				"south": {"uv": [8.25, 6.5, 8.9375, 7.75], "rotation": 90, "texture": "#0"},
				"west": {"uv": [8.25, 6.5, 8.9375, 7.75], "rotation": 90, "texture": "#0"},
				"up": {"uv": [8.25, 6.5, 8.9375, 7.75], "rotation": 270, "texture": "#0"},
				"down": {"uv": [8.25, 6.5, 8.9375, 7.75], "rotation": 90, "texture": "#0"}
			}
		},
		{
			"from": [-2.35041, 13.3, 27.61946],
			"to": [2.74959, 14.8, 29.11946],
			"rotation": {"angle": -22.5, "axis": "y", "origin": [0.67369, 14.05, 25.45361]},
			"faces": {
				"north": {"uv": [8.25, 6.5, 8.9375, 7.75], "rotation": 90, "texture": "#0"},
				"east": {"uv": [8.25, 6.5, 8.9375, 7.75], "rotation": 90, "texture": "#0"},
				"south": {"uv": [8.25, 6.5, 8.9375, 7.75], "rotation": 90, "texture": "#0"},
				"west": {"uv": [8.25, 6.5, 8.9375, 7.75], "rotation": 90, "texture": "#0"},
				"up": {"uv": [8.25, 6.5, 8.9375, 7.75], "rotation": 270, "texture": "#0"},
				"down": {"uv": [8.25, 6.5, 8.9375, 7.75], "rotation": 90, "texture": "#0"}
			}
		},
		{
			"from": [-3.8, 13.5, 18.9],
			"to": [-2.7, 14.6, 24],
			"rotation": {"angle": 45, "axis": "y", "origin": [0.67369, 14.05, 25.45361]},
			"faces": {
				"north": {"uv": [8.25, 6.5, 8.9375, 7.75], "rotation": 90, "texture": "#0"},
				"east": {"uv": [8.25, 6.5, 8.9375, 7.75], "rotation": 90, "texture": "#0"},
				"south": {"uv": [8.25, 6.5, 8.9375, 7.75], "rotation": 90, "texture": "#0"},
				"west": {"uv": [8.25, 6.5, 8.9375, 7.75], "rotation": 90, "texture": "#0"},
				"up": {"uv": [8.25, 6.5, 8.9375, 7.75], "texture": "#0"},
				"down": {"uv": [8.25, 6.5, 8.9375, 7.75], "texture": "#0"}
			}
		},
		{
			"from": [-3.8, 13.5, 13.8],
			"to": [-2.7, 14.6, 18.9],
			"rotation": {"angle": 45, "axis": "y", "origin": [0.67369, 14.05, 25.45361]},
			"faces": {
				"north": {"uv": [8.25, 6.5, 8.9375, 7.75], "rotation": 90, "texture": "#0"},
				"east": {"uv": [8.25, 6.5, 8.9375, 7.75], "rotation": 90, "texture": "#0"},
				"south": {"uv": [8.25, 6.5, 8.9375, 7.75], "rotation": 90, "texture": "#0"},
				"west": {"uv": [8.25, 6.5, 8.9375, 7.75], "rotation": 90, "texture": "#0"},
				"up": {"uv": [8.25, 6.5, 8.9375, 7.75], "texture": "#0"},
				"down": {"uv": [8.25, 6.5, 8.9375, 7.75], "texture": "#0"}
			}
		},
		{
			"from": [-7.83013, 13.7, 11.33663],
			"to": [-7.13013, 14.4, 16.43663],
			"rotation": {"angle": 22.5, "axis": "y", "origin": [0.67369, 14.05, 25.45361]},
			"faces": {
				"north": {"uv": [8.25, 6.5, 8.9375, 7.75], "rotation": 90, "texture": "#0"},
				"east": {"uv": [8.25, 6.5, 8.9375, 7.75], "rotation": 90, "texture": "#0"},
				"south": {"uv": [8.25, 6.5, 8.9375, 7.75], "rotation": 90, "texture": "#0"},
				"west": {"uv": [8.25, 6.5, 8.9375, 7.75], "rotation": 90, "texture": "#0"},
				"up": {"uv": [8.25, 6.5, 8.9375, 7.75], "texture": "#0"},
				"down": {"uv": [8.25, 6.5, 8.9375, 7.75], "texture": "#0"}
			}
		},
		{
			"from": [-7.73013, 13.8, 6.23663],
			"to": [-7.23013, 14.3, 11.33663],
			"rotation": {"angle": 22.5, "axis": "y", "origin": [0.67369, 14.05, 25.45361]},
			"faces": {
				"north": {"uv": [8.25, 6.5, 8.9375, 7.75], "rotation": 90, "texture": "#0"},
				"east": {"uv": [8.25, 6.5, 8.9375, 7.75], "rotation": 90, "texture": "#0"},
				"south": {"uv": [8.25, 6.5, 8.9375, 7.75], "rotation": 90, "texture": "#0"},
				"west": {"uv": [8.25, 6.5, 8.9375, 7.75], "rotation": 90, "texture": "#0"},
				"up": {"uv": [8.25, 6.5, 8.9375, 7.75], "texture": "#0"},
				"down": {"uv": [8.25, 6.5, 8.9375, 7.75], "texture": "#0"}
			}
		},
		{
			"from": [7.55041, 13.3, 27.61946],
			"to": [12.65041, 14.8, 29.11946],
			"rotation": {"angle": 22.5, "axis": "y", "origin": [14.72631, 14.05, 25.45361]},
			"faces": {
				"north": {"uv": [8.25, 7.75, 8.9375, 6.5], "rotation": 90, "texture": "#0"},
				"east": {"uv": [8.25, 7.75, 8.9375, 6.5], "rotation": 90, "texture": "#0"},
				"south": {"uv": [8.25, 7.75, 8.9375, 6.5], "rotation": 90, "texture": "#0"},
				"west": {"uv": [8.25, 7.75, 8.9375, 6.5], "rotation": 90, "texture": "#0"},
				"up": {"uv": [8.25, 7.75, 8.9375, 6.5], "rotation": 270, "texture": "#0"},
				"down": {"uv": [8.25, 7.75, 8.9375, 6.5], "rotation": 90, "texture": "#0"}
			}
		},
		{
			"from": [12.65041, 13.3, 27.61946],
			"to": [17.75041, 14.8, 29.11946],
			"rotation": {"angle": 22.5, "axis": "y", "origin": [14.72631, 14.05, 25.45361]},
			"faces": {
				"north": {"uv": [8.25, 7.75, 8.9375, 6.5], "rotation": 90, "texture": "#0"},
				"east": {"uv": [8.25, 7.75, 8.9375, 6.5], "rotation": 90, "texture": "#0"},
				"south": {"uv": [8.25, 7.75, 8.9375, 6.5], "rotation": 90, "texture": "#0"},
				"west": {"uv": [8.25, 7.75, 8.9375, 6.5], "rotation": 90, "texture": "#0"},
				"up": {"uv": [8.25, 7.75, 8.9375, 6.5], "rotation": 270, "texture": "#0"},
				"down": {"uv": [8.25, 7.75, 8.9375, 6.5], "rotation": 90, "texture": "#0"}
			}
		},
		{
			"from": [18.1, 13.5, 18.9],
			"to": [19.2, 14.6, 24],
			"rotation": {"angle": -45, "axis": "y", "origin": [14.72631, 14.05, 25.45361]},
			"faces": {
				"north": {"uv": [8.25, 7.75, 8.9375, 6.5], "rotation": 90, "texture": "#0"},
				"east": {"uv": [8.25, 7.75, 8.9375, 6.5], "rotation": 90, "texture": "#0"},
				"south": {"uv": [8.25, 7.75, 8.9375, 6.5], "rotation": 90, "texture": "#0"},
				"west": {"uv": [8.25, 7.75, 8.9375, 6.5], "rotation": 90, "texture": "#0"},
				"up": {"uv": [8.9375, 6.5, 8.25, 7.75], "texture": "#0"},
				"down": {"uv": [8.9375, 6.5, 8.25, 7.75], "texture": "#0"}
			}
		},
		{
			"from": [18.1, 13.5, 13.8],
			"to": [19.2, 14.6, 18.9],
			"rotation": {"angle": -45, "axis": "y", "origin": [14.72631, 14.05, 25.45361]},
			"faces": {
				"north": {"uv": [8.25, 7.75, 8.9375, 6.5], "rotation": 90, "texture": "#0"},
				"east": {"uv": [8.25, 7.75, 8.9375, 6.5], "rotation": 90, "texture": "#0"},
				"south": {"uv": [8.25, 7.75, 8.9375, 6.5], "rotation": 90, "texture": "#0"},
				"west": {"uv": [8.25, 7.75, 8.9375, 6.5], "rotation": 90, "texture": "#0"},
				"up": {"uv": [8.9375, 6.5, 8.25, 7.75], "texture": "#0"},
				"down": {"uv": [8.9375, 6.5, 8.25, 7.75], "texture": "#0"}
			}
		},
		{
			"from": [22.53013, 13.7, 11.33663],
			"to": [23.23013, 14.4, 16.43663],
			"rotation": {"angle": -22.5, "axis": "y", "origin": [14.72631, 14.05, 25.45361]},
			"faces": {
				"north": {"uv": [8.25, 7.75, 8.9375, 6.5], "rotation": 90, "texture": "#0"},
				"east": {"uv": [8.25, 7.75, 8.9375, 6.5], "rotation": 90, "texture": "#0"},
				"south": {"uv": [8.25, 7.75, 8.9375, 6.5], "rotation": 90, "texture": "#0"},
				"west": {"uv": [8.25, 7.75, 8.9375, 6.5], "rotation": 90, "texture": "#0"},
				"up": {"uv": [8.9375, 6.5, 8.25, 7.75], "texture": "#0"},
				"down": {"uv": [8.9375, 6.5, 8.25, 7.75], "texture": "#0"}
			}
		},
		{
			"from": [22.63013, 13.8, 6.23663],
			"to": [23.13013, 14.3, 11.33663],
			"rotation": {"angle": -22.5, "axis": "y", "origin": [14.72631, 14.05, 25.45361]},
			"faces": {
				"north": {"uv": [8.25, 7.75, 8.9375, 6.5], "rotation": 90, "texture": "#0"},
				"east": {"uv": [8.25, 7.75, 8.9375, 6.5], "rotation": 90, "texture": "#0"},
				"south": {"uv": [8.25, 7.75, 8.9375, 6.5], "rotation": 90, "texture": "#0"},
				"west": {"uv": [8.25, 7.75, 8.9375, 6.5], "rotation": 90, "texture": "#0"},
				"up": {"uv": [8.9375, 6.5, 8.25, 7.75], "texture": "#0"},
				"down": {"uv": [8.9375, 6.5, 8.25, 7.75], "texture": "#0"}
			}
		},
		{
			"from": [8.35041, 18.8, 25.31946],
			"to": [13.45041, 20.3, 26.81946],
			"rotation": {"angle": 22.5, "axis": "y", "origin": [15.52631, 19.55, 23.15361]},
			"faces": {
				"north": {"uv": [8.25, 7.75, 8.9375, 6.5], "rotation": 90, "texture": "#0"},
				"east": {"uv": [8.25, 7.75, 8.9375, 6.5], "rotation": 90, "texture": "#0"},
				"south": {"uv": [8.25, 7.75, 8.9375, 6.5], "rotation": 90, "texture": "#0"},
				"west": {"uv": [8.25, 7.75, 8.9375, 6.5], "rotation": 90, "texture": "#0"},
				"up": {"uv": [8.25, 7.75, 8.9375, 6.5], "rotation": 270, "texture": "#0"},
				"down": {"uv": [8.25, 7.75, 8.9375, 6.5], "rotation": 90, "texture": "#0"}
			}
		},
		{
			"from": [13.45041, 18.8, 25.31946],
			"to": [18.55041, 20.3, 26.81946],
			"rotation": {"angle": 22.5, "axis": "y", "origin": [15.52631, 19.55, 23.15361]},
			"faces": {
				"north": {"uv": [8.25, 7.75, 8.9375, 6.5], "rotation": 90, "texture": "#0"},
				"east": {"uv": [8.25, 7.75, 8.9375, 6.5], "rotation": 90, "texture": "#0"},
				"south": {"uv": [8.25, 7.75, 8.9375, 6.5], "rotation": 90, "texture": "#0"},
				"west": {"uv": [8.25, 7.75, 8.9375, 6.5], "rotation": 90, "texture": "#0"},
				"up": {"uv": [8.25, 7.75, 8.9375, 6.5], "rotation": 270, "texture": "#0"},
				"down": {"uv": [8.25, 7.75, 8.9375, 6.5], "rotation": 90, "texture": "#0"}
			}
		},
		{
			"from": [18.9, 19, 16.6],
			"to": [20, 20.1, 21.7],
			"rotation": {"angle": -45, "axis": "y", "origin": [15.52631, 19.55, 23.15361]},
			"faces": {
				"north": {"uv": [8.25, 7.75, 8.9375, 6.5], "rotation": 90, "texture": "#0"},
				"east": {"uv": [8.25, 7.75, 8.9375, 6.5], "rotation": 90, "texture": "#0"},
				"south": {"uv": [8.25, 7.75, 8.9375, 6.5], "rotation": 90, "texture": "#0"},
				"west": {"uv": [8.25, 7.75, 8.9375, 6.5], "rotation": 90, "texture": "#0"},
				"up": {"uv": [8.9375, 6.5, 8.25, 7.75], "texture": "#0"},
				"down": {"uv": [8.9375, 6.5, 8.25, 7.75], "texture": "#0"}
			}
		},
		{
			"from": [18.9, 19, 11.5],
			"to": [20, 20.1, 16.6],
			"rotation": {"angle": -45, "axis": "y", "origin": [15.52631, 19.55, 23.15361]},
			"faces": {
				"north": {"uv": [8.25, 7.75, 8.9375, 6.5], "rotation": 90, "texture": "#0"},
				"east": {"uv": [8.25, 7.75, 8.9375, 6.5], "rotation": 90, "texture": "#0"},
				"south": {"uv": [8.25, 7.75, 8.9375, 6.5], "rotation": 90, "texture": "#0"},
				"west": {"uv": [8.25, 7.75, 8.9375, 6.5], "rotation": 90, "texture": "#0"},
				"up": {"uv": [8.9375, 6.5, 8.25, 7.75], "texture": "#0"},
				"down": {"uv": [8.9375, 6.5, 8.25, 7.75], "texture": "#0"}
			}
		},
		{
			"from": [23.33013, 19.2, 9.03663],
			"to": [24.03013, 19.9, 14.13663],
			"rotation": {"angle": -22.5, "axis": "y", "origin": [15.52631, 19.55, 23.15361]},
			"faces": {
				"north": {"uv": [8.25, 7.75, 8.9375, 6.5], "rotation": 90, "texture": "#0"},
				"east": {"uv": [8.25, 7.75, 8.9375, 6.5], "rotation": 90, "texture": "#0"},
				"south": {"uv": [8.25, 7.75, 8.9375, 6.5], "rotation": 90, "texture": "#0"},
				"west": {"uv": [8.25, 7.75, 8.9375, 6.5], "rotation": 90, "texture": "#0"},
				"up": {"uv": [8.9375, 6.5, 8.25, 7.75], "texture": "#0"},
				"down": {"uv": [8.9375, 6.5, 8.25, 7.75], "texture": "#0"}
			}
		},
		{
			"from": [23.43013, 19.3, 3.93663],
			"to": [23.93013, 19.8, 9.03663],
			"rotation": {"angle": -22.5, "axis": "y", "origin": [15.52631, 19.55, 23.15361]},
			"faces": {
				"north": {"uv": [8.25, 7.75, 8.9375, 6.5], "rotation": 90, "texture": "#0"},
				"east": {"uv": [8.25, 7.75, 8.9375, 6.5], "rotation": 90, "texture": "#0"},
				"south": {"uv": [8.25, 7.75, 8.9375, 6.5], "rotation": 90, "texture": "#0"},
				"west": {"uv": [8.25, 7.75, 8.9375, 6.5], "rotation": 90, "texture": "#0"},
				"up": {"uv": [8.9375, 6.5, 8.25, 7.75], "texture": "#0"},
				"down": {"uv": [8.9375, 6.5, 8.25, 7.75], "texture": "#0"}
			}
		},
		{
			"from": [2.54959, 18.8, 25.31946],
			"to": [7.64959, 20.3, 26.81946],
			"rotation": {"angle": -22.5, "axis": "y", "origin": [0.47369, 19.55, 23.15361]},
			"faces": {
				"north": {"uv": [8.25, 6.5, 8.9375, 7.75], "rotation": 90, "texture": "#0"},
				"east": {"uv": [8.25, 6.5, 8.9375, 7.75], "rotation": 90, "texture": "#0"},
				"south": {"uv": [8.25, 6.5, 8.9375, 7.75], "rotation": 90, "texture": "#0"},
				"west": {"uv": [8.25, 6.5, 8.9375, 7.75], "rotation": 90, "texture": "#0"},
				"up": {"uv": [8.25, 6.5, 8.9375, 7.75], "rotation": 270, "texture": "#0"},
				"down": {"uv": [8.25, 6.5, 8.9375, 7.75], "rotation": 90, "texture": "#0"}
			}
		},
		{
			"from": [-2.55041, 18.8, 25.31946],
			"to": [2.54959, 20.3, 26.81946],
			"rotation": {"angle": -22.5, "axis": "y", "origin": [0.47369, 19.55, 23.15361]},
			"faces": {
				"north": {"uv": [8.25, 6.5, 8.9375, 7.75], "rotation": 90, "texture": "#0"},
				"east": {"uv": [8.25, 6.5, 8.9375, 7.75], "rotation": 90, "texture": "#0"},
				"south": {"uv": [8.25, 6.5, 8.9375, 7.75], "rotation": 90, "texture": "#0"},
				"west": {"uv": [8.25, 6.5, 8.9375, 7.75], "rotation": 90, "texture": "#0"},
				"up": {"uv": [8.25, 6.5, 8.9375, 7.75], "rotation": 270, "texture": "#0"},
				"down": {"uv": [8.25, 6.5, 8.9375, 7.75], "rotation": 90, "texture": "#0"}
			}
		},
		{
			"from": [-4, 19, 16.6],
			"to": [-2.9, 20.1, 21.7],
			"rotation": {"angle": 45, "axis": "y", "origin": [0.47369, 19.55, 23.15361]},
			"faces": {
				"north": {"uv": [8.25, 6.5, 8.9375, 7.75], "rotation": 90, "texture": "#0"},
				"east": {"uv": [8.25, 6.5, 8.9375, 7.75], "rotation": 90, "texture": "#0"},
				"south": {"uv": [8.25, 6.5, 8.9375, 7.75], "rotation": 90, "texture": "#0"},
				"west": {"uv": [8.25, 6.5, 8.9375, 7.75], "rotation": 90, "texture": "#0"},
				"up": {"uv": [8.25, 6.5, 8.9375, 7.75], "texture": "#0"},
				"down": {"uv": [8.25, 6.5, 8.9375, 7.75], "texture": "#0"}
			}
		},
		{
			"from": [-4, 19, 11.5],
			"to": [-2.9, 20.1, 16.6],
			"rotation": {"angle": 45, "axis": "y", "origin": [0.47369, 19.55, 23.15361]},
			"faces": {
				"north": {"uv": [8.25, 6.5, 8.9375, 7.75], "rotation": 90, "texture": "#0"},
				"east": {"uv": [8.25, 6.5, 8.9375, 7.75], "rotation": 90, "texture": "#0"},
				"south": {"uv": [8.25, 6.5, 8.9375, 7.75], "rotation": 90, "texture": "#0"},
				"west": {"uv": [8.25, 6.5, 8.9375, 7.75], "rotation": 90, "texture": "#0"},
				"up": {"uv": [8.25, 6.5, 8.9375, 7.75], "texture": "#0"},
				"down": {"uv": [8.25, 6.5, 8.9375, 7.75], "texture": "#0"}
			}
		},
		{
			"from": [-8.03013, 19.2, 9.03663],
			"to": [-7.33013, 19.9, 14.13663],
			"rotation": {"angle": 22.5, "axis": "y", "origin": [0.47369, 19.55, 23.15361]},
			"faces": {
				"north": {"uv": [8.25, 6.5, 8.9375, 7.75], "rotation": 90, "texture": "#0"},
				"east": {"uv": [8.25, 6.5, 8.9375, 7.75], "rotation": 90, "texture": "#0"},
				"south": {"uv": [8.25, 6.5, 8.9375, 7.75], "rotation": 90, "texture": "#0"},
				"west": {"uv": [8.25, 6.5, 8.9375, 7.75], "rotation": 90, "texture": "#0"},
				"up": {"uv": [8.25, 6.5, 8.9375, 7.75], "texture": "#0"},
				"down": {"uv": [8.25, 6.5, 8.9375, 7.75], "texture": "#0"}
			}
		},
		{
			"from": [-7.93013, 19.3, 3.93663],
			"to": [-7.43013, 19.8, 9.03663],
			"rotation": {"angle": 22.5, "axis": "y", "origin": [0.47369, 19.55, 23.15361]},
			"faces": {
				"north": {"uv": [8.25, 6.5, 8.9375, 7.75], "rotation": 90, "texture": "#0"},
				"east": {"uv": [8.25, 6.5, 8.9375, 7.75], "rotation": 90, "texture": "#0"},
				"south": {"uv": [8.25, 6.5, 8.9375, 7.75], "rotation": 90, "texture": "#0"},
				"west": {"uv": [8.25, 6.5, 8.9375, 7.75], "rotation": 90, "texture": "#0"},
				"up": {"uv": [8.25, 6.5, 8.9375, 7.75], "texture": "#0"},
				"down": {"uv": [8.25, 6.5, 8.9375, 7.75], "texture": "#0"}
			}
		},
		{
			"from": [5.72, 9.52, 25.4],
			"to": [7.16, 15.58, 27.44],
			"rotation": {"angle": 22.5, "axis": "x", "origin": [6.54875, 4.27, 26.08625]},
			"faces": {
				"north": {"uv": [6.75, 7.5, 7.25, 9.75], "texture": "#0"},
				"east": {"uv": [3, 5.5, 3.75, 7.75], "texture": "#0"},
				"south": {"uv": [4.5, 8.25, 5, 10.5], "texture": "#0"},
				"west": {"uv": [3.75, 5.5, 4.5, 7.75], "texture": "#0"},
				"up": {"uv": [10, 1.5, 9.5, 0.75], "texture": "#0"},
				"down": {"uv": [10, 2.25, 9.5, 3], "texture": "#0"}
			}
		},
		{
			"from": [7.16, 12.52, 25.4],
			"to": [7.46, 14.74, 27.44],
			"rotation": {"angle": 22.5, "axis": "x", "origin": [6.54875, 4.27, 26.08625]},
			"faces": {
				"north": {"uv": [1.5, 6, 1.75, 7], "texture": "#0"},
				"east": {"uv": [5.75, 8.5, 6.5, 9.5], "texture": "#0"},
				"south": {"uv": [6.5, 0, 6.75, 1], "texture": "#0"},
				"west": {"uv": [7.25, 8.5, 8, 9.5], "texture": "#0"},
				"up": {"uv": [6.75, 1.75, 6.5, 1], "texture": "#0"},
				"down": {"uv": [6.75, 3, 6.5, 3.75], "texture": "#0"}
			}
		},
		{
			"from": [5.84, 1.18, 27.5],
			"to": [7.04, 9.52, 29.36],
			"rotation": {"angle": 0, "axis": "x", "origin": [6.54875, 4.27, 28.06625]},
			"faces": {
				"north": {"uv": [0.75, 2.5, 1.25, 6], "texture": "#0"},
				"east": {"uv": [2.25, 2.25, 3, 5.75], "texture": "#0"},
				"south": {"uv": [1.25, 2.5, 1.75, 6], "texture": "#0"},
				"west": {"uv": [0, 2.5, 0.75, 6], "texture": "#0"},
				"up": {"uv": [6.75, 10.25, 6.25, 9.5], "texture": "#0"},
				"down": {"uv": [7.75, 9.5, 7.25, 10.25], "texture": "#0"}
			}
		},
		{
			"from": [6.08, 0.28, 26.12],
			"to": [6.8, 0.58, 26.54],
			"rotation": {"angle": 0, "axis": "x", "origin": [6.54875, 4.27, 28.06625]},
			"faces": {
				"north": {"uv": [4.5, 5.5, 4.75, 5.75], "texture": "#0"},
				"east": {"uv": [6.5, 1.75, 6.75, 2], "texture": "#0"},
				"south": {"uv": [6.5, 3.75, 6.75, 4], "texture": "#0"},
				"west": {"uv": [8.5, 5.25, 8.75, 5.5], "texture": "#0"},
				"up": {"uv": [6.75, 9.5, 6.5, 9.25], "texture": "#0"},
				"down": {"uv": [8, 9.5, 7.75, 9.75], "texture": "#0"}
			}
		},
		{
			"from": [5.96, 0.28, 26.54],
			"to": [6.92, 0.76, 27.02],
			"rotation": {"angle": 0, "axis": "x", "origin": [6.54875, 4.27, 28.06625]},
			"faces": {
				"north": {"uv": [1.75, 5.5, 2.25, 5.75], "texture": "#0"},
				"east": {"uv": [10.25, 7.75, 10.5, 8], "texture": "#0"},
				"south": {"uv": [7.25, 5.5, 7.75, 5.75], "texture": "#0"},
				"west": {"uv": [10.25, 8, 10.5, 8.25], "texture": "#0"},
				"up": {"uv": [5.5, 8.5, 5, 8.25], "texture": "#0"},
				"down": {"uv": [9.5, 2.25, 9, 2.5], "texture": "#0"}
			}
		},
		{
			"from": [5.84, 0.28, 27.02],
			"to": [7.04, 0.88, 29.42],
			"rotation": {"angle": 0, "axis": "x", "origin": [6.54875, 4.27, 28.06625]},
			"faces": {
				"north": {"uv": [1, 10.25, 1.5, 10.5], "texture": "#0"},
				"east": {"uv": [9.5, 4.5, 10.5, 4.75], "texture": "#0"},
				"south": {"uv": [1.5, 10.25, 2, 10.5], "texture": "#0"},
				"west": {"uv": [9.5, 5.75, 10.5, 6], "texture": "#0"},
				"up": {"uv": [4.5, 10, 4, 9], "texture": "#0"},
				"down": {"uv": [9.5, 0.75, 9, 1.75], "texture": "#0"}
			}
		},
		{
			"from": [5.96, 0.28, 29.42],
			"to": [6.92, 0.7, 29.66],
			"rotation": {"angle": 0, "axis": "x", "origin": [6.54875, 4.27, 28.06625]},
			"faces": {
				"north": {"uv": [2, 10.25, 2.5, 10.5], "texture": "#0"},
				"east": {"uv": [10.25, 8.25, 10.5, 8.5], "texture": "#0"},
				"south": {"uv": [3.5, 10.25, 4, 10.5], "texture": "#0"},
				"west": {"uv": [10.25, 8.5, 10.5, 8.75], "texture": "#0"},
				"up": {"uv": [5.5, 10.5, 5, 10.25], "texture": "#0"},
				"down": {"uv": [6.25, 10.25, 5.75, 10.5], "texture": "#0"}
			}
		},
		{
			"from": [5.96, 0.88, 27.62],
			"to": [6.92, 1.18, 29.24],
			"rotation": {"angle": 0, "axis": "x", "origin": [6.54875, 4.27, 28.06625]},
			"faces": {
				"north": {"uv": [6.25, 10.25, 6.75, 10.5], "texture": "#0"},
				"east": {"uv": [2.25, 2, 3, 2.25], "texture": "#0"},
				"south": {"uv": [6.75, 10.25, 7.25, 10.5], "texture": "#0"},
				"west": {"uv": [10, 1.25, 10.75, 1.5], "texture": "#0"},
				"up": {"uv": [3, 7.75, 2.5, 7], "texture": "#0"},
				"down": {"uv": [6.25, 9.5, 5.75, 10.25], "texture": "#0"}
			}
		},
		{
			"from": [8.24, 9.58, 25.34],
			"to": [9.68, 15.52, 27.38],
			"rotation": {"angle": 22.5, "axis": "x", "origin": [8.85125, 4.33, 26.02625]},
			"faces": {
				"north": {"uv": [7.25, 7.5, 6.75, 9.75], "texture": "#0"},
				"east": {"uv": [4.5, 5.5, 3.75, 7.75], "texture": "#0"},
				"south": {"uv": [5, 8.25, 4.5, 10.5], "texture": "#0"},
				"west": {"uv": [3.75, 5.5, 3, 7.75], "texture": "#0"},
				"up": {"uv": [9.5, 1.5, 10, 0.75], "texture": "#0"},
				"down": {"uv": [9.5, 2.25, 10, 3], "texture": "#0"}
			}
		},
		{
			"from": [7.94, 12.58, 25.34],
			"to": [8.24, 14.8, 27.38],
			"rotation": {"angle": 22.5, "axis": "x", "origin": [8.85125, 4.33, 26.02625]},
			"faces": {
				"north": {"uv": [1.75, 6, 1.5, 7], "texture": "#0"},
				"east": {"uv": [8, 8.5, 7.25, 9.5], "texture": "#0"},
				"south": {"uv": [6.75, 0, 6.5, 1], "texture": "#0"},
				"west": {"uv": [6.5, 8.5, 5.75, 9.5], "texture": "#0"},
				"up": {"uv": [6.5, 1.75, 6.75, 1], "texture": "#0"},
				"down": {"uv": [6.5, 3, 6.75, 3.75], "texture": "#0"}
			}
		},
		{
			"from": [8.36, 1.24, 27.38],
			"to": [9.56, 9.58, 29.24],
			"rotation": {"angle": 0, "axis": "x", "origin": [8.85125, 4.33, 27.94625]},
			"faces": {
				"north": {"uv": [1.25, 2.5, 0.75, 6], "texture": "#0"},
				"east": {"uv": [0.75, 2.5, 0, 6], "texture": "#0"},
				"south": {"uv": [1.75, 2.5, 1.25, 6], "texture": "#0"},
				"west": {"uv": [3, 2.25, 2.25, 5.75], "texture": "#0"},
				"up": {"uv": [6.25, 10.25, 6.75, 9.5], "texture": "#0"},
				"down": {"uv": [7.25, 9.5, 7.75, 10.25], "texture": "#0"}
			}
		},
		{
			"from": [8.6, 0.34, 26],
			"to": [9.32, 0.64, 26.42],
			"rotation": {"angle": 0, "axis": "x", "origin": [8.85125, 4.33, 27.94625]},
			"faces": {
				"north": {"uv": [4.75, 5.5, 4.5, 5.75], "texture": "#0"},
				"east": {"uv": [8.75, 5.25, 8.5, 5.5], "texture": "#0"},
				"south": {"uv": [6.75, 3.75, 6.5, 4], "texture": "#0"},
				"west": {"uv": [6.75, 1.75, 6.5, 2], "texture": "#0"},
				"up": {"uv": [6.5, 9.5, 6.75, 9.25], "texture": "#0"},
				"down": {"uv": [7.75, 9.5, 8, 9.75], "texture": "#0"}
			}
		},
		{
			"from": [8.48, 0.34, 26.42],
			"to": [9.44, 0.82, 26.9],
			"rotation": {"angle": 0, "axis": "x", "origin": [8.85125, 4.33, 27.94625]},
			"faces": {
				"north": {"uv": [2.25, 5.5, 1.75, 5.75], "texture": "#0"},
				"east": {"uv": [10.5, 8, 10.25, 8.25], "texture": "#0"},
				"south": {"uv": [7.75, 5.5, 7.25, 5.75], "texture": "#0"},
				"west": {"uv": [10.5, 7.75, 10.25, 8], "texture": "#0"},
				"up": {"uv": [5, 8.5, 5.5, 8.25], "texture": "#0"},
				"down": {"uv": [9, 2.25, 9.5, 2.5], "texture": "#0"}
			}
		},
		{
			"from": [8.36, 0.34, 26.9],
			"to": [9.56, 0.94, 29.3],
			"rotation": {"angle": 0, "axis": "x", "origin": [8.85125, 4.33, 27.94625]},
			"faces": {
				"north": {"uv": [1.5, 10.25, 1, 10.5], "texture": "#0"},
				"east": {"uv": [10.5, 5.75, 9.5, 6], "texture": "#0"},
				"south": {"uv": [2, 10.25, 1.5, 10.5], "texture": "#0"},
				"west": {"uv": [10.5, 4.5, 9.5, 4.75], "texture": "#0"},
				"up": {"uv": [4, 10, 4.5, 9], "texture": "#0"},
				"down": {"uv": [9, 0.75, 9.5, 1.75], "texture": "#0"}
			}
		},
		{
			"from": [8.48, 0.34, 29.3],
			"to": [9.44, 0.76, 29.54],
			"rotation": {"angle": 0, "axis": "x", "origin": [8.85125, 4.33, 27.94625]},
			"faces": {
				"north": {"uv": [2.5, 10.25, 2, 10.5], "texture": "#0"},
				"east": {"uv": [10.5, 8.5, 10.25, 8.75], "texture": "#0"},
				"south": {"uv": [4, 10.25, 3.5, 10.5], "texture": "#0"},
				"west": {"uv": [10.5, 8.25, 10.25, 8.5], "texture": "#0"},
				"up": {"uv": [5, 10.5, 5.5, 10.25], "texture": "#0"},
				"down": {"uv": [5.75, 10.25, 6.25, 10.5], "texture": "#0"}
			}
		},
		{
			"from": [8.48, 0.94, 27.5],
			"to": [9.44, 1.24, 29.12],
			"rotation": {"angle": 0, "axis": "x", "origin": [8.85125, 4.33, 27.94625]},
			"faces": {
				"north": {"uv": [6.75, 10.25, 6.25, 10.5], "texture": "#0"},
				"east": {"uv": [10.75, 1.25, 10, 1.5], "texture": "#0"},
				"south": {"uv": [7.25, 10.25, 6.75, 10.5], "texture": "#0"},
				"west": {"uv": [3, 2, 2.25, 2.25], "texture": "#0"},
				"up": {"uv": [2.5, 7.75, 3, 7], "texture": "#0"},
				"down": {"uv": [5.75, 9.5, 6.25, 10.25], "texture": "#0"}
			}
		},
		{
			"from": [7.46, 13.3, 29.36],
			"to": [7.88, 14.26, 31.4],
			"rotation": {"angle": 0, "axis": "x", "origin": [7.65, 18.4277, 28.95941]},
			"faces": {
				"north": {"uv": [5.5, 7, 5.75, 7.5], "texture": "#0"},
				"east": {"uv": [9.25, 8.75, 10, 9.25], "texture": "#0"},
				"south": {"uv": [7.25, 10.25, 7.5, 10.75], "texture": "#0"},
				"west": {"uv": [9.5, 3, 10.25, 3.5], "texture": "#0"},
				"up": {"uv": [6.75, 9.25, 6.5, 8.5], "texture": "#0"},
				"down": {"uv": [8.25, 8.5, 8, 9.25], "texture": "#0"}
			}
		},
		{
			"from": [5.48, 14.26, 29.18],
			"to": [9.86, 17.44, 31.58],
			"rotation": {"angle": 0, "axis": "x", "origin": [7.65, 18.4277, 28.95941]},
			"faces": {
				"north": {"uv": [3, 3, 4.75, 4.25], "texture": "#0"},
				"east": {"uv": [4.5, 7, 5.5, 8.25], "texture": "#0"},
				"south": {"uv": [3, 4.25, 4.75, 5.5], "texture": "#0"},
				"west": {"uv": [7.25, 7.25, 8.25, 8.5], "texture": "#0"},
				"up": {"uv": [6.5, 4, 4.75, 3], "texture": "#0"},
				"down": {"uv": [6.75, 2, 5, 3], "texture": "#0"}
			}
		},
		{
			"from": [5.24, 16.54141, 27.73769],
			"to": [10.1, 18.64141, 30.13769],
			"rotation": {"angle": -22.5, "axis": "x", "origin": [7.64, 20.23404, 28.24912]},
			"faces": {
				"north": {"uv": [4.75, 4, 6.75, 4.75], "texture": "#0"},
				"east": {"uv": [7.25, 6.5, 8.25, 7.25], "texture": "#0"},
				"south": {"uv": [5.75, 5.75, 7.75, 6.5], "texture": "#0"},
				"west": {"uv": [8.5, 2.5, 9.5, 3.25], "texture": "#0"},
				"up": {"uv": [5, 3, 3, 2], "texture": "#0"},
				"down": {"uv": [6.5, 0, 4.5, 1], "texture": "#0"}
			}
		},
		{
			"from": [4.94, 18.25909, 27.07746],
			"to": [10.34, 20.65909, 30.25746],
			"rotation": {"angle": 22.5, "axis": "x", "origin": [7.64, 19.33404, 28.24912]},
			"faces": {
				"north": {"uv": [4.5, 1, 2.25, 0], "rotation": 180, "texture": "#0"},
				"east": {"uv": [7.25, 0, 8.25, 1.25], "rotation": 90, "texture": "#0"},
				"south": {"uv": [4.5, 1, 2.25, 2], "texture": "#0"},
				"west": {"uv": [7.25, 1.25, 8.25, 2.5], "rotation": 270, "texture": "#0"},
				"up": {"uv": [0, 1.25, 2.25, 2.5], "texture": "#0"},
				"down": {"uv": [0, 0, 2.25, 1.25], "rotation": 180, "texture": "#0"}
			}
		},
		{
			"from": [5.18, 18.25909, 26.65746],
			"to": [10.1, 20.65909, 27.07746],
			"rotation": {"angle": 22.5, "axis": "x", "origin": [7.64, 19.33404, 28.24912]},
			"faces": {
				"north": {"uv": [6.5, 2, 4.5, 1], "rotation": 180, "texture": "#0"},
				"east": {"uv": [2.5, 9.75, 3.5, 10], "rotation": 90, "texture": "#0"},
				"south": {"uv": [6.75, 4.75, 4.75, 5.75], "texture": "#0"},
				"west": {"uv": [7.75, 9.75, 8.75, 10], "rotation": 270, "texture": "#0"},
				"up": {"uv": [8.75, 6.25, 10.75, 6.5], "texture": "#0"},
				"down": {"uv": [8.75, 6, 10.75, 6.25], "rotation": 180, "texture": "#0"}
			}
		},
		{
			"from": [5.84, 18.25909, 26.35746],
			"to": [9.38, 20.65909, 26.65746],
			"rotation": {"angle": 22.5, "axis": "x", "origin": [7.64, 19.33404, 28.24912]},
			"faces": {
				"north": {"uv": [1.5, 7, 0, 6], "rotation": 180, "texture": "#0"},
				"east": {"uv": [8.75, 9.75, 9.75, 10], "rotation": 90, "texture": "#0"},
				"south": {"uv": [7.25, 6.5, 5.75, 7.5], "texture": "#0"},
				"west": {"uv": [9.75, 9.75, 10.75, 10], "rotation": 270, "texture": "#0"},
				"up": {"uv": [9.5, 1.5, 11, 1.75], "texture": "#0"},
				"down": {"uv": [9, 7.5, 10.5, 7.75], "rotation": 180, "texture": "#0"}
			}
		},
		{
			"name": "cuello",
			"from": [6.74, 19.99388, 25.75348],
			"to": [8.42, 21.49388, 26.65348],
			"rotation": {"angle": 22.5, "axis": "x", "origin": [7.5825, 20.27367, 25.3798]},
			"faces": {
				"north": {"uv": [9.5, 6, 8.75, 5.25], "rotation": 180, "texture": "#0"},
				"east": {"uv": [10, 8.75, 10.75, 9], "rotation": 90, "texture": "#0"},
				"south": {"uv": [3.25, 9, 2.5, 9.75], "texture": "#0"},
				"west": {"uv": [10, 9.25, 10.75, 9.5], "rotation": 270, "texture": "#0"},
				"up": {"uv": [10, 9, 10.75, 9.25], "texture": "#0"},
				"down": {"uv": [10, 2.75, 10.75, 3], "rotation": 180, "texture": "#0"}
			}
		},
		{
			"from": [6.38, 20.81154, 23.82639],
			"to": [8.84, 21.95154, 26.52639],
			"rotation": {"angle": 0, "axis": "x", "origin": [7.5825, 21.05367, 25.0198]},
			"faces": {
				"north": {"uv": [9, 1.75, 10, 2.25], "texture": "#0"},
				"east": {"uv": [8.25, 7.75, 9.5, 8.25], "texture": "#0"},
				"south": {"uv": [9, 6.5, 10, 7], "texture": "#0"},
				"west": {"uv": [8.5, 4.75, 9.75, 5.25], "texture": "#0"},
				"up": {"uv": [3.5, 9, 2.5, 7.75], "texture": "#0"},
				"down": {"uv": [4.5, 7.75, 3.5, 9], "texture": "#0"}
			}
		},
		{
			"from": [6.14, 21.41154, 23.76639],
			"to": [9.02, 23.69154, 26.70639],
			"rotation": {"angle": 0, "axis": "x", "origin": [7.5825, 21.05367, 25.0198]},
			"faces": {
				"north": {"uv": [7.25, 2.5, 8.5, 3.5], "texture": "#0"},
				"east": {"uv": [7.25, 3.5, 8.5, 4.5], "texture": "#0"},
				"south": {"uv": [7.25, 4.5, 8.5, 5.5], "texture": "#0"},
				"west": {"uv": [5.5, 7.5, 6.75, 8.5], "texture": "#0"},
				"up": {"uv": [3, 7, 1.75, 5.75], "texture": "#0"},
				"down": {"uv": [5.75, 5.75, 4.5, 7], "texture": "#0"}
			}
		},
		{
			"from": [6.38, 23.15154, 23.94639],
			"to": [8.78, 24.17154, 26.46639],
			"rotation": {"angle": 0, "axis": "x", "origin": [7.5825, 21.05367, 25.0198]},
			"faces": {
				"north": {"uv": [9, 7, 10, 7.5], "texture": "#0"},
				"east": {"uv": [8, 9.25, 9, 9.75], "texture": "#0"},
				"south": {"uv": [9, 9.25, 10, 9.75], "texture": "#0"},
				"west": {"uv": [9.25, 8.25, 10.25, 8.75], "texture": "#0"},
				"up": {"uv": [8.75, 6.5, 7.75, 5.5], "texture": "#0"},
				"down": {"uv": [9.25, 8.25, 8.25, 9.25], "texture": "#0"}
			}
		},
		{
			"from": [6.62, 20.44, 24.26],
			"to": [6.62, 20.8, 26.3],
			"rotation": {"angle": 0, "axis": "x", "origin": [7.5825, 21.05367, 25.0198]},
			"faces": {
				"north": {"uv": [0, 0.15, 0, 0], "texture": "#0"},
				"east": {"uv": [10.5, 10.25, 12, 10], "texture": "#0"},
				"south": {"uv": [0, 0.15, 0, 0], "texture": "#0"},
				"west": {"uv": [10.5, 10.25, 12, 10], "texture": "#0"},
				"up": {"uv": [0, 0.85, 0, 0], "texture": "#0"},
				"down": {"uv": [0, 0.85, 0, 0], "texture": "#0"}
			}
		},
		{
			"from": [6.56, 20.44, 24.2],
			"to": [8.6, 20.8, 24.2],
			"rotation": {"angle": 0, "axis": "x", "origin": [7.5825, 21.05367, 25.0198]},
			"faces": {
				"north": {"uv": [10.5, 10.25, 12, 10], "texture": "#0"},
				"east": {"uv": [0, 0.15, 0, 0], "texture": "#0"},
				"south": {"uv": [10.5, 10.25, 12, 10], "texture": "#0"},
				"west": {"uv": [0, 0.15, 0, 0], "texture": "#0"},
				"up": {"uv": [0, 0, 0, 0.85], "rotation": 270, "texture": "#0"},
				"down": {"uv": [0, 0, 0, 0.85], "rotation": 90, "texture": "#0"}
			}
		},
		{
			"from": [8.54, 20.44, 24.26],
			"to": [8.54, 20.8, 26.3],
			"rotation": {"angle": 0, "axis": "x", "origin": [7.5825, 21.05367, 25.0198]},
			"faces": {
				"north": {"uv": [0, 0.15, 0, 0], "texture": "#0"},
				"east": {"uv": [10.5, 10.25, 12, 10], "texture": "#0"},
				"south": {"uv": [0, 0.15, 0, 0], "texture": "#0"},
				"west": {"uv": [10.5, 10.25, 12, 10], "texture": "#0"},
				"up": {"uv": [0, 0.85, 0, 0], "texture": "#0"},
				"down": {"uv": [0, 0.85, 0, 0], "texture": "#0"}
			}
		},
		{
			"from": [6.56, 18.98828, 25.06241],
			"to": [8.6, 18.98828, 25.42241],
			"rotation": {"angle": 22.5, "axis": "x", "origin": [7.5825, 20.03367, 25.0798]},
			"faces": {
				"north": {"uv": [0, 0, 0, 0.85], "rotation": 270, "texture": "#0"},
				"east": {"uv": [0, 0, 0, 0.15], "rotation": 90, "texture": "#0"},
				"south": {"uv": [0, 0, 0, 0.85], "rotation": 270, "texture": "#0"},
				"west": {"uv": [0, 0, 0, 0.15], "rotation": 270, "texture": "#0"},
				"up": {"uv": [10.5, 10, 12, 10.25], "texture": "#0"},
				"down": {"uv": [10.5, 10, 12, 10.25], "rotation": 180, "texture": "#0"}
			}
		},
		{
			"from": [6.62, 19.04828, 25.06241],
			"to": [6.62, 21.08828, 25.42241],
			"rotation": {"angle": 22.5, "axis": "x", "origin": [7.5825, 20.03367, 25.0798]},
			"faces": {
				"north": {"uv": [0, 0, 0, 0.85], "rotation": 180, "texture": "#0"},
				"east": {"uv": [10.5, 10, 12, 10.25], "rotation": 90, "texture": "#0"},
				"south": {"uv": [0, 0, 0, 0.85], "texture": "#0"},
				"west": {"uv": [10.5, 10, 12, 10.25], "rotation": 270, "texture": "#0"},
				"up": {"uv": [0, 0, 0, 0.15], "texture": "#0"},
				"down": {"uv": [0, 0, 0, 0.15], "rotation": 180, "texture": "#0"}
			}
		},
		{
			"from": [8.54, 19.04828, 25.06241],
			"to": [8.54, 21.08828, 25.42241],
			"rotation": {"angle": 22.5, "axis": "x", "origin": [7.5825, 20.03367, 25.0798]},
			"faces": {
				"north": {"uv": [0, 0, 0, 0.85], "rotation": 180, "texture": "#0"},
				"east": {"uv": [10.5, 10, 12, 10.25], "rotation": 90, "texture": "#0"},
				"south": {"uv": [0, 0, 0, 0.85], "texture": "#0"},
				"west": {"uv": [10.5, 10, 12, 10.25], "rotation": 270, "texture": "#0"},
				"up": {"uv": [0, 0, 0, 0.15], "texture": "#0"},
				"down": {"uv": [0, 0, 0, 0.15], "rotation": 180, "texture": "#0"}
			}
		},
		{
			"from": [6.5, 18.8725, 25.40268],
			"to": [8.66, 19.4725, 26.30268],
			"rotation": {"angle": 22.5, "axis": "x", "origin": [7.5825, 20.03367, 25.0798]},
			"faces": {
				"north": {"uv": [10.75, 0.75, 9.75, 0.5], "rotation": 180, "texture": "#0"},
				"east": {"uv": [10.25, 10, 10.5, 10.25], "rotation": 90, "texture": "#0"},
				"south": {"uv": [10.75, 4.75, 9.75, 5], "texture": "#0"},
				"west": {"uv": [0, 10.5, 0.25, 10.75], "rotation": 270, "texture": "#0"},
				"up": {"uv": [9.75, 0.25, 10.75, 0.5], "texture": "#0"},
				"down": {"uv": [9.75, 0, 10.75, 0.25], "rotation": 180, "texture": "#0"}
			}
		},
		{
			"from": [6.5, 19.4725, 25.40268],
			"to": [8.66, 21.1525, 25.94268],
			"rotation": {"angle": 22.5, "axis": "x", "origin": [7.5825, 20.03367, 25.0798]},
			"faces": {
				"north": {"uv": [9.5, 4, 8.5, 3.25], "rotation": 180, "texture": "#0"},
				"east": {"uv": [10, 9.5, 10.75, 9.75], "rotation": 90, "texture": "#0"},
				"south": {"uv": [9.5, 4, 8.5, 4.75], "texture": "#0"},
				"west": {"uv": [0, 10.25, 0.75, 10.5], "rotation": 270, "texture": "#0"},
				"up": {"uv": [0, 10, 1, 10.25], "texture": "#0"},
				"down": {"uv": [9.75, 5, 10.75, 5.25], "rotation": 180, "texture": "#0"}
			}
		},
		{
			"from": [3.35045, 20.16129, 24.92],
			"to": [4.91045, 21.30129, 26.12],
			"rotation": {"angle": 22.5, "axis": "x", "origin": [4.77673, 14.48806, 20.3938]},
			"faces": {
				"north": {"uv": [3, 10, 3.5, 10.5], "texture": "#0"},
				"east": {"uv": [4, 10, 4.5, 10.5], "texture": "#0"},
				"south": {"uv": [7.75, 10, 8.25, 10.5], "texture": "#0"},
				"west": {"uv": [8.25, 10, 8.75, 10.5], "texture": "#0"},
				"up": {"uv": [9.25, 10.5, 8.75, 10], "texture": "#0"},
				"down": {"uv": [9.75, 10, 9.25, 10.5], "texture": "#0"}
			}
		},
		{
			"from": [3.35045, 21.30129, 24.92],
			"to": [4.91045, 22.68129, 26.12],
			"rotation": {"angle": 22.5, "axis": "x", "origin": [4.77673, 14.48806, 20.3938]},
			"faces": {
				"north": {"uv": [9.5, 5.25, 10.25, 5.75], "texture": "#0"},
				"east": {"uv": [6.75, 9.75, 7.25, 10.25], "texture": "#0"},
				"south": {"uv": [9.5, 7.75, 10.25, 8.25], "texture": "#0"},
				"west": {"uv": [2.5, 10, 3, 10.5], "texture": "#0"},
				"up": {"uv": [1.75, 10.25, 1, 9.75], "texture": "#0"},
				"down": {"uv": [2.5, 9.75, 1.75, 10.25], "texture": "#0"}
			}
		},
		{
			"from": [3.83045, 22.68129, 24.92],
			"to": [4.91045, 22.98129, 26.12],
			"rotation": {"angle": 22.5, "axis": "x", "origin": [4.77673, 14.48806, 20.3938]},
			"faces": {
				"north": {"uv": [10.25, 3, 10.75, 3.25], "texture": "#0"},
				"east": {"uv": [10.25, 3.25, 10.75, 3.5], "texture": "#0"},
				"south": {"uv": [10.25, 3.5, 10.75, 3.75], "texture": "#0"},
				"west": {"uv": [10.25, 3.75, 10.75, 4], "texture": "#0"},
				"up": {"uv": [4, 10.25, 3.5, 9.75], "texture": "#0"},
				"down": {"uv": [5.5, 9.75, 5, 10.25], "texture": "#0"}
			}
		},
		{
			"from": [4.19045, 21.48129, 24.56],
			"to": [4.91045, 22.92129, 26.42],
			"rotation": {"angle": 22.5, "axis": "x", "origin": [4.77673, 14.48806, 20.3938]},
			"faces": {
				"north": {"uv": [7.5, 10.25, 7.75, 10.75], "texture": "#0"},
				"east": {"uv": [9.5, 3.5, 10.25, 4], "texture": "#0"},
				"south": {"uv": [10.25, 10.25, 10.5, 10.75], "texture": "#0"},
				"west": {"uv": [9.5, 4, 10.25, 4.5], "texture": "#0"},
				"up": {"uv": [5.75, 10.5, 5.5, 9.75], "texture": "#0"},
				"down": {"uv": [1, 10.25, 0.75, 11], "texture": "#0"}
			}
		},
		{
			"from": [3.35045, 13.80129, 24.92],
			"to": [4.55045, 20.16129, 26.12],
			"rotation": {"angle": 22.5, "axis": "x", "origin": [4.77673, 14.48806, 20.3938]},
			"faces": {
				"north": {"uv": [6.75, 3, 7.25, 5.75], "texture": "#0"},
				"east": {"uv": [1, 7, 1.5, 9.75], "texture": "#0"},
				"south": {"uv": [1.5, 7, 2, 9.75], "texture": "#0"},
				"west": {"uv": [2, 7, 2.5, 9.75], "texture": "#0"},
				"up": {"uv": [10.25, 10.5, 9.75, 10], "texture": "#0"},
				"down": {"uv": [10.5, 0.75, 10, 1.25], "texture": "#0"}
			}
		},
		{
			"from": [3.162, 11.59048, 17.59948],
			"to": [4.362, 12.79048, 25.09948],
			"rotation": {"angle": 0, "axis": "x", "origin": [4.77673, 14.48806, 20.3938]},
			"faces": {
				"north": {"uv": [10.5, 2.25, 10, 2.75], "rotation": 90, "texture": "#0"},
				"east": {"uv": [1.75, 2.5, 2.25, 5.5], "rotation": 270, "texture": "#0"},
				"south": {"uv": [10.5, 2.25, 10, 1.75], "rotation": 90, "texture": "#0"},
				"west": {"uv": [0, 7, 0.5, 10], "rotation": 90, "texture": "#0"},
				"up": {"uv": [0.5, 7, 1, 10], "rotation": 180, "texture": "#0"},
				"down": {"uv": [6.75, 0, 7.25, 3], "texture": "#0"}
			}
		},
		{
			"from": [3.222, 11.65048, 17.11948],
			"to": [4.302, 12.73048, 17.59948],
			"rotation": {"angle": 0, "axis": "x", "origin": [4.77673, 14.48806, 20.3938]},
			"faces": {
				"north": {"uv": [10.25, 5.5, 10.75, 5.75], "rotation": 90, "texture": "#0"},
				"east": {"uv": [10.25, 4, 10.75, 4.25], "rotation": 270, "texture": "#0"},
				"south": {"uv": [10.5, 7, 10, 6.5], "rotation": 90, "texture": "#0"},
				"west": {"uv": [10.25, 4, 10.75, 4.25], "rotation": 90, "texture": "#0"},
				"up": {"uv": [10.25, 5.5, 10.75, 5.75], "rotation": 180, "texture": "#0"},
				"down": {"uv": [10.25, 5.5, 10.75, 5.75], "texture": "#0"}
			}
		},
		{
			"from": [3.222, 11.65048, 16.57948],
			"to": [4.302, 12.73048, 17.17948],
			"rotation": {"angle": 0, "axis": "x", "origin": [4.77673, 14.48806, 20.3938]},
			"faces": {
				"north": {"uv": [10.25, 5.5, 10.75, 5.75], "rotation": 90, "texture": "#0"},
				"east": {"uv": [10.25, 4, 10.75, 4.25], "rotation": 270, "texture": "#0"},
				"south": {"uv": [10.5, 7, 10, 6.5], "rotation": 90, "texture": "#0"},
				"west": {"uv": [10.25, 4, 10.75, 4.25], "rotation": 90, "texture": "#0"},
				"up": {"uv": [10.25, 5.5, 10.75, 5.75], "rotation": 180, "texture": "#0"},
				"down": {"uv": [10.25, 5.5, 10.75, 5.75], "texture": "#0"}
			}
		},
		{
			"from": [3.942, 12.96608, 15.39943],
			"to": [4.242, 13.26608, 16.11943],
			"rotation": {"angle": 22.5, "axis": "x", "origin": [4.092, 13.11608, 16.08943]},
			"faces": {
				"north": {"uv": [3.5, 10.5, 3.25, 10.75], "rotation": 90, "texture": "#0"},
				"east": {"uv": [2, 10.5, 2.25, 10.75], "rotation": 270, "texture": "#0"},
				"south": {"uv": [3.25, 10.75, 3, 10.5], "rotation": 90, "texture": "#0"},
				"west": {"uv": [2.5, 10.5, 2.75, 10.75], "rotation": 90, "texture": "#0"},
				"up": {"uv": [2.75, 10.5, 3, 10.75], "rotation": 180, "texture": "#0"},
				"down": {"uv": [2.25, 10.5, 2.5, 10.75], "texture": "#0"}
			}
		},
		{
			"from": [3.942, 12.96608, 16.11943],
			"to": [4.242, 13.26608, 16.71943],
			"rotation": {"angle": 45, "axis": "x", "origin": [4.092, 13.11608, 16.08943]},
			"faces": {
				"north": {"uv": [5, 10.5, 4.75, 10.75], "rotation": 90, "texture": "#0"},
				"east": {"uv": [3.5, 10.5, 3.75, 10.75], "rotation": 270, "texture": "#0"},
				"south": {"uv": [4.75, 10.75, 4.5, 10.5], "rotation": 90, "texture": "#0"},
				"west": {"uv": [4, 10.5, 4.25, 10.75], "rotation": 90, "texture": "#0"},
				"up": {"uv": [4.25, 10.5, 4.5, 10.75], "rotation": 180, "texture": "#0"},
				"down": {"uv": [3.75, 10.5, 4, 10.75], "texture": "#0"}
			}
		},
		{
			"from": [3.582, 12.96608, 15.39943],
			"to": [3.882, 13.26608, 16.11943],
			"rotation": {"angle": 22.5, "axis": "x", "origin": [3.732, 13.11608, 16.08943]},
			"faces": {
				"north": {"uv": [3.5, 10.5, 3.25, 10.75], "rotation": 90, "texture": "#0"},
				"east": {"uv": [2, 10.5, 2.25, 10.75], "rotation": 270, "texture": "#0"},
				"south": {"uv": [3.25, 10.75, 3, 10.5], "rotation": 90, "texture": "#0"},
				"west": {"uv": [2.5, 10.5, 2.75, 10.75], "rotation": 90, "texture": "#0"},
				"up": {"uv": [2.75, 10.5, 3, 10.75], "rotation": 180, "texture": "#0"},
				"down": {"uv": [2.25, 10.5, 2.5, 10.75], "texture": "#0"}
			}
		},
		{
			"from": [3.582, 12.96608, 16.11943],
			"to": [3.882, 13.26608, 16.71943],
			"rotation": {"angle": 45, "axis": "x", "origin": [3.732, 13.11608, 16.08943]},
			"faces": {
				"north": {"uv": [5, 10.5, 4.75, 10.75], "rotation": 90, "texture": "#0"},
				"east": {"uv": [3.5, 10.5, 3.75, 10.75], "rotation": 270, "texture": "#0"},
				"south": {"uv": [4.75, 10.75, 4.5, 10.5], "rotation": 90, "texture": "#0"},
				"west": {"uv": [4, 10.5, 4.25, 10.75], "rotation": 90, "texture": "#0"},
				"up": {"uv": [4.25, 10.5, 4.5, 10.75], "rotation": 180, "texture": "#0"},
				"down": {"uv": [3.75, 10.5, 4, 10.75], "texture": "#0"}
			}
		},
		{
			"from": [3.222, 12.96608, 15.39943],
			"to": [3.522, 13.26608, 16.11943],
			"rotation": {"angle": 22.5, "axis": "x", "origin": [3.372, 13.11608, 16.08943]},
			"faces": {
				"north": {"uv": [3.5, 10.5, 3.25, 10.75], "rotation": 90, "texture": "#0"},
				"east": {"uv": [2, 10.5, 2.25, 10.75], "rotation": 270, "texture": "#0"},
				"south": {"uv": [3.25, 10.75, 3, 10.5], "rotation": 90, "texture": "#0"},
				"west": {"uv": [2.5, 10.5, 2.75, 10.75], "rotation": 90, "texture": "#0"},
				"up": {"uv": [2.75, 10.5, 3, 10.75], "rotation": 180, "texture": "#0"},
				"down": {"uv": [2.25, 10.5, 2.5, 10.75], "texture": "#0"}
			}
		},
		{
			"from": [3.222, 12.96608, 16.11943],
			"to": [3.522, 13.26608, 16.71943],
			"rotation": {"angle": 45, "axis": "x", "origin": [3.372, 13.11608, 16.08943]},
			"faces": {
				"north": {"uv": [5, 10.5, 4.75, 10.75], "rotation": 90, "texture": "#0"},
				"east": {"uv": [3.5, 10.5, 3.75, 10.75], "rotation": 270, "texture": "#0"},
				"south": {"uv": [4.75, 10.75, 4.5, 10.5], "rotation": 90, "texture": "#0"},
				"west": {"uv": [4, 10.5, 4.25, 10.75], "rotation": 90, "texture": "#0"},
				"up": {"uv": [4.25, 10.5, 4.5, 10.75], "rotation": 180, "texture": "#0"},
				"down": {"uv": [3.75, 10.5, 4, 10.75], "texture": "#0"}
			}
		},
		{
			"from": [4.122, 11.77048, 15.91948],
			"to": [4.422, 12.13048, 16.75948],
			"rotation": {"angle": 0, "axis": "x", "origin": [4.77673, 14.48806, 20.3938]},
			"faces": {
				"north": {"uv": [2, 10.5, 1.75, 10.75], "rotation": 90, "texture": "#0"},
				"east": {"uv": [0.25, 10.5, 0.5, 10.75], "rotation": 270, "texture": "#0"},
				"south": {"uv": [1.75, 10.75, 1.5, 10.5], "rotation": 90, "texture": "#0"},
				"west": {"uv": [1, 10.5, 1.25, 10.75], "rotation": 90, "texture": "#0"},
				"up": {"uv": [1.25, 10.5, 1.5, 10.75], "rotation": 180, "texture": "#0"},
				"down": {"uv": [0.5, 10.5, 0.75, 10.75], "texture": "#0"}
			}
		},
		{
			"from": [10.24955, 20.34129, 24.86],
			"to": [11.80955, 21.48129, 26.06],
			"rotation": {"angle": 22.5, "axis": "x", "origin": [10.38327, 14.66806, 20.3338]},
			"faces": {
				"north": {"uv": [3.5, 10, 3, 10.5], "texture": "#0"},
				"east": {"uv": [8.75, 10, 8.25, 10.5], "texture": "#0"},
				"south": {"uv": [8.25, 10, 7.75, 10.5], "texture": "#0"},
				"west": {"uv": [4.5, 10, 4, 10.5], "texture": "#0"},
				"up": {"uv": [8.75, 10.5, 9.25, 10], "texture": "#0"},
				"down": {"uv": [9.25, 10, 9.75, 10.5], "texture": "#0"}
			}
		},
		{
			"from": [10.24955, 21.48129, 24.86],
			"to": [11.80955, 22.86129, 26.06],
			"rotation": {"angle": 22.5, "axis": "x", "origin": [10.38327, 14.66806, 20.3338]},
			"faces": {
				"north": {"uv": [10.25, 5.25, 9.5, 5.75], "texture": "#0"},
				"east": {"uv": [3, 10, 2.5, 10.5], "texture": "#0"},
				"south": {"uv": [10.25, 7.75, 9.5, 8.25], "texture": "#0"},
				"west": {"uv": [7.25, 9.75, 6.75, 10.25], "texture": "#0"},
				"up": {"uv": [1, 10.25, 1.75, 9.75], "texture": "#0"},
				"down": {"uv": [1.75, 9.75, 2.5, 10.25], "texture": "#0"}
			}
		},
		{
			"from": [10.24955, 22.86129, 24.86],
			"to": [11.32955, 23.16129, 26.06],
			"rotation": {"angle": 22.5, "axis": "x", "origin": [10.38327, 14.66806, 20.3338]},
			"faces": {
				"north": {"uv": [10.75, 3, 10.25, 3.25], "texture": "#0"},
				"east": {"uv": [10.75, 3.75, 10.25, 4], "texture": "#0"},
				"south": {"uv": [10.75, 3.5, 10.25, 3.75], "texture": "#0"},
				"west": {"uv": [10.75, 3.25, 10.25, 3.5], "texture": "#0"},
				"up": {"uv": [3.5, 10.25, 4, 9.75], "texture": "#0"},
				"down": {"uv": [5, 9.75, 5.5, 10.25], "texture": "#0"}
			}
		},
		{
			"from": [10.24955, 21.66129, 24.5],
			"to": [10.96955, 23.10129, 26.36],
			"rotation": {"angle": 22.5, "axis": "x", "origin": [10.38327, 14.66806, 20.3338]},
			"faces": {
				"north": {"uv": [7.75, 10.25, 7.5, 10.75], "texture": "#0"},
				"east": {"uv": [10.25, 4, 9.5, 4.5], "texture": "#0"},
				"south": {"uv": [10.5, 10.25, 10.25, 10.75], "texture": "#0"},
				"west": {"uv": [10.25, 3.5, 9.5, 4], "texture": "#0"},
				"up": {"uv": [5.5, 10.5, 5.75, 9.75], "texture": "#0"},
				"down": {"uv": [0.75, 10.25, 1, 11], "texture": "#0"}
			}
		},
		{
			"from": [10.60955, 13.98129, 24.86],
			"to": [11.80955, 20.34129, 26.06],
			"rotation": {"angle": 22.5, "axis": "x", "origin": [10.38327, 14.66806, 20.3338]},
			"faces": {
				"north": {"uv": [7.25, 3, 6.75, 5.75], "texture": "#0"},
				"east": {"uv": [2.5, 7, 2, 9.75], "texture": "#0"},
				"south": {"uv": [2, 7, 1.5, 9.75], "texture": "#0"},
				"west": {"uv": [1.5, 7, 1, 9.75], "texture": "#0"},
				"up": {"uv": [9.75, 10.5, 10.25, 10], "texture": "#0"},
				"down": {"uv": [10, 0.75, 10.5, 1.25], "texture": "#0"}
			}
		},
		{
			"from": [10.798, 11.77048, 17.53948],
			"to": [11.998, 12.97048, 25.03948],
			"rotation": {"angle": 0, "axis": "x", "origin": [10.38327, 14.66806, 20.3338]},
			"faces": {
				"north": {"uv": [10.5, 2.75, 10, 2.25], "rotation": 90, "texture": "#0"},
				"east": {"uv": [0, 10, 0.5, 7], "rotation": 90, "texture": "#0"},
				"south": {"uv": [10.5, 1.75, 10, 2.25], "rotation": 90, "texture": "#0"},
				"west": {"uv": [1.75, 5.5, 2.25, 2.5], "rotation": 270, "texture": "#0"},
				"up": {"uv": [1, 7, 0.5, 10], "rotation": 180, "texture": "#0"},
				"down": {"uv": [7.25, 0, 6.75, 3], "texture": "#0"}
			}
		},
		{
			"from": [10.858, 11.83048, 17.05948],
			"to": [11.938, 12.91048, 17.53948],
			"rotation": {"angle": 0, "axis": "x", "origin": [10.38327, 14.66806, 20.3338]},
			"faces": {
				"north": {"uv": [10.25, 5.75, 10.75, 5.5], "rotation": 90, "texture": "#0"},
				"east": {"uv": [10.25, 4.25, 10.75, 4], "rotation": 90, "texture": "#0"},
				"south": {"uv": [10.5, 6.5, 10, 7], "rotation": 90, "texture": "#0"},
				"west": {"uv": [10.25, 4.25, 10.75, 4], "rotation": 270, "texture": "#0"},
				"up": {"uv": [10.75, 5.5, 10.25, 5.75], "rotation": 180, "texture": "#0"},
				"down": {"uv": [10.75, 5.5, 10.25, 5.75], "texture": "#0"}
			}
		},
		{
			"from": [10.858, 11.83048, 16.51948],
			"to": [11.938, 12.91048, 17.11948],
			"rotation": {"angle": 0, "axis": "x", "origin": [10.38327, 14.66806, 20.3338]},
			"faces": {
				"north": {"uv": [10.25, 5.75, 10.75, 5.5], "rotation": 90, "texture": "#0"},
				"east": {"uv": [10.25, 4.25, 10.75, 4], "rotation": 90, "texture": "#0"},
				"south": {"uv": [10.5, 6.5, 10, 7], "rotation": 90, "texture": "#0"},
				"west": {"uv": [10.25, 4.25, 10.75, 4], "rotation": 270, "texture": "#0"},
				"up": {"uv": [10.75, 5.5, 10.25, 5.75], "rotation": 180, "texture": "#0"},
				"down": {"uv": [10.75, 5.5, 10.25, 5.75], "texture": "#0"}
			}
		},
		{
			"from": [10.918, 13.14608, 15.33943],
			"to": [11.218, 13.44608, 16.05943],
			"rotation": {"angle": 22.5, "axis": "x", "origin": [11.068, 13.29608, 16.02943]},
			"faces": {
				"north": {"uv": [3.5, 10.75, 3.25, 10.5], "rotation": 90, "texture": "#0"},
				"east": {"uv": [2.5, 10.75, 2.75, 10.5], "rotation": 90, "texture": "#0"},
				"south": {"uv": [3.25, 10.5, 3, 10.75], "rotation": 90, "texture": "#0"},
				"west": {"uv": [2, 10.75, 2.25, 10.5], "rotation": 270, "texture": "#0"},
				"up": {"uv": [3, 10.5, 2.75, 10.75], "rotation": 180, "texture": "#0"},
				"down": {"uv": [2.5, 10.5, 2.25, 10.75], "texture": "#0"}
			}
		},
		{
			"from": [10.918, 13.14608, 16.05943],
			"to": [11.218, 13.44608, 16.65943],
			"rotation": {"angle": 45, "axis": "x", "origin": [11.068, 13.29608, 16.02943]},
			"faces": {
				"north": {"uv": [5, 10.75, 4.75, 10.5], "rotation": 90, "texture": "#0"},
				"east": {"uv": [4, 10.75, 4.25, 10.5], "rotation": 90, "texture": "#0"},
				"south": {"uv": [4.75, 10.5, 4.5, 10.75], "rotation": 90, "texture": "#0"},
				"west": {"uv": [3.5, 10.75, 3.75, 10.5], "rotation": 270, "texture": "#0"},
				"up": {"uv": [4.5, 10.5, 4.25, 10.75], "rotation": 180, "texture": "#0"},
				"down": {"uv": [4, 10.5, 3.75, 10.75], "texture": "#0"}
			}
		},
		{
			"from": [11.278, 13.14608, 15.33943],
			"to": [11.578, 13.44608, 16.05943],
			"rotation": {"angle": 22.5, "axis": "x", "origin": [11.428, 13.29608, 16.02943]},
			"faces": {
				"north": {"uv": [3.5, 10.75, 3.25, 10.5], "rotation": 90, "texture": "#0"},
				"east": {"uv": [2.5, 10.75, 2.75, 10.5], "rotation": 90, "texture": "#0"},
				"south": {"uv": [3.25, 10.5, 3, 10.75], "rotation": 90, "texture": "#0"},
				"west": {"uv": [2, 10.75, 2.25, 10.5], "rotation": 270, "texture": "#0"},
				"up": {"uv": [3, 10.5, 2.75, 10.75], "rotation": 180, "texture": "#0"},
				"down": {"uv": [2.5, 10.5, 2.25, 10.75], "texture": "#0"}
			}
		},
		{
			"from": [11.278, 13.14608, 16.05943],
			"to": [11.578, 13.44608, 16.65943],
			"rotation": {"angle": 45, "axis": "x", "origin": [11.428, 13.29608, 16.02943]},
			"faces": {
				"north": {"uv": [5, 10.75, 4.75, 10.5], "rotation": 90, "texture": "#0"},
				"east": {"uv": [4, 10.75, 4.25, 10.5], "rotation": 90, "texture": "#0"},
				"south": {"uv": [4.75, 10.5, 4.5, 10.75], "rotation": 90, "texture": "#0"},
				"west": {"uv": [3.5, 10.75, 3.75, 10.5], "rotation": 270, "texture": "#0"},
				"up": {"uv": [4.5, 10.5, 4.25, 10.75], "rotation": 180, "texture": "#0"},
				"down": {"uv": [4, 10.5, 3.75, 10.75], "texture": "#0"}
			}
		},
		{
			"from": [11.638, 13.14608, 15.33943],
			"to": [11.938, 13.44608, 16.05943],
			"rotation": {"angle": 22.5, "axis": "x", "origin": [11.788, 13.29608, 16.02943]},
			"faces": {
				"north": {"uv": [3.5, 10.75, 3.25, 10.5], "rotation": 90, "texture": "#0"},
				"east": {"uv": [2.5, 10.75, 2.75, 10.5], "rotation": 90, "texture": "#0"},
				"south": {"uv": [3.25, 10.5, 3, 10.75], "rotation": 90, "texture": "#0"},
				"west": {"uv": [2, 10.75, 2.25, 10.5], "rotation": 270, "texture": "#0"},
				"up": {"uv": [3, 10.5, 2.75, 10.75], "rotation": 180, "texture": "#0"},
				"down": {"uv": [2.5, 10.5, 2.25, 10.75], "texture": "#0"}
			}
		},
		{
			"from": [11.638, 13.14608, 16.05943],
			"to": [11.938, 13.44608, 16.65943],
			"rotation": {"angle": 45, "axis": "x", "origin": [11.788, 13.29608, 16.02943]},
			"faces": {
				"north": {"uv": [5, 10.75, 4.75, 10.5], "rotation": 90, "texture": "#0"},
				"east": {"uv": [4, 10.75, 4.25, 10.5], "rotation": 90, "texture": "#0"},
				"south": {"uv": [4.75, 10.5, 4.5, 10.75], "rotation": 90, "texture": "#0"},
				"west": {"uv": [3.5, 10.75, 3.75, 10.5], "rotation": 270, "texture": "#0"},
				"up": {"uv": [4.5, 10.5, 4.25, 10.75], "rotation": 180, "texture": "#0"},
				"down": {"uv": [4, 10.5, 3.75, 10.75], "texture": "#0"}
			}
		},
		{
			"from": [10.738, 11.95048, 15.85948],
			"to": [11.038, 12.31048, 16.69948],
			"rotation": {"angle": 0, "axis": "x", "origin": [10.38327, 14.66806, 20.3338]},
			"faces": {
				"north": {"uv": [2, 10.75, 1.75, 10.5], "rotation": 90, "texture": "#0"},
				"east": {"uv": [1, 10.75, 1.25, 10.5], "rotation": 90, "texture": "#0"},
				"south": {"uv": [1.75, 10.5, 1.5, 10.75], "rotation": 90, "texture": "#0"},
				"west": {"uv": [0.25, 10.75, 0.5, 10.5], "rotation": 270, "texture": "#0"},
				"up": {"uv": [1.5, 10.5, 1.25, 10.75], "rotation": 180, "texture": "#0"},
				"down": {"uv": [0.75, 10.5, 0.5, 10.75], "texture": "#0"}
			}
		}
	],
	"display": {
		"head": {
			"translation": [1.5, -21.5, -62.5],
			"scale": [2.78, 2.78, 2.78]
		}
	},
	"groups": [
		{
			"name": "group",
			"origin": [16.1, 33.5, 22],
			"children": [
				{
					"name": "tentaculo1",
					"origin": [16.1, 33.5, 22],
					"children": [
						{
							"name": "group",
							"origin": [-0.45, 0.95, 8.05],
							"children": [
								{
									"name": "group",
									"origin": [-0.45, 0.95, 8.05],
									"children": [
										{
											"name": "group",
											"origin": [-0.45, 0.95, 8.05],
											"children": [0,
												{
													"name": "group",
													"origin": [-0.45, 0.95, 8.05],
													"children": [1,
														{
															"name": "group",
															"origin": [-0.45, 0.95, 8.05],
															"children": [2,
																{
																	"name": "group",
																	"origin": [-0.45, 0.95, 8.05],
																	"children": [3,
																		{
																			"name": "group",
																			"origin": [-0.45, 0.95, 8.05],
																			"children": [4,
																				{
																					"name": "group",
																					"origin": [-0.45, 0.95, 8.05],
																					"children": [5]
																				}
																			]
																		}
																	]
																}
															]
														}
													]
												}
											]
										}
									]
								}
							]
						}
					]
				},
				{
					"name": "tentaculo1",
					"origin": [16.1, 33.5, 22],
					"children": [
						{
							"name": "group",
							"origin": [-0.45, 0.95, 8.05],
							"children": [
								{
									"name": "group",
									"origin": [-0.45, 0.95, 8.05],
									"children": [
										{
											"name": "group",
											"origin": [-0.45, 0.95, 8.05],
											"children": [6,
												{
													"name": "group",
													"origin": [-0.45, 0.95, 8.05],
													"children": [7,
														{
															"name": "group",
															"origin": [-0.45, 0.95, 8.05],
															"children": [8,
																{
																	"name": "group",
																	"origin": [-0.45, 0.95, 8.05],
																	"children": [9,
																		{
																			"name": "group",
																			"origin": [-0.45, 0.95, 8.05],
																			"children": [10,
																				{
																					"name": "group",
																					"origin": [-0.45, 0.95, 8.05],
																					"children": [11]
																				}
																			]
																		}
																	]
																}
															]
														}
													]
												}
											]
										}
									]
								}
							]
						}
					]
				},
				{
					"name": "tentaculo1",
					"origin": [16.1, 33.5, 22],
					"children": [
						{
							"name": "group",
							"origin": [-0.45, 0.95, 8.05],
							"children": [
								{
									"name": "group",
									"origin": [-0.45, 0.95, 8.05],
									"children": [
										{
											"name": "group",
											"origin": [-0.45, 0.95, 8.05],
											"children": [12,
												{
													"name": "group",
													"origin": [-0.45, 0.95, 8.05],
													"children": [13,
														{
															"name": "group",
															"origin": [-0.45, 0.95, 8.05],
															"children": [14,
																{
																	"name": "group",
																	"origin": [-0.45, 0.95, 8.05],
																	"children": [15,
																		{
																			"name": "group",
																			"origin": [-0.45, 0.95, 8.05],
																			"children": [16,
																				{
																					"name": "group",
																					"origin": [-0.45, 0.95, 8.05],
																					"children": [17]
																				}
																			]
																		}
																	]
																}
															]
														}
													]
												}
											]
										}
									]
								}
							]
						}
					]
				},
				{
					"name": "tentaculo1",
					"origin": [16.1, 33.5, 22],
					"children": [
						{
							"name": "group",
							"origin": [-0.45, 0.95, 8.05],
							"children": [
								{
									"name": "group",
									"origin": [-0.45, 0.95, 8.05],
									"children": [
										{
											"name": "group",
											"origin": [-0.45, 0.95, 8.05],
											"children": [18,
												{
													"name": "group",
													"origin": [-0.45, 0.95, 8.05],
													"children": [19,
														{
															"name": "group",
															"origin": [-0.45, 0.95, 8.05],
															"children": [20,
																{
																	"name": "group",
																	"origin": [-0.45, 0.95, 8.05],
																	"children": [21,
																		{
																			"name": "group",
																			"origin": [-0.45, 0.95, 8.05],
																			"children": [22,
																				{
																					"name": "group",
																					"origin": [-0.45, 0.95, 8.05],
																					"children": [23]
																				}
																			]
																		}
																	]
																}
															]
														}
													]
												}
											]
										}
									]
								}
							]
						}
					]
				},
				{
					"name": "pierna1",
					"origin": [14.4, 9.2, 15],
					"children": [24, 25,
						{
							"name": "pierna2",
							"origin": [12, -6.5, 15],
							"children": [26,
								{
									"name": "zapato",
									"origin": [12, -7, 15],
									"children": [27, 28, 29, 30, 31]
								}
							]
						}
					]
				},
				{
					"name": "pierna2",
					"origin": [14.4, 9.2, 15],
					"children": [32, 33,
						{
							"name": "pierna2",
							"origin": [12, -6.5, 15],
							"children": [34,
								{
									"name": "zapato",
									"origin": [12, -7, 15],
									"children": [35, 36, 37, 38, 39]
								}
							]
						}
					]
				},
				{
					"name": "cuerpo",
					"origin": [12, 30.9, 15],
					"children": [40,
						{
							"name": "cuerpo2",
							"origin": [12, 30.9, 15],
							"children": [41,
								{
									"name": "cuerpo3",
									"origin": [12, 30.9, 15],
									"children": [42,
										{
											"name": "cuerpo4",
											"origin": [12, 30.9, 15],
											"children": [43, 44, 45]
										}
									]
								}
							]
						}
					]
				},
				{
					"name": "cabeza",
					"origin": [12.4, 33, 15],
					"children": [46,
						{
							"name": "cabeza2",
							"origin": [12.4, 33, 15],
							"children": [
								{
									"name": "boca1",
									"origin": [12.4, 37.7, 15],
									"children": [47, 48, 49, 50, 51, 52]
								},
								{
									"name": "boca2",
									"origin": [12.4, 33, 15],
									"children": [53, 54, 55, 56, 57]
								}
							]
						}
					]
				},
				{
					"name": "brazo1",
					"origin": [3, 25.2, 15],
					"children": [58, 59, 60, 61,
						{
							"name": "brazo2",
							"origin": [2.6, 20.9, 14.9],
							"children": [62,
								{
									"name": "brazo3",
									"origin": [2.6, 10.3, 14.9],
									"children": [63,
										{
											"name": "mano",
											"origin": [2.6, 0, 15],
											"children": [64, 65,
												{
													"name": "dedo1",
													"origin": [2.2, -1.7, 15],
													"children": [66, 67]
												},
												{
													"name": "dedo2",
													"origin": [2.2, -1.7, 15.6],
													"children": [68, 69]
												},
												{
													"name": "dedo3",
													"origin": [2.2, -1.7, 16.2],
													"children": [70, 71]
												},
												{
													"name": "pulgar",
													"origin": [3.3, -1.4, 13.4],
													"children": [72]
												}
											]
										}
									]
								}
							]
						}
					]
				},
				{
					"name": "brazo1",
					"origin": [3, 25.2, 15],
					"children": [73, 74, 75, 76,
						{
							"name": "brazo2",
							"origin": [2.6, 20.9, 14.9],
							"children": [77,
								{
									"name": "brazo3",
									"origin": [2.6, 10.3, 14.9],
									"children": [78,
										{
											"name": "mano",
											"origin": [2.6, 0, 15],
											"children": [79, 80,
												{
													"name": "dedo1",
													"origin": [2.2, -1.7, 15],
													"children": [81, 82]
												},
												{
													"name": "dedo2",
													"origin": [2.2, -1.7, 15.6],
													"children": [83, 84]
												},
												{
													"name": "dedo3",
													"origin": [2.2, -1.7, 16.2],
													"children": [85, 86]
												},
												{
													"name": "pulgar",
													"origin": [3.3, -1.4, 13.4],
													"children": [87]
												}
											]
										}
									]
								}
							]
						}
					]
				}
			]
		}
	]
}