{
	"credit": "Made with Blockbench",
	"texture_size": [64, 64],
	"textures": {
		"0": "6dt2_custom/6dt2_slenderman/6dt2_slenderman",
		"particle": "6dt2_custom/6dt2_slenderman/6dt2_slenderman"
	},
	"elements": [
		{
			"from": [2.3496, 13.3, 27.51946],
			"to": [7.4496, 14.8, 29.01946],
			"rotation": {"angle": -22.5, "axis": "y", "origin": [0.27369, 14.05, 25.35361]},
			"faces": {
				"north": {"uv": [8.25, 6.5, 8.9375, 7.75], "rotation": 90, "texture": "#0"},
				"east": {"uv": [8.25, 6.5, 8.9375, 7.75], "rotation": 90, "texture": "#0"},
				"south": {"uv": [8.25, 6.5, 8.9375, 7.75], "rotation": 90, "texture": "#0"},
				"west": {"uv": [8.25, 6.5, 8.9375, 7.75], "rotation": 90, "texture": "#0"},
				"up": {"uv": [8.25, 6.5, 8.9375, 7.75], "rotation": 270, "texture": "#0"},
				"down": {"uv": [8.25, 6.5, 8.9375, 7.75], "rotation": 90, "texture": "#0"}
			}
		},
		{
			"from": [-2.7504, 13.3, 27.51946],
			"to": [2.3496, 14.8, 29.01946],
			"rotation": {"angle": -22.5, "axis": "y", "origin": [0.27369, 14.05, 25.35361]},
			"faces": {
				"north": {"uv": [8.25, 6.5, 8.9375, 7.75], "rotation": 90, "texture": "#0"},
				"east": {"uv": [8.25, 6.5, 8.9375, 7.75], "rotation": 90, "texture": "#0"},
				"south": {"uv": [8.25, 6.5, 8.9375, 7.75], "rotation": 90, "texture": "#0"},
				"west": {"uv": [8.25, 6.5, 8.9375, 7.75], "rotation": 90, "texture": "#0"},
				"up": {"uv": [8.25, 6.5, 8.9375, 7.75], "rotation": 270, "texture": "#0"},
				"down": {"uv": [8.25, 6.5, 8.9375, 7.75], "rotation": 90, "texture": "#0"}
			}
		},
		{
			"from": [-4.2, 13.5, 18.8],
			"to": [-3.1, 14.6, 23.9],
			"rotation": {"angle": 45, "axis": "y", "origin": [0.27369, 14.05, 25.35361]},
			"faces": {
				"north": {"uv": [8.25, 6.5, 8.9375, 7.75], "rotation": 90, "texture": "#0"},
				"east": {"uv": [8.25, 6.5, 8.9375, 7.75], "rotation": 90, "texture": "#0"},
				"south": {"uv": [8.25, 6.5, 8.9375, 7.75], "rotation": 90, "texture": "#0"},
				"west": {"uv": [8.25, 6.5, 8.9375, 7.75], "rotation": 90, "texture": "#0"},
				"up": {"uv": [8.25, 6.5, 8.9375, 7.75], "texture": "#0"},
				"down": {"uv": [8.25, 6.5, 8.9375, 7.75], "texture": "#0"}
			}
		},
		{
			"from": [-4.2, 13.5, 13.7],
			"to": [-3.1, 14.6, 18.8],
			"rotation": {"angle": 45, "axis": "y", "origin": [0.27369, 14.05, 25.35361]},
			"faces": {
				"north": {"uv": [8.25, 6.5, 8.9375, 7.75], "rotation": 90, "texture": "#0"},
				"east": {"uv": [8.25, 6.5, 8.9375, 7.75], "rotation": 90, "texture": "#0"},
				"south": {"uv": [8.25, 6.5, 8.9375, 7.75], "rotation": 90, "texture": "#0"},
				"west": {"uv": [8.25, 6.5, 8.9375, 7.75], "rotation": 90, "texture": "#0"},
				"up": {"uv": [8.25, 6.5, 8.9375, 7.75], "texture": "#0"},
				"down": {"uv": [8.25, 6.5, 8.9375, 7.75], "texture": "#0"}
			}
		},
		{
			"from": [-8.23013, 13.7, 11.23663],
			"to": [-7.53013, 14.4, 16.33663],
			"rotation": {"angle": 22.5, "axis": "y", "origin": [0.27369, 14.05, 25.35361]},
			"faces": {
				"north": {"uv": [8.25, 6.5, 8.9375, 7.75], "rotation": 90, "texture": "#0"},
				"east": {"uv": [8.25, 6.5, 8.9375, 7.75], "rotation": 90, "texture": "#0"},
				"south": {"uv": [8.25, 6.5, 8.9375, 7.75], "rotation": 90, "texture": "#0"},
				"west": {"uv": [8.25, 6.5, 8.9375, 7.75], "rotation": 90, "texture": "#0"},
				"up": {"uv": [8.25, 6.5, 8.9375, 7.75], "texture": "#0"},
				"down": {"uv": [8.25, 6.5, 8.9375, 7.75], "texture": "#0"}
			}
		},
		{
			"from": [-8.13013, 13.8, 6.13663],
			"to": [-7.63013, 14.3, 11.23663],
			"rotation": {"angle": 22.5, "axis": "y", "origin": [0.27369, 14.05, 25.35361]},
			"faces": {
				"north": {"uv": [8.25, 6.5, 8.9375, 7.75], "rotation": 90, "texture": "#0"},
				"east": {"uv": [8.25, 6.5, 8.9375, 7.75], "rotation": 90, "texture": "#0"},
				"south": {"uv": [8.25, 6.5, 8.9375, 7.75], "rotation": 90, "texture": "#0"},
				"west": {"uv": [8.25, 6.5, 8.9375, 7.75], "rotation": 90, "texture": "#0"},
				"up": {"uv": [8.25, 6.5, 8.9375, 7.75], "texture": "#0"},
				"down": {"uv": [8.25, 6.5, 8.9375, 7.75], "texture": "#0"}
			}
		},
		{
			"from": [7.9504, 13.3, 27.31946],
			"to": [13.0504, 14.8, 28.81946],
			"rotation": {"angle": 22.5, "axis": "y", "origin": [15.12631, 14.05, 25.15361]},
			"faces": {
				"north": {"uv": [8.25, 7.75, 8.9375, 6.5], "rotation": 90, "texture": "#0"},
				"east": {"uv": [8.25, 7.75, 8.9375, 6.5], "rotation": 90, "texture": "#0"},
				"south": {"uv": [8.25, 7.75, 8.9375, 6.5], "rotation": 90, "texture": "#0"},
				"west": {"uv": [8.25, 7.75, 8.9375, 6.5], "rotation": 90, "texture": "#0"},
				"up": {"uv": [8.25, 7.75, 8.9375, 6.5], "rotation": 270, "texture": "#0"},
				"down": {"uv": [8.25, 7.75, 8.9375, 6.5], "rotation": 90, "texture": "#0"}
			}
		},
		{
			"from": [13.0504, 13.3, 27.31946],
			"to": [18.1504, 14.8, 28.81946],
			"rotation": {"angle": 22.5, "axis": "y", "origin": [15.12631, 14.05, 25.15361]},
			"faces": {
				"north": {"uv": [8.25, 7.75, 8.9375, 6.5], "rotation": 90, "texture": "#0"},
				"east": {"uv": [8.25, 7.75, 8.9375, 6.5], "rotation": 90, "texture": "#0"},
				"south": {"uv": [8.25, 7.75, 8.9375, 6.5], "rotation": 90, "texture": "#0"},
				"west": {"uv": [8.25, 7.75, 8.9375, 6.5], "rotation": 90, "texture": "#0"},
				"up": {"uv": [8.25, 7.75, 8.9375, 6.5], "rotation": 270, "texture": "#0"},
				"down": {"uv": [8.25, 7.75, 8.9375, 6.5], "rotation": 90, "texture": "#0"}
			}
		},
		{
			"from": [18.5, 13.5, 18.6],
			"to": [19.6, 14.6, 23.7],
			"rotation": {"angle": -45, "axis": "y", "origin": [15.12631, 14.05, 25.15361]},
			"faces": {
				"north": {"uv": [8.25, 7.75, 8.9375, 6.5], "rotation": 90, "texture": "#0"},
				"east": {"uv": [8.25, 7.75, 8.9375, 6.5], "rotation": 90, "texture": "#0"},
				"south": {"uv": [8.25, 7.75, 8.9375, 6.5], "rotation": 90, "texture": "#0"},
				"west": {"uv": [8.25, 7.75, 8.9375, 6.5], "rotation": 90, "texture": "#0"},
				"up": {"uv": [8.9375, 6.5, 8.25, 7.75], "texture": "#0"},
				"down": {"uv": [8.9375, 6.5, 8.25, 7.75], "texture": "#0"}
			}
		},
		{
			"from": [18.5, 13.5, 13.5],
			"to": [19.6, 14.6, 18.6],
			"rotation": {"angle": -45, "axis": "y", "origin": [15.12631, 14.05, 25.15361]},
			"faces": {
				"north": {"uv": [8.25, 7.75, 8.9375, 6.5], "rotation": 90, "texture": "#0"},
				"east": {"uv": [8.25, 7.75, 8.9375, 6.5], "rotation": 90, "texture": "#0"},
				"south": {"uv": [8.25, 7.75, 8.9375, 6.5], "rotation": 90, "texture": "#0"},
				"west": {"uv": [8.25, 7.75, 8.9375, 6.5], "rotation": 90, "texture": "#0"},
				"up": {"uv": [8.9375, 6.5, 8.25, 7.75], "texture": "#0"},
				"down": {"uv": [8.9375, 6.5, 8.25, 7.75], "texture": "#0"}
			}
		},
		{
			"from": [22.93013, 13.7, 11.03663],
			"to": [23.63013, 14.4, 16.13663],
			"rotation": {"angle": -22.5, "axis": "y", "origin": [15.12631, 14.05, 25.15361]},
			"faces": {
				"north": {"uv": [8.25, 7.75, 8.9375, 6.5], "rotation": 90, "texture": "#0"},
				"east": {"uv": [8.25, 7.75, 8.9375, 6.5], "rotation": 90, "texture": "#0"},
				"south": {"uv": [8.25, 7.75, 8.9375, 6.5], "rotation": 90, "texture": "#0"},
				"west": {"uv": [8.25, 7.75, 8.9375, 6.5], "rotation": 90, "texture": "#0"},
				"up": {"uv": [8.9375, 6.5, 8.25, 7.75], "texture": "#0"},
				"down": {"uv": [8.9375, 6.5, 8.25, 7.75], "texture": "#0"}
			}
		},
		{
			"from": [23.03013, 13.8, 5.93663],
			"to": [23.53013, 14.3, 11.03663],
			"rotation": {"angle": -22.5, "axis": "y", "origin": [15.12631, 14.05, 25.15361]},
			"faces": {
				"north": {"uv": [8.25, 7.75, 8.9375, 6.5], "rotation": 90, "texture": "#0"},
				"east": {"uv": [8.25, 7.75, 8.9375, 6.5], "rotation": 90, "texture": "#0"},
				"south": {"uv": [8.25, 7.75, 8.9375, 6.5], "rotation": 90, "texture": "#0"},
				"west": {"uv": [8.25, 7.75, 8.9375, 6.5], "rotation": 90, "texture": "#0"},
				"up": {"uv": [8.9375, 6.5, 8.25, 7.75], "texture": "#0"},
				"down": {"uv": [8.9375, 6.5, 8.25, 7.75], "texture": "#0"}
			}
		},
		{
			"from": [2.3496, 19.6, 25.41946],
			"to": [7.4496, 21.1, 26.91946],
			"rotation": {"angle": -22.5, "axis": "y", "origin": [0.27369, 20.35, 23.25361]},
			"faces": {
				"north": {"uv": [8.25, 6.5, 8.9375, 7.75], "rotation": 90, "texture": "#0"},
				"east": {"uv": [8.25, 6.5, 8.9375, 7.75], "rotation": 90, "texture": "#0"},
				"south": {"uv": [8.25, 6.5, 8.9375, 7.75], "rotation": 90, "texture": "#0"},
				"west": {"uv": [8.25, 6.5, 8.9375, 7.75], "rotation": 90, "texture": "#0"},
				"up": {"uv": [8.25, 6.5, 8.9375, 7.75], "rotation": 270, "texture": "#0"},
				"down": {"uv": [8.25, 6.5, 8.9375, 7.75], "rotation": 90, "texture": "#0"}
			}
		},
		{
			"from": [-2.7504, 19.6, 25.41946],
			"to": [2.3496, 21.1, 26.91946],
			"rotation": {"angle": -22.5, "axis": "y", "origin": [0.27369, 20.35, 23.25361]},
			"faces": {
				"north": {"uv": [8.25, 6.5, 8.9375, 7.75], "rotation": 90, "texture": "#0"},
				"east": {"uv": [8.25, 6.5, 8.9375, 7.75], "rotation": 90, "texture": "#0"},
				"south": {"uv": [8.25, 6.5, 8.9375, 7.75], "rotation": 90, "texture": "#0"},
				"west": {"uv": [8.25, 6.5, 8.9375, 7.75], "rotation": 90, "texture": "#0"},
				"up": {"uv": [8.25, 6.5, 8.9375, 7.75], "rotation": 270, "texture": "#0"},
				"down": {"uv": [8.25, 6.5, 8.9375, 7.75], "rotation": 90, "texture": "#0"}
			}
		},
		{
			"from": [-4.2, 19.8, 16.7],
			"to": [-3.1, 20.9, 21.8],
			"rotation": {"angle": 45, "axis": "y", "origin": [0.27369, 20.35, 23.25361]},
			"faces": {
				"north": {"uv": [8.25, 6.5, 8.9375, 7.75], "rotation": 90, "texture": "#0"},
				"east": {"uv": [8.25, 6.5, 8.9375, 7.75], "rotation": 90, "texture": "#0"},
				"south": {"uv": [8.25, 6.5, 8.9375, 7.75], "rotation": 90, "texture": "#0"},
				"west": {"uv": [8.25, 6.5, 8.9375, 7.75], "rotation": 90, "texture": "#0"},
				"up": {"uv": [8.25, 6.5, 8.9375, 7.75], "texture": "#0"},
				"down": {"uv": [8.25, 6.5, 8.9375, 7.75], "texture": "#0"}
			}
		},
		{
			"from": [-4.2, 19.8, 11.6],
			"to": [-3.1, 20.9, 16.7],
			"rotation": {"angle": 45, "axis": "y", "origin": [0.27369, 20.35, 23.25361]},
			"faces": {
				"north": {"uv": [8.25, 6.5, 8.9375, 7.75], "rotation": 90, "texture": "#0"},
				"east": {"uv": [8.25, 6.5, 8.9375, 7.75], "rotation": 90, "texture": "#0"},
				"south": {"uv": [8.25, 6.5, 8.9375, 7.75], "rotation": 90, "texture": "#0"},
				"west": {"uv": [8.25, 6.5, 8.9375, 7.75], "rotation": 90, "texture": "#0"},
				"up": {"uv": [8.25, 6.5, 8.9375, 7.75], "texture": "#0"},
				"down": {"uv": [8.25, 6.5, 8.9375, 7.75], "texture": "#0"}
			}
		},
		{
			"from": [-8.23013, 20, 9.13663],
			"to": [-7.53013, 20.7, 14.23663],
			"rotation": {"angle": 22.5, "axis": "y", "origin": [0.27369, 20.35, 23.25361]},
			"faces": {
				"north": {"uv": [8.25, 6.5, 8.9375, 7.75], "rotation": 90, "texture": "#0"},
				"east": {"uv": [8.25, 6.5, 8.9375, 7.75], "rotation": 90, "texture": "#0"},
				"south": {"uv": [8.25, 6.5, 8.9375, 7.75], "rotation": 90, "texture": "#0"},
				"west": {"uv": [8.25, 6.5, 8.9375, 7.75], "rotation": 90, "texture": "#0"},
				"up": {"uv": [8.25, 6.5, 8.9375, 7.75], "texture": "#0"},
				"down": {"uv": [8.25, 6.5, 8.9375, 7.75], "texture": "#0"}
			}
		},
		{
			"from": [-8.13013, 20.1, 4.03663],
			"to": [-7.63013, 20.6, 9.13663],
			"rotation": {"angle": 22.5, "axis": "y", "origin": [0.27369, 20.35, 23.25361]},
			"faces": {
				"north": {"uv": [8.25, 6.5, 8.9375, 7.75], "rotation": 90, "texture": "#0"},
				"east": {"uv": [8.25, 6.5, 8.9375, 7.75], "rotation": 90, "texture": "#0"},
				"south": {"uv": [8.25, 6.5, 8.9375, 7.75], "rotation": 90, "texture": "#0"},
				"west": {"uv": [8.25, 6.5, 8.9375, 7.75], "rotation": 90, "texture": "#0"},
				"up": {"uv": [8.25, 6.5, 8.9375, 7.75], "texture": "#0"},
				"down": {"uv": [8.25, 6.5, 8.9375, 7.75], "texture": "#0"}
			}
		},
		{
			"from": [7.7504, 19.6, 25.41946],
			"to": [12.8504, 21.1, 26.91946],
			"rotation": {"angle": 22.5, "axis": "y", "origin": [14.92631, 20.35, 23.25361]},
			"faces": {
				"north": {"uv": [8.25, 7.75, 8.9375, 6.5], "rotation": 90, "texture": "#0"},
				"east": {"uv": [8.25, 7.75, 8.9375, 6.5], "rotation": 90, "texture": "#0"},
				"south": {"uv": [8.25, 7.75, 8.9375, 6.5], "rotation": 90, "texture": "#0"},
				"west": {"uv": [8.25, 7.75, 8.9375, 6.5], "rotation": 90, "texture": "#0"},
				"up": {"uv": [8.25, 7.75, 8.9375, 6.5], "rotation": 270, "texture": "#0"},
				"down": {"uv": [8.25, 7.75, 8.9375, 6.5], "rotation": 90, "texture": "#0"}
			}
		},
		{
			"from": [12.8504, 19.6, 25.41946],
			"to": [17.9504, 21.1, 26.91946],
			"rotation": {"angle": 22.5, "axis": "y", "origin": [14.92631, 20.35, 23.25361]},
			"faces": {
				"north": {"uv": [8.25, 7.75, 8.9375, 6.5], "rotation": 90, "texture": "#0"},
				"east": {"uv": [8.25, 7.75, 8.9375, 6.5], "rotation": 90, "texture": "#0"},
				"south": {"uv": [8.25, 7.75, 8.9375, 6.5], "rotation": 90, "texture": "#0"},
				"west": {"uv": [8.25, 7.75, 8.9375, 6.5], "rotation": 90, "texture": "#0"},
				"up": {"uv": [8.25, 7.75, 8.9375, 6.5], "rotation": 270, "texture": "#0"},
				"down": {"uv": [8.25, 7.75, 8.9375, 6.5], "rotation": 90, "texture": "#0"}
			}
		},
		{
			"from": [18.3, 19.8, 16.7],
			"to": [19.4, 20.9, 21.8],
			"rotation": {"angle": -45, "axis": "y", "origin": [14.92631, 20.35, 23.25361]},
			"faces": {
				"north": {"uv": [8.25, 7.75, 8.9375, 6.5], "rotation": 90, "texture": "#0"},
				"east": {"uv": [8.25, 7.75, 8.9375, 6.5], "rotation": 90, "texture": "#0"},
				"south": {"uv": [8.25, 7.75, 8.9375, 6.5], "rotation": 90, "texture": "#0"},
				"west": {"uv": [8.25, 7.75, 8.9375, 6.5], "rotation": 90, "texture": "#0"},
				"up": {"uv": [8.9375, 6.5, 8.25, 7.75], "texture": "#0"},
				"down": {"uv": [8.9375, 6.5, 8.25, 7.75], "texture": "#0"}
			}
		},
		{
			"from": [18.3, 19.8, 11.6],
			"to": [19.4, 20.9, 16.7],
			"rotation": {"angle": -45, "axis": "y", "origin": [14.92631, 20.35, 23.25361]},
			"faces": {
				"north": {"uv": [8.25, 7.75, 8.9375, 6.5], "rotation": 90, "texture": "#0"},
				"east": {"uv": [8.25, 7.75, 8.9375, 6.5], "rotation": 90, "texture": "#0"},
				"south": {"uv": [8.25, 7.75, 8.9375, 6.5], "rotation": 90, "texture": "#0"},
				"west": {"uv": [8.25, 7.75, 8.9375, 6.5], "rotation": 90, "texture": "#0"},
				"up": {"uv": [8.9375, 6.5, 8.25, 7.75], "texture": "#0"},
				"down": {"uv": [8.9375, 6.5, 8.25, 7.75], "texture": "#0"}
			}
		},
		{
			"from": [22.73013, 20, 9.13663],
			"to": [23.43013, 20.7, 14.23663],
			"rotation": {"angle": -22.5, "axis": "y", "origin": [14.92631, 20.35, 23.25361]},
			"faces": {
				"north": {"uv": [8.25, 7.75, 8.9375, 6.5], "rotation": 90, "texture": "#0"},
				"east": {"uv": [8.25, 7.75, 8.9375, 6.5], "rotation": 90, "texture": "#0"},
				"south": {"uv": [8.25, 7.75, 8.9375, 6.5], "rotation": 90, "texture": "#0"},
				"west": {"uv": [8.25, 7.75, 8.9375, 6.5], "rotation": 90, "texture": "#0"},
				"up": {"uv": [8.9375, 6.5, 8.25, 7.75], "texture": "#0"},
				"down": {"uv": [8.9375, 6.5, 8.25, 7.75], "texture": "#0"}
			}
		},
		{
			"from": [22.83013, 20.1, 4.03663],
			"to": [23.33013, 20.6, 9.13663],
			"rotation": {"angle": -22.5, "axis": "y", "origin": [14.92631, 20.35, 23.25361]},
			"faces": {
				"north": {"uv": [8.25, 7.75, 8.9375, 6.5], "rotation": 90, "texture": "#0"},
				"east": {"uv": [8.25, 7.75, 8.9375, 6.5], "rotation": 90, "texture": "#0"},
				"south": {"uv": [8.25, 7.75, 8.9375, 6.5], "rotation": 90, "texture": "#0"},
				"west": {"uv": [8.25, 7.75, 8.9375, 6.5], "rotation": 90, "texture": "#0"},
				"up": {"uv": [8.9375, 6.5, 8.25, 7.75], "texture": "#0"},
				"down": {"uv": [8.9375, 6.5, 8.25, 7.75], "texture": "#0"}
			}
		},
		{
			"from": [5.72, 9.52, 25.4],
			"to": [7.16, 15.58, 27.44],
			"rotation": {"angle": 22.5, "axis": "x", "origin": [6.54875, 4.27, 26.08625]},
			"faces": {
				"north": {"uv": [6.75, 7.5, 7.25, 9.75], "texture": "#0"},
				"east": {"uv": [3, 5.5, 3.75, 7.75], "texture": "#0"},
				"south": {"uv": [4.5, 8.25, 5, 10.5], "texture": "#0"},
				"west": {"uv": [3.75, 5.5, 4.5, 7.75], "texture": "#0"},
				"up": {"uv": [10, 1.5, 9.5, 0.75], "texture": "#0"},
				"down": {"uv": [10, 2.25, 9.5, 3], "texture": "#0"}
			}
		},
		{
			"from": [7.16, 12.52, 25.4],
			"to": [7.46, 14.74, 27.44],
			"rotation": {"angle": 22.5, "axis": "x", "origin": [6.54875, 4.27, 26.08625]},
			"faces": {
				"north": {"uv": [1.5, 6, 1.75, 7], "texture": "#0"},
				"east": {"uv": [5.75, 8.5, 6.5, 9.5], "texture": "#0"},
				"south": {"uv": [6.5, 0, 6.75, 1], "texture": "#0"},
				"west": {"uv": [7.25, 8.5, 8, 9.5], "texture": "#0"},
				"up": {"uv": [6.75, 1.75, 6.5, 1], "texture": "#0"},
				"down": {"uv": [6.75, 3, 6.5, 3.75], "texture": "#0"}
			}
		},
		{
			"from": [5.84, 0.18, 24.6],
			"to": [7.04, 8.52, 26.46],
			"rotation": {"angle": 22.5, "axis": "x", "origin": [6.44, 1.4, 27.955]},
			"faces": {
				"north": {"uv": [0.75, 2.5, 1.25, 6], "texture": "#0"},
				"east": {"uv": [2.25, 2.25, 3, 5.75], "texture": "#0"},
				"south": {"uv": [1.25, 2.5, 1.75, 6], "texture": "#0"},
				"west": {"uv": [0, 2.5, 0.75, 6], "texture": "#0"},
				"up": {"uv": [6.75, 10.25, 6.25, 9.5], "texture": "#0"},
				"down": {"uv": [7.75, 9.5, 7.25, 10.25], "texture": "#0"}
			}
		},
		{
			"from": [6.08, -0.72, 23.22],
			"to": [6.8, -0.42, 23.64],
			"rotation": {"angle": 22.5, "axis": "x", "origin": [6.44, 1.4, 27.955]},
			"faces": {
				"north": {"uv": [4.5, 5.5, 4.75, 5.75], "texture": "#0"},
				"east": {"uv": [6.5, 1.75, 6.75, 2], "texture": "#0"},
				"south": {"uv": [6.5, 3.75, 6.75, 4], "texture": "#0"},
				"west": {"uv": [8.5, 5.25, 8.75, 5.5], "texture": "#0"},
				"up": {"uv": [6.75, 9.5, 6.5, 9.25], "texture": "#0"},
				"down": {"uv": [8, 9.5, 7.75, 9.75], "texture": "#0"}
			}
		},
		{
			"from": [5.96, -0.72, 23.64],
			"to": [6.92, -0.24, 24.12],
			"rotation": {"angle": 22.5, "axis": "x", "origin": [6.44, 1.4, 27.955]},
			"faces": {
				"north": {"uv": [1.75, 5.5, 2.25, 5.75], "texture": "#0"},
				"east": {"uv": [10.25, 7.75, 10.5, 8], "texture": "#0"},
				"south": {"uv": [7.25, 5.5, 7.75, 5.75], "texture": "#0"},
				"west": {"uv": [10.25, 8, 10.5, 8.25], "texture": "#0"},
				"up": {"uv": [5.5, 8.5, 5, 8.25], "texture": "#0"},
				"down": {"uv": [9.5, 2.25, 9, 2.5], "texture": "#0"}
			}
		},
		{
			"from": [5.84, -0.72, 24.12],
			"to": [7.04, -0.12, 26.52],
			"rotation": {"angle": 22.5, "axis": "x", "origin": [6.44, 1.4, 27.955]},
			"faces": {
				"north": {"uv": [1, 10.25, 1.5, 10.5], "texture": "#0"},
				"east": {"uv": [9.5, 4.5, 10.5, 4.75], "texture": "#0"},
				"south": {"uv": [1.5, 10.25, 2, 10.5], "texture": "#0"},
				"west": {"uv": [9.5, 5.75, 10.5, 6], "texture": "#0"},
				"up": {"uv": [4.5, 10, 4, 9], "texture": "#0"},
				"down": {"uv": [9.5, 0.75, 9, 1.75], "texture": "#0"}
			}
		},
		{
			"from": [5.96, -0.72, 26.52],
			"to": [6.92, -0.3, 26.76],
			"rotation": {"angle": 22.5, "axis": "x", "origin": [6.44, 1.4, 27.955]},
			"faces": {
				"north": {"uv": [2, 10.25, 2.5, 10.5], "texture": "#0"},
				"east": {"uv": [10.25, 8.25, 10.5, 8.5], "texture": "#0"},
				"south": {"uv": [3.5, 10.25, 4, 10.5], "texture": "#0"},
				"west": {"uv": [10.25, 8.5, 10.5, 8.75], "texture": "#0"},
				"up": {"uv": [5.5, 10.5, 5, 10.25], "texture": "#0"},
				"down": {"uv": [6.25, 10.25, 5.75, 10.5], "texture": "#0"}
			}
		},
		{
			"from": [5.96, -0.12, 24.72],
			"to": [6.92, 0.18, 26.34],
			"rotation": {"angle": 22.5, "axis": "x", "origin": [6.44, 1.4, 27.955]},
			"faces": {
				"north": {"uv": [6.25, 10.25, 6.75, 10.5], "texture": "#0"},
				"east": {"uv": [2.25, 2, 3, 2.25], "texture": "#0"},
				"south": {"uv": [6.75, 10.25, 7.25, 10.5], "texture": "#0"},
				"west": {"uv": [10, 1.25, 10.75, 1.5], "texture": "#0"},
				"up": {"uv": [3, 7.75, 2.5, 7], "texture": "#0"},
				"down": {"uv": [6.25, 9.5, 5.75, 10.25], "texture": "#0"}
			}
		},
		{
			"from": [8.24, 9.58, 25.34],
			"to": [9.68, 15.52, 27.38],
			"rotation": {"angle": 22.5, "axis": "x", "origin": [8.85125, 4.33, 26.02625]},
			"faces": {
				"north": {"uv": [7.25, 7.5, 6.75, 9.75], "texture": "#0"},
				"east": {"uv": [4.5, 5.5, 3.75, 7.75], "texture": "#0"},
				"south": {"uv": [5, 8.25, 4.5, 10.5], "texture": "#0"},
				"west": {"uv": [3.75, 5.5, 3, 7.75], "texture": "#0"},
				"up": {"uv": [9.5, 1.5, 10, 0.75], "texture": "#0"},
				"down": {"uv": [9.5, 2.25, 10, 3], "texture": "#0"}
			}
		},
		{
			"from": [7.94, 12.58, 25.34],
			"to": [8.24, 14.8, 27.38],
			"rotation": {"angle": 22.5, "axis": "x", "origin": [8.85125, 4.33, 26.02625]},
			"faces": {
				"north": {"uv": [1.75, 6, 1.5, 7], "texture": "#0"},
				"east": {"uv": [8, 8.5, 7.25, 9.5], "texture": "#0"},
				"south": {"uv": [6.75, 0, 6.5, 1], "texture": "#0"},
				"west": {"uv": [6.5, 8.5, 5.75, 9.5], "texture": "#0"},
				"up": {"uv": [6.5, 1.75, 6.75, 1], "texture": "#0"},
				"down": {"uv": [6.5, 3, 6.75, 3.75], "texture": "#0"}
			}
		},
		{
			"from": [8.36, 0.54, 25.68],
			"to": [9.56, 8.88, 27.54],
			"rotation": {"angle": 22.5, "axis": "x", "origin": [8.85125, 4.33, 27.94625]},
			"faces": {
				"north": {"uv": [1.25, 2.5, 0.75, 6], "texture": "#0"},
				"east": {"uv": [0.75, 2.5, 0, 6], "texture": "#0"},
				"south": {"uv": [1.75, 2.5, 1.25, 6], "texture": "#0"},
				"west": {"uv": [3, 2.25, 2.25, 5.75], "texture": "#0"},
				"up": {"uv": [6.25, 10.25, 6.75, 9.5], "texture": "#0"},
				"down": {"uv": [7.25, 9.5, 7.75, 10.25], "texture": "#0"}
			}
		},
		{
			"from": [8.6, -0.36, 24.3],
			"to": [9.32, -0.06, 24.72],
			"rotation": {"angle": 22.5, "axis": "x", "origin": [8.85125, 4.33, 27.94625]},
			"faces": {
				"north": {"uv": [4.75, 5.5, 4.5, 5.75], "texture": "#0"},
				"east": {"uv": [8.75, 5.25, 8.5, 5.5], "texture": "#0"},
				"south": {"uv": [6.75, 3.75, 6.5, 4], "texture": "#0"},
				"west": {"uv": [6.75, 1.75, 6.5, 2], "texture": "#0"},
				"up": {"uv": [6.5, 9.5, 6.75, 9.25], "texture": "#0"},
				"down": {"uv": [7.75, 9.5, 8, 9.75], "texture": "#0"}
			}
		},
		{
			"from": [8.48, -0.36, 24.72],
			"to": [9.44, 0.12, 25.2],
			"rotation": {"angle": 22.5, "axis": "x", "origin": [8.85125, 4.33, 27.94625]},
			"faces": {
				"north": {"uv": [2.25, 5.5, 1.75, 5.75], "texture": "#0"},
				"east": {"uv": [10.5, 8, 10.25, 8.25], "texture": "#0"},
				"south": {"uv": [7.75, 5.5, 7.25, 5.75], "texture": "#0"},
				"west": {"uv": [10.5, 7.75, 10.25, 8], "texture": "#0"},
				"up": {"uv": [5, 8.5, 5.5, 8.25], "texture": "#0"},
				"down": {"uv": [9, 2.25, 9.5, 2.5], "texture": "#0"}
			}
		},
		{
			"from": [8.36, -0.36, 25.2],
			"to": [9.56, 0.24, 27.6],
			"rotation": {"angle": 22.5, "axis": "x", "origin": [8.85125, 4.33, 27.94625]},
			"faces": {
				"north": {"uv": [1.5, 10.25, 1, 10.5], "texture": "#0"},
				"east": {"uv": [10.5, 5.75, 9.5, 6], "texture": "#0"},
				"south": {"uv": [2, 10.25, 1.5, 10.5], "texture": "#0"},
				"west": {"uv": [10.5, 4.5, 9.5, 4.75], "texture": "#0"},
				"up": {"uv": [4, 10, 4.5, 9], "texture": "#0"},
				"down": {"uv": [9, 0.75, 9.5, 1.75], "texture": "#0"}
			}
		},
		{
			"from": [8.48, -0.36, 27.6],
			"to": [9.44, 0.06, 27.84],
			"rotation": {"angle": 22.5, "axis": "x", "origin": [8.85125, 4.33, 27.94625]},
			"faces": {
				"north": {"uv": [2.5, 10.25, 2, 10.5], "texture": "#0"},
				"east": {"uv": [10.5, 8.5, 10.25, 8.75], "texture": "#0"},
				"south": {"uv": [4, 10.25, 3.5, 10.5], "texture": "#0"},
				"west": {"uv": [10.5, 8.25, 10.25, 8.5], "texture": "#0"},
				"up": {"uv": [5, 10.5, 5.5, 10.25], "texture": "#0"},
				"down": {"uv": [5.75, 10.25, 6.25, 10.5], "texture": "#0"}
			}
		},
		{
			"from": [8.48, 0.24, 25.8],
			"to": [9.44, 0.54, 27.42],
			"rotation": {"angle": 22.5, "axis": "x", "origin": [8.85125, 4.33, 27.94625]},
			"faces": {
				"north": {"uv": [6.75, 10.25, 6.25, 10.5], "texture": "#0"},
				"east": {"uv": [10.75, 1.25, 10, 1.5], "texture": "#0"},
				"south": {"uv": [7.25, 10.25, 6.75, 10.5], "texture": "#0"},
				"west": {"uv": [3, 2, 2.25, 2.25], "texture": "#0"},
				"up": {"uv": [2.5, 7.75, 3, 7], "texture": "#0"},
				"down": {"uv": [5.75, 9.5, 6.25, 10.25], "texture": "#0"}
			}
		},
		{
			"from": [7.46, 13.3, 29.36],
			"to": [7.88, 14.26, 31.4],
			"rotation": {"angle": 0, "axis": "x", "origin": [7.65, 18.4277, 28.95941]},
			"faces": {
				"north": {"uv": [5.5, 7, 5.75, 7.5], "texture": "#0"},
				"east": {"uv": [9.25, 8.75, 10, 9.25], "texture": "#0"},
				"south": {"uv": [7.25, 10.25, 7.5, 10.75], "texture": "#0"},
				"west": {"uv": [9.5, 3, 10.25, 3.5], "texture": "#0"},
				"up": {"uv": [6.75, 9.25, 6.5, 8.5], "texture": "#0"},
				"down": {"uv": [8.25, 8.5, 8, 9.25], "texture": "#0"}
			}
		},
		{
			"from": [5.48, 14.26, 29.18],
			"to": [9.86, 17.44, 31.58],
			"rotation": {"angle": 0, "axis": "x", "origin": [7.65, 18.4277, 28.95941]},
			"faces": {
				"north": {"uv": [3, 3, 4.75, 4.25], "texture": "#0"},
				"east": {"uv": [4.5, 7, 5.5, 8.25], "texture": "#0"},
				"south": {"uv": [3, 4.25, 4.75, 5.5], "texture": "#0"},
				"west": {"uv": [7.25, 7.25, 8.25, 8.5], "texture": "#0"},
				"up": {"uv": [6.5, 4, 4.75, 3], "texture": "#0"},
				"down": {"uv": [6.75, 2, 5, 3], "texture": "#0"}
			}
		},
		{
			"from": [5.24, 16.54141, 27.73769],
			"to": [10.1, 18.64141, 30.13769],
			"rotation": {"angle": -22.5, "axis": "x", "origin": [7.64, 20.23404, 28.24912]},
			"faces": {
				"north": {"uv": [4.75, 4, 6.75, 4.75], "texture": "#0"},
				"east": {"uv": [7.25, 6.5, 8.25, 7.25], "texture": "#0"},
				"south": {"uv": [5.75, 5.75, 7.75, 6.5], "texture": "#0"},
				"west": {"uv": [8.5, 2.5, 9.5, 3.25], "texture": "#0"},
				"up": {"uv": [5, 3, 3, 2], "texture": "#0"},
				"down": {"uv": [6.5, 0, 4.5, 1], "texture": "#0"}
			}
		},
		{
			"from": [4.94, 18.75909, 26.67746],
			"to": [10.34, 21.15909, 29.85746],
			"rotation": {"angle": 45, "axis": "x", "origin": [7.64, 19.33404, 28.24912]},
			"faces": {
				"north": {"uv": [4.5, 1, 2.25, 0], "rotation": 180, "texture": "#0"},
				"east": {"uv": [7.25, 0, 8.25, 1.25], "rotation": 90, "texture": "#0"},
				"south": {"uv": [4.5, 1, 2.25, 2], "texture": "#0"},
				"west": {"uv": [7.25, 1.25, 8.25, 2.5], "rotation": 270, "texture": "#0"},
				"up": {"uv": [0, 1.25, 2.25, 2.5], "texture": "#0"},
				"down": {"uv": [0, 0, 2.25, 1.25], "rotation": 180, "texture": "#0"}
			}
		},
		{
			"from": [5.18, 18.75909, 26.25746],
			"to": [10.1, 21.15909, 26.67746],
			"rotation": {"angle": 45, "axis": "x", "origin": [7.64, 19.33404, 28.24912]},
			"faces": {
				"north": {"uv": [6.5, 2, 4.5, 1], "rotation": 180, "texture": "#0"},
				"east": {"uv": [2.5, 9.75, 3.5, 10], "rotation": 90, "texture": "#0"},
				"south": {"uv": [6.75, 4.75, 4.75, 5.75], "texture": "#0"},
				"west": {"uv": [7.75, 9.75, 8.75, 10], "rotation": 270, "texture": "#0"},
				"up": {"uv": [8.75, 6.25, 10.75, 6.5], "texture": "#0"},
				"down": {"uv": [8.75, 6, 10.75, 6.25], "rotation": 180, "texture": "#0"}
			}
		},
		{
			"from": [5.84, 18.75909, 25.95746],
			"to": [9.38, 21.15909, 26.25746],
			"rotation": {"angle": 45, "axis": "x", "origin": [7.64, 19.33404, 28.24912]},
			"faces": {
				"north": {"uv": [1.5, 7, 0, 6], "rotation": 180, "texture": "#0"},
				"east": {"uv": [8.75, 9.75, 9.75, 10], "rotation": 90, "texture": "#0"},
				"south": {"uv": [7.25, 6.5, 5.75, 7.5], "texture": "#0"},
				"west": {"uv": [9.75, 9.75, 10.75, 10], "rotation": 270, "texture": "#0"},
				"up": {"uv": [9.5, 1.5, 11, 1.75], "texture": "#0"},
				"down": {"uv": [9, 7.5, 10.5, 7.75], "rotation": 180, "texture": "#0"}
			}
		},
		{
			"name": "cuello",
			"from": [6.74, 20.59999, 25.50001],
			"to": [8.42, 21.49999, 27.00001],
			"rotation": {"angle": -45, "axis": "x", "origin": [7.5825, 21.87367, 25.7798]},
			"faces": {
				"north": {"uv": [10, 2.75, 10.75, 3], "texture": "#0"},
				"east": {"uv": [10, 8.75, 10.75, 9], "texture": "#0"},
				"south": {"uv": [10, 9, 10.75, 9.25], "texture": "#0"},
				"west": {"uv": [10, 9.25, 10.75, 9.5], "texture": "#0"},
				"up": {"uv": [9.5, 6, 8.75, 5.25], "texture": "#0"},
				"down": {"uv": [3.25, 9, 2.5, 9.75], "texture": "#0"}
			}
		},
		{
			"from": [6.38, 22.41154, 24.22639],
			"to": [8.84, 23.55154, 26.92639],
			"rotation": {"angle": 0, "axis": "x", "origin": [7.5825, 22.65367, 25.4198]},
			"faces": {
				"north": {"uv": [9, 1.75, 10, 2.25], "texture": "#0"},
				"east": {"uv": [8.25, 7.75, 9.5, 8.25], "texture": "#0"},
				"south": {"uv": [9, 6.5, 10, 7], "texture": "#0"},
				"west": {"uv": [8.5, 4.75, 9.75, 5.25], "texture": "#0"},
				"up": {"uv": [3.5, 9, 2.5, 7.75], "texture": "#0"},
				"down": {"uv": [4.5, 7.75, 3.5, 9], "texture": "#0"}
			}
		},
		{
			"from": [6.14, 23.01154, 24.16639],
			"to": [9.02, 25.29154, 27.10639],
			"rotation": {"angle": 0, "axis": "x", "origin": [7.5825, 22.65367, 25.4198]},
			"faces": {
				"north": {"uv": [7.25, 2.5, 8.5, 3.5], "texture": "#0"},
				"east": {"uv": [7.25, 3.5, 8.5, 4.5], "texture": "#0"},
				"south": {"uv": [7.25, 4.5, 8.5, 5.5], "texture": "#0"},
				"west": {"uv": [5.5, 7.5, 6.75, 8.5], "texture": "#0"},
				"up": {"uv": [3, 7, 1.75, 5.75], "texture": "#0"},
				"down": {"uv": [5.75, 5.75, 4.5, 7], "texture": "#0"}
			}
		},
		{
			"from": [6.38, 24.75154, 24.34639],
			"to": [8.78, 25.77154, 26.86639],
			"rotation": {"angle": 0, "axis": "x", "origin": [7.5825, 22.65367, 25.4198]},
			"faces": {
				"north": {"uv": [9, 7, 10, 7.5], "texture": "#0"},
				"east": {"uv": [8, 9.25, 9, 9.75], "texture": "#0"},
				"south": {"uv": [9, 9.25, 10, 9.75], "texture": "#0"},
				"west": {"uv": [9.25, 8.25, 10.25, 8.75], "texture": "#0"},
				"up": {"uv": [8.75, 6.5, 7.75, 5.5], "texture": "#0"},
				"down": {"uv": [9.25, 8.25, 8.25, 9.25], "texture": "#0"}
			}
		},
		{
			"from": [6.62, 22.04, 24.66],
			"to": [6.62, 22.4, 26.7],
			"rotation": {"angle": 0, "axis": "x", "origin": [7.5825, 22.65367, 25.4198]},
			"faces": {
				"north": {"uv": [0, 0.15, 0, 0], "texture": "#0"},
				"east": {"uv": [10.5, 10.25, 12, 10], "texture": "#0"},
				"south": {"uv": [0, 0.15, 0, 0], "texture": "#0"},
				"west": {"uv": [10.5, 10.25, 12, 10], "texture": "#0"},
				"up": {"uv": [0, 0.85, 0, 0], "texture": "#0"},
				"down": {"uv": [0, 0.85, 0, 0], "texture": "#0"}
			}
		},
		{
			"from": [6.56, 22.04, 24.6],
			"to": [8.6, 22.4, 24.6],
			"rotation": {"angle": 0, "axis": "x", "origin": [7.5825, 22.65367, 25.4198]},
			"faces": {
				"north": {"uv": [10.5, 10.25, 12, 10], "texture": "#0"},
				"east": {"uv": [0, 0.15, 0, 0], "texture": "#0"},
				"south": {"uv": [10.5, 10.25, 12, 10], "texture": "#0"},
				"west": {"uv": [0, 0.15, 0, 0], "texture": "#0"},
				"up": {"uv": [0, 0, 0, 0.85], "rotation": 270, "texture": "#0"},
				"down": {"uv": [0, 0, 0, 0.85], "rotation": 90, "texture": "#0"}
			}
		},
		{
			"from": [8.54, 22.04, 24.66],
			"to": [8.54, 22.4, 26.7],
			"rotation": {"angle": 0, "axis": "x", "origin": [7.5825, 22.65367, 25.4198]},
			"faces": {
				"north": {"uv": [0, 0.15, 0, 0], "texture": "#0"},
				"east": {"uv": [10.5, 10.25, 12, 10], "texture": "#0"},
				"south": {"uv": [0, 0.15, 0, 0], "texture": "#0"},
				"west": {"uv": [10.5, 10.25, 12, 10], "texture": "#0"},
				"up": {"uv": [0, 0.85, 0, 0], "texture": "#0"},
				"down": {"uv": [0, 0.85, 0, 0], "texture": "#0"}
			}
		},
		{
			"from": [6.56, 20.88828, 25.26241],
			"to": [8.6, 20.88828, 25.62241],
			"rotation": {"angle": 45, "axis": "x", "origin": [7.5825, 21.63367, 25.4798]},
			"faces": {
				"north": {"uv": [0, 0, 0, 0.85], "rotation": 270, "texture": "#0"},
				"east": {"uv": [0, 0, 0, 0.15], "rotation": 90, "texture": "#0"},
				"south": {"uv": [0, 0, 0, 0.85], "rotation": 270, "texture": "#0"},
				"west": {"uv": [0, 0, 0, 0.15], "rotation": 270, "texture": "#0"},
				"up": {"uv": [10.5, 10, 12, 10.25], "texture": "#0"},
				"down": {"uv": [10.5, 10, 12, 10.25], "rotation": 180, "texture": "#0"}
			}
		},
		{
			"from": [6.62, 20.94828, 25.26241],
			"to": [6.62, 22.98828, 25.62241],
			"rotation": {"angle": 45, "axis": "x", "origin": [7.5825, 21.63367, 25.4798]},
			"faces": {
				"north": {"uv": [0, 0, 0, 0.85], "rotation": 180, "texture": "#0"},
				"east": {"uv": [10.5, 10, 12, 10.25], "rotation": 90, "texture": "#0"},
				"south": {"uv": [0, 0, 0, 0.85], "texture": "#0"},
				"west": {"uv": [10.5, 10, 12, 10.25], "rotation": 270, "texture": "#0"},
				"up": {"uv": [0, 0, 0, 0.15], "texture": "#0"},
				"down": {"uv": [0, 0, 0, 0.15], "rotation": 180, "texture": "#0"}
			}
		},
		{
			"from": [8.54, 20.94828, 25.26241],
			"to": [8.54, 22.98828, 25.62241],
			"rotation": {"angle": 45, "axis": "x", "origin": [7.5825, 21.63367, 25.4798]},
			"faces": {
				"north": {"uv": [0, 0, 0, 0.85], "rotation": 180, "texture": "#0"},
				"east": {"uv": [10.5, 10, 12, 10.25], "rotation": 90, "texture": "#0"},
				"south": {"uv": [0, 0, 0, 0.85], "texture": "#0"},
				"west": {"uv": [10.5, 10, 12, 10.25], "rotation": 270, "texture": "#0"},
				"up": {"uv": [0, 0, 0, 0.15], "texture": "#0"},
				"down": {"uv": [0, 0, 0, 0.15], "rotation": 180, "texture": "#0"}
			}
		},
		{
			"from": [6.5, 20.7725, 25.60268],
			"to": [8.66, 21.3725, 26.50268],
			"rotation": {"angle": 45, "axis": "x", "origin": [7.5825, 21.63367, 25.4798]},
			"faces": {
				"north": {"uv": [10.75, 0.75, 9.75, 0.5], "rotation": 180, "texture": "#0"},
				"east": {"uv": [10.25, 10, 10.5, 10.25], "rotation": 90, "texture": "#0"},
				"south": {"uv": [10.75, 4.75, 9.75, 5], "texture": "#0"},
				"west": {"uv": [0, 10.5, 0.25, 10.75], "rotation": 270, "texture": "#0"},
				"up": {"uv": [9.75, 0.25, 10.75, 0.5], "texture": "#0"},
				"down": {"uv": [9.75, 0, 10.75, 0.25], "rotation": 180, "texture": "#0"}
			}
		},
		{
			"from": [6.5, 21.3725, 25.60268],
			"to": [8.66, 23.0525, 26.14268],
			"rotation": {"angle": 45, "axis": "x", "origin": [7.5825, 21.63367, 25.4798]},
			"faces": {
				"north": {"uv": [9.5, 4, 8.5, 3.25], "rotation": 180, "texture": "#0"},
				"east": {"uv": [10, 9.5, 10.75, 9.75], "rotation": 90, "texture": "#0"},
				"south": {"uv": [9.5, 4, 8.5, 4.75], "texture": "#0"},
				"west": {"uv": [0, 10.25, 0.75, 10.5], "rotation": 270, "texture": "#0"},
				"up": {"uv": [0, 10, 1, 10.25], "texture": "#0"},
				"down": {"uv": [9.75, 5, 10.75, 5.25], "rotation": 180, "texture": "#0"}
			}
		},
		{
			"from": [1.65045, 17.76129, 27.82],
			"to": [3.21045, 18.90129, 29.02],
			"rotation": {"angle": -22.5, "axis": "z", "origin": [4.77673, 14.48806, 20.3938]},
			"faces": {
				"north": {"uv": [3, 10, 3.5, 10.5], "texture": "#0"},
				"east": {"uv": [4, 10, 4.5, 10.5], "texture": "#0"},
				"south": {"uv": [7.75, 10, 8.25, 10.5], "texture": "#0"},
				"west": {"uv": [8.25, 10, 8.75, 10.5], "texture": "#0"},
				"up": {"uv": [9.25, 10.5, 8.75, 10], "texture": "#0"},
				"down": {"uv": [9.75, 10, 9.25, 10.5], "texture": "#0"}
			}
		},
		{
			"from": [1.65045, 18.90129, 27.82],
			"to": [3.21045, 20.28129, 29.02],
			"rotation": {"angle": -22.5, "axis": "z", "origin": [4.77673, 14.48806, 20.3938]},
			"faces": {
				"north": {"uv": [9.5, 5.25, 10.25, 5.75], "texture": "#0"},
				"east": {"uv": [6.75, 9.75, 7.25, 10.25], "texture": "#0"},
				"south": {"uv": [9.5, 7.75, 10.25, 8.25], "texture": "#0"},
				"west": {"uv": [2.5, 10, 3, 10.5], "texture": "#0"},
				"up": {"uv": [1.75, 10.25, 1, 9.75], "texture": "#0"},
				"down": {"uv": [2.5, 9.75, 1.75, 10.25], "texture": "#0"}
			}
		},
		{
			"from": [2.13045, 20.28129, 27.82],
			"to": [3.21045, 20.58129, 29.02],
			"rotation": {"angle": -22.5, "axis": "z", "origin": [4.77673, 14.48806, 20.3938]},
			"faces": {
				"north": {"uv": [10.25, 3, 10.75, 3.25], "texture": "#0"},
				"east": {"uv": [10.25, 3.25, 10.75, 3.5], "texture": "#0"},
				"south": {"uv": [10.25, 3.5, 10.75, 3.75], "texture": "#0"},
				"west": {"uv": [10.25, 3.75, 10.75, 4], "texture": "#0"},
				"up": {"uv": [4, 10.25, 3.5, 9.75], "texture": "#0"},
				"down": {"uv": [5.5, 9.75, 5, 10.25], "texture": "#0"}
			}
		},
		{
			"from": [2.49045, 19.08129, 27.46],
			"to": [3.21045, 20.52129, 29.32],
			"rotation": {"angle": -22.5, "axis": "z", "origin": [4.77673, 14.48806, 20.3938]},
			"faces": {
				"north": {"uv": [7.5, 10.25, 7.75, 10.75], "texture": "#0"},
				"east": {"uv": [9.5, 3.5, 10.25, 4], "texture": "#0"},
				"south": {"uv": [10.25, 10.25, 10.5, 10.75], "texture": "#0"},
				"west": {"uv": [9.5, 4, 10.25, 4.5], "texture": "#0"},
				"up": {"uv": [5.75, 10.5, 5.5, 9.75], "texture": "#0"},
				"down": {"uv": [1, 10.25, 0.75, 11], "texture": "#0"}
			}
		},
		{
			"from": [1.65045, 11.40129, 27.82],
			"to": [2.85045, 17.76129, 29.02],
			"rotation": {"angle": -22.5, "axis": "z", "origin": [4.77673, 14.48806, 20.3938]},
			"faces": {
				"north": {"uv": [6.75, 3, 7.25, 5.75], "texture": "#0"},
				"east": {"uv": [1, 7, 1.5, 9.75], "texture": "#0"},
				"south": {"uv": [1.5, 7, 2, 9.75], "texture": "#0"},
				"west": {"uv": [2, 7, 2.5, 9.75], "texture": "#0"},
				"up": {"uv": [10.25, 10.5, 9.75, 10], "texture": "#0"},
				"down": {"uv": [10.5, 0.75, 10, 1.25], "texture": "#0"}
			}
		},
		{
			"from": [0.762, 8.39048, 20.79948],
			"to": [1.962, 9.59048, 28.29948],
			"rotation": {"angle": -45, "axis": "x", "origin": [2.37673, 11.28806, 23.5938]},
			"faces": {
				"north": {"uv": [10.5, 2.25, 10, 2.75], "rotation": 90, "texture": "#0"},
				"east": {"uv": [1.75, 2.5, 2.25, 5.5], "rotation": 270, "texture": "#0"},
				"south": {"uv": [10.5, 2.25, 10, 1.75], "rotation": 90, "texture": "#0"},
				"west": {"uv": [0, 7, 0.5, 10], "rotation": 90, "texture": "#0"},
				"up": {"uv": [0.5, 7, 1, 10], "rotation": 180, "texture": "#0"},
				"down": {"uv": [6.75, 0, 7.25, 3], "texture": "#0"}
			}
		},
		{
			"from": [0.822, 8.45048, 20.31948],
			"to": [1.902, 9.53048, 20.79948],
			"rotation": {"angle": -45, "axis": "x", "origin": [2.37673, 11.28806, 23.5938]},
			"faces": {
				"north": {"uv": [10.25, 5.5, 10.75, 5.75], "rotation": 90, "texture": "#0"},
				"east": {"uv": [10.25, 4, 10.75, 4.25], "rotation": 270, "texture": "#0"},
				"south": {"uv": [10.5, 7, 10, 6.5], "rotation": 90, "texture": "#0"},
				"west": {"uv": [10.25, 4, 10.75, 4.25], "rotation": 90, "texture": "#0"},
				"up": {"uv": [10.25, 5.5, 10.75, 5.75], "rotation": 180, "texture": "#0"},
				"down": {"uv": [10.25, 5.5, 10.75, 5.75], "texture": "#0"}
			}
		},
		{
			"from": [0.822, 8.45048, 19.77948],
			"to": [1.902, 9.53048, 20.37948],
			"rotation": {"angle": -45, "axis": "x", "origin": [2.37673, 11.28806, 23.5938]},
			"faces": {
				"north": {"uv": [10.25, 5.5, 10.75, 5.75], "rotation": 90, "texture": "#0"},
				"east": {"uv": [10.25, 4, 10.75, 4.25], "rotation": 270, "texture": "#0"},
				"south": {"uv": [10.5, 7, 10, 6.5], "rotation": 90, "texture": "#0"},
				"west": {"uv": [10.25, 4, 10.75, 4.25], "rotation": 90, "texture": "#0"},
				"up": {"uv": [10.25, 5.5, 10.75, 5.75], "rotation": 180, "texture": "#0"},
				"down": {"uv": [10.25, 5.5, 10.75, 5.75], "texture": "#0"}
			}
		},
		{
			"from": [1.542, 6.36608, 19.79943],
			"to": [1.842, 6.66608, 20.51943],
			"rotation": {"angle": -22.5, "axis": "x", "origin": [1.692, 9.91608, 19.28943]},
			"faces": {
				"north": {"uv": [3.5, 10.5, 3.25, 10.75], "rotation": 90, "texture": "#0"},
				"east": {"uv": [2, 10.5, 2.25, 10.75], "rotation": 270, "texture": "#0"},
				"south": {"uv": [3.25, 10.75, 3, 10.5], "rotation": 90, "texture": "#0"},
				"west": {"uv": [2.5, 10.5, 2.75, 10.75], "rotation": 90, "texture": "#0"},
				"up": {"uv": [2.75, 10.5, 3, 10.75], "rotation": 180, "texture": "#0"},
				"down": {"uv": [2.25, 10.5, 2.5, 10.75], "texture": "#0"}
			}
		},
		{
			"from": [1.542, 6.36608, 20.51943],
			"to": [1.842, 6.66608, 21.11943],
			"rotation": {"angle": -22.5, "axis": "x", "origin": [1.692, 9.91608, 19.28943]},
			"faces": {
				"north": {"uv": [5, 10.5, 4.75, 10.75], "rotation": 90, "texture": "#0"},
				"east": {"uv": [3.5, 10.5, 3.75, 10.75], "rotation": 270, "texture": "#0"},
				"south": {"uv": [4.75, 10.75, 4.5, 10.5], "rotation": 90, "texture": "#0"},
				"west": {"uv": [4, 10.5, 4.25, 10.75], "rotation": 90, "texture": "#0"},
				"up": {"uv": [4.25, 10.5, 4.5, 10.75], "rotation": 180, "texture": "#0"},
				"down": {"uv": [3.75, 10.5, 4, 10.75], "texture": "#0"}
			}
		},
		{
			"from": [1.182, 6.36608, 19.79943],
			"to": [1.482, 6.66608, 20.51943],
			"rotation": {"angle": -22.5, "axis": "x", "origin": [1.332, 9.91608, 19.28943]},
			"faces": {
				"north": {"uv": [3.5, 10.5, 3.25, 10.75], "rotation": 90, "texture": "#0"},
				"east": {"uv": [2, 10.5, 2.25, 10.75], "rotation": 270, "texture": "#0"},
				"south": {"uv": [3.25, 10.75, 3, 10.5], "rotation": 90, "texture": "#0"},
				"west": {"uv": [2.5, 10.5, 2.75, 10.75], "rotation": 90, "texture": "#0"},
				"up": {"uv": [2.75, 10.5, 3, 10.75], "rotation": 180, "texture": "#0"},
				"down": {"uv": [2.25, 10.5, 2.5, 10.75], "texture": "#0"}
			}
		},
		{
			"from": [1.182, 6.36608, 20.51943],
			"to": [1.482, 6.66608, 21.11943],
			"rotation": {"angle": -22.5, "axis": "x", "origin": [1.332, 9.91608, 19.28943]},
			"faces": {
				"north": {"uv": [5, 10.5, 4.75, 10.75], "rotation": 90, "texture": "#0"},
				"east": {"uv": [3.5, 10.5, 3.75, 10.75], "rotation": 270, "texture": "#0"},
				"south": {"uv": [4.75, 10.75, 4.5, 10.5], "rotation": 90, "texture": "#0"},
				"west": {"uv": [4, 10.5, 4.25, 10.75], "rotation": 90, "texture": "#0"},
				"up": {"uv": [4.25, 10.5, 4.5, 10.75], "rotation": 180, "texture": "#0"},
				"down": {"uv": [3.75, 10.5, 4, 10.75], "texture": "#0"}
			}
		},
		{
			"from": [0.822, 6.36608, 19.79943],
			"to": [1.122, 6.66608, 20.51943],
			"rotation": {"angle": -22.5, "axis": "x", "origin": [0.972, 9.91608, 19.28943]},
			"faces": {
				"north": {"uv": [3.5, 10.5, 3.25, 10.75], "rotation": 90, "texture": "#0"},
				"east": {"uv": [2, 10.5, 2.25, 10.75], "rotation": 270, "texture": "#0"},
				"south": {"uv": [3.25, 10.75, 3, 10.5], "rotation": 90, "texture": "#0"},
				"west": {"uv": [2.5, 10.5, 2.75, 10.75], "rotation": 90, "texture": "#0"},
				"up": {"uv": [2.75, 10.5, 3, 10.75], "rotation": 180, "texture": "#0"},
				"down": {"uv": [2.25, 10.5, 2.5, 10.75], "texture": "#0"}
			}
		},
		{
			"from": [0.822, 6.36608, 20.51943],
			"to": [1.122, 6.66608, 21.11943],
			"rotation": {"angle": -22.5, "axis": "x", "origin": [0.972, 9.91608, 19.28943]},
			"faces": {
				"north": {"uv": [5, 10.5, 4.75, 10.75], "rotation": 90, "texture": "#0"},
				"east": {"uv": [3.5, 10.5, 3.75, 10.75], "rotation": 270, "texture": "#0"},
				"south": {"uv": [4.75, 10.75, 4.5, 10.5], "rotation": 90, "texture": "#0"},
				"west": {"uv": [4, 10.5, 4.25, 10.75], "rotation": 90, "texture": "#0"},
				"up": {"uv": [4.25, 10.5, 4.5, 10.75], "rotation": 180, "texture": "#0"},
				"down": {"uv": [3.75, 10.5, 4, 10.75], "texture": "#0"}
			}
		},
		{
			"from": [1.722, 8.57048, 19.11948],
			"to": [2.022, 8.93048, 19.95948],
			"rotation": {"angle": -45, "axis": "x", "origin": [2.37673, 11.28806, 23.5938]},
			"faces": {
				"north": {"uv": [2, 10.5, 1.75, 10.75], "rotation": 90, "texture": "#0"},
				"east": {"uv": [0.25, 10.5, 0.5, 10.75], "rotation": 270, "texture": "#0"},
				"south": {"uv": [1.75, 10.75, 1.5, 10.5], "rotation": 90, "texture": "#0"},
				"west": {"uv": [1, 10.5, 1.25, 10.75], "rotation": 90, "texture": "#0"},
				"up": {"uv": [1.25, 10.5, 1.5, 10.75], "rotation": 180, "texture": "#0"},
				"down": {"uv": [0.5, 10.5, 0.75, 10.75], "texture": "#0"}
			}
		},
		{
			"from": [12.28955, 17.76129, 27.82],
			"to": [13.84955, 18.90129, 29.02],
			"rotation": {"angle": 22.5, "axis": "z", "origin": [10.72327, 14.48806, 20.3938]},
			"faces": {
				"north": {"uv": [3.5, 10, 3, 10.5], "texture": "#0"},
				"east": {"uv": [8.75, 10, 8.25, 10.5], "texture": "#0"},
				"south": {"uv": [8.25, 10, 7.75, 10.5], "texture": "#0"},
				"west": {"uv": [4.5, 10, 4, 10.5], "texture": "#0"},
				"up": {"uv": [8.75, 10.5, 9.25, 10], "texture": "#0"},
				"down": {"uv": [9.25, 10, 9.75, 10.5], "texture": "#0"}
			}
		},
		{
			"from": [12.28955, 18.90129, 27.82],
			"to": [13.84955, 20.28129, 29.02],
			"rotation": {"angle": 22.5, "axis": "z", "origin": [10.72327, 14.48806, 20.3938]},
			"faces": {
				"north": {"uv": [10.25, 5.25, 9.5, 5.75], "texture": "#0"},
				"east": {"uv": [3, 10, 2.5, 10.5], "texture": "#0"},
				"south": {"uv": [10.25, 7.75, 9.5, 8.25], "texture": "#0"},
				"west": {"uv": [7.25, 9.75, 6.75, 10.25], "texture": "#0"},
				"up": {"uv": [1, 10.25, 1.75, 9.75], "texture": "#0"},
				"down": {"uv": [1.75, 9.75, 2.5, 10.25], "texture": "#0"}
			}
		},
		{
			"from": [12.28955, 20.28129, 27.82],
			"to": [13.36955, 20.58129, 29.02],
			"rotation": {"angle": 22.5, "axis": "z", "origin": [10.72327, 14.48806, 20.3938]},
			"faces": {
				"north": {"uv": [10.75, 3, 10.25, 3.25], "texture": "#0"},
				"east": {"uv": [10.75, 3.75, 10.25, 4], "texture": "#0"},
				"south": {"uv": [10.75, 3.5, 10.25, 3.75], "texture": "#0"},
				"west": {"uv": [10.75, 3.25, 10.25, 3.5], "texture": "#0"},
				"up": {"uv": [3.5, 10.25, 4, 9.75], "texture": "#0"},
				"down": {"uv": [5, 9.75, 5.5, 10.25], "texture": "#0"}
			}
		},
		{
			"from": [12.28955, 19.08129, 27.46],
			"to": [13.00955, 20.52129, 29.32],
			"rotation": {"angle": 22.5, "axis": "z", "origin": [10.72327, 14.48806, 20.3938]},
			"faces": {
				"north": {"uv": [7.75, 10.25, 7.5, 10.75], "texture": "#0"},
				"east": {"uv": [10.25, 4, 9.5, 4.5], "texture": "#0"},
				"south": {"uv": [10.5, 10.25, 10.25, 10.75], "texture": "#0"},
				"west": {"uv": [10.25, 3.5, 9.5, 4], "texture": "#0"},
				"up": {"uv": [5.5, 10.5, 5.75, 9.75], "texture": "#0"},
				"down": {"uv": [0.75, 10.25, 1, 11], "texture": "#0"}
			}
		},
		{
			"from": [12.64955, 11.40129, 27.82],
			"to": [13.84955, 17.76129, 29.02],
			"rotation": {"angle": 22.5, "axis": "z", "origin": [10.72327, 14.48806, 20.3938]},
			"faces": {
				"north": {"uv": [7.25, 3, 6.75, 5.75], "texture": "#0"},
				"east": {"uv": [2.5, 7, 2, 9.75], "texture": "#0"},
				"south": {"uv": [2, 7, 1.5, 9.75], "texture": "#0"},
				"west": {"uv": [1.5, 7, 1, 9.75], "texture": "#0"},
				"up": {"uv": [9.75, 10.5, 10.25, 10], "texture": "#0"},
				"down": {"uv": [10, 0.75, 10.5, 1.25], "texture": "#0"}
			}
		},
		{
			"from": [13.538, 8.39048, 20.79948],
			"to": [14.738, 9.59048, 28.29948],
			"rotation": {"angle": -45, "axis": "x", "origin": [13.12327, 11.28806, 23.5938]},
			"faces": {
				"north": {"uv": [10.5, 2.75, 10, 2.25], "rotation": 90, "texture": "#0"},
				"east": {"uv": [0, 10, 0.5, 7], "rotation": 90, "texture": "#0"},
				"south": {"uv": [10.5, 1.75, 10, 2.25], "rotation": 90, "texture": "#0"},
				"west": {"uv": [1.75, 5.5, 2.25, 2.5], "rotation": 270, "texture": "#0"},
				"up": {"uv": [1, 7, 0.5, 10], "rotation": 180, "texture": "#0"},
				"down": {"uv": [7.25, 0, 6.75, 3], "texture": "#0"}
			}
		},
		{
			"from": [13.598, 8.45048, 20.31948],
			"to": [14.678, 9.53048, 20.79948],
			"rotation": {"angle": -45, "axis": "x", "origin": [13.12327, 11.28806, 23.5938]},
			"faces": {
				"north": {"uv": [10.25, 5.75, 10.75, 5.5], "rotation": 90, "texture": "#0"},
				"east": {"uv": [10.25, 4.25, 10.75, 4], "rotation": 90, "texture": "#0"},
				"south": {"uv": [10.5, 6.5, 10, 7], "rotation": 90, "texture": "#0"},
				"west": {"uv": [10.25, 4.25, 10.75, 4], "rotation": 270, "texture": "#0"},
				"up": {"uv": [10.75, 5.5, 10.25, 5.75], "rotation": 180, "texture": "#0"},
				"down": {"uv": [10.75, 5.5, 10.25, 5.75], "texture": "#0"}
			}
		},
		{
			"from": [13.598, 8.45048, 19.77948],
			"to": [14.678, 9.53048, 20.37948],
			"rotation": {"angle": -45, "axis": "x", "origin": [13.12327, 11.28806, 23.5938]},
			"faces": {
				"north": {"uv": [10.25, 5.75, 10.75, 5.5], "rotation": 90, "texture": "#0"},
				"east": {"uv": [10.25, 4.25, 10.75, 4], "rotation": 90, "texture": "#0"},
				"south": {"uv": [10.5, 6.5, 10, 7], "rotation": 90, "texture": "#0"},
				"west": {"uv": [10.25, 4.25, 10.75, 4], "rotation": 270, "texture": "#0"},
				"up": {"uv": [10.75, 5.5, 10.25, 5.75], "rotation": 180, "texture": "#0"},
				"down": {"uv": [10.75, 5.5, 10.25, 5.75], "texture": "#0"}
			}
		},
		{
			"from": [13.658, 6.36608, 19.79943],
			"to": [13.958, 6.66608, 20.51943],
			"rotation": {"angle": -22.5, "axis": "x", "origin": [13.808, 9.91608, 19.28943]},
			"faces": {
				"north": {"uv": [3.5, 10.75, 3.25, 10.5], "rotation": 90, "texture": "#0"},
				"east": {"uv": [2.5, 10.75, 2.75, 10.5], "rotation": 90, "texture": "#0"},
				"south": {"uv": [3.25, 10.5, 3, 10.75], "rotation": 90, "texture": "#0"},
				"west": {"uv": [2, 10.75, 2.25, 10.5], "rotation": 270, "texture": "#0"},
				"up": {"uv": [3, 10.5, 2.75, 10.75], "rotation": 180, "texture": "#0"},
				"down": {"uv": [2.5, 10.5, 2.25, 10.75], "texture": "#0"}
			}
		},
		{
			"from": [13.658, 6.36608, 20.51943],
			"to": [13.958, 6.66608, 21.11943],
			"rotation": {"angle": -22.5, "axis": "x", "origin": [13.808, 9.91608, 19.28943]},
			"faces": {
				"north": {"uv": [5, 10.75, 4.75, 10.5], "rotation": 90, "texture": "#0"},
				"east": {"uv": [4, 10.75, 4.25, 10.5], "rotation": 90, "texture": "#0"},
				"south": {"uv": [4.75, 10.5, 4.5, 10.75], "rotation": 90, "texture": "#0"},
				"west": {"uv": [3.5, 10.75, 3.75, 10.5], "rotation": 270, "texture": "#0"},
				"up": {"uv": [4.5, 10.5, 4.25, 10.75], "rotation": 180, "texture": "#0"},
				"down": {"uv": [4, 10.5, 3.75, 10.75], "texture": "#0"}
			}
		},
		{
			"from": [14.018, 6.36608, 19.79943],
			"to": [14.318, 6.66608, 20.51943],
			"rotation": {"angle": -22.5, "axis": "x", "origin": [14.168, 9.91608, 19.28943]},
			"faces": {
				"north": {"uv": [3.5, 10.75, 3.25, 10.5], "rotation": 90, "texture": "#0"},
				"east": {"uv": [2.5, 10.75, 2.75, 10.5], "rotation": 90, "texture": "#0"},
				"south": {"uv": [3.25, 10.5, 3, 10.75], "rotation": 90, "texture": "#0"},
				"west": {"uv": [2, 10.75, 2.25, 10.5], "rotation": 270, "texture": "#0"},
				"up": {"uv": [3, 10.5, 2.75, 10.75], "rotation": 180, "texture": "#0"},
				"down": {"uv": [2.5, 10.5, 2.25, 10.75], "texture": "#0"}
			}
		},
		{
			"from": [14.018, 6.36608, 20.51943],
			"to": [14.318, 6.66608, 21.11943],
			"rotation": {"angle": -22.5, "axis": "x", "origin": [14.168, 9.91608, 19.28943]},
			"faces": {
				"north": {"uv": [5, 10.75, 4.75, 10.5], "rotation": 90, "texture": "#0"},
				"east": {"uv": [4, 10.75, 4.25, 10.5], "rotation": 90, "texture": "#0"},
				"south": {"uv": [4.75, 10.5, 4.5, 10.75], "rotation": 90, "texture": "#0"},
				"west": {"uv": [3.5, 10.75, 3.75, 10.5], "rotation": 270, "texture": "#0"},
				"up": {"uv": [4.5, 10.5, 4.25, 10.75], "rotation": 180, "texture": "#0"},
				"down": {"uv": [4, 10.5, 3.75, 10.75], "texture": "#0"}
			}
		},
		{
			"from": [14.378, 6.36608, 19.79943],
			"to": [14.678, 6.66608, 20.51943],
			"rotation": {"angle": -22.5, "axis": "x", "origin": [14.528, 9.91608, 19.28943]},
			"faces": {
				"north": {"uv": [3.5, 10.75, 3.25, 10.5], "rotation": 90, "texture": "#0"},
				"east": {"uv": [2.5, 10.75, 2.75, 10.5], "rotation": 90, "texture": "#0"},
				"south": {"uv": [3.25, 10.5, 3, 10.75], "rotation": 90, "texture": "#0"},
				"west": {"uv": [2, 10.75, 2.25, 10.5], "rotation": 270, "texture": "#0"},
				"up": {"uv": [3, 10.5, 2.75, 10.75], "rotation": 180, "texture": "#0"},
				"down": {"uv": [2.5, 10.5, 2.25, 10.75], "texture": "#0"}
			}
		},
		{
			"from": [14.378, 6.36608, 20.51943],
			"to": [14.678, 6.66608, 21.11943],
			"rotation": {"angle": -22.5, "axis": "x", "origin": [14.528, 9.91608, 19.28943]},
			"faces": {
				"north": {"uv": [5, 10.75, 4.75, 10.5], "rotation": 90, "texture": "#0"},
				"east": {"uv": [4, 10.75, 4.25, 10.5], "rotation": 90, "texture": "#0"},
				"south": {"uv": [4.75, 10.5, 4.5, 10.75], "rotation": 90, "texture": "#0"},
				"west": {"uv": [3.5, 10.75, 3.75, 10.5], "rotation": 270, "texture": "#0"},
				"up": {"uv": [4.5, 10.5, 4.25, 10.75], "rotation": 180, "texture": "#0"},
				"down": {"uv": [4, 10.5, 3.75, 10.75], "texture": "#0"}
			}
		},
		{
			"from": [13.478, 8.57048, 19.11948],
			"to": [13.778, 8.93048, 19.95948],
			"rotation": {"angle": -45, "axis": "x", "origin": [13.12327, 11.28806, 23.5938]},
			"faces": {
				"north": {"uv": [2, 10.75, 1.75, 10.5], "rotation": 90, "texture": "#0"},
				"east": {"uv": [1, 10.75, 1.25, 10.5], "rotation": 90, "texture": "#0"},
				"south": {"uv": [1.75, 10.5, 1.5, 10.75], "rotation": 90, "texture": "#0"},
				"west": {"uv": [0.25, 10.75, 0.5, 10.5], "rotation": 270, "texture": "#0"},
				"up": {"uv": [1.5, 10.5, 1.25, 10.75], "rotation": 180, "texture": "#0"},
				"down": {"uv": [0.75, 10.5, 0.5, 10.75], "texture": "#0"}
			}
		}
	],
	"display": {
		"head": {
			"translation": [1.5, -21.5, -62.5],
			"scale": [2.78, 2.78, 2.78]
		}
	},
	"groups": [
		{
			"name": "group",
			"origin": [16.1, 33.5, 22],
			"children": [
				{
					"name": "tentaculo1",
					"origin": [16.1, 33.5, 22],
					"children": [
						{
							"name": "group",
							"origin": [-0.45, 0.95, 8.05],
							"children": [
								{
									"name": "group",
									"origin": [-0.45, 0.95, 8.05],
									"children": [
										{
											"name": "group",
											"origin": [-0.45, 0.95, 8.05],
											"children": [0,
												{
													"name": "group",
													"origin": [-0.45, 0.95, 8.05],
													"children": [1,
														{
															"name": "group",
															"origin": [-0.45, 0.95, 8.05],
															"children": [2,
																{
																	"name": "group",
																	"origin": [-0.45, 0.95, 8.05],
																	"children": [3,
																		{
																			"name": "group",
																			"origin": [-0.45, 0.95, 8.05],
																			"children": [4,
																				{
																					"name": "group",
																					"origin": [-0.45, 0.95, 8.05],
																					"children": [5]
																				}
																			]
																		}
																	]
																}
															]
														}
													]
												}
											]
										}
									]
								}
							]
						}
					]
				},
				{
					"name": "tentaculo1",
					"origin": [16.1, 33.5, 22],
					"children": [
						{
							"name": "group",
							"origin": [-0.45, 0.95, 8.05],
							"children": [
								{
									"name": "group",
									"origin": [-0.45, 0.95, 8.05],
									"children": [
										{
											"name": "group",
											"origin": [-0.45, 0.95, 8.05],
											"children": [6,
												{
													"name": "group",
													"origin": [-0.45, 0.95, 8.05],
													"children": [7,
														{
															"name": "group",
															"origin": [-0.45, 0.95, 8.05],
															"children": [8,
																{
																	"name": "group",
																	"origin": [-0.45, 0.95, 8.05],
																	"children": [9,
																		{
																			"name": "group",
																			"origin": [-0.45, 0.95, 8.05],
																			"children": [10,
																				{
																					"name": "group",
																					"origin": [-0.45, 0.95, 8.05],
																					"children": [11]
																				}
																			]
																		}
																	]
																}
															]
														}
													]
												}
											]
										}
									]
								}
							]
						}
					]
				},
				{
					"name": "tentaculo1",
					"origin": [16.1, 33.5, 22],
					"children": [
						{
							"name": "group",
							"origin": [-0.45, 0.95, 8.05],
							"children": [
								{
									"name": "group",
									"origin": [-0.45, 0.95, 8.05],
									"children": [
										{
											"name": "group",
											"origin": [-0.45, 0.95, 8.05],
											"children": [12,
												{
													"name": "group",
													"origin": [-0.45, 0.95, 8.05],
													"children": [13,
														{
															"name": "group",
															"origin": [-0.45, 0.95, 8.05],
															"children": [14,
																{
																	"name": "group",
																	"origin": [-0.45, 0.95, 8.05],
																	"children": [15,
																		{
																			"name": "group",
																			"origin": [-0.45, 0.95, 8.05],
																			"children": [16,
																				{
																					"name": "group",
																					"origin": [-0.45, 0.95, 8.05],
																					"children": [17]
																				}
																			]
																		}
																	]
																}
															]
														}
													]
												}
											]
										}
									]
								}
							]
						}
					]
				},
				{
					"name": "tentaculo1",
					"origin": [16.1, 33.5, 22],
					"children": [
						{
							"name": "group",
							"origin": [-0.45, 0.95, 8.05],
							"children": [
								{
									"name": "group",
									"origin": [-0.45, 0.95, 8.05],
									"children": [
										{
											"name": "group",
											"origin": [-0.45, 0.95, 8.05],
											"children": [18,
												{
													"name": "group",
													"origin": [-0.45, 0.95, 8.05],
													"children": [19,
														{
															"name": "group",
															"origin": [-0.45, 0.95, 8.05],
															"children": [20,
																{
																	"name": "group",
																	"origin": [-0.45, 0.95, 8.05],
																	"children": [21,
																		{
																			"name": "group",
																			"origin": [-0.45, 0.95, 8.05],
																			"children": [22,
																				{
																					"name": "group",
																					"origin": [-0.45, 0.95, 8.05],
																					"children": [23]
																				}
																			]
																		}
																	]
																}
															]
														}
													]
												}
											]
										}
									]
								}
							]
						}
					]
				},
				{
					"name": "pierna1",
					"origin": [14.4, 9.2, 15],
					"children": [24, 25,
						{
							"name": "pierna2",
							"origin": [12, -6.5, 15],
							"children": [26,
								{
									"name": "zapato",
									"origin": [12, -7, 15],
									"children": [27, 28, 29, 30, 31]
								}
							]
						}
					]
				},
				{
					"name": "pierna2",
					"origin": [14.4, 9.2, 15],
					"children": [32, 33,
						{
							"name": "pierna2",
							"origin": [12, -6.5, 15],
							"children": [34,
								{
									"name": "zapato",
									"origin": [12, -7, 15],
									"children": [35, 36, 37, 38, 39]
								}
							]
						}
					]
				},
				{
					"name": "cuerpo",
					"origin": [12, 30.9, 15],
					"children": [40,
						{
							"name": "cuerpo2",
							"origin": [12, 30.9, 15],
							"children": [41,
								{
									"name": "cuerpo3",
									"origin": [12, 30.9, 15],
									"children": [42,
										{
											"name": "cuerpo4",
											"origin": [12, 30.9, 15],
											"children": [43, 44, 45]
										}
									]
								}
							]
						}
					]
				},
				{
					"name": "cabeza",
					"origin": [12.4, 33, 15],
					"children": [46,
						{
							"name": "cabeza2",
							"origin": [12.4, 33, 15],
							"children": [
								{
									"name": "boca1",
									"origin": [12.4, 37.7, 15],
									"children": [47, 48, 49, 50, 51, 52]
								},
								{
									"name": "boca2",
									"origin": [12.4, 33, 15],
									"children": [53, 54, 55, 56, 57]
								}
							]
						}
					]
				},
				{
					"name": "brazo1",
					"origin": [3, 25.2, 15],
					"children": [58, 59, 60, 61,
						{
							"name": "brazo2",
							"origin": [2.6, 20.9, 14.9],
							"children": [62,
								{
									"name": "brazo3",
									"origin": [2.6, 10.3, 14.9],
									"children": [63,
										{
											"name": "mano",
											"origin": [2.6, 0, 15],
											"children": [64, 65,
												{
													"name": "dedo1",
													"origin": [2.2, -1.7, 15],
													"children": [66, 67]
												},
												{
													"name": "dedo2",
													"origin": [2.2, -1.7, 15.6],
													"children": [68, 69]
												},
												{
													"name": "dedo3",
													"origin": [2.2, -1.7, 16.2],
													"children": [70, 71]
												},
												{
													"name": "pulgar",
													"origin": [3.3, -1.4, 13.4],
													"children": [72]
												}
											]
										}
									]
								}
							]
						}
					]
				},
				{
					"name": "brazo1",
					"origin": [3, 25.2, 15],
					"children": [73, 74, 75, 76,
						{
							"name": "brazo2",
							"origin": [2.6, 20.9, 14.9],
							"children": [77,
								{
									"name": "brazo3",
									"origin": [2.6, 10.3, 14.9],
									"children": [78,
										{
											"name": "mano",
											"origin": [2.6, 0, 15],
											"children": [79, 80,
												{
													"name": "dedo1",
													"origin": [2.2, -1.7, 15],
													"children": [81, 82]
												},
												{
													"name": "dedo2",
													"origin": [2.2, -1.7, 15.6],
													"children": [83, 84]
												},
												{
													"name": "dedo3",
													"origin": [2.2, -1.7, 16.2],
													"children": [85, 86]
												},
												{
													"name": "pulgar",
													"origin": [3.3, -1.4, 13.4],
													"children": [87]
												}
											]
										}
									]
								}
							]
						}
					]
				}
			]
		}
	]
}