{
	"credit": "Made with Blockbench",
	"textures": {
		"0": "6dt2_custom/6dt2_slenderman/6dt2_papel",
		"particle": "6dt2_custom/6dt2_slenderman/6dt2_papel"
	},
	"elements": [
		{
			"from": [5, 0, 8],
			"to": [11, 10, 8],
			"rotation": {"angle": 0, "axis": "y", "origin": [13, 8, 15]},
			"faces": {
				"north": {"uv": [2.72, 0, 13.52, 16], "texture": "#0"},
				"east": {"uv": [0, 0, 0, 10], "texture": "#0"},
				"south": {"uv": [2.72, 0, 13.52, 16], "texture": "#0"},
				"west": {"uv": [0, 0, 0, 10], "texture": "#0"},
				"up": {"uv": [0, 0, 6, 0], "texture": "#0"},
				"down": {"uv": [0, 0, 6, 0], "texture": "#0"}
			}
		}
	],
	"display": {
		"thirdperson_righthand": {
			"rotation": [-5, 0, 0],
			"translation": [0, 3.75, 1.75],
			"scale": [0.65039, 0.5918, 1]
		},
		"thirdperson_lefthand": {
			"rotation": [-5, 0, 0],
			"translation": [0, 3.75, 1.75],
			"scale": [0.65039, 0.5918, 1]
		},
		"firstperson_righthand": {
			"rotation": [0, -60, 0],
			"translation": [0, 4.75, 0],
			"scale": [0.70508, 0.6582, 0.9375]
		},
		"firstperson_lefthand": {
			"rotation": [0, -60, 0],
			"translation": [0, 4.75, 0],
			"scale": [0.70508, 0.6582, 0.9375]
		},
		"ground": {
			"translation": [0, 2.25, 0],
			"scale": [0.66602, 0.63867, 1]
		},
		"gui": {
			"translation": [0, 4.5, 0],
			"scale": [1.375, 1.35352, 1]
		},
		"fixed": {
			"translation": [0, 7.5, -1.25],
			"scale": [3.14844, 2.4707, 1]
		}
	}
}