{
    "parent": "item/generated",
    "textures": {
        "layer0": "item/scute"
    },
	"overrides": [
		{ "predicate": {"custom_model_data": 17}, "model": "6dt2_custom/6dt2_cartooncat/6dt2_cartooncat"},
		{ "predicate": {"custom_model_data": 18}, "model": "6dt2_custom/6dt2_cartooncat/6dt2_cartooncat_cmr1"},
		{ "predicate": {"custom_model_data": 19}, "model": "6dt2_custom/6dt2_cartooncat/6dt2_cartooncat_cmr"},
		{ "predicate": {"custom_model_data": 20}, "model": "6dt2_custom/6dt2_cartooncat/6dt2_cartooncat_glp1"},
		{ "predicate": {"custom_model_data": 21}, "model": "6dt2_custom/6dt2_cartooncat/6dt2_cartooncat_glp2"},
		{ "predicate": {"custom_model_data": 22}, "model": "6dt2_custom/6dt2_cartooncat/6dt2_cartooncat_glp3"},
		{ "predicate": {"custom_model_data": 23}, "model": "6dt2_custom/6dt2_cartooncat/6dt2_cartooncat_glp4"},
		{ "predicate": {"custom_model_data": 24}, "model": "6dt2_custom/6dt2_cartooncat/6dt2_cartooncat_glp5"},
		{ "predicate": {"custom_model_data": 25}, "model": "6dt2_custom/6dt2_cartooncat/6dt2_cartooncat_atkes1"},
		{ "predicate": {"custom_model_data": 26}, "model": "6dt2_custom/6dt2_cartooncat/6dt2_cartooncat_atkes2"},
		{ "predicate": {"custom_model_data": 27}, "model": "6dt2_custom/6dt2_cartooncat/6dt2_cartooncat_atkes3"},
		{ "predicate": {"custom_model_data": 28}, "model": "6dt2_custom/6dt2_cartooncat/6dt2_cartooncat_atkes4"},
		{ "predicate": {"custom_model_data": 29}, "model": "6dt2_custom/6dt2_cartooncat/6dt2_cartooncat_atkes5"},
		{ "predicate": {"custom_model_data": 30}, "model": "6dt2_custom/6dt2_cartooncat/6dt2_cartooncat_atkes6"},
		{ "predicate": {"custom_model_data": 31}, "model": "6dt2_custom/6dt2_cartooncat/6dt2_cartooncat_atkes2_1"},
		{ "predicate": {"custom_model_data": 32}, "model": "6dt2_custom/6dt2_cartooncat/6dt2_cartooncat_atkes2_2"},
		{ "predicate": {"custom_model_data": 33}, "model": "6dt2_custom/6dt2_cartooncat/6dt2_cartooncat_atkes2_3"},
		{ "predicate": {"custom_model_data": 34}, "model": "6dt2_custom/6dt2_cartooncat/6dt2_cartooncat_atkes2_4"},
		{ "predicate": {"custom_model_data": 35}, "model": "6dt2_custom/6dt2_cartooncat/6dt2_cartooncat_atkes2_5"},
		{ "predicate": {"custom_model_data": 36}, "model": "6dt2_custom/6dt2_cartooncat/6dt2_cartooncat_atkes2_6"},
		{ "predicate": {"custom_model_data": 37}, "model": "6dt2_custom/6dt2_cartooncat/6dt2_cartooncat_atkes2_7"},
		{ "predicate": {"custom_model_data": 38}, "model": "6dt2_custom/6dt2_cartooncat/6dt2_cartooncat_atkes2_8"},
		{ "predicate": {"custom_model_data": 39}, "model": "6dt2_custom/6dt2_cartooncat/6dt2_cartooncat_atkes2_9"},
		{ "predicate": {"custom_model_data": 40}, "model": "6dt2_custom/6dt2_cartooncat/6dt2_cartooncat_atkes2_10"},
		{ "predicate": {"custom_model_data": 41}, "model": "6dt2_custom/6dt2_cartooncat/6dt2_cartooncat_atkes2_11"},
		{ "predicate": {"custom_model_data": 42}, "model": "6dt2_custom/6dt2_cartooncat/6dt2_tinta1"},
		{ "predicate": {"custom_model_data": 43}, "model": "6dt2_custom/6dt2_cartooncat/6dt2_tinta2"},
		{ "predicate": {"custom_model_data": 44}, "model": "6dt2_custom/6dt2_cartooncat/6dt2_tinta3"},
		{ "predicate": {"custom_model_data": 45}, "model": "6dt2_custom/6dt2_cartooncat/6dt2_tinta4"},
		{ "predicate": {"custom_model_data": 46}, "model": "6dt2_custom/6dt2_cartooncat/6dt2_tinta5"},
		{ "predicate": {"custom_model_data": 47}, "model": "6dt2_custom/6dt2_cartooncat/6dt2_cartooncat_cbz1"},
		{ "predicate": {"custom_model_data": 48}, "model": "6dt2_custom/6dt2_cartooncat/6dt2_cartooncat_cbz2"},
		{ "predicate": {"custom_model_data": 49}, "model": "6dt2_custom/6dt2_cartooncat/6dt2_cartooncat_cbz3"},
		{ "predicate": {"custom_model_data": 50}, "model": "6dt2_custom/6dt2_cartooncat/6dt2_cartooncat_cbz4"},
		{ "predicate": {"custom_model_data": 51}, "model": "6dt2_custom/6dt2_cartooncat/6dt2_cartooncat_cbz5"},
		{ "predicate": {"custom_model_data": 52}, "model": "6dt2_custom/6dt2_cartooncat/6dt2_cartooncat_est1"},
		{ "predicate": {"custom_model_data": 53}, "model": "6dt2_custom/6dt2_cartooncat/6dt2_cartooncat_est2"},
		{ "predicate": {"custom_model_data": 54}, "model": "6dt2_custom/6dt2_cartooncat/6dt2_cartooncat_est3"},
		{ "predicate": {"custom_model_data": 54}, "model": "6dt2_custom/6dt2_cartooncat/6dt2_cartooncat_est4"},
		{ "predicate": {"custom_model_data": 55}, "model": "6dt2_custom/6dt2_cartooncat/6dt2_cartooncat_est5"},
		{ "predicate": {"custom_model_data": 56}, "model": "6dt2_custom/6dt2_sirenhead/6dt2_sirenhead"},
		{ "predicate": {"custom_model_data": 57}, "model": "6dt2_custom/6dt2_sirenhead/6dt2_sirenheadcmr"},
		{ "predicate": {"custom_model_data": 58}, "model": "6dt2_custom/6dt2_sirenhead/6dt2_sirenhead_atb1"},
		{ "predicate": {"custom_model_data": 59}, "model": "6dt2_custom/6dt2_sirenhead/6dt2_sirenhead_atb2"},
		{ "predicate": {"custom_model_data": 60}, "model": "6dt2_custom/6dt2_sirenhead/6dt2_sirenhead_atb3"},
		{ "predicate": {"custom_model_data": 61}, "model": "6dt2_custom/6dt2_sirenhead/6dt2_sirenhead_atb4"},
		{ "predicate": {"custom_model_data": 62}, "model": "6dt2_custom/6dt2_sirenhead/6dt2_sirenhead_atb5"},
		{ "predicate": {"custom_model_data": 63}, "model": "6dt2_custom/6dt2_sirenhead/6dt2_sirenhead_atb6"},
		{ "predicate": {"custom_model_data": 64}, "model": "6dt2_custom/6dt2_sirenhead/6dt2_sirenhead_4pt"},
		{ "predicate": {"custom_model_data": 65}, "model": "6dt2_custom/6dt2_sirenhead/6dt2_sirenhead_4ptan"},
		{ "predicate": {"custom_model_data": 66}, "model": "6dt2_custom/6dt2_sirenhead/6dt2_sirenhead_agrr1"},
		{ "predicate": {"custom_model_data": 67}, "model": "6dt2_custom/6dt2_sirenhead/6dt2_sirenhead_agrr2"},
		{ "predicate": {"custom_model_data": 68}, "model": "6dt2_custom/6dt2_sirenhead/6dt2_sirenhead_agrr3"},
		{ "predicate": {"custom_model_data": 69}, "model": "6dt2_custom/6dt2_sirenhead/6dt2_sirenhead_agrr4"},
		{ "predicate": {"custom_model_data": 70}, "model": "6dt2_custom/6dt2_sirenhead/6dt2_sirenhead_agrr5"},
		{ "predicate": {"custom_model_data": 71}, "model": "6dt2_custom/6dt2_sirenhead/6dt2_sirenhead_agrr6"},
		{ "predicate": {"custom_model_data": 72}, "model": "6dt2_custom/6dt2_sirenhead/6dt2_sirenhead_agrr7"},
		{ "predicate": {"custom_model_data": 73}, "model": "6dt2_custom/6dt2_sirenhead/6dt2_sirenhead_agrr8"},
		{ "predicate": {"custom_model_data": 74}, "model": "6dt2_custom/6dt2_sirenhead/6dt2_sirenhead_muerte1"},
		{ "predicate": {"custom_model_data": 75}, "model": "6dt2_custom/6dt2_sirenhead/6dt2_sirenhead_muerte2"},
		{ "predicate": {"custom_model_data": 76}, "model": "6dt2_custom/6dt2_sirenhead/6dt2_sirenhead_muerte3"},
		{ "predicate": {"custom_model_data": 77}, "model": "6dt2_custom/6dt2_sirenhead/6dt2_sirenhead_muerte4"},
		{ "predicate": {"custom_model_data": 78}, "model": "6dt2_custom/6dt2_sirenhead/6dt2_sirenhead_muerte5"},
		{ "predicate": {"custom_model_data": 79}, "model": "6dt2_custom/6dt2_sirenhead/6dt2_sirenhead_muerte6"},
		{ "predicate": {"custom_model_data": 80}, "model": "6dt2_custom/6dt2_sirenhead/6dt2_sirenhead_nada"},
		{ "predicate": {"custom_model_data": 116}, "model": "6dt2_custom/6dt2_slenderman/6dt2_slenderman_base"},
		{ "predicate": {"custom_model_data": 117}, "model": "6dt2_custom/6dt2_slenderman/6dt2_caminando/6dt2_slenderman_brazo1"},
		{ "predicate": {"custom_model_data": 118}, "model": "6dt2_custom/6dt2_slenderman/6dt2_caminando/6dt2_slenderman_brazo2"},
		{ "predicate": {"custom_model_data": 119}, "model": "6dt2_custom/6dt2_slenderman/6dt2_caminando/6dt2_slenderman_brazo3"},
		{ "predicate": {"custom_model_data": 120}, "model": "6dt2_custom/6dt2_slenderman/6dt2_caminando/6dt2_slenderman_brazo4"},
		{ "predicate": {"custom_model_data": 121}, "model": "6dt2_custom/6dt2_slenderman/6dt2_caminando/6dt2_slenderman_brazo5"},
		{ "predicate": {"custom_model_data": 122}, "model": "6dt2_custom/6dt2_slenderman/6dt2_caminando/6dt2_slenderman_brazo6"},
		{ "predicate": {"custom_model_data": 123}, "model": "6dt2_custom/6dt2_slenderman/6dt2_caminando/6dt2_slenderman_brazo7"},
		{ "predicate": {"custom_model_data": 124}, "model": "6dt2_custom/6dt2_slenderman/6dt2_caminando/6dt2_slenderman_brazo8"},
		{ "predicate": {"custom_model_data": 125}, "model": "6dt2_custom/6dt2_slenderman/6dt2_caminandot/6dt2_slenderman_tentaculo1"},
		{ "predicate": {"custom_model_data": 126}, "model": "6dt2_custom/6dt2_slenderman/6dt2_caminandot/6dt2_slenderman_tentaculo2"},
		{ "predicate": {"custom_model_data": 127}, "model": "6dt2_custom/6dt2_slenderman/6dt2_caminandot/6dt2_slenderman_tentaculo3"},
		{ "predicate": {"custom_model_data": 128}, "model": "6dt2_custom/6dt2_slenderman/6dt2_caminandot/6dt2_slenderman_tentaculo4"},
		{ "predicate": {"custom_model_data": 129}, "model": "6dt2_custom/6dt2_slenderman/6dt2_caminandot/6dt2_slenderman_tentaculo5"},
		{ "predicate": {"custom_model_data": 130}, "model": "6dt2_custom/6dt2_slenderman/6dt2_caminandot/6dt2_slenderman_tentaculo6"},
		{ "predicate": {"custom_model_data": 131}, "model": "6dt2_custom/6dt2_slenderman/6dt2_caminandot/6dt2_slenderman_tentaculo7"},
		{ "predicate": {"custom_model_data": 132}, "model": "6dt2_custom/6dt2_slenderman/6dt2_caminandot/6dt2_slenderman_tentaculo8"},
		{ "predicate": {"custom_model_data": 133}, "model": "6dt2_custom/6dt2_slenderman/6dt2_caminandot/6dt2_slenderman_tentaculo9"},
		{ "predicate": {"custom_model_data": 134}, "model": "6dt2_custom/6dt2_slenderman/6dt2_caminandot/6dt2_slenderman_tentaculo10"},
		{ "predicate": {"custom_model_data": 135}, "model": "6dt2_custom/6dt2_slenderman/6dt2_ataque_tentaculo/6dt2_slenderman_ataquet1"},
		{ "predicate": {"custom_model_data": 136}, "model": "6dt2_custom/6dt2_slenderman/6dt2_ataque_tentaculo/6dt2_slenderman_ataquet2"},
		{ "predicate": {"custom_model_data": 137}, "model": "6dt2_custom/6dt2_slenderman/6dt2_ataque_tentaculo/6dt2_slenderman_ataquet3"},
		{ "predicate": {"custom_model_data": 138}, "model": "6dt2_custom/6dt2_slenderman/6dt2_ataque_tentaculo/6dt2_slenderman_ataquet4"},
		{ "predicate": {"custom_model_data": 139}, "model": "6dt2_custom/6dt2_slenderman/6dt2_ataque_tentaculo/6dt2_slenderman_ataquet5"},
		{ "predicate": {"custom_model_data": 140}, "model": "6dt2_custom/6dt2_slenderman/6dt2_ataque_tentaculo/6dt2_slenderman_ataquet6"},
		{ "predicate": {"custom_model_data": 141}, "model": "6dt2_custom/6dt2_slenderman/6dt2_ataque_tentaculo/6dt2_slenderman_ataquet7"},
		{ "predicate": {"custom_model_data": 142}, "model": "6dt2_custom/6dt2_slenderman/6dt2_ataque_tentaculo/6dt2_slenderman_ataquet8"},
		{ "predicate": {"custom_model_data": 143}, "model": "6dt2_custom/6dt2_slenderman/6dt2_ataqueboca/6dt2_slenderman_ataqueb1"},
		{ "predicate": {"custom_model_data": 144}, "model": "6dt2_custom/6dt2_slenderman/6dt2_ataqueboca/6dt2_slenderman_ataqueb2"},
		{ "predicate": {"custom_model_data": 145}, "model": "6dt2_custom/6dt2_slenderman/6dt2_ataqueboca/6dt2_slenderman_ataqueb3"},
		{ "predicate": {"custom_model_data": 146}, "model": "6dt2_custom/6dt2_slenderman/6dt2_ataqueboca/6dt2_slenderman_ataqueb4"},
		{ "predicate": {"custom_model_data": 147}, "model": "6dt2_custom/6dt2_slenderman/6dt2_ataqueboca/6dt2_slenderman_ataqueb5"},
		{ "predicate": {"custom_model_data": 148}, "model": "6dt2_custom/6dt2_slenderman/6dt2_ataqueboca/6dt2_slenderman_ataqueb6"},
		{ "predicate": {"custom_model_data": 149}, "model": "6dt2_custom/6dt2_slenderman/6dt2_papel"}
	]
}