{
	"credit": "Made with Blockbench",
	"texture_size": [64, 64],
	"textures": {
		"0": "6dt2_custom/6dt2_sirenhead/6dt2_sirenhead",
		"particle": "6dt2_custom/6dt2_sirenhead/6dt2_sirenhead"
	},
	"elements": [
		{
			"from": [5.22, 17.1827, -2.44193],
			"to": [7.62, 19.5427, -1.32193],
			"rotation": {"angle": 22.5, "axis": "x", "origin": [6.5562, 18.37038, -7.41231]},
			"faces": {
				"north": {"uv": [7, 8.75, 6.5, 8.25], "rotation": 180, "texture": "#0"},
				"east": {"uv": [5, 8.75, 5.5, 9], "rotation": 90, "texture": "#0"},
				"south": {"uv": [8.75, 8.25, 8.25, 8.75], "texture": "#0"},
				"west": {"uv": [6.5, 8.75, 7, 9], "rotation": 270, "texture": "#0"},
				"up": {"uv": [6, 8.75, 6.5, 9], "texture": "#0"},
				"down": {"uv": [4.5, 8.75, 5, 9], "rotation": 180, "texture": "#0"}
			}
		},
		{
			"from": [5.82, 17.6827, -3.64193],
			"to": [7.02, 18.9427, -2.42193],
			"rotation": {"angle": 22.5, "axis": "x", "origin": [6.5562, 18.37038, -7.41231]},
			"faces": {
				"north": {"uv": [9.25, 8, 9, 7.75], "rotation": 180, "texture": "#0"},
				"east": {"uv": [9, 7, 9.25, 7.25], "rotation": 90, "texture": "#0"},
				"south": {"uv": [9.25, 8, 9, 8.25], "texture": "#0"},
				"west": {"uv": [9, 7.5, 9.25, 7.75], "rotation": 270, "texture": "#0"},
				"up": {"uv": [9, 7.25, 9.25, 7.5], "texture": "#0"},
				"down": {"uv": [9, 6.75, 9.25, 7], "rotation": 180, "texture": "#0"}
			}
		},
		{
			"from": [6.02, 17.8827, -11.34193],
			"to": [6.82, 18.7427, -3.52193],
			"rotation": {"angle": 22.5, "axis": "x", "origin": [6.5562, 18.37038, -7.41231]},
			"faces": {
				"north": {"uv": [9.25, 8.5, 9, 8.25], "rotation": 180, "texture": "#0"},
				"east": {"uv": [0.5, 6.75, 0.75, 8.75], "rotation": 90, "texture": "#0"},
				"south": {"uv": [9.25, 8.5, 9, 8.75], "texture": "#0"},
				"west": {"uv": [0.5, 6.75, 0.75, 8.75], "rotation": 270, "texture": "#0"},
				"up": {"uv": [6.5, 2.5, 6.75, 4.5], "texture": "#0"},
				"down": {"uv": [3.5, 6, 3.75, 8], "rotation": 180, "texture": "#0"}
			}
		},
		{
			"from": [5.3808, 17.3427, -11.01193],
			"to": [6.0388, 19.3731, -8.92513],
			"rotation": {"angle": 22.5, "axis": "x", "origin": [6.5562, 18.37038, -7.41231]},
			"faces": {
				"north": {"uv": [7.75, 9.25, 7.5, 8.75], "rotation": 180, "texture": "#0"},
				"east": {"uv": [8.25, 1.5, 8.75, 2], "rotation": 90, "texture": "#0"},
				"south": {"uv": [8, 8.75, 7.75, 9.25], "texture": "#0"},
				"west": {"uv": [8.25, 2, 8.75, 2.5], "rotation": 270, "texture": "#0"},
				"up": {"uv": [7.25, 8.75, 7.5, 9.25], "texture": "#0"},
				"down": {"uv": [5.5, 8.75, 5.75, 9.25], "rotation": 180, "texture": "#0"}
			}
		},
		{
			"from": [6.7612, 17.3427, -7.51193],
			"to": [7.4192, 19.3731, -5.42513],
			"rotation": {"angle": 22.5, "axis": "x", "origin": [6.5562, 18.37038, -7.41231]},
			"faces": {
				"north": {"uv": [7.5, 9.25, 7.75, 8.75], "rotation": 180, "texture": "#0"},
				"east": {"uv": [8.75, 2, 8.25, 2.5], "rotation": 90, "texture": "#0"},
				"south": {"uv": [7.75, 8.75, 8, 9.25], "texture": "#0"},
				"west": {"uv": [8.75, 1.5, 8.25, 2], "rotation": 270, "texture": "#0"},
				"up": {"uv": [7.5, 8.75, 7.25, 9.25], "texture": "#0"},
				"down": {"uv": [5.75, 8.75, 5.5, 9.25], "rotation": 180, "texture": "#0"}
			}
		},
		{
			"from": [4.0648, 16.6847, -11.57593],
			"to": [5.3808, 20.0311, -8.17313],
			"rotation": {"angle": 22.5, "axis": "x", "origin": [6.5562, 18.37038, -7.41231]},
			"faces": {
				"north": {"uv": [8.5, 5.5, 8.25, 4.75], "rotation": 180, "texture": "#0"},
				"east": {"uv": [6, 1, 6.75, 1.75], "rotation": 90, "texture": "#0"},
				"south": {"uv": [8.5, 7.25, 8.25, 8], "texture": "#0"},
				"west": {"uv": [6, 1.75, 6.75, 2.5], "rotation": 270, "texture": "#0"},
				"up": {"uv": [8.25, 2.75, 8.5, 3.5], "texture": "#0"},
				"down": {"uv": [7, 8.25, 7.25, 9], "rotation": 180, "texture": "#0"}
			}
		},
		{
			"from": [7.4192, 16.6847, -8.07593],
			"to": [8.7352, 20.0311, -4.67313],
			"rotation": {"angle": 22.5, "axis": "x", "origin": [6.5562, 18.37038, -7.41231]},
			"faces": {
				"north": {"uv": [8.25, 5.5, 8.5, 4.75], "rotation": 180, "texture": "#0"},
				"east": {"uv": [6.75, 1.75, 6, 2.5], "rotation": 90, "texture": "#0"},
				"south": {"uv": [8.25, 7.25, 8.5, 8], "texture": "#0"},
				"west": {"uv": [6.75, 1, 6, 1.75], "rotation": 270, "texture": "#0"},
				"up": {"uv": [8.5, 2.75, 8.25, 3.5], "texture": "#0"},
				"down": {"uv": [7.25, 8.25, 7, 9], "rotation": 180, "texture": "#0"}
			}
		},
		{
			"from": [3.1248, 16.2147, -12.42193],
			"to": [4.0648, 17.0231, -7.42113],
			"rotation": {"angle": 22.5, "axis": "x", "origin": [6.5562, 18.37038, -7.41231]},
			"faces": {
				"north": {"uv": [1.5, 9.5, 1.25, 9.25], "rotation": 180, "texture": "#0"},
				"east": {"uv": [1.25, 6.75, 1.5, 8], "rotation": 90, "texture": "#0"},
				"south": {"uv": [1.75, 9.25, 1.5, 9.5], "texture": "#0"},
				"west": {"uv": [6.75, 2.75, 7, 4], "rotation": 270, "texture": "#0"},
				"up": {"uv": [6.75, 1.5, 7, 2.75], "texture": "#0"},
				"down": {"uv": [1, 6.75, 1.25, 8], "rotation": 180, "texture": "#0"}
			}
		},
		{
			"from": [8.7352, 16.2147, -8.92193],
			"to": [9.6752, 17.0231, -3.92113],
			"rotation": {"angle": 22.5, "axis": "x", "origin": [6.5562, 18.37038, -7.41231]},
			"faces": {
				"north": {"uv": [1.25, 9.5, 1.5, 9.25], "rotation": 180, "texture": "#0"},
				"east": {"uv": [7, 2.75, 6.75, 4], "rotation": 90, "texture": "#0"},
				"south": {"uv": [1.5, 9.25, 1.75, 9.5], "texture": "#0"},
				"west": {"uv": [1.5, 6.75, 1.25, 8], "rotation": 270, "texture": "#0"},
				"up": {"uv": [7, 1.5, 6.75, 2.75], "texture": "#0"},
				"down": {"uv": [1.25, 6.75, 1, 8], "rotation": 180, "texture": "#0"}
			}
		},
		{
			"from": [3.1248, 16.9667, -8.47393],
			"to": [4.0648, 19.7491, -7.42113],
			"rotation": {"angle": 22.5, "axis": "x", "origin": [6.5562, 18.37038, -7.41231]},
			"faces": {
				"north": {"uv": [1.25, 9.25, 1, 8.5], "rotation": 180, "texture": "#0"},
				"east": {"uv": [8.25, 3.5, 9, 3.75], "rotation": 90, "texture": "#0"},
				"south": {"uv": [1.5, 8.5, 1.25, 9.25], "texture": "#0"},
				"west": {"uv": [8.25, 3.75, 9, 4], "rotation": 270, "texture": "#0"},
				"up": {"uv": [2, 9.25, 2.25, 9.5], "texture": "#0"},
				"down": {"uv": [1.75, 9.25, 2, 9.5], "rotation": 180, "texture": "#0"}
			}
		},
		{
			"from": [8.7352, 16.9667, -4.97393],
			"to": [9.6752, 19.7491, -3.92113],
			"rotation": {"angle": 22.5, "axis": "x", "origin": [6.5562, 18.37038, -7.41231]},
			"faces": {
				"north": {"uv": [1, 9.25, 1.25, 8.5], "rotation": 180, "texture": "#0"},
				"east": {"uv": [9, 3.75, 8.25, 4], "rotation": 90, "texture": "#0"},
				"south": {"uv": [1.25, 8.5, 1.5, 9.25], "texture": "#0"},
				"west": {"uv": [9, 3.5, 8.25, 3.75], "rotation": 270, "texture": "#0"},
				"up": {"uv": [2.25, 9.25, 2, 9.5], "texture": "#0"},
				"down": {"uv": [2, 9.25, 1.75, 9.5], "rotation": 180, "texture": "#0"}
			}
		},
		{
			"from": [3.1248, 19.6927, -12.42193],
			"to": [4.0648, 20.5011, -7.42113],
			"rotation": {"angle": 22.5, "axis": "x", "origin": [6.5562, 18.37038, -7.41231]},
			"faces": {
				"north": {"uv": [2.5, 9.5, 2.25, 9.25], "rotation": 180, "texture": "#0"},
				"east": {"uv": [6.75, 5.25, 7, 6.5], "rotation": 90, "texture": "#0"},
				"south": {"uv": [2.75, 9.25, 2.5, 9.5], "texture": "#0"},
				"west": {"uv": [7, 2.75, 7.25, 4], "rotation": 270, "texture": "#0"},
				"up": {"uv": [7, 1.5, 7.25, 2.75], "texture": "#0"},
				"down": {"uv": [6.75, 4, 7, 5.25], "rotation": 180, "texture": "#0"}
			}
		},
		{
			"from": [8.7352, 19.6927, -8.92193],
			"to": [9.6752, 20.5011, -3.92113],
			"rotation": {"angle": 22.5, "axis": "x", "origin": [6.5562, 18.37038, -7.41231]},
			"faces": {
				"north": {"uv": [2.25, 9.5, 2.5, 9.25], "rotation": 180, "texture": "#0"},
				"east": {"uv": [7.25, 2.75, 7, 4], "rotation": 90, "texture": "#0"},
				"south": {"uv": [2.5, 9.25, 2.75, 9.5], "texture": "#0"},
				"west": {"uv": [7, 5.25, 6.75, 6.5], "rotation": 270, "texture": "#0"},
				"up": {"uv": [7.25, 1.5, 7, 2.75], "texture": "#0"},
				"down": {"uv": [7, 4, 6.75, 5.25], "rotation": 180, "texture": "#0"}
			}
		},
		{
			"from": [3.1248, 16.9667, -12.42193],
			"to": [4.0648, 19.7491, -11.46313],
			"rotation": {"angle": 22.5, "axis": "x", "origin": [6.5562, 18.37038, -7.41231]},
			"faces": {
				"north": {"uv": [1.75, 9.25, 1.5, 8.5], "rotation": 180, "texture": "#0"},
				"east": {"uv": [8.25, 5.5, 9, 5.75], "rotation": 90, "texture": "#0"},
				"south": {"uv": [2, 8.5, 1.75, 9.25], "texture": "#0"},
				"west": {"uv": [8.25, 8, 9, 8.25], "rotation": 270, "texture": "#0"},
				"up": {"uv": [3, 9.25, 3.25, 9.5], "texture": "#0"},
				"down": {"uv": [2.75, 9.25, 3, 9.5], "rotation": 180, "texture": "#0"}
			}
		},
		{
			"from": [8.7352, 16.9667, -8.92193],
			"to": [9.6752, 19.7491, -7.96313],
			"rotation": {"angle": 22.5, "axis": "x", "origin": [6.5562, 18.37038, -7.41231]},
			"faces": {
				"north": {"uv": [1.5, 9.25, 1.75, 8.5], "rotation": 180, "texture": "#0"},
				"east": {"uv": [9, 8, 8.25, 8.25], "rotation": 90, "texture": "#0"},
				"south": {"uv": [1.75, 8.5, 2, 9.25], "texture": "#0"},
				"west": {"uv": [9, 5.5, 8.25, 5.75], "rotation": 270, "texture": "#0"},
				"up": {"uv": [3.25, 9.25, 3, 9.5], "texture": "#0"},
				"down": {"uv": [3, 9.25, 2.75, 9.5], "rotation": 180, "texture": "#0"}
			}
		},
		{
			"from": [3.4068, 16.9667, -9.13193],
			"to": [4.0648, 19.7491, -8.45513],
			"rotation": {"angle": 22.5, "axis": "x", "origin": [6.5562, 18.37038, -7.41231]},
			"faces": {
				"north": {"uv": [2.25, 9.25, 2, 8.5], "rotation": 180, "texture": "#0"},
				"east": {"uv": [3, 8.5, 3.75, 8.75], "rotation": 90, "texture": "#0"},
				"south": {"uv": [2.5, 8.5, 2.25, 9.25], "texture": "#0"},
				"west": {"uv": [7.25, 8.5, 8, 8.75], "rotation": 270, "texture": "#0"},
				"up": {"uv": [3.5, 9.25, 3.75, 9.5], "texture": "#0"},
				"down": {"uv": [3.25, 9.25, 3.5, 9.5], "rotation": 180, "texture": "#0"}
			}
		},
		{
			"from": [8.7352, 16.9667, -5.63193],
			"to": [9.3932, 19.7491, -4.95513],
			"rotation": {"angle": 22.5, "axis": "x", "origin": [6.5562, 18.37038, -7.41231]},
			"faces": {
				"north": {"uv": [2, 9.25, 2.25, 8.5], "rotation": 180, "texture": "#0"},
				"east": {"uv": [8, 8.5, 7.25, 8.75], "rotation": 90, "texture": "#0"},
				"south": {"uv": [2.25, 8.5, 2.5, 9.25], "texture": "#0"},
				"west": {"uv": [3.75, 8.5, 3, 8.75], "rotation": 270, "texture": "#0"},
				"up": {"uv": [3.75, 9.25, 3.5, 9.5], "texture": "#0"},
				"down": {"uv": [3.5, 9.25, 3.25, 9.5], "rotation": 180, "texture": "#0"}
			}
		},
		{
			"from": [3.4068, 16.9667, -11.52873],
			"to": [4.0648, 19.7491, -10.85193],
			"rotation": {"angle": 22.5, "axis": "x", "origin": [6.5562, 18.37038, -7.41231]},
			"faces": {
				"north": {"uv": [2.5, 9.25, 2.25, 8.5], "rotation": 180, "texture": "#0"},
				"east": {"uv": [3, 8.75, 3.75, 8.5], "rotation": 90, "texture": "#0"},
				"south": {"uv": [2.25, 8.5, 2, 9.25], "texture": "#0"},
				"west": {"uv": [7.25, 8.75, 8, 8.5], "rotation": 270, "texture": "#0"},
				"up": {"uv": [3.5, 9.5, 3.75, 9.25], "texture": "#0"},
				"down": {"uv": [3.25, 9.5, 3.5, 9.25], "rotation": 180, "texture": "#0"}
			}
		},
		{
			"from": [8.7352, 16.9667, -8.02873],
			"to": [9.3932, 19.7491, -7.35193],
			"rotation": {"angle": 22.5, "axis": "x", "origin": [6.5562, 18.37038, -7.41231]},
			"faces": {
				"north": {"uv": [2.25, 9.25, 2.5, 8.5], "rotation": 180, "texture": "#0"},
				"east": {"uv": [8, 8.75, 7.25, 8.5], "rotation": 90, "texture": "#0"},
				"south": {"uv": [2, 8.5, 2.25, 9.25], "texture": "#0"},
				"west": {"uv": [3.75, 8.75, 3, 8.5], "rotation": 270, "texture": "#0"},
				"up": {"uv": [3.75, 9.5, 3.5, 9.25], "texture": "#0"},
				"down": {"uv": [3.5, 9.5, 3.25, 9.25], "rotation": 180, "texture": "#0"}
			}
		},
		{
			"from": [3.3128, 19.0347, -9.60193],
			"to": [3.7828, 19.4671, -8.92513],
			"rotation": {"angle": 22.5, "axis": "x", "origin": [6.5562, 18.37038, -7.41231]},
			"faces": {
				"north": {"uv": [5, 9.5, 4.75, 9.25], "rotation": 180, "texture": "#0"},
				"east": {"uv": [4, 9.25, 4.25, 9.5], "rotation": 90, "texture": "#0"},
				"south": {"uv": [5.25, 9.25, 5, 9.5], "texture": "#0"},
				"west": {"uv": [4.5, 9.25, 4.75, 9.5], "rotation": 270, "texture": "#0"},
				"up": {"uv": [4.25, 9.25, 4.5, 9.5], "texture": "#0"},
				"down": {"uv": [3.75, 9.25, 4, 9.5], "rotation": 180, "texture": "#0"}
			}
		},
		{
			"from": [9.0172, 19.0347, -6.10193],
			"to": [9.4872, 19.4671, -5.42513],
			"rotation": {"angle": 22.5, "axis": "x", "origin": [6.5562, 18.37038, -7.41231]},
			"faces": {
				"north": {"uv": [4.75, 9.5, 5, 9.25], "rotation": 180, "texture": "#0"},
				"east": {"uv": [4.75, 9.25, 4.5, 9.5], "rotation": 90, "texture": "#0"},
				"south": {"uv": [5, 9.25, 5.25, 9.5], "texture": "#0"},
				"west": {"uv": [4.25, 9.25, 4, 9.5], "rotation": 270, "texture": "#0"},
				"up": {"uv": [4.5, 9.25, 4.25, 9.5], "texture": "#0"},
				"down": {"uv": [4, 9.25, 3.75, 9.5], "rotation": 180, "texture": "#0"}
			}
		},
		{
			"from": [3.3128, 19.0347, -11.05873],
			"to": [3.7828, 19.4671, -10.38193],
			"rotation": {"angle": 22.5, "axis": "x", "origin": [6.5562, 18.37038, -7.41231]},
			"faces": {
				"north": {"uv": [5.25, 9.5, 5, 9.25], "rotation": 180, "texture": "#0"},
				"east": {"uv": [4, 9.5, 4.25, 9.25], "rotation": 90, "texture": "#0"},
				"south": {"uv": [5, 9.25, 4.75, 9.5], "texture": "#0"},
				"west": {"uv": [4.5, 9.5, 4.75, 9.25], "rotation": 270, "texture": "#0"},
				"up": {"uv": [4.25, 9.5, 4.5, 9.25], "texture": "#0"},
				"down": {"uv": [3.75, 9.5, 4, 9.25], "rotation": 180, "texture": "#0"}
			}
		},
		{
			"from": [9.0172, 19.0347, -7.55873],
			"to": [9.4872, 19.4671, -6.88193],
			"rotation": {"angle": 22.5, "axis": "x", "origin": [6.5562, 18.37038, -7.41231]},
			"faces": {
				"north": {"uv": [5, 9.5, 5.25, 9.25], "rotation": 180, "texture": "#0"},
				"east": {"uv": [4.75, 9.5, 4.5, 9.25], "rotation": 90, "texture": "#0"},
				"south": {"uv": [4.75, 9.25, 5, 9.5], "texture": "#0"},
				"west": {"uv": [4.25, 9.5, 4, 9.25], "rotation": 270, "texture": "#0"},
				"up": {"uv": [4.5, 9.5, 4.25, 9.25], "texture": "#0"},
				"down": {"uv": [4, 9.5, 3.75, 9.25], "rotation": 180, "texture": "#0"}
			}
		},
		{
			"from": [3.3128, 18.4347, -9.60193],
			"to": [3.7828, 18.8671, -8.92513],
			"rotation": {"angle": 22.5, "axis": "x", "origin": [6.5562, 18.37038, -7.41231]},
			"faces": {
				"north": {"uv": [5, 9.5, 4.75, 9.25], "rotation": 180, "texture": "#0"},
				"east": {"uv": [4, 9.25, 4.25, 9.5], "rotation": 90, "texture": "#0"},
				"south": {"uv": [5.25, 9.25, 5, 9.5], "texture": "#0"},
				"west": {"uv": [4.5, 9.25, 4.75, 9.5], "rotation": 270, "texture": "#0"},
				"up": {"uv": [4.25, 9.25, 4.5, 9.5], "texture": "#0"},
				"down": {"uv": [3.75, 9.25, 4, 9.5], "rotation": 180, "texture": "#0"}
			}
		},
		{
			"from": [9.0172, 18.4347, -6.10193],
			"to": [9.4872, 18.8671, -5.42513],
			"rotation": {"angle": 22.5, "axis": "x", "origin": [6.5562, 18.37038, -7.41231]},
			"faces": {
				"north": {"uv": [4.75, 9.5, 5, 9.25], "rotation": 180, "texture": "#0"},
				"east": {"uv": [4.75, 9.25, 4.5, 9.5], "rotation": 90, "texture": "#0"},
				"south": {"uv": [5, 9.25, 5.25, 9.5], "texture": "#0"},
				"west": {"uv": [4.25, 9.25, 4, 9.5], "rotation": 270, "texture": "#0"},
				"up": {"uv": [4.5, 9.25, 4.25, 9.5], "texture": "#0"},
				"down": {"uv": [4, 9.25, 3.75, 9.5], "rotation": 180, "texture": "#0"}
			}
		},
		{
			"from": [3.3128, 18.4347, -11.05873],
			"to": [3.7828, 18.8671, -10.38193],
			"rotation": {"angle": 22.5, "axis": "x", "origin": [6.5562, 18.37038, -7.41231]},
			"faces": {
				"north": {"uv": [5.25, 9.5, 5, 9.25], "rotation": 180, "texture": "#0"},
				"east": {"uv": [4, 9.5, 4.25, 9.25], "rotation": 90, "texture": "#0"},
				"south": {"uv": [5, 9.25, 4.75, 9.5], "texture": "#0"},
				"west": {"uv": [4.5, 9.5, 4.75, 9.25], "rotation": 270, "texture": "#0"},
				"up": {"uv": [4.25, 9.5, 4.5, 9.25], "texture": "#0"},
				"down": {"uv": [3.75, 9.5, 4, 9.25], "rotation": 180, "texture": "#0"}
			}
		},
		{
			"from": [9.0172, 18.4347, -7.55873],
			"to": [9.4872, 18.8671, -6.88193],
			"rotation": {"angle": 22.5, "axis": "x", "origin": [6.5562, 18.37038, -7.41231]},
			"faces": {
				"north": {"uv": [5, 9.5, 5.25, 9.25], "rotation": 180, "texture": "#0"},
				"east": {"uv": [4.75, 9.5, 4.5, 9.25], "rotation": 90, "texture": "#0"},
				"south": {"uv": [4.75, 9.25, 5, 9.5], "texture": "#0"},
				"west": {"uv": [4.25, 9.5, 4, 9.25], "rotation": 270, "texture": "#0"},
				"up": {"uv": [4.5, 9.5, 4.25, 9.25], "texture": "#0"},
				"down": {"uv": [4, 9.5, 3.75, 9.25], "rotation": 180, "texture": "#0"}
			}
		},
		{
			"from": [3.3128, 17.8347, -9.60193],
			"to": [3.7828, 18.2671, -8.92513],
			"rotation": {"angle": 22.5, "axis": "x", "origin": [6.5562, 18.37038, -7.41231]},
			"faces": {
				"north": {"uv": [5, 9.5, 4.75, 9.25], "rotation": 180, "texture": "#0"},
				"east": {"uv": [4, 9.25, 4.25, 9.5], "rotation": 90, "texture": "#0"},
				"south": {"uv": [5.25, 9.25, 5, 9.5], "texture": "#0"},
				"west": {"uv": [4.5, 9.25, 4.75, 9.5], "rotation": 270, "texture": "#0"},
				"up": {"uv": [4.25, 9.25, 4.5, 9.5], "texture": "#0"},
				"down": {"uv": [3.75, 9.25, 4, 9.5], "rotation": 180, "texture": "#0"}
			}
		},
		{
			"from": [9.0172, 17.8347, -6.10193],
			"to": [9.4872, 18.2671, -5.42513],
			"rotation": {"angle": 22.5, "axis": "x", "origin": [6.5562, 18.37038, -7.41231]},
			"faces": {
				"north": {"uv": [4.75, 9.5, 5, 9.25], "rotation": 180, "texture": "#0"},
				"east": {"uv": [4.75, 9.25, 4.5, 9.5], "rotation": 90, "texture": "#0"},
				"south": {"uv": [5, 9.25, 5.25, 9.5], "texture": "#0"},
				"west": {"uv": [4.25, 9.25, 4, 9.5], "rotation": 270, "texture": "#0"},
				"up": {"uv": [4.5, 9.25, 4.25, 9.5], "texture": "#0"},
				"down": {"uv": [4, 9.25, 3.75, 9.5], "rotation": 180, "texture": "#0"}
			}
		},
		{
			"from": [3.3128, 17.8347, -11.05873],
			"to": [3.7828, 18.2671, -10.38193],
			"rotation": {"angle": 22.5, "axis": "x", "origin": [6.5562, 18.37038, -7.41231]},
			"faces": {
				"north": {"uv": [5.25, 9.5, 5, 9.25], "rotation": 180, "texture": "#0"},
				"east": {"uv": [4, 9.5, 4.25, 9.25], "rotation": 90, "texture": "#0"},
				"south": {"uv": [5, 9.25, 4.75, 9.5], "texture": "#0"},
				"west": {"uv": [4.5, 9.5, 4.75, 9.25], "rotation": 270, "texture": "#0"},
				"up": {"uv": [4.25, 9.5, 4.5, 9.25], "texture": "#0"},
				"down": {"uv": [3.75, 9.5, 4, 9.25], "rotation": 180, "texture": "#0"}
			}
		},
		{
			"from": [9.0172, 17.8347, -7.55873],
			"to": [9.4872, 18.2671, -6.88193],
			"rotation": {"angle": 22.5, "axis": "x", "origin": [6.5562, 18.37038, -7.41231]},
			"faces": {
				"north": {"uv": [5, 9.5, 5.25, 9.25], "rotation": 180, "texture": "#0"},
				"east": {"uv": [4.75, 9.5, 4.5, 9.25], "rotation": 90, "texture": "#0"},
				"south": {"uv": [4.75, 9.25, 5, 9.5], "texture": "#0"},
				"west": {"uv": [4.25, 9.5, 4, 9.25], "rotation": 270, "texture": "#0"},
				"up": {"uv": [4.5, 9.5, 4.25, 9.25], "texture": "#0"},
				"down": {"uv": [4, 9.5, 3.75, 9.25], "rotation": 180, "texture": "#0"}
			}
		},
		{
			"from": [3.3128, 17.2347, -9.60193],
			"to": [3.7828, 17.6671, -8.92513],
			"rotation": {"angle": 22.5, "axis": "x", "origin": [6.5562, 18.37038, -7.41231]},
			"faces": {
				"north": {"uv": [5, 9.5, 4.75, 9.25], "rotation": 180, "texture": "#0"},
				"east": {"uv": [4, 9.25, 4.25, 9.5], "rotation": 90, "texture": "#0"},
				"south": {"uv": [5.25, 9.25, 5, 9.5], "texture": "#0"},
				"west": {"uv": [4.5, 9.25, 4.75, 9.5], "rotation": 270, "texture": "#0"},
				"up": {"uv": [4.25, 9.25, 4.5, 9.5], "texture": "#0"},
				"down": {"uv": [3.75, 9.25, 4, 9.5], "rotation": 180, "texture": "#0"}
			}
		},
		{
			"from": [9.0172, 17.2347, -6.10193],
			"to": [9.4872, 17.6671, -5.42513],
			"rotation": {"angle": 22.5, "axis": "x", "origin": [6.5562, 18.37038, -7.41231]},
			"faces": {
				"north": {"uv": [4.75, 9.5, 5, 9.25], "rotation": 180, "texture": "#0"},
				"east": {"uv": [4.75, 9.25, 4.5, 9.5], "rotation": 90, "texture": "#0"},
				"south": {"uv": [5, 9.25, 5.25, 9.5], "texture": "#0"},
				"west": {"uv": [4.25, 9.25, 4, 9.5], "rotation": 270, "texture": "#0"},
				"up": {"uv": [4.5, 9.25, 4.25, 9.5], "texture": "#0"},
				"down": {"uv": [4, 9.25, 3.75, 9.5], "rotation": 180, "texture": "#0"}
			}
		},
		{
			"from": [3.3128, 17.2347, -11.05873],
			"to": [3.7828, 17.6671, -10.38193],
			"rotation": {"angle": 22.5, "axis": "x", "origin": [6.5562, 18.37038, -7.41231]},
			"faces": {
				"north": {"uv": [5.25, 9.5, 5, 9.25], "rotation": 180, "texture": "#0"},
				"east": {"uv": [4, 9.5, 4.25, 9.25], "rotation": 90, "texture": "#0"},
				"south": {"uv": [5, 9.25, 4.75, 9.5], "texture": "#0"},
				"west": {"uv": [4.5, 9.5, 4.75, 9.25], "rotation": 270, "texture": "#0"},
				"up": {"uv": [4.25, 9.5, 4.5, 9.25], "texture": "#0"},
				"down": {"uv": [3.75, 9.5, 4, 9.25], "rotation": 180, "texture": "#0"}
			}
		},
		{
			"from": [9.0172, 17.2347, -7.55873],
			"to": [9.4872, 17.6671, -6.88193],
			"rotation": {"angle": 22.5, "axis": "x", "origin": [6.5562, 18.37038, -7.41231]},
			"faces": {
				"north": {"uv": [5, 9.5, 5.25, 9.25], "rotation": 180, "texture": "#0"},
				"east": {"uv": [4.75, 9.5, 4.5, 9.25], "rotation": 90, "texture": "#0"},
				"south": {"uv": [4.75, 9.25, 5, 9.5], "texture": "#0"},
				"west": {"uv": [4.25, 9.5, 4, 9.25], "rotation": 270, "texture": "#0"},
				"up": {"uv": [4.5, 9.5, 4.25, 9.25], "texture": "#0"},
				"down": {"uv": [4, 9.5, 3.75, 9.25], "rotation": 180, "texture": "#0"}
			}
		},
		{
			"from": [7.02, 18.1827, -2.84193],
			"to": [7.42, 18.6427, -2.42193],
			"rotation": {"angle": 22.5, "axis": "x", "origin": [6.5562, 18.37038, -7.41231]},
			"faces": {
				"north": {"uv": [1, 9.5, 0.75, 9.25], "rotation": 180, "texture": "#0"},
				"east": {"uv": [0.5, 9.25, 0.75, 9.5], "rotation": 90, "texture": "#0"},
				"south": {"uv": [0, 0, 1.375, 0.9], "texture": "#0"},
				"west": {"uv": [0, 0, 0.9, 2.3], "rotation": 270, "texture": "#0"},
				"up": {"uv": [0.25, 9.25, 0.5, 9.5], "texture": "#0"},
				"down": {"uv": [9, 8.75, 9.25, 9], "rotation": 180, "texture": "#0"}
			}
		},
		{
			"from": [7.22, 18.1827, -3.24193],
			"to": [7.62, 18.6427, -2.82193],
			"rotation": {"angle": 22.5, "axis": "x", "origin": [6.5562, 18.37038, -7.41231]},
			"faces": {
				"north": {"uv": [1, 9.5, 0.75, 9.25], "rotation": 180, "texture": "#0"},
				"east": {"uv": [0.5, 9.25, 0.75, 9.5], "rotation": 90, "texture": "#0"},
				"south": {"uv": [1.25, 9.25, 1, 9.5], "texture": "#0"},
				"west": {"uv": [0.5, 9.25, 0.75, 9.5], "rotation": 270, "texture": "#0"},
				"up": {"uv": [0.25, 9.25, 0.5, 9.5], "texture": "#0"},
				"down": {"uv": [9, 8.75, 9.25, 9], "rotation": 180, "texture": "#0"}
			}
		},
		{
			"from": [7.42, 18.1827, -3.84193],
			"to": [7.82, 18.6427, -3.22193],
			"rotation": {"angle": 22.5, "axis": "x", "origin": [6.5562, 18.37038, -7.41231]},
			"faces": {
				"north": {"uv": [1, 9.5, 0.75, 9.25], "rotation": 180, "texture": "#0"},
				"east": {"uv": [0.5, 9.25, 0.75, 9.5], "rotation": 90, "texture": "#0"},
				"south": {"uv": [1.25, 9.25, 1, 9.5], "texture": "#0"},
				"west": {"uv": [0.5, 9.25, 0.75, 9.5], "rotation": 270, "texture": "#0"},
				"up": {"uv": [0.25, 9.25, 0.5, 9.5], "texture": "#0"},
				"down": {"uv": [9, 8.75, 9.25, 9], "rotation": 180, "texture": "#0"}
			}
		},
		{
			"from": [7.22, 18.1827, -4.14193],
			"to": [7.62, 18.6427, -3.72193],
			"rotation": {"angle": 22.5, "axis": "x", "origin": [6.5562, 18.37038, -7.41231]},
			"faces": {
				"north": {"uv": [1, 9.5, 0.75, 9.25], "rotation": 180, "texture": "#0"},
				"east": {"uv": [0.5, 9.25, 0.75, 9.5], "rotation": 90, "texture": "#0"},
				"south": {"uv": [1.25, 9.25, 1, 9.5], "texture": "#0"},
				"west": {"uv": [0.5, 9.25, 0.75, 9.5], "rotation": 270, "texture": "#0"},
				"up": {"uv": [0.25, 9.25, 0.5, 9.5], "texture": "#0"},
				"down": {"uv": [9, 8.75, 9.25, 9], "rotation": 180, "texture": "#0"}
			}
		},
		{
			"from": [7.02, 18.1827, -4.64193],
			"to": [7.42, 18.6427, -4.12193],
			"rotation": {"angle": 22.5, "axis": "x", "origin": [6.5562, 18.37038, -7.41231]},
			"faces": {
				"north": {"uv": [1, 9.5, 0.75, 9.25], "rotation": 180, "texture": "#0"},
				"east": {"uv": [0.5, 9.25, 0.75, 9.5], "rotation": 90, "texture": "#0"},
				"south": {"uv": [1.25, 9.25, 1, 9.5], "texture": "#0"},
				"west": {"uv": [0.5, 9.25, 0.75, 9.5], "rotation": 270, "texture": "#0"},
				"up": {"uv": [0.25, 9.25, 0.5, 9.5], "texture": "#0"},
				"down": {"uv": [9, 8.75, 9.25, 9], "rotation": 180, "texture": "#0"}
			}
		},
		{
			"from": [5.72, 18.1827, -4.94193],
			"to": [7.22, 18.6427, -4.52193],
			"rotation": {"angle": 22.5, "axis": "x", "origin": [6.5562, 18.37038, -7.41231]},
			"faces": {
				"north": {"uv": [1, 9.5, 0.75, 9.25], "rotation": 180, "texture": "#0"},
				"east": {"uv": [0.5, 9.25, 0.75, 9.5], "rotation": 90, "texture": "#0"},
				"south": {"uv": [1.25, 9.25, 1, 9.5], "texture": "#0"},
				"west": {"uv": [0.5, 9.25, 0.75, 9.5], "rotation": 270, "texture": "#0"},
				"up": {"uv": [0.25, 9.25, 0.5, 9.5], "texture": "#0"},
				"down": {"uv": [9, 8.75, 9.25, 9], "rotation": 180, "texture": "#0"}
			}
		},
		{
			"from": [5.52, 18.1827, -5.74193],
			"to": [5.92, 18.6427, -4.82193],
			"rotation": {"angle": 22.5, "axis": "x", "origin": [6.5562, 18.37038, -7.41231]},
			"faces": {
				"north": {"uv": [1, 9.5, 0.75, 9.25], "rotation": 180, "texture": "#0"},
				"east": {"uv": [0, 9.25, 0.25, 9.5], "rotation": 90, "texture": "#0"},
				"south": {"uv": [1.25, 9.25, 1, 9.5], "texture": "#0"},
				"west": {"uv": [0.5, 9.25, 0.75, 9.5], "rotation": 270, "texture": "#0"},
				"up": {"uv": [0.25, 9.25, 0.5, 9.5], "texture": "#0"},
				"down": {"uv": [9, 8.75, 9.25, 9], "rotation": 180, "texture": "#0"}
			}
		},
		{
			"from": [5.32, 18.1827, -6.14193],
			"to": [5.72, 18.6427, -5.52193],
			"rotation": {"angle": 22.5, "axis": "x", "origin": [6.5562, 18.37038, -7.41231]},
			"faces": {
				"north": {"uv": [1, 9.5, 0.75, 9.25], "rotation": 180, "texture": "#0"},
				"east": {"uv": [0.5, 9.25, 0.75, 9.5], "rotation": 90, "texture": "#0"},
				"south": {"uv": [1.25, 9.25, 1, 9.5], "texture": "#0"},
				"west": {"uv": [0.5, 9.25, 0.75, 9.5], "rotation": 270, "texture": "#0"},
				"up": {"uv": [0.25, 9.25, 0.5, 9.5], "texture": "#0"},
				"down": {"uv": [9, 8.75, 9.25, 9], "rotation": 180, "texture": "#0"}
			}
		},
		{
			"from": [5.62, 18.1827, -6.64193],
			"to": [6.02, 18.6427, -6.12193],
			"rotation": {"angle": 22.5, "axis": "x", "origin": [6.5562, 18.37038, -7.41231]},
			"faces": {
				"north": {"uv": [1, 9.5, 0.75, 9.25], "rotation": 180, "texture": "#0"},
				"east": {"uv": [0, 0, 0.9, 2.3], "rotation": 90, "texture": "#0"},
				"south": {"uv": [1.25, 9.25, 1, 9.5], "texture": "#0"},
				"west": {"uv": [0.5, 9.25, 0.75, 9.5], "rotation": 270, "texture": "#0"},
				"up": {"uv": [0.25, 9.25, 0.5, 9.5], "texture": "#0"},
				"down": {"uv": [9, 8.75, 9.25, 9], "rotation": 180, "texture": "#0"}
			}
		},
		{
			"from": [6.72, 18.1827, -8.24193],
			"to": [7.12, 18.6427, -7.72193],
			"rotation": {"angle": 22.5, "axis": "x", "origin": [6.5562, 18.37038, -7.41231]},
			"faces": {
				"north": {"uv": [1, 9.5, 0.75, 9.25], "rotation": 180, "texture": "#0"},
				"east": {"uv": [0.5, 9.25, 0.75, 9.5], "rotation": 90, "texture": "#0"},
				"south": {"uv": [0, 0, 1.375, 0.9], "texture": "#0"},
				"west": {"uv": [0, 0, 0.9, 2.3], "rotation": 270, "texture": "#0"},
				"up": {"uv": [0.25, 9.25, 0.5, 9.5], "texture": "#0"},
				"down": {"uv": [9, 8.75, 9.25, 9], "rotation": 180, "texture": "#0"}
			}
		},
		{
			"from": [6.92, 18.1827, -8.84193],
			"to": [7.32, 18.6427, -8.12193],
			"rotation": {"angle": 22.5, "axis": "x", "origin": [6.5562, 18.37038, -7.41231]},
			"faces": {
				"north": {"uv": [1, 9.5, 0.75, 9.25], "rotation": 180, "texture": "#0"},
				"east": {"uv": [0.5, 9.25, 0.75, 9.5], "rotation": 90, "texture": "#0"},
				"south": {"uv": [1.25, 9.25, 1, 9.5], "texture": "#0"},
				"west": {"uv": [0.5, 9.25, 0.75, 9.5], "rotation": 270, "texture": "#0"},
				"up": {"uv": [0.25, 9.25, 0.5, 9.5], "texture": "#0"},
				"down": {"uv": [9, 8.75, 9.25, 9], "rotation": 180, "texture": "#0"}
			}
		},
		{
			"from": [7.12, 18.1827, -9.24193],
			"to": [7.52, 18.6427, -8.82193],
			"rotation": {"angle": 22.5, "axis": "x", "origin": [6.5562, 18.37038, -7.41231]},
			"faces": {
				"north": {"uv": [1, 9.5, 0.75, 9.25], "rotation": 180, "texture": "#0"},
				"east": {"uv": [0.5, 9.25, 0.75, 9.5], "rotation": 90, "texture": "#0"},
				"south": {"uv": [1.25, 9.25, 1, 9.5], "texture": "#0"},
				"west": {"uv": [0.5, 9.25, 0.75, 9.5], "rotation": 270, "texture": "#0"},
				"up": {"uv": [0.25, 9.25, 0.5, 9.5], "texture": "#0"},
				"down": {"uv": [9, 8.75, 9.25, 9], "rotation": 180, "texture": "#0"}
			}
		},
		{
			"from": [7.42, 18.1827, -9.94193],
			"to": [7.82, 18.6427, -9.22193],
			"rotation": {"angle": 22.5, "axis": "x", "origin": [6.5562, 18.37038, -7.41231]},
			"faces": {
				"north": {"uv": [1, 9.5, 0.75, 9.25], "rotation": 180, "texture": "#0"},
				"east": {"uv": [0.5, 9.25, 0.75, 9.5], "rotation": 90, "texture": "#0"},
				"south": {"uv": [1.25, 9.25, 1, 9.5], "texture": "#0"},
				"west": {"uv": [0.5, 9.25, 0.75, 9.5], "rotation": 270, "texture": "#0"},
				"up": {"uv": [0.25, 9.25, 0.5, 9.5], "texture": "#0"},
				"down": {"uv": [9, 8.75, 9.25, 9], "rotation": 180, "texture": "#0"}
			}
		},
		{
			"from": [7.12, 18.1827, -10.24193],
			"to": [7.62, 18.6427, -9.92193],
			"rotation": {"angle": 22.5, "axis": "x", "origin": [6.5562, 18.37038, -7.41231]},
			"faces": {
				"north": {"uv": [1, 9.5, 0.75, 9.25], "rotation": 180, "texture": "#0"},
				"east": {"uv": [0.5, 9.25, 0.75, 9.5], "rotation": 90, "texture": "#0"},
				"south": {"uv": [1.25, 9.25, 1, 9.5], "texture": "#0"},
				"west": {"uv": [0.5, 9.25, 0.75, 9.5], "rotation": 270, "texture": "#0"},
				"up": {"uv": [0.25, 9.25, 0.5, 9.5], "texture": "#0"},
				"down": {"uv": [9, 8.75, 9.25, 9], "rotation": 180, "texture": "#0"}
			}
		},
		{
			"from": [6.72, 18.1827, -10.54193],
			"to": [7.22, 18.6427, -10.22193],
			"rotation": {"angle": 22.5, "axis": "x", "origin": [6.5562, 18.37038, -7.41231]},
			"faces": {
				"north": {"uv": [1, 9.5, 0.75, 9.25], "rotation": 180, "texture": "#0"},
				"east": {"uv": [0.5, 9.25, 0.75, 9.5], "rotation": 90, "texture": "#0"},
				"south": {"uv": [1.25, 9.25, 1, 9.5], "texture": "#0"},
				"west": {"uv": [0, 0, 0.9, 2.3], "rotation": 270, "texture": "#0"},
				"up": {"uv": [0.25, 9.25, 0.5, 9.5], "texture": "#0"},
				"down": {"uv": [9, 8.75, 9.25, 9], "rotation": 180, "texture": "#0"}
			}
		},
		{
			"from": [3.38, 6.88, 3.4],
			"to": [9.56, 9.94, 6.22],
			"rotation": {"angle": -22.5, "axis": "x", "origin": [6.49425, 16.20282, 4.83721]},
			"faces": {
				"north": {"uv": [4, 3.25, 5.5, 4], "texture": "#0"},
				"east": {"uv": [4.5, 2.5, 5.25, 3.25], "texture": "#0"},
				"south": {"uv": [4, 3.25, 5.5, 4], "texture": "#0"},
				"west": {"uv": [6, 6, 6.75, 6.75], "texture": "#0"},
				"up": {"uv": [6, 1.75, 4.5, 1], "texture": "#0"},
				"down": {"uv": [6, 1.75, 4.5, 2.5], "texture": "#0"}
			}
		},
		{
			"from": [3.32, 9.94, 2.98],
			"to": [4.4, 10.42, 6.58],
			"rotation": {"angle": -22.5, "axis": "x", "origin": [6.49425, 16.20282, 4.83721]},
			"faces": {
				"north": {"uv": [8.75, 3, 9, 3.25], "texture": "#0"},
				"east": {"uv": [7, 0.75, 8, 1], "texture": "#0"},
				"south": {"uv": [8.75, 3, 9, 3.25], "texture": "#0"},
				"west": {"uv": [7, 4.5, 8, 4.75], "texture": "#0"},
				"up": {"uv": [7.25, 5.75, 7, 4.75], "texture": "#0"},
				"down": {"uv": [4.25, 7.25, 4, 8.25], "texture": "#0"}
			}
		},
		{
			"from": [8.5, 9.94, 2.98],
			"to": [9.58, 10.42, 6.58],
			"rotation": {"angle": -22.5, "axis": "x", "origin": [6.49425, 16.20282, 4.83721]},
			"faces": {
				"north": {"uv": [9, 3, 8.75, 3.25], "texture": "#0"},
				"east": {"uv": [8, 4.5, 7, 4.75], "texture": "#0"},
				"south": {"uv": [8.75, 3, 9, 3.25], "texture": "#0"},
				"west": {"uv": [8, 0.75, 7, 1], "texture": "#0"},
				"up": {"uv": [7, 5.75, 7.25, 4.75], "texture": "#0"},
				"down": {"uv": [4, 7.25, 4.25, 8.25], "texture": "#0"}
			}
		},
		{
			"from": [3.32, 10.42, 3.4],
			"to": [3.98, 10.9, 6.16],
			"rotation": {"angle": -22.5, "axis": "x", "origin": [6.49425, 16.20282, 4.83721]},
			"faces": {
				"north": {"uv": [8.75, 8.25, 9, 8.5], "texture": "#0"},
				"east": {"uv": [8, 0, 8.75, 0.25], "texture": "#0"},
				"south": {"uv": [8.75, 8.25, 9, 8.5], "texture": "#0"},
				"west": {"uv": [8, 0.75, 8.75, 1], "texture": "#0"},
				"up": {"uv": [5.5, 3.25, 5.25, 2.5], "texture": "#0"},
				"down": {"uv": [1, 8.25, 0.75, 9], "texture": "#0"}
			}
		},
		{
			"from": [8.92, 10.42, 3.4],
			"to": [9.58, 10.9, 6.16],
			"rotation": {"angle": -22.5, "axis": "x", "origin": [6.49425, 16.20282, 4.83721]},
			"faces": {
				"north": {"uv": [9, 8.25, 8.75, 8.5], "texture": "#0"},
				"east": {"uv": [8.75, 0.75, 8, 1], "texture": "#0"},
				"south": {"uv": [8.75, 8.25, 9, 8.5], "texture": "#0"},
				"west": {"uv": [8.75, 0, 8, 0.25], "texture": "#0"},
				"up": {"uv": [5.25, 3.25, 5.5, 2.5], "texture": "#0"},
				"down": {"uv": [0.75, 8.25, 1, 9], "texture": "#0"}
			}
		},
		{
			"from": [4.82, 8.58, 1.5],
			"to": [8.12, 14.1, 3.66],
			"rotation": {"angle": -45, "axis": "x", "origin": [6.49425, 15.20282, 2.63721]},
			"faces": {
				"north": {"uv": [3, 4.5, 3.75, 6], "texture": "#0"},
				"east": {"uv": [3, 6, 3.5, 7.5], "texture": "#0"},
				"south": {"uv": [3, 4.5, 3.75, 6], "texture": "#0"},
				"west": {"uv": [3, 6, 3.5, 7.5], "texture": "#0"},
				"up": {"uv": [3.75, 3, 3, 2.5], "texture": "#0"},
				"down": {"uv": [5.25, 4, 4.5, 4.5], "texture": "#0"}
			}
		},
		{
			"from": [3.5072, 12.34161, -2.21998],
			"to": [9.4592, 16.04721, 3.65522],
			"rotation": {"angle": 22.5, "axis": "x", "origin": [6.49425, 14.10282, 2.23721]},
			"faces": {
				"north": {"uv": [4, 2.5, 2.5, 1.5], "rotation": 180, "texture": "#0"},
				"east": {"uv": [0.5, 3, 1.5, 4.5], "rotation": 90, "texture": "#0"},
				"south": {"uv": [5, 0, 3.5, 1], "texture": "#0"},
				"west": {"uv": [3, 3, 4, 4.5], "rotation": 270, "texture": "#0"},
				"up": {"uv": [0, 1.5, 1.5, 3], "texture": "#0"},
				"down": {"uv": [0, 0, 1.5, 1.5], "rotation": 180, "texture": "#0"}
			}
		},
		{
			"from": [3.5072, 12.34161, 3.64802],
			"to": [6.3872, 16.04721, 4.13522],
			"rotation": {"angle": 22.5, "axis": "x", "origin": [6.49425, 14.10282, 2.23721]},
			"faces": {
				"north": {"uv": [5.75, 1, 5, 0], "rotation": 180, "texture": "#0"},
				"east": {"uv": [7.5, 7, 8.5, 7.25], "rotation": 90, "texture": "#0"},
				"south": {"uv": [6.5, 0, 5.75, 1], "texture": "#0"},
				"west": {"uv": [7.25, 7.75, 8.25, 8], "rotation": 270, "texture": "#0"},
				"up": {"uv": [8.25, 2.5, 9, 2.75], "texture": "#0"},
				"down": {"uv": [8, 4.5, 8.75, 4.75], "rotation": 180, "texture": "#0"}
			}
		},
		{
			"from": [6.6128, 12.34161, 3.64802],
			"to": [9.4928, 16.04721, 4.13522],
			"rotation": {"angle": 22.5, "axis": "x", "origin": [6.49425, 14.10282, 2.23721]},
			"faces": {
				"north": {"uv": [5, 1, 5.75, 0], "rotation": 180, "texture": "#0"},
				"east": {"uv": [8.25, 7.75, 7.25, 8], "rotation": 90, "texture": "#0"},
				"south": {"uv": [5.75, 0, 6.5, 1], "texture": "#0"},
				"west": {"uv": [8.5, 7, 7.5, 7.25], "rotation": 270, "texture": "#0"},
				"up": {"uv": [9, 2.5, 8.25, 2.75], "texture": "#0"},
				"down": {"uv": [8.75, 4.5, 8, 4.75], "rotation": 180, "texture": "#0"}
			}
		},
		{
			"from": [3.5072, 12.34161, 4.12802],
			"to": [5.8112, 16.04721, 4.61522],
			"rotation": {"angle": 22.5, "axis": "x", "origin": [6.49425, 14.10282, 2.23721]},
			"faces": {
				"north": {"uv": [2, 7.5, 1.5, 6.5], "rotation": 180, "texture": "#0"},
				"east": {"uv": [7.5, 4.25, 8.5, 4.5], "rotation": 90, "texture": "#0"},
				"south": {"uv": [7, 0, 6.5, 1], "texture": "#0"},
				"west": {"uv": [7.5, 6.75, 8.5, 7], "rotation": 270, "texture": "#0"},
				"up": {"uv": [8.5, 7.25, 9, 7.5], "texture": "#0"},
				"down": {"uv": [8.5, 7, 9, 7.25], "rotation": 180, "texture": "#0"}
			}
		},
		{
			"from": [7.1888, 12.34161, 4.12802],
			"to": [9.4928, 16.04721, 4.61522],
			"rotation": {"angle": 22.5, "axis": "x", "origin": [6.49425, 14.10282, 2.23721]},
			"faces": {
				"north": {"uv": [1.5, 7.5, 2, 6.5], "rotation": 180, "texture": "#0"},
				"east": {"uv": [8.5, 6.75, 7.5, 7], "rotation": 90, "texture": "#0"},
				"south": {"uv": [6.5, 0, 7, 1], "texture": "#0"},
				"west": {"uv": [8.5, 4.25, 7.5, 4.5], "rotation": 270, "texture": "#0"},
				"up": {"uv": [9, 7.25, 8.5, 7.5], "texture": "#0"},
				"down": {"uv": [9, 7, 8.5, 7.25], "rotation": 180, "texture": "#0"}
			}
		},
		{
			"from": [3.8912, 12.53361, 4.30802],
			"to": [5.3312, 15.85521, 4.90322],
			"rotation": {"angle": 22.5, "axis": "x", "origin": [6.49425, 14.10282, 2.23721]},
			"faces": {
				"north": {"uv": [0, 0, 1.375, 0.9], "rotation": 180, "texture": "#0"},
				"east": {"uv": [0, 0, 0.9, 2.3], "rotation": 90, "texture": "#0"},
				"south": {"uv": [0, 0, 1.375, 0.9], "texture": "#0"},
				"west": {"uv": [0, 0, 0.9, 2.3], "rotation": 270, "texture": "#0"},
				"up": {"uv": [0, 0, 1.375, 2.3], "texture": "#0"},
				"down": {"uv": [0, 0, 1.375, 2.3], "rotation": 180, "texture": "#0"}
			}
		},
		{
			"from": [7.6352, 12.53361, 4.30802],
			"to": [9.0752, 15.85521, 4.90322],
			"rotation": {"angle": 22.5, "axis": "x", "origin": [6.49425, 14.10282, 2.23721]},
			"faces": {
				"north": {"uv": [0, 0, 1.375, 0.9], "rotation": 180, "texture": "#0"},
				"east": {"uv": [0, 0, 0.9, 2.3], "rotation": 90, "texture": "#0"},
				"south": {"uv": [0, 0, 1.375, 0.9], "texture": "#0"},
				"west": {"uv": [0, 0, 0.9, 2.3], "rotation": 270, "texture": "#0"},
				"up": {"uv": [0, 0, 1.375, 2.3], "texture": "#0"},
				"down": {"uv": [0, 0, 1.375, 2.3], "rotation": 180, "texture": "#0"}
			}
		},
		{
			"from": [3.3912, 12.03361, 4.50802],
			"to": [5.4312, 16.15521, 5.00322],
			"rotation": {"angle": 22.5, "axis": "x", "origin": [6.49425, 14.10282, 2.23721]},
			"faces": {
				"north": {"uv": [6.5, 5.5, 6, 4.5], "rotation": 180, "texture": "#0"},
				"east": {"uv": [7, 5.75, 8, 6], "rotation": 90, "texture": "#0"},
				"south": {"uv": [4.5, 6.25, 4, 7.25], "texture": "#0"},
				"west": {"uv": [7, 6, 8, 6.25], "rotation": 270, "texture": "#0"},
				"up": {"uv": [8.5, 6.5, 9, 6.75], "texture": "#0"},
				"down": {"uv": [8.5, 6.5, 9, 6.75], "rotation": 180, "texture": "#0"}
			}
		},
		{
			"from": [7.5688, 12.03361, 4.50802],
			"to": [9.6088, 16.15521, 5.00322],
			"rotation": {"angle": 22.5, "axis": "x", "origin": [6.49425, 14.10282, 2.23721]},
			"faces": {
				"north": {"uv": [6, 5.5, 6.5, 4.5], "rotation": 180, "texture": "#0"},
				"east": {"uv": [8, 6, 7, 6.25], "rotation": 90, "texture": "#0"},
				"south": {"uv": [4, 6.25, 4.5, 7.25], "texture": "#0"},
				"west": {"uv": [8, 5.75, 7, 6], "rotation": 270, "texture": "#0"},
				"up": {"uv": [9, 6.5, 8.5, 6.75], "texture": "#0"},
				"down": {"uv": [9, 6.5, 8.5, 6.75], "rotation": 180, "texture": "#0"}
			}
		},
		{
			"from": [5.1912, 11.93361, 4.20802],
			"to": [5.8312, 16.25521, 4.70322],
			"rotation": {"angle": 22.5, "axis": "x", "origin": [6.49425, 14.10282, 2.23721]},
			"faces": {
				"north": {"uv": [4.5, 8.25, 4.25, 7.25], "rotation": 180, "texture": "#0"},
				"east": {"uv": [7, 6.25, 8, 6.5], "rotation": 90, "texture": "#0"},
				"south": {"uv": [7.25, 7.25, 7, 8.25], "texture": "#0"},
				"west": {"uv": [6, 7.25, 7, 7.5], "rotation": 270, "texture": "#0"},
				"up": {"uv": [0.75, 9, 1, 9.25], "rotation": 270, "texture": "#0"},
				"down": {"uv": [0.75, 9, 1, 9.25], "rotation": 180, "texture": "#0"}
			}
		},
		{
			"from": [7.1688, 11.93361, 4.20802],
			"to": [7.8088, 16.25521, 4.70322],
			"rotation": {"angle": 22.5, "axis": "x", "origin": [6.49425, 14.10282, 2.23721]},
			"faces": {
				"north": {"uv": [4.25, 8.25, 4.5, 7.25], "rotation": 180, "texture": "#0"},
				"east": {"uv": [7, 7.25, 6, 7.5], "rotation": 90, "texture": "#0"},
				"south": {"uv": [7, 7.25, 7.25, 8.25], "texture": "#0"},
				"west": {"uv": [8, 6.25, 7, 6.5], "rotation": 270, "texture": "#0"},
				"up": {"uv": [0.75, 9.25, 1, 9], "rotation": 270, "texture": "#0"},
				"down": {"uv": [1, 9, 0.75, 9.25], "rotation": 180, "texture": "#0"}
			}
		},
		{
			"from": [5.7912, 11.93361, 3.80802],
			"to": [6.4312, 16.25521, 4.20322],
			"rotation": {"angle": 22.5, "axis": "x", "origin": [6.49425, 14.10282, 2.23721]},
			"faces": {
				"north": {"uv": [7.5, 2.75, 7.25, 1.75], "rotation": 180, "texture": "#0"},
				"east": {"uv": [7.25, 7.25, 8.25, 7.5], "rotation": 90, "texture": "#0"},
				"south": {"uv": [7.5, 2.75, 7.25, 3.75], "texture": "#0"},
				"west": {"uv": [7.25, 1.5, 8.25, 1.75], "rotation": 270, "texture": "#0"},
				"up": {"uv": [2.75, 9, 3, 9.25], "rotation": 90, "texture": "#0"},
				"down": {"uv": [2.75, 9, 3, 9.25], "rotation": 180, "texture": "#0"}
			}
		},
		{
			"from": [6.5688, 11.93361, 3.80802],
			"to": [7.2088, 16.25521, 4.20322],
			"rotation": {"angle": 22.5, "axis": "x", "origin": [6.49425, 14.10282, 2.23721]},
			"faces": {
				"north": {"uv": [7.25, 2.75, 7.5, 1.75], "rotation": 180, "texture": "#0"},
				"east": {"uv": [8.25, 1.5, 7.25, 1.75], "rotation": 90, "texture": "#0"},
				"south": {"uv": [7.25, 2.75, 7.5, 3.75], "texture": "#0"},
				"west": {"uv": [8.25, 7.25, 7.25, 7.5], "rotation": 270, "texture": "#0"},
				"up": {"uv": [2.75, 9.25, 3, 9], "rotation": 90, "texture": "#0"},
				"down": {"uv": [3, 9, 2.75, 9.25], "rotation": 180, "texture": "#0"}
			}
		},
		{
			"from": [6.2912, 11.93361, -2.49198],
			"to": [6.7312, 16.25521, 3.80322],
			"rotation": {"angle": 22.5, "axis": "x", "origin": [6.49425, 14.10282, 2.23721]},
			"faces": {
				"north": {"uv": [7.5, 5.75, 7.25, 4.75], "rotation": 180, "texture": "#0"},
				"east": {"uv": [1.5, 0, 2.5, 1.5], "rotation": 90, "texture": "#0"},
				"south": {"uv": [1.75, 7.5, 1.5, 8.5], "texture": "#0"},
				"west": {"uv": [2.5, 0, 3.5, 1.5], "rotation": 270, "texture": "#0"},
				"up": {"uv": [6.5, 4.5, 6.75, 6], "texture": "#0"},
				"down": {"uv": [6.5, 4.5, 6.75, 6], "rotation": 180, "texture": "#0"}
			}
		},
		{
			"from": [5.6912, 11.93361, 2.20802],
			"to": [6.3312, 16.25521, 2.60322],
			"rotation": {"angle": 22.5, "axis": "x", "origin": [6.49425, 14.10282, 2.23721]},
			"faces": {
				"north": {"uv": [2, 8.5, 1.75, 7.5], "rotation": 180, "texture": "#0"},
				"east": {"uv": [7.25, 3.75, 8.25, 4], "rotation": 90, "texture": "#0"},
				"south": {"uv": [3.25, 7.5, 3, 8.5], "texture": "#0"},
				"west": {"uv": [6, 7.5, 7, 7.75], "rotation": 270, "texture": "#0"},
				"up": {"uv": [4.5, 9, 4.75, 9.25], "rotation": 90, "texture": "#0"},
				"down": {"uv": [4.5, 9, 4.75, 9.25], "rotation": 180, "texture": "#0"}
			}
		},
		{
			"from": [6.6688, 11.93361, 2.50802],
			"to": [7.3088, 16.25521, 2.90322],
			"rotation": {"angle": 22.5, "axis": "x", "origin": [6.49425, 14.10282, 2.23721]},
			"faces": {
				"north": {"uv": [1.75, 8.5, 2, 7.5], "rotation": 180, "texture": "#0"},
				"east": {"uv": [7, 7.5, 6, 7.75], "rotation": 90, "texture": "#0"},
				"south": {"uv": [3, 7.5, 3.25, 8.5], "texture": "#0"},
				"west": {"uv": [8.25, 3.75, 7.25, 4], "rotation": 270, "texture": "#0"},
				"up": {"uv": [4.5, 9.25, 4.75, 9], "rotation": 90, "texture": "#0"},
				"down": {"uv": [4.75, 9, 4.5, 9.25], "rotation": 180, "texture": "#0"}
			}
		},
		{
			"from": [4.7912, 11.93361, 2.60802],
			"to": [5.7312, 16.25521, 3.00322],
			"rotation": {"angle": 22.5, "axis": "x", "origin": [6.49425, 14.10282, 2.23721]},
			"faces": {
				"north": {"uv": [3.5, 8.5, 3.25, 7.5], "rotation": 180, "texture": "#0"},
				"east": {"uv": [7.25, 7.5, 8.25, 7.75], "rotation": 90, "texture": "#0"},
				"south": {"uv": [7.75, 1.75, 7.5, 2.75], "texture": "#0"},
				"west": {"uv": [7.5, 0.25, 8.5, 0.5], "rotation": 270, "texture": "#0"},
				"up": {"uv": [5, 9, 5.25, 9.25], "rotation": 90, "texture": "#0"},
				"down": {"uv": [5, 9, 5.25, 9.25], "rotation": 180, "texture": "#0"}
			}
		},
		{
			"from": [7.2688, 11.93361, 2.30802],
			"to": [8.2088, 16.25521, 2.70322],
			"rotation": {"angle": 22.5, "axis": "x", "origin": [6.49425, 14.10282, 2.23721]},
			"faces": {
				"north": {"uv": [3.25, 8.5, 3.5, 7.5], "rotation": 180, "texture": "#0"},
				"east": {"uv": [8.5, 0.25, 7.5, 0.5], "rotation": 90, "texture": "#0"},
				"south": {"uv": [7.5, 1.75, 7.75, 2.75], "texture": "#0"},
				"west": {"uv": [8.25, 7.5, 7.25, 7.75], "rotation": 270, "texture": "#0"},
				"up": {"uv": [5, 9.25, 5.25, 9], "rotation": 90, "texture": "#0"},
				"down": {"uv": [5.25, 9, 5, 9.25], "rotation": 180, "texture": "#0"}
			}
		},
		{
			"from": [3.8912, 11.93361, 2.90802],
			"to": [4.8312, 16.25521, 3.30322],
			"rotation": {"angle": 22.5, "axis": "x", "origin": [6.49425, 14.10282, 2.23721]},
			"faces": {
				"north": {"uv": [7.75, 3.75, 7.5, 2.75], "rotation": 180, "texture": "#0"},
				"east": {"uv": [7.5, 0.5, 8.5, 0.75], "rotation": 90, "texture": "#0"},
				"south": {"uv": [7.75, 4.75, 7.5, 5.75], "texture": "#0"},
				"west": {"uv": [7.5, 1, 8.5, 1.25], "rotation": 270, "texture": "#0"},
				"up": {"uv": [5.75, 9, 6, 9.25], "texture": "#0"},
				"down": {"uv": [5.75, 9, 6, 9.25], "rotation": 180, "texture": "#0"}
			}
		},
		{
			"from": [8.1688, 11.93361, 2.30802],
			"to": [9.1088, 16.25521, 2.70322],
			"rotation": {"angle": 22.5, "axis": "x", "origin": [6.49425, 14.10282, 2.23721]},
			"faces": {
				"north": {"uv": [7.5, 3.75, 7.75, 2.75], "rotation": 180, "texture": "#0"},
				"east": {"uv": [8.5, 1, 7.5, 1.25], "rotation": 90, "texture": "#0"},
				"south": {"uv": [7.5, 4.75, 7.75, 5.75], "texture": "#0"},
				"west": {"uv": [8.5, 0.5, 7.5, 0.75], "rotation": 270, "texture": "#0"},
				"up": {"uv": [6, 9, 5.75, 9.25], "texture": "#0"},
				"down": {"uv": [6, 9, 5.75, 9.25], "rotation": 180, "texture": "#0"}
			}
		},
		{
			"from": [3.3912, 11.93361, 2.60802],
			"to": [3.9312, 16.25521, 3.00322],
			"rotation": {"angle": 22.5, "axis": "x", "origin": [6.49425, 14.10282, 2.23721]},
			"faces": {
				"north": {"uv": [6.25, 8.75, 6, 7.75], "rotation": 180, "texture": "#0"},
				"east": {"uv": [7.5, 1.25, 8.5, 1.5], "rotation": 90, "texture": "#0"},
				"south": {"uv": [6.5, 7.75, 6.25, 8.75], "texture": "#0"},
				"west": {"uv": [7.5, 4, 8.5, 4.25], "rotation": 270, "texture": "#0"},
				"up": {"uv": [6.25, 9, 6.5, 9.25], "texture": "#0"},
				"down": {"uv": [6.25, 9, 6.5, 9.25], "rotation": 180, "texture": "#0"}
			}
		},
		{
			"from": [9.0688, 11.93361, 2.60802],
			"to": [9.6088, 16.25521, 3.00322],
			"rotation": {"angle": 22.5, "axis": "x", "origin": [6.49425, 14.10282, 2.23721]},
			"faces": {
				"north": {"uv": [6, 8.75, 6.25, 7.75], "rotation": 180, "texture": "#0"},
				"east": {"uv": [8.5, 4, 7.5, 4.25], "rotation": 90, "texture": "#0"},
				"south": {"uv": [6.25, 7.75, 6.5, 8.75], "texture": "#0"},
				"west": {"uv": [8.5, 1.25, 7.5, 1.5], "rotation": 270, "texture": "#0"},
				"up": {"uv": [6.5, 9, 6.25, 9.25], "texture": "#0"},
				"down": {"uv": [6.5, 9, 6.25, 9.25], "rotation": 180, "texture": "#0"}
			}
		},
		{
			"from": [3.3912, 11.93361, 1.40802],
			"to": [4.2312, 16.25521, 1.80322],
			"rotation": {"angle": 22.5, "axis": "x", "origin": [6.49425, 14.10282, 2.23721]},
			"faces": {
				"north": {"uv": [6.25, 8.75, 6, 7.75], "rotation": 180, "texture": "#0"},
				"east": {"uv": [7.25, 7.5, 8.25, 7.75], "rotation": 90, "texture": "#0"},
				"south": {"uv": [6.5, 7.75, 6.25, 8.75], "texture": "#0"},
				"west": {"uv": [7, 6, 8, 6.25], "rotation": 270, "texture": "#0"},
				"up": {"uv": [6.25, 9, 6.5, 9.25], "texture": "#0"},
				"down": {"uv": [6.25, 9, 6.5, 9.25], "rotation": 180, "texture": "#0"}
			}
		},
		{
			"from": [8.7688, 11.93361, 1.40802],
			"to": [9.6088, 16.25521, 1.80322],
			"rotation": {"angle": 22.5, "axis": "x", "origin": [6.49425, 14.10282, 2.23721]},
			"faces": {
				"north": {"uv": [6, 8.75, 6.25, 7.75], "rotation": 180, "texture": "#0"},
				"east": {"uv": [8, 6, 7, 6.25], "rotation": 90, "texture": "#0"},
				"south": {"uv": [6.25, 7.75, 6.5, 8.75], "texture": "#0"},
				"west": {"uv": [8.25, 7.5, 7.25, 7.75], "rotation": 270, "texture": "#0"},
				"up": {"uv": [6.5, 9, 6.25, 9.25], "texture": "#0"},
				"down": {"uv": [6.5, 9, 6.25, 9.25], "rotation": 180, "texture": "#0"}
			}
		},
		{
			"from": [4.0912, 11.93361, 1.20802],
			"to": [5.0312, 16.25521, 1.60322],
			"rotation": {"angle": 22.5, "axis": "x", "origin": [6.49425, 14.10282, 2.23721]},
			"faces": {
				"north": {"uv": [7.75, 3.75, 7.5, 2.75], "rotation": 180, "texture": "#0"},
				"east": {"uv": [7.25, 7.5, 8.25, 7.75], "rotation": 90, "texture": "#0"},
				"south": {"uv": [7.75, 4.75, 7.5, 5.75], "texture": "#0"},
				"west": {"uv": [7.5, 1, 8.5, 1.25], "rotation": 270, "texture": "#0"},
				"up": {"uv": [5.75, 9, 6, 9.25], "texture": "#0"},
				"down": {"uv": [5.75, 9, 6, 9.25], "rotation": 180, "texture": "#0"}
			}
		},
		{
			"from": [7.9688, 11.93361, 1.20802],
			"to": [8.9088, 16.25521, 1.60322],
			"rotation": {"angle": 22.5, "axis": "x", "origin": [6.49425, 14.10282, 2.23721]},
			"faces": {
				"north": {"uv": [7.5, 3.75, 7.75, 2.75], "rotation": 180, "texture": "#0"},
				"east": {"uv": [8.5, 1, 7.5, 1.25], "rotation": 90, "texture": "#0"},
				"south": {"uv": [7.5, 4.75, 7.75, 5.75], "texture": "#0"},
				"west": {"uv": [8.25, 7.5, 7.25, 7.75], "rotation": 270, "texture": "#0"},
				"up": {"uv": [6, 9, 5.75, 9.25], "texture": "#0"},
				"down": {"uv": [6, 9, 5.75, 9.25], "rotation": 180, "texture": "#0"}
			}
		},
		{
			"from": [4.7912, 11.93361, 0.80802],
			"to": [5.7312, 16.25521, 1.20322],
			"rotation": {"angle": 22.5, "axis": "x", "origin": [6.49425, 14.10282, 2.23721]},
			"faces": {
				"north": {"uv": [3.5, 8.5, 3.25, 7.5], "rotation": 180, "texture": "#0"},
				"east": {"uv": [7.25, 7.5, 8.25, 7.75], "rotation": 90, "texture": "#0"},
				"south": {"uv": [7.75, 1.75, 7.5, 2.75], "texture": "#0"},
				"west": {"uv": [7.5, 0.25, 8.5, 0.5], "rotation": 270, "texture": "#0"},
				"up": {"uv": [5, 9, 5.25, 9.25], "rotation": 90, "texture": "#0"},
				"down": {"uv": [5, 9, 5.25, 9.25], "rotation": 180, "texture": "#0"}
			}
		},
		{
			"from": [7.2688, 11.93361, 0.80802],
			"to": [8.2088, 16.25521, 1.20322],
			"rotation": {"angle": 22.5, "axis": "x", "origin": [6.49425, 14.10282, 2.23721]},
			"faces": {
				"north": {"uv": [3.25, 8.5, 3.5, 7.5], "rotation": 180, "texture": "#0"},
				"east": {"uv": [8.5, 0.25, 7.5, 0.5], "rotation": 90, "texture": "#0"},
				"south": {"uv": [7.5, 1.75, 7.75, 2.75], "texture": "#0"},
				"west": {"uv": [8.25, 7.5, 7.25, 7.75], "rotation": 270, "texture": "#0"},
				"up": {"uv": [5, 9.25, 5.25, 9], "rotation": 90, "texture": "#0"},
				"down": {"uv": [5.25, 9, 5, 9.25], "rotation": 180, "texture": "#0"}
			}
		},
		{
			"from": [5.6912, 11.93361, 0.70802],
			"to": [6.3312, 16.25521, 1.10322],
			"rotation": {"angle": 22.5, "axis": "x", "origin": [6.49425, 14.10282, 2.23721]},
			"faces": {
				"north": {"uv": [2, 8.5, 1.75, 7.5], "rotation": 180, "texture": "#0"},
				"east": {"uv": [0, 0, 0.9, 2.3], "rotation": 90, "texture": "#0"},
				"south": {"uv": [3.25, 7.5, 3, 8.5], "texture": "#0"},
				"west": {"uv": [6, 7.5, 7, 7.75], "rotation": 270, "texture": "#0"},
				"up": {"uv": [4.5, 9, 4.75, 9.25], "rotation": 90, "texture": "#0"},
				"down": {"uv": [4.5, 9, 4.75, 9.25], "rotation": 180, "texture": "#0"}
			}
		},
		{
			"from": [6.6688, 11.93361, 1.00802],
			"to": [7.3088, 16.25521, 1.40322],
			"rotation": {"angle": 22.5, "axis": "x", "origin": [6.49425, 14.10282, 2.23721]},
			"faces": {
				"north": {"uv": [1.75, 8.5, 2, 7.5], "rotation": 180, "texture": "#0"},
				"east": {"uv": [7, 7.5, 6, 7.75], "rotation": 90, "texture": "#0"},
				"south": {"uv": [3, 7.5, 3.25, 8.5], "texture": "#0"},
				"west": {"uv": [0.9, 0, 0, 2.3], "rotation": 270, "texture": "#0"},
				"up": {"uv": [4.5, 9.25, 4.75, 9], "rotation": 90, "texture": "#0"},
				"down": {"uv": [4.75, 9, 4.5, 9.25], "rotation": 180, "texture": "#0"}
			}
		},
		{
			"from": [3.3912, 11.93361, -0.39198],
			"to": [3.9312, 16.25521, 0.00322],
			"rotation": {"angle": 22.5, "axis": "x", "origin": [6.49425, 14.10282, 2.23721]},
			"faces": {
				"north": {"uv": [6.25, 8.75, 6, 7.75], "rotation": 180, "texture": "#0"},
				"east": {"uv": [7.25, 7.5, 8.25, 7.75], "rotation": 90, "texture": "#0"},
				"south": {"uv": [6.5, 7.75, 6.25, 8.75], "texture": "#0"},
				"west": {"uv": [7, 6, 8, 6.25], "rotation": 270, "texture": "#0"},
				"up": {"uv": [6.25, 9, 6.5, 9.25], "texture": "#0"},
				"down": {"uv": [6.25, 9, 6.5, 9.25], "rotation": 180, "texture": "#0"}
			}
		},
		{
			"from": [9.0688, 11.93361, 0.00802],
			"to": [9.6088, 16.25521, 0.40322],
			"rotation": {"angle": 22.5, "axis": "x", "origin": [6.49425, 14.10282, 2.23721]},
			"faces": {
				"north": {"uv": [6, 8.75, 6.25, 7.75], "rotation": 180, "texture": "#0"},
				"east": {"uv": [8, 6, 7, 6.25], "rotation": 90, "texture": "#0"},
				"south": {"uv": [6.25, 7.75, 6.5, 8.75], "texture": "#0"},
				"west": {"uv": [8.25, 7.5, 7.25, 7.75], "rotation": 270, "texture": "#0"},
				"up": {"uv": [6.5, 9, 6.25, 9.25], "texture": "#0"},
				"down": {"uv": [6.5, 9, 6.25, 9.25], "rotation": 180, "texture": "#0"}
			}
		},
		{
			"from": [3.8912, 11.93361, -0.09198],
			"to": [4.8312, 16.25521, 0.30322],
			"rotation": {"angle": 22.5, "axis": "x", "origin": [6.49425, 14.10282, 2.23721]},
			"faces": {
				"north": {"uv": [7.75, 3.75, 7.5, 2.75], "rotation": 180, "texture": "#0"},
				"east": {"uv": [7.25, 7.5, 8.25, 7.75], "rotation": 90, "texture": "#0"},
				"south": {"uv": [7.75, 4.75, 7.5, 5.75], "texture": "#0"},
				"west": {"uv": [7.5, 1, 8.5, 1.25], "rotation": 270, "texture": "#0"},
				"up": {"uv": [5.75, 9, 6, 9.25], "texture": "#0"},
				"down": {"uv": [5.75, 9, 6, 9.25], "rotation": 180, "texture": "#0"}
			}
		},
		{
			"from": [8.1688, 11.93361, -0.39198],
			"to": [9.1088, 16.25521, 0.00322],
			"rotation": {"angle": 22.5, "axis": "x", "origin": [6.49425, 14.10282, 2.23721]},
			"faces": {
				"north": {"uv": [7.5, 3.75, 7.75, 2.75], "rotation": 180, "texture": "#0"},
				"east": {"uv": [8.5, 1, 7.5, 1.25], "rotation": 90, "texture": "#0"},
				"south": {"uv": [7.5, 4.75, 7.75, 5.75], "texture": "#0"},
				"west": {"uv": [8.25, 7.5, 7.25, 7.75], "rotation": 270, "texture": "#0"},
				"up": {"uv": [6, 9, 5.75, 9.25], "texture": "#0"},
				"down": {"uv": [6, 9, 5.75, 9.25], "rotation": 180, "texture": "#0"}
			}
		},
		{
			"from": [4.7912, 11.93361, -0.39198],
			"to": [5.7312, 16.25521, 0.00322],
			"rotation": {"angle": 22.5, "axis": "x", "origin": [6.49425, 14.10282, 2.23721]},
			"faces": {
				"north": {"uv": [7.75, 3.75, 7.5, 2.75], "rotation": 180, "texture": "#0"},
				"east": {"uv": [7.25, 7.5, 8.25, 7.75], "rotation": 90, "texture": "#0"},
				"south": {"uv": [7.75, 1.75, 7.5, 2.75], "texture": "#0"},
				"west": {"uv": [7.5, 0.25, 8.5, 0.5], "rotation": 270, "texture": "#0"},
				"up": {"uv": [5, 9, 5.25, 9.25], "rotation": 90, "texture": "#0"},
				"down": {"uv": [5, 9, 5.25, 9.25], "rotation": 180, "texture": "#0"}
			}
		},
		{
			"from": [7.2688, 11.93361, -0.39198],
			"to": [8.2088, 16.25521, 0.00322],
			"rotation": {"angle": 22.5, "axis": "x", "origin": [6.49425, 14.10282, 2.23721]},
			"faces": {
				"north": {"uv": [7.5, 3.75, 7.75, 2.75], "rotation": 180, "texture": "#0"},
				"east": {"uv": [8.5, 0.25, 7.5, 0.5], "rotation": 90, "texture": "#0"},
				"south": {"uv": [7.5, 1.75, 7.75, 2.75], "texture": "#0"},
				"west": {"uv": [8.25, 7.5, 7.25, 7.75], "rotation": 270, "texture": "#0"},
				"up": {"uv": [5, 9.25, 5.25, 9], "rotation": 90, "texture": "#0"},
				"down": {"uv": [5.25, 9, 5, 9.25], "rotation": 180, "texture": "#0"}
			}
		},
		{
			"from": [5.6912, 11.93361, -0.79198],
			"to": [6.3312, 16.25521, -0.39678],
			"rotation": {"angle": 22.5, "axis": "x", "origin": [6.49425, 14.10282, 2.23721]},
			"faces": {
				"north": {"uv": [2, 8.5, 1.75, 7.5], "rotation": 180, "texture": "#0"},
				"east": {"uv": [0, 0, 0.9, 2.3], "rotation": 90, "texture": "#0"},
				"south": {"uv": [3.25, 7.5, 3, 8.5], "texture": "#0"},
				"west": {"uv": [6, 7.5, 7, 7.75], "rotation": 270, "texture": "#0"},
				"up": {"uv": [4.5, 9, 4.75, 9.25], "rotation": 90, "texture": "#0"},
				"down": {"uv": [4.5, 9, 4.75, 9.25], "rotation": 180, "texture": "#0"}
			}
		},
		{
			"from": [6.6688, 11.93361, -0.79198],
			"to": [7.3088, 16.25521, -0.39678],
			"rotation": {"angle": 22.5, "axis": "x", "origin": [6.49425, 14.10282, 2.23721]},
			"faces": {
				"north": {"uv": [1.75, 8.5, 2, 7.5], "rotation": 180, "texture": "#0"},
				"east": {"uv": [7, 7.5, 6, 7.75], "rotation": 90, "texture": "#0"},
				"south": {"uv": [3, 7.5, 3.25, 8.5], "texture": "#0"},
				"west": {"uv": [0.9, 0, 0, 2.3], "rotation": 270, "texture": "#0"},
				"up": {"uv": [4.5, 9.25, 4.75, 9], "rotation": 90, "texture": "#0"},
				"down": {"uv": [4.75, 9, 4.5, 9.25], "rotation": 180, "texture": "#0"}
			}
		},
		{
			"from": [3.3912, 11.93361, -2.29198],
			"to": [3.9312, 16.25521, -1.69678],
			"rotation": {"angle": 22.5, "axis": "x", "origin": [6.49425, 14.10282, 2.23721]},
			"faces": {
				"north": {"uv": [6.25, 8.75, 6, 7.75], "rotation": 180, "texture": "#0"},
				"east": {"uv": [7.25, 7.5, 8.25, 7.75], "rotation": 90, "texture": "#0"},
				"south": {"uv": [6.5, 7.75, 6.25, 8.75], "texture": "#0"},
				"west": {"uv": [7, 6, 8, 6.25], "rotation": 270, "texture": "#0"},
				"up": {"uv": [6.25, 9, 6.5, 9.25], "texture": "#0"},
				"down": {"uv": [6.25, 9, 6.5, 9.25], "rotation": 180, "texture": "#0"}
			}
		},
		{
			"from": [9.0688, 11.93361, -2.29198],
			"to": [9.6088, 16.25521, -1.69678],
			"rotation": {"angle": 22.5, "axis": "x", "origin": [6.49425, 14.10282, 2.23721]},
			"faces": {
				"north": {"uv": [6, 8.75, 6.25, 7.75], "rotation": 180, "texture": "#0"},
				"east": {"uv": [8, 6, 7, 6.25], "rotation": 90, "texture": "#0"},
				"south": {"uv": [6.25, 7.75, 6.5, 8.75], "texture": "#0"},
				"west": {"uv": [8.25, 7.5, 7.25, 7.75], "rotation": 270, "texture": "#0"},
				"up": {"uv": [6.5, 9, 6.25, 9.25], "texture": "#0"},
				"down": {"uv": [6.5, 9, 6.25, 9.25], "rotation": 180, "texture": "#0"}
			}
		},
		{
			"from": [3.8912, 11.93361, -1.79198],
			"to": [4.8312, 16.25521, -1.39678],
			"rotation": {"angle": 22.5, "axis": "x", "origin": [6.49425, 14.10282, 2.23721]},
			"faces": {
				"north": {"uv": [7.75, 3.75, 7.5, 2.75], "rotation": 180, "texture": "#0"},
				"east": {"uv": [7.25, 7.5, 8.25, 7.75], "rotation": 90, "texture": "#0"},
				"south": {"uv": [7.75, 4.75, 7.5, 5.75], "texture": "#0"},
				"west": {"uv": [7.5, 1, 8.5, 1.25], "rotation": 270, "texture": "#0"},
				"up": {"uv": [5.75, 9, 6, 9.25], "texture": "#0"},
				"down": {"uv": [5.75, 9, 6, 9.25], "rotation": 180, "texture": "#0"}
			}
		},
		{
			"from": [8.1688, 11.93361, -1.79198],
			"to": [9.1088, 16.25521, -1.39678],
			"rotation": {"angle": 22.5, "axis": "x", "origin": [6.49425, 14.10282, 2.23721]},
			"faces": {
				"north": {"uv": [7.5, 3.75, 7.75, 2.75], "rotation": 180, "texture": "#0"},
				"east": {"uv": [8.5, 1, 7.5, 1.25], "rotation": 90, "texture": "#0"},
				"south": {"uv": [7.5, 4.75, 7.75, 5.75], "texture": "#0"},
				"west": {"uv": [8.25, 7.5, 7.25, 7.75], "rotation": 270, "texture": "#0"},
				"up": {"uv": [6, 9, 5.75, 9.25], "texture": "#0"},
				"down": {"uv": [6, 9, 5.75, 9.25], "rotation": 180, "texture": "#0"}
			}
		},
		{
			"from": [4.7912, 11.93361, -2.09198],
			"to": [5.7312, 16.25521, -1.69678],
			"rotation": {"angle": 22.5, "axis": "x", "origin": [6.49425, 14.10282, 2.23721]},
			"faces": {
				"north": {"uv": [7.75, 3.75, 7.5, 2.75], "rotation": 180, "texture": "#0"},
				"east": {"uv": [7.25, 7.5, 8.25, 7.75], "rotation": 90, "texture": "#0"},
				"south": {"uv": [7.75, 1.75, 7.5, 2.75], "texture": "#0"},
				"west": {"uv": [7.5, 0.25, 8.5, 0.5], "rotation": 270, "texture": "#0"},
				"up": {"uv": [5, 9, 5.25, 9.25], "rotation": 90, "texture": "#0"},
				"down": {"uv": [5, 9, 5.25, 9.25], "rotation": 180, "texture": "#0"}
			}
		},
		{
			"from": [7.2688, 11.93361, -2.09198],
			"to": [8.2088, 16.25521, -1.69678],
			"rotation": {"angle": 22.5, "axis": "x", "origin": [6.49425, 14.10282, 2.23721]},
			"faces": {
				"north": {"uv": [7.5, 3.75, 7.75, 2.75], "rotation": 180, "texture": "#0"},
				"east": {"uv": [8.5, 0.25, 7.5, 0.5], "rotation": 90, "texture": "#0"},
				"south": {"uv": [7.5, 1.75, 7.75, 2.75], "texture": "#0"},
				"west": {"uv": [8.25, 7.5, 7.25, 7.75], "rotation": 270, "texture": "#0"},
				"up": {"uv": [5, 9.25, 5.25, 9], "rotation": 90, "texture": "#0"},
				"down": {"uv": [5.25, 9, 5, 9.25], "rotation": 180, "texture": "#0"}
			}
		},
		{
			"from": [5.6912, 11.93361, -2.49198],
			"to": [6.3312, 16.25521, -2.09678],
			"rotation": {"angle": 22.5, "axis": "x", "origin": [6.49425, 14.10282, 2.23721]},
			"faces": {
				"north": {"uv": [2, 8.5, 1.75, 7.5], "rotation": 180, "texture": "#0"},
				"east": {"uv": [0, 0, 0.9, 2.3], "rotation": 90, "texture": "#0"},
				"south": {"uv": [3.25, 7.5, 3, 8.5], "texture": "#0"},
				"west": {"uv": [7, 6, 8, 6.25], "rotation": 270, "texture": "#0"},
				"up": {"uv": [4.5, 9, 4.75, 9.25], "rotation": 90, "texture": "#0"},
				"down": {"uv": [4.5, 9, 4.75, 9.25], "rotation": 180, "texture": "#0"}
			}
		},
		{
			"from": [6.6688, 11.93361, -2.49198],
			"to": [7.3088, 16.25521, -2.09678],
			"rotation": {"angle": 22.5, "axis": "x", "origin": [6.49425, 14.10282, 2.23721]},
			"faces": {
				"north": {"uv": [1.75, 8.5, 2, 7.5], "rotation": 180, "texture": "#0"},
				"east": {"uv": [8, 6, 7, 6.25], "rotation": 90, "texture": "#0"},
				"south": {"uv": [3, 7.5, 3.25, 8.5], "texture": "#0"},
				"west": {"uv": [0.9, 0, 0, 2.3], "rotation": 270, "texture": "#0"},
				"up": {"uv": [4.5, 9.25, 4.75, 9], "rotation": 90, "texture": "#0"},
				"down": {"uv": [4.75, 9, 4.5, 9.25], "rotation": 180, "texture": "#0"}
			}
		},
		{
			"from": [10.2, 4.6, -1.3],
			"to": [11.3, 16, -0.2],
			"rotation": {"angle": 0, "axis": "y", "origin": [10.475, -7.97222, -1.05556]},
			"faces": {
				"north": {"uv": [5.75, 5.5, 5.5, 8.75], "texture": "#0"},
				"east": {"uv": [0.5, 6, 0.25, 9.25], "texture": "#0"},
				"south": {"uv": [5.5, 5.5, 5.75, 8.75], "texture": "#0"},
				"west": {"uv": [6, 5.75, 5.75, 9], "texture": "#0"},
				"up": {"uv": [6.75, 9.25, 7, 9], "texture": "#0"},
				"down": {"uv": [7, 9, 7.25, 9.25], "texture": "#0"}
			}
		},
		{
			"from": [9.2, 15.7, -1.8],
			"to": [10.8, 17.3, 0.1],
			"rotation": {"angle": 0, "axis": "y", "origin": [10.475, -9.07222, -1.05556]},
			"faces": {
				"north": {"uv": [7, 7.75, 6.5, 8.25], "texture": "#0"},
				"east": {"uv": [8.25, 2.75, 7.75, 3.25], "texture": "#0"},
				"south": {"uv": [6.5, 7.75, 7, 8.25], "texture": "#0"},
				"west": {"uv": [6.5, 7.75, 7, 8.25], "texture": "#0"},
				"up": {"uv": [6.5, 7.75, 7, 8.25], "texture": "#0"},
				"down": {"uv": [7.75, 4.75, 8.25, 5.25], "texture": "#0"}
			}
		},
		{
			"from": [10, 5.1, -7.4],
			"to": [11.5, 5.8, -5.9],
			"rotation": {"angle": 22.5, "axis": "x", "origin": [10.4875, -9.55312, -6.9875]},
			"faces": {
				"north": {"uv": [8.25, 9, 8, 9.25], "texture": "#0"},
				"east": {"uv": [9, 7.75, 8.5, 8], "texture": "#0"},
				"south": {"uv": [8.5, 9, 8.25, 9.25], "texture": "#0"},
				"west": {"uv": [9, 7.5, 8.5, 7.75], "texture": "#0"},
				"up": {"uv": [0.5, 9.25, 0.75, 8.75], "texture": "#0"},
				"down": {"uv": [3, 8.75, 3.25, 9.25], "texture": "#0"}
			}
		},
		{
			"from": [10.2, 4.6, -7.2],
			"to": [11.3, 5.1, -6.1],
			"rotation": {"angle": 22.5, "axis": "x", "origin": [10.4875, -9.55312, -6.9875]},
			"faces": {
				"north": {"uv": [8.75, 9, 8.5, 9.25], "texture": "#0"},
				"east": {"uv": [9.25, 0, 9, 0.25], "texture": "#0"},
				"south": {"uv": [9.25, 9, 9, 9.25], "texture": "#0"},
				"west": {"uv": [9, 9, 8.75, 9.25], "texture": "#0"},
				"up": {"uv": [9, 0.5, 9.25, 0.25], "texture": "#0"},
				"down": {"uv": [9, 0.5, 9.25, 0.75], "texture": "#0"}
			}
		},
		{
			"from": [11, -9.3, -7.2],
			"to": [11.5, 4.7, -6.1],
			"rotation": {"angle": 22.5, "axis": "x", "origin": [10.4875, -9.55312, -6.9875]},
			"faces": {
				"north": {"uv": [4, 4.5, 3.75, 8], "texture": "#0"},
				"east": {"uv": [5, 5.25, 4.75, 8.75], "texture": "#0"},
				"south": {"uv": [4.75, 5.25, 4.5, 8.75], "texture": "#0"},
				"west": {"uv": [2.5, 5, 2.25, 8.5], "texture": "#0"},
				"up": {"uv": [9, 1, 9.25, 0.75], "texture": "#0"},
				"down": {"uv": [9, 1, 9.25, 1.25], "texture": "#0"}
			}
		},
		{
			"from": [9.9, -9.3, -7.2],
			"to": [10.4, 4.7, -6.1],
			"rotation": {"angle": 22.5, "axis": "x", "origin": [10.4875, -9.55312, -6.9875]},
			"faces": {
				"north": {"uv": [5.25, 5.25, 5, 8.75], "texture": "#0"},
				"east": {"uv": [3, 5.5, 2.75, 9], "texture": "#0"},
				"south": {"uv": [2.75, 5.5, 2.5, 9], "texture": "#0"},
				"west": {"uv": [5.5, 5.25, 5.25, 8.75], "texture": "#0"},
				"up": {"uv": [9, 1.5, 9.25, 1.25], "texture": "#0"},
				"down": {"uv": [9, 1.5, 9.25, 1.75], "texture": "#0"}
			}
		},
		{
			"from": [9.7, -11.4, -7.4],
			"to": [11.7, -9.3, -5.9],
			"rotation": {"angle": 22.5, "axis": "x", "origin": [10.4875, -9.55312, -6.9875]},
			"faces": {
				"north": {"uv": [8.25, 5.25, 7.75, 5.75], "texture": "#0"},
				"east": {"uv": [7.75, 8, 7.25, 8.5], "texture": "#0"},
				"south": {"uv": [4, 8, 3.5, 8.5], "texture": "#0"},
				"west": {"uv": [1.5, 8, 1, 8.5], "texture": "#0"},
				"up": {"uv": [7.75, 8.5, 8.25, 8], "texture": "#0"},
				"down": {"uv": [8, 5.75, 8.5, 6.25], "texture": "#0"}
			}
		},
		{
			"from": [9.4, -12.9, -7.4],
			"to": [12, -11.4, -5.9],
			"rotation": {"angle": 22.5, "axis": "x", "origin": [10.4875, -9.55312, -6.9875]},
			"faces": {
				"north": {"uv": [6, 4, 5.25, 4.5], "texture": "#0"},
				"east": {"uv": [4.5, 8.25, 4, 8.75], "texture": "#0"},
				"south": {"uv": [6.75, 6.75, 6, 7.25], "texture": "#0"},
				"west": {"uv": [8.5, 6.25, 8, 6.75], "texture": "#0"},
				"up": {"uv": [6.75, 7.25, 7.5, 6.75], "texture": "#0"},
				"down": {"uv": [6.75, 1, 7.5, 1.5], "texture": "#0"}
			}
		},
		{
			"from": [8.9, -13.7, -6.7],
			"to": [9.3, -12.3, -6],
			"rotation": {"angle": 22.5, "axis": "x", "origin": [10.4875, -9.55312, -6.9875]},
			"faces": {
				"north": {"uv": [9.25, 3.25, 9, 3.5], "texture": "#0"},
				"east": {"uv": [9.25, 4, 9, 4.25], "texture": "#0"},
				"south": {"uv": [9.25, 3.75, 9, 4], "texture": "#0"},
				"west": {"uv": [9.25, 3.5, 9, 3.75], "texture": "#0"},
				"up": {"uv": [9, 4.5, 9.25, 4.25], "texture": "#0"},
				"down": {"uv": [9, 4.5, 9.25, 4.75], "texture": "#0"}
			}
		},
		{
			"from": [9, -12.6, -6.8],
			"to": [9.4, -12.1, -5.9],
			"rotation": {"angle": 22.5, "axis": "x", "origin": [10.4875, -9.55312, -6.9875]},
			"faces": {
				"north": {"uv": [9.25, 1.75, 9, 2], "texture": "#0"},
				"east": {"uv": [9.25, 2.5, 9, 2.75], "texture": "#0"},
				"south": {"uv": [9.25, 2.25, 9, 2.5], "texture": "#0"},
				"west": {"uv": [9.25, 2, 9, 2.25], "texture": "#0"},
				"up": {"uv": [9, 3, 9.25, 2.75], "texture": "#0"},
				"down": {"uv": [9, 3, 9.25, 3.25], "texture": "#0"}
			}
		},
		{
			"from": [9.5, -13.8, -7.6],
			"to": [9.9, -12.4, -7.2],
			"rotation": {"angle": 22.5, "axis": "x", "origin": [10.4875, -9.55312, -6.9875]},
			"faces": {
				"north": {"uv": [9.1, 5.25, 9.2, 5.6], "texture": "#0"},
				"east": {"uv": [9.1, 5.25, 9.2, 5.6], "texture": "#0"},
				"south": {"uv": [9.1, 5.25, 9.2, 5.6], "texture": "#0"},
				"west": {"uv": [9.1, 5.25, 9.2, 5.6], "texture": "#0"},
				"up": {"uv": [9.35, 6.5, 9.45, 6.6], "texture": "#0"},
				"down": {"uv": [9.35, 6.5, 9.45, 6.6], "texture": "#0"}
			}
		},
		{
			"from": [9.5, -15.2, -7.6],
			"to": [9.9, -13.8, -7.2],
			"rotation": {"angle": 22.5, "axis": "x", "origin": [10.4875, -9.55312, -6.9875]},
			"faces": {
				"north": {"uv": [3.35, 8.75, 3.45, 9.1], "texture": "#0"},
				"east": {"uv": [4.35, 8.75, 4.45, 9.1], "texture": "#0"},
				"south": {"uv": [4.1, 8.75, 4.2, 9.1], "texture": "#0"},
				"west": {"uv": [3.6, 8.75, 3.7, 9.1], "texture": "#0"},
				"up": {"uv": [9.35, 6.5, 9.45, 6.6], "texture": "#0"},
				"down": {"uv": [9.35, 5, 9.45, 5.1], "texture": "#0"}
			}
		},
		{
			"from": [10.1, -13.8, -7.6],
			"to": [10.5, -12.4, -7.2],
			"rotation": {"angle": 22.5, "axis": "x", "origin": [10.4875, -9.55312, -6.9875]},
			"faces": {
				"north": {"uv": [9.25, 5.25, 9, 5.5], "texture": "#0"},
				"east": {"uv": [9.25, 6, 9, 6.25], "texture": "#0"},
				"south": {"uv": [9.25, 5.75, 9, 6], "texture": "#0"},
				"west": {"uv": [9.25, 5.5, 9, 5.75], "texture": "#0"},
				"up": {"uv": [9, 6.5, 9.25, 6.25], "texture": "#0"},
				"down": {"uv": [9, 6.5, 9.25, 6.75], "texture": "#0"}
			}
		},
		{
			"from": [10.1, -16, -7.6],
			"to": [10.5, -13.8, -7.2],
			"rotation": {"angle": 22.5, "axis": "x", "origin": [10.4875, -9.55312, -6.9875]},
			"faces": {
				"north": {"uv": [3.5, 8.75, 3.25, 9.25], "texture": "#0"},
				"east": {"uv": [4.5, 8.75, 4.25, 9.25], "texture": "#0"},
				"south": {"uv": [4.25, 8.75, 4, 9.25], "texture": "#0"},
				"west": {"uv": [3.75, 8.75, 3.5, 9.25], "texture": "#0"},
				"up": {"uv": [9, 5, 9.25, 4.75], "texture": "#0"},
				"down": {"uv": [9, 5, 9.25, 5.25], "texture": "#0"}
			}
		},
		{
			"from": [10.8, -13.8, -7.6],
			"to": [11.2, -12.4, -7.2],
			"rotation": {"angle": 22.5, "axis": "x", "origin": [10.4875, -9.55312, -6.9875]},
			"faces": {
				"north": {"uv": [9.1, 5.25, 9.2, 5.6], "texture": "#0"},
				"east": {"uv": [9.1, 5.25, 9.2, 5.6], "texture": "#0"},
				"south": {"uv": [9.1, 5.25, 9.2, 5.6], "texture": "#0"},
				"west": {"uv": [9.1, 5.25, 9.2, 5.6], "texture": "#0"},
				"up": {"uv": [9.35, 6.5, 9.45, 6.6], "texture": "#0"},
				"down": {"uv": [9.35, 6.5, 9.45, 6.6], "texture": "#0"}
			}
		},
		{
			"from": [10.8, -15.5, -7.6],
			"to": [11.2, -13.8, -7.2],
			"rotation": {"angle": 22.5, "axis": "x", "origin": [10.4875, -9.55312, -6.9875]},
			"faces": {
				"north": {"uv": [3.35, 8.75, 3.45, 9.175], "texture": "#0"},
				"east": {"uv": [4.35, 8.75, 4.45, 9.175], "texture": "#0"},
				"south": {"uv": [4.1, 8.75, 4.2, 9.175], "texture": "#0"},
				"west": {"uv": [3.6, 8.75, 3.7, 9.175], "texture": "#0"},
				"up": {"uv": [9.35, 6.5, 9.45, 6.6], "texture": "#0"},
				"down": {"uv": [9.35, 5, 9.45, 5.1], "texture": "#0"}
			}
		},
		{
			"from": [11.4, -13.8, -7.6],
			"to": [11.8, -12.4, -7.2],
			"rotation": {"angle": 22.5, "axis": "x", "origin": [10.4875, -9.55312, -6.9875]},
			"faces": {
				"north": {"uv": [9.1, 5.25, 9.2, 5.6], "texture": "#0"},
				"east": {"uv": [9.1, 5.25, 9.2, 5.6], "texture": "#0"},
				"south": {"uv": [9.1, 5.25, 9.2, 5.6], "texture": "#0"},
				"west": {"uv": [9.1, 5.25, 9.2, 5.6], "texture": "#0"},
				"up": {"uv": [9.35, 6.5, 9.45, 6.6], "texture": "#0"},
				"down": {"uv": [9.35, 6.5, 9.45, 6.6], "texture": "#0"}
			}
		},
		{
			"from": [11.4, -14.7, -7.6],
			"to": [11.8, -13.8, -7.2],
			"rotation": {"angle": 22.5, "axis": "x", "origin": [10.4875, -9.55312, -6.9875]},
			"faces": {
				"north": {"uv": [3.35, 8.75, 3.45, 8.975], "texture": "#0"},
				"east": {"uv": [4.35, 8.75, 4.45, 8.975], "texture": "#0"},
				"south": {"uv": [4.1, 8.75, 4.2, 8.975], "texture": "#0"},
				"west": {"uv": [3.6, 8.75, 3.7, 8.975], "texture": "#0"},
				"up": {"uv": [9.35, 6.5, 9.45, 6.6], "texture": "#0"},
				"down": {"uv": [9.35, 5, 9.45, 5.1], "texture": "#0"}
			}
		},
		{
			"from": [1.6, 4.2, -1.3],
			"to": [2.7, 16.1, -0.2],
			"rotation": {"angle": 0, "axis": "y", "origin": [2.425, -8.37222, -1.05556]},
			"faces": {
				"north": {"uv": [5.5, 5.5, 5.75, 8.75], "texture": "#0"},
				"east": {"uv": [5.75, 5.75, 6, 9], "texture": "#0"},
				"south": {"uv": [5.5, 5.5, 5.75, 8.75], "texture": "#0"},
				"west": {"uv": [0.25, 6, 0.5, 9.25], "texture": "#0"},
				"up": {"uv": [7, 9.25, 6.75, 9], "texture": "#0"},
				"down": {"uv": [7.25, 9, 7, 9.25], "texture": "#0"}
			}
		},
		{
			"from": [2.1, 15.5, -1.8],
			"to": [3.7, 17.1, 0.1],
			"rotation": {"angle": 0, "axis": "y", "origin": [2.425, -9.27222, -1.05556]},
			"faces": {
				"north": {"uv": [6.5, 7.75, 7, 8.25], "texture": "#0"},
				"east": {"uv": [6.5, 7.75, 7, 8.25], "texture": "#0"},
				"south": {"uv": [6.5, 7.75, 7, 8.25], "texture": "#0"},
				"west": {"uv": [7.75, 2.75, 8.25, 3.25], "texture": "#0"},
				"up": {"uv": [6.5, 7.75, 7, 8.25], "texture": "#0"},
				"down": {"uv": [8.25, 4.75, 7.75, 5.25], "texture": "#0"}
			}
		},
		{
			"from": [1.4, 5.1, -7.3],
			"to": [2.9, 5.8, -5.8],
			"rotation": {"angle": 22.5, "axis": "x", "origin": [2.4125, -9.55312, -6.8875]},
			"faces": {
				"north": {"uv": [8, 9, 8.25, 9.25], "texture": "#0"},
				"east": {"uv": [8.5, 7.5, 9, 7.75], "texture": "#0"},
				"south": {"uv": [8.25, 9, 8.5, 9.25], "texture": "#0"},
				"west": {"uv": [8.5, 7.75, 9, 8], "texture": "#0"},
				"up": {"uv": [0.75, 9.25, 0.5, 8.75], "texture": "#0"},
				"down": {"uv": [3.25, 8.75, 3, 9.25], "texture": "#0"}
			}
		},
		{
			"from": [1.6, 4.6, -7.1],
			"to": [2.7, 5.1, -6],
			"rotation": {"angle": 22.5, "axis": "x", "origin": [2.4125, -9.55312, -6.8875]},
			"faces": {
				"north": {"uv": [8.5, 9, 8.75, 9.25], "texture": "#0"},
				"east": {"uv": [8.75, 9, 9, 9.25], "texture": "#0"},
				"south": {"uv": [9, 9, 9.25, 9.25], "texture": "#0"},
				"west": {"uv": [9, 0, 9.25, 0.25], "texture": "#0"},
				"up": {"uv": [9.25, 0.5, 9, 0.25], "texture": "#0"},
				"down": {"uv": [9.25, 0.5, 9, 0.75], "texture": "#0"}
			}
		},
		{
			"from": [1.4, -9.3, -7.1],
			"to": [1.9, 4.7, -6],
			"rotation": {"angle": 22.5, "axis": "x", "origin": [2.4125, -9.55312, -6.8875]},
			"faces": {
				"north": {"uv": [3.75, 4.5, 4, 8], "texture": "#0"},
				"east": {"uv": [2.25, 5, 2.5, 8.5], "texture": "#0"},
				"south": {"uv": [4.5, 5.25, 4.75, 8.75], "texture": "#0"},
				"west": {"uv": [4.75, 5.25, 5, 8.75], "texture": "#0"},
				"up": {"uv": [9.25, 1, 9, 0.75], "texture": "#0"},
				"down": {"uv": [9.25, 1, 9, 1.25], "texture": "#0"}
			}
		},
		{
			"from": [2.5, -9.3, -7.1],
			"to": [3, 4.7, -6],
			"rotation": {"angle": 22.5, "axis": "x", "origin": [2.4125, -9.55312, -6.8875]},
			"faces": {
				"north": {"uv": [5, 5.25, 5.25, 8.75], "texture": "#0"},
				"east": {"uv": [5.25, 5.25, 5.5, 8.75], "texture": "#0"},
				"south": {"uv": [2.5, 5.5, 2.75, 9], "texture": "#0"},
				"west": {"uv": [2.75, 5.5, 3, 9], "texture": "#0"},
				"up": {"uv": [9.25, 1.5, 9, 1.25], "texture": "#0"},
				"down": {"uv": [9.25, 1.5, 9, 1.75], "texture": "#0"}
			}
		},
		{
			"from": [1.2, -11.4, -7.3],
			"to": [3.2, -9.3, -5.8],
			"rotation": {"angle": 22.5, "axis": "x", "origin": [2.4125, -9.55312, -6.8875]},
			"faces": {
				"north": {"uv": [7.75, 5.25, 8.25, 5.75], "texture": "#0"},
				"east": {"uv": [1, 8, 1.5, 8.5], "texture": "#0"},
				"south": {"uv": [3.5, 8, 4, 8.5], "texture": "#0"},
				"west": {"uv": [7.25, 8, 7.75, 8.5], "texture": "#0"},
				"up": {"uv": [8.25, 8.5, 7.75, 8], "texture": "#0"},
				"down": {"uv": [8.5, 5.75, 8, 6.25], "texture": "#0"}
			}
		},
		{
			"from": [0.9, -12.9, -7.3],
			"to": [3.5, -11.4, -5.8],
			"rotation": {"angle": 22.5, "axis": "x", "origin": [2.4125, -9.55312, -6.8875]},
			"faces": {
				"north": {"uv": [5.25, 4, 6, 4.5], "texture": "#0"},
				"east": {"uv": [8, 6.25, 8.5, 6.75], "texture": "#0"},
				"south": {"uv": [6, 6.75, 6.75, 7.25], "texture": "#0"},
				"west": {"uv": [4, 8.25, 4.5, 8.75], "texture": "#0"},
				"up": {"uv": [7.5, 7.25, 6.75, 6.75], "texture": "#0"},
				"down": {"uv": [7.5, 1, 6.75, 1.5], "texture": "#0"}
			}
		},
		{
			"from": [3.6, -13.7, -6.6],
			"to": [4, -12.3, -5.9],
			"rotation": {"angle": 22.5, "axis": "x", "origin": [2.4125, -9.55312, -6.8875]},
			"faces": {
				"north": {"uv": [9, 3.25, 9.25, 3.5], "texture": "#0"},
				"east": {"uv": [9, 3.5, 9.25, 3.75], "texture": "#0"},
				"south": {"uv": [9, 3.75, 9.25, 4], "texture": "#0"},
				"west": {"uv": [9, 4, 9.25, 4.25], "texture": "#0"},
				"up": {"uv": [9.25, 4.5, 9, 4.25], "texture": "#0"},
				"down": {"uv": [9.25, 4.5, 9, 4.75], "texture": "#0"}
			}
		},
		{
			"from": [3.5, -12.6, -6.7],
			"to": [3.9, -12.1, -5.8],
			"rotation": {"angle": 22.5, "axis": "x", "origin": [2.4125, -9.55312, -6.8875]},
			"faces": {
				"north": {"uv": [9, 1.75, 9.25, 2], "texture": "#0"},
				"east": {"uv": [9, 2, 9.25, 2.25], "texture": "#0"},
				"south": {"uv": [9, 2.25, 9.25, 2.5], "texture": "#0"},
				"west": {"uv": [9, 2.5, 9.25, 2.75], "texture": "#0"},
				"up": {"uv": [9.25, 3, 9, 2.75], "texture": "#0"},
				"down": {"uv": [9.25, 3, 9, 3.25], "texture": "#0"}
			}
		},
		{
			"from": [3, -13.8, -7.5],
			"to": [3.4, -12.4, -7.1],
			"rotation": {"angle": 22.5, "axis": "x", "origin": [2.4125, -9.55312, -6.8875]},
			"faces": {
				"north": {"uv": [9, 5.25, 9.1, 5.6], "texture": "#0"},
				"east": {"uv": [9, 5.25, 9.1, 5.6], "texture": "#0"},
				"south": {"uv": [9, 5.25, 9.1, 5.6], "texture": "#0"},
				"west": {"uv": [9, 5.25, 9.1, 5.6], "texture": "#0"},
				"up": {"uv": [9.25, 6.5, 9.35, 6.6], "texture": "#0"},
				"down": {"uv": [9.25, 6.5, 9.35, 6.6], "texture": "#0"}
			}
		},
		{
			"from": [3, -15.2, -7.5],
			"to": [3.4, -13.8, -7.1],
			"rotation": {"angle": 22.5, "axis": "x", "origin": [2.4125, -9.55312, -6.8875]},
			"faces": {
				"north": {"uv": [3.25, 8.75, 3.35, 9.1], "texture": "#0"},
				"east": {"uv": [3.5, 8.75, 3.6, 9.1], "texture": "#0"},
				"south": {"uv": [4, 8.75, 4.1, 9.1], "texture": "#0"},
				"west": {"uv": [4.25, 8.75, 4.35, 9.1], "texture": "#0"},
				"up": {"uv": [9.25, 6.5, 9.35, 6.6], "texture": "#0"},
				"down": {"uv": [9.25, 5, 9.35, 5.1], "texture": "#0"}
			}
		},
		{
			"from": [2.4, -13.8, -7.5],
			"to": [2.8, -12.4, -7.1],
			"rotation": {"angle": 22.5, "axis": "x", "origin": [2.4125, -9.55312, -6.8875]},
			"faces": {
				"north": {"uv": [9, 5.25, 9.25, 5.5], "texture": "#0"},
				"east": {"uv": [9, 5.5, 9.25, 5.75], "texture": "#0"},
				"south": {"uv": [9, 5.75, 9.25, 6], "texture": "#0"},
				"west": {"uv": [9, 6, 9.25, 6.25], "texture": "#0"},
				"up": {"uv": [9.25, 6.5, 9, 6.25], "texture": "#0"},
				"down": {"uv": [9.25, 6.5, 9, 6.75], "texture": "#0"}
			}
		},
		{
			"from": [2.4, -16, -7.5],
			"to": [2.8, -13.8, -7.1],
			"rotation": {"angle": 22.5, "axis": "x", "origin": [2.4125, -9.55312, -6.8875]},
			"faces": {
				"north": {"uv": [3.25, 8.75, 3.5, 9.25], "texture": "#0"},
				"east": {"uv": [3.5, 8.75, 3.75, 9.25], "texture": "#0"},
				"south": {"uv": [4, 8.75, 4.25, 9.25], "texture": "#0"},
				"west": {"uv": [4.25, 8.75, 4.5, 9.25], "texture": "#0"},
				"up": {"uv": [9.25, 5, 9, 4.75], "texture": "#0"},
				"down": {"uv": [9.25, 5, 9, 5.25], "texture": "#0"}
			}
		},
		{
			"from": [1.7, -13.8, -7.5],
			"to": [2.1, -12.4, -7.1],
			"rotation": {"angle": 22.5, "axis": "x", "origin": [2.4125, -9.55312, -6.8875]},
			"faces": {
				"north": {"uv": [9, 5.25, 9.1, 5.6], "texture": "#0"},
				"east": {"uv": [9, 5.25, 9.1, 5.6], "texture": "#0"},
				"south": {"uv": [9, 5.25, 9.1, 5.6], "texture": "#0"},
				"west": {"uv": [9, 5.25, 9.1, 5.6], "texture": "#0"},
				"up": {"uv": [9.25, 6.5, 9.35, 6.6], "texture": "#0"},
				"down": {"uv": [9.25, 6.5, 9.35, 6.6], "texture": "#0"}
			}
		},
		{
			"from": [1.7, -15.5, -7.5],
			"to": [2.1, -13.8, -7.1],
			"rotation": {"angle": 22.5, "axis": "x", "origin": [2.4125, -9.55312, -6.8875]},
			"faces": {
				"north": {"uv": [3.25, 8.75, 3.35, 9.175], "texture": "#0"},
				"east": {"uv": [3.5, 8.75, 3.6, 9.175], "texture": "#0"},
				"south": {"uv": [4, 8.75, 4.1, 9.175], "texture": "#0"},
				"west": {"uv": [4.25, 8.75, 4.35, 9.175], "texture": "#0"},
				"up": {"uv": [9.25, 6.5, 9.35, 6.6], "texture": "#0"},
				"down": {"uv": [9.25, 5, 9.35, 5.1], "texture": "#0"}
			}
		},
		{
			"from": [1.1, -13.8, -7.5],
			"to": [1.5, -12.4, -7.1],
			"rotation": {"angle": 22.5, "axis": "x", "origin": [2.4125, -9.55312, -6.8875]},
			"faces": {
				"north": {"uv": [9, 5.25, 9.1, 5.6], "texture": "#0"},
				"east": {"uv": [9, 5.25, 9.1, 5.6], "texture": "#0"},
				"south": {"uv": [9, 5.25, 9.1, 5.6], "texture": "#0"},
				"west": {"uv": [9, 5.25, 9.1, 5.6], "texture": "#0"},
				"up": {"uv": [9.25, 6.5, 9.35, 6.6], "texture": "#0"},
				"down": {"uv": [9.25, 6.5, 9.35, 6.6], "texture": "#0"}
			}
		},
		{
			"from": [1.1, -14.7, -7.5],
			"to": [1.5, -13.8, -7.1],
			"rotation": {"angle": 22.5, "axis": "x", "origin": [2.4125, -9.55312, -6.8875]},
			"faces": {
				"north": {"uv": [3.25, 8.75, 3.35, 8.975], "texture": "#0"},
				"east": {"uv": [3.5, 8.75, 3.6, 8.975], "texture": "#0"},
				"south": {"uv": [4, 8.75, 4.1, 8.975], "texture": "#0"},
				"west": {"uv": [4.25, 8.75, 4.35, 8.975], "texture": "#0"},
				"up": {"uv": [9.25, 6.5, 9.35, 6.6], "texture": "#0"},
				"down": {"uv": [9.25, 5, 9.35, 5.1], "texture": "#0"}
			}
		},
		{
			"from": [4.04, -1.8, 5.42],
			"to": [5.72, 6.88, 7.28],
			"rotation": {"angle": 22.5, "axis": "x", "origin": [10.28, 1, 8.9]},
			"faces": {
				"north": {"uv": [4, 4, 4.5, 6.25], "texture": "#0"},
				"east": {"uv": [4, 4, 4.5, 6.25], "texture": "#0"},
				"south": {"uv": [4, 4, 4.5, 6.25], "texture": "#0"},
				"west": {"uv": [4, 4, 4.5, 6.25], "texture": "#0"},
				"up": {"uv": [7.5, 0.75, 7, 0.25], "texture": "#0"},
				"down": {"uv": [7.5, 4, 7, 4.5], "texture": "#0"}
			}
		},
		{
			"from": [3.8, -1.52, 4.52],
			"to": [6.02, -0.8, 6.98],
			"rotation": {"angle": 0, "axis": "x", "origin": [4.565, -10.336, 4.442]},
			"faces": {
				"north": {"uv": [8.5, 4, 9, 4.25], "texture": "#0"},
				"east": {"uv": [8.5, 4, 9, 4.25], "texture": "#0"},
				"south": {"uv": [8.5, 4, 9, 4.25], "texture": "#0"},
				"west": {"uv": [8.5, 4, 9, 4.25], "texture": "#0"},
				"up": {"uv": [6.5, 5.5, 6, 6], "texture": "#0"},
				"down": {"uv": [6.5, 5.5, 6, 6], "texture": "#0"}
			}
		},
		{
			"from": [4.16, -1.82, 5],
			"to": [5.66, -1.4, 6.44],
			"rotation": {"angle": 0, "axis": "x", "origin": [4.565, -10.336, 4.442]},
			"faces": {
				"north": {"uv": [8.5, 5.25, 9, 5.5], "texture": "#0"},
				"east": {"uv": [8.75, 2.25, 9, 2.5], "texture": "#0"},
				"south": {"uv": [8.5, 5.75, 9, 6], "texture": "#0"},
				"west": {"uv": [8.75, 2.75, 9, 3], "texture": "#0"},
				"up": {"uv": [9, 6.25, 8.5, 6], "texture": "#0"},
				"down": {"uv": [9, 6.25, 8.5, 6.5], "texture": "#0"}
			}
		},
		{
			"from": [3.8, -2.42, 4.52],
			"to": [6.02, -1.7, 6.98],
			"rotation": {"angle": 0, "axis": "x", "origin": [4.565, -10.336, 4.442]},
			"faces": {
				"north": {"uv": [8.5, 4, 9, 4.25], "texture": "#0"},
				"east": {"uv": [8.5, 4, 9, 4.25], "texture": "#0"},
				"south": {"uv": [8.5, 4, 9, 4.25], "texture": "#0"},
				"west": {"uv": [8.5, 4, 9, 4.25], "texture": "#0"},
				"up": {"uv": [2, 5, 1.5, 4.5], "texture": "#0"},
				"down": {"uv": [6.5, 5.5, 6, 6], "texture": "#0"}
			}
		},
		{
			"from": [4.04, -14.4, 4.82],
			"to": [5.72, -2.42, 6.68],
			"rotation": {"angle": 0, "axis": "x", "origin": [4.565, -10.336, 4.442]},
			"faces": {
				"north": {"uv": [1.5, 1.5, 2, 4.5], "texture": "#0"},
				"east": {"uv": [1.5, 1.5, 2, 4.5], "texture": "#0"},
				"south": {"uv": [1.5, 1.5, 2, 4.5], "texture": "#0"},
				"west": {"uv": [1.5, 1.5, 2, 4.5], "texture": "#0"},
				"up": {"uv": [2.5, 2, 2, 1.5], "texture": "#0"},
				"down": {"uv": [4, 1, 3.5, 1.5], "texture": "#0"}
			}
		},
		{
			"from": [2.84, -15.3, 3.02],
			"to": [3.38, -14.82, 4.64],
			"rotation": {"angle": 0, "axis": "x", "origin": [4.565, -10.336, 4.442]},
			"faces": {
				"north": {"uv": [5.75, 5.5, 6, 5.75], "texture": "#0"},
				"east": {"uv": [5.5, 5.25, 6, 5.5], "texture": "#0"},
				"south": {"uv": [7.75, 6.5, 8, 6.75], "texture": "#0"},
				"west": {"uv": [8.5, 0.25, 9, 0.5], "texture": "#0"},
				"up": {"uv": [4, 3, 3.75, 2.5], "texture": "#0"},
				"down": {"uv": [4, 8.5, 3.75, 9], "texture": "#0"}
			}
		},
		{
			"from": [3.08, -15.3, 4.46],
			"to": [3.68, -14.76, 5.12],
			"rotation": {"angle": 0, "axis": "x", "origin": [4.565, -10.336, 4.442]},
			"faces": {
				"north": {"uv": [8.25, 8.75, 8.5, 9], "texture": "#0"},
				"east": {"uv": [8.5, 8.75, 8.75, 9], "texture": "#0"},
				"south": {"uv": [8.75, 8.75, 9, 9], "texture": "#0"},
				"west": {"uv": [8.75, 0, 9, 0.25], "texture": "#0"},
				"up": {"uv": [9, 1, 8.75, 0.75], "texture": "#0"},
				"down": {"uv": [9, 1.5, 8.75, 1.75], "texture": "#0"}
			}
		},
		{
			"from": [3.8, -15.3, 1.52],
			"to": [4.34, -14.82, 3.5],
			"rotation": {"angle": 0, "axis": "x", "origin": [4.565, -10.336, 4.442]},
			"faces": {
				"north": {"uv": [8.75, 1.75, 9, 2], "texture": "#0"},
				"east": {"uv": [8.5, 0.5, 9, 0.75], "texture": "#0"},
				"south": {"uv": [8.75, 2, 9, 2.25], "texture": "#0"},
				"west": {"uv": [8.5, 1, 9, 1.25], "texture": "#0"},
				"up": {"uv": [8.25, 9, 8, 8.5], "texture": "#0"},
				"down": {"uv": [8.25, 9, 8, 8.5], "texture": "#0"}
			}
		},
		{
			"from": [4.64, -15.3, 1.52],
			"to": [5.18, -14.82, 3.5],
			"rotation": {"angle": 0, "axis": "x", "origin": [4.565, -10.336, 4.442]},
			"faces": {
				"north": {"uv": [8.75, 1.75, 9, 2], "texture": "#0"},
				"east": {"uv": [8.5, 0.5, 9, 0.75], "texture": "#0"},
				"south": {"uv": [0, 0, 0.225, 0.2], "texture": "#0"},
				"west": {"uv": [8.5, 1, 9, 1.25], "texture": "#0"},
				"up": {"uv": [8.25, 9, 8, 8.5], "texture": "#0"},
				"down": {"uv": [8.25, 9, 8, 8.5], "texture": "#0"}
			}
		},
		{
			"from": [5.42, -15.3, 1.52],
			"to": [5.96, -14.82, 3.5],
			"rotation": {"angle": 0, "axis": "x", "origin": [4.565, -10.336, 4.442]},
			"faces": {
				"north": {"uv": [8.75, 1.75, 9, 2], "texture": "#0"},
				"east": {"uv": [8.5, 0.5, 9, 0.75], "texture": "#0"},
				"south": {"uv": [0, 0, 0.225, 0.2], "texture": "#0"},
				"west": {"uv": [8.5, 1, 9, 1.25], "texture": "#0"},
				"up": {"uv": [8.25, 9, 8, 8.5], "texture": "#0"},
				"down": {"uv": [8.25, 9, 8, 8.5], "texture": "#0"}
			}
		},
		{
			"from": [3.68, -15.3, 3.5],
			"to": [6.08, -14.4, 7.1],
			"rotation": {"angle": 0, "axis": "x", "origin": [4.565, -10.336, 4.442]},
			"faces": {
				"north": {"uv": [8.5, 1.25, 9, 1.5], "texture": "#0"},
				"east": {"uv": [6.75, 6.5, 7.75, 6.75], "texture": "#0"},
				"south": {"uv": [8.5, 3.25, 9, 3.5], "texture": "#0"},
				"west": {"uv": [7, 0, 8, 0.25], "texture": "#0"},
				"up": {"uv": [6.5, 3.5, 6, 2.5], "texture": "#0"},
				"down": {"uv": [6.5, 3.5, 6, 4.5], "texture": "#0"}
			}
		},
		{
			"from": [7.18, -2.1, 5.22],
			"to": [8.86, 6.58, 7.08],
			"rotation": {"angle": 22.5, "axis": "x", "origin": [2.62, 0.7, 8.7]},
			"faces": {
				"north": {"uv": [4.5, 4, 4, 6.25], "texture": "#0"},
				"east": {"uv": [4.5, 4, 4, 6.25], "texture": "#0"},
				"south": {"uv": [4.5, 4, 4, 6.25], "texture": "#0"},
				"west": {"uv": [4.5, 4, 4, 6.25], "texture": "#0"},
				"up": {"uv": [7, 0.75, 7.5, 0.25], "texture": "#0"},
				"down": {"uv": [7, 4, 7.5, 4.5], "texture": "#0"}
			}
		},
		{
			"from": [6.88, -1.52, 4.22],
			"to": [9.1, -0.8, 6.68],
			"rotation": {"angle": 0, "axis": "x", "origin": [8.335, -10.336, 4.142]},
			"faces": {
				"north": {"uv": [9, 4, 8.5, 4.25], "texture": "#0"},
				"east": {"uv": [9, 4, 8.5, 4.25], "texture": "#0"},
				"south": {"uv": [9, 4, 8.5, 4.25], "texture": "#0"},
				"west": {"uv": [9, 4, 8.5, 4.25], "texture": "#0"},
				"up": {"uv": [6, 5.5, 6.5, 6], "texture": "#0"},
				"down": {"uv": [6, 5.5, 6.5, 6], "texture": "#0"}
			}
		},
		{
			"from": [7.24, -1.82, 4.7],
			"to": [8.74, -1.4, 6.14],
			"rotation": {"angle": 0, "axis": "x", "origin": [8.335, -10.336, 4.142]},
			"faces": {
				"north": {"uv": [9, 5.25, 8.5, 5.5], "texture": "#0"},
				"east": {"uv": [9, 2.75, 8.75, 3], "texture": "#0"},
				"south": {"uv": [9, 5.75, 8.5, 6], "texture": "#0"},
				"west": {"uv": [9, 2.25, 8.75, 2.5], "texture": "#0"},
				"up": {"uv": [8.5, 6.25, 9, 6], "texture": "#0"},
				"down": {"uv": [8.5, 6.25, 9, 6.5], "texture": "#0"}
			}
		},
		{
			"from": [6.88, -2.42, 4.22],
			"to": [9.1, -1.7, 6.68],
			"rotation": {"angle": 0, "axis": "x", "origin": [8.335, -10.336, 4.142]},
			"faces": {
				"north": {"uv": [9, 4, 8.5, 4.25], "texture": "#0"},
				"east": {"uv": [9, 4, 8.5, 4.25], "texture": "#0"},
				"south": {"uv": [9, 4, 8.5, 4.25], "texture": "#0"},
				"west": {"uv": [9, 4, 8.5, 4.25], "texture": "#0"},
				"up": {"uv": [1.5, 5, 2, 4.5], "texture": "#0"},
				"down": {"uv": [6, 5.5, 6.5, 6], "texture": "#0"}
			}
		},
		{
			"from": [7.18, -14.4, 4.52],
			"to": [8.86, -2.42, 6.38],
			"rotation": {"angle": 0, "axis": "x", "origin": [8.335, -10.336, 4.142]},
			"faces": {
				"north": {"uv": [2, 1.5, 1.5, 4.5], "texture": "#0"},
				"east": {"uv": [2, 1.5, 1.5, 4.5], "texture": "#0"},
				"south": {"uv": [2, 1.5, 1.5, 4.5], "texture": "#0"},
				"west": {"uv": [2, 1.5, 1.5, 4.5], "texture": "#0"},
				"up": {"uv": [2, 2, 2.5, 1.5], "texture": "#0"},
				"down": {"uv": [3.5, 1, 4, 1.5], "texture": "#0"}
			}
		},
		{
			"from": [9.52, -15.3, 2.72],
			"to": [10.06, -14.82, 4.34],
			"rotation": {"angle": 0, "axis": "x", "origin": [8.335, -10.336, 4.142]},
			"faces": {
				"north": {"uv": [6, 5.5, 5.75, 5.75], "texture": "#0"},
				"east": {"uv": [9, 0.25, 8.5, 0.5], "texture": "#0"},
				"south": {"uv": [8, 6.5, 7.75, 6.75], "texture": "#0"},
				"west": {"uv": [6, 5.25, 5.5, 5.5], "texture": "#0"},
				"up": {"uv": [3.75, 3, 4, 2.5], "texture": "#0"},
				"down": {"uv": [3.75, 8.5, 4, 9], "texture": "#0"}
			}
		},
		{
			"from": [9.22, -15.3, 4.16],
			"to": [9.82, -14.76, 4.82],
			"rotation": {"angle": 0, "axis": "x", "origin": [8.335, -10.336, 4.142]},
			"faces": {
				"north": {"uv": [8.5, 8.75, 8.25, 9], "texture": "#0"},
				"east": {"uv": [9, 0, 8.75, 0.25], "texture": "#0"},
				"south": {"uv": [9, 8.75, 8.75, 9], "texture": "#0"},
				"west": {"uv": [8.75, 8.75, 8.5, 9], "texture": "#0"},
				"up": {"uv": [8.75, 1, 9, 0.75], "texture": "#0"},
				"down": {"uv": [8.75, 1.5, 9, 1.75], "texture": "#0"}
			}
		},
		{
			"from": [8.56, -15.3, 1.22],
			"to": [9.1, -14.82, 3.2],
			"rotation": {"angle": 0, "axis": "x", "origin": [8.335, -10.336, 4.142]},
			"faces": {
				"north": {"uv": [9, 1.75, 8.75, 2], "texture": "#0"},
				"east": {"uv": [9, 1, 8.5, 1.25], "texture": "#0"},
				"south": {"uv": [9, 2, 8.75, 2.25], "texture": "#0"},
				"west": {"uv": [9, 0.5, 8.5, 0.75], "texture": "#0"},
				"up": {"uv": [8, 9, 8.25, 8.5], "texture": "#0"},
				"down": {"uv": [8, 9, 8.25, 8.5], "texture": "#0"}
			}
		},
		{
			"from": [7.72, -15.3, 1.22],
			"to": [8.26, -14.82, 3.2],
			"rotation": {"angle": 0, "axis": "x", "origin": [8.335, -10.336, 4.142]},
			"faces": {
				"north": {"uv": [9, 1.75, 8.75, 2], "texture": "#0"},
				"east": {"uv": [9, 1, 8.5, 1.25], "texture": "#0"},
				"south": {"uv": [0.225, 0, 0, 0.2], "texture": "#0"},
				"west": {"uv": [9, 0.5, 8.5, 0.75], "texture": "#0"},
				"up": {"uv": [8, 9, 8.25, 8.5], "texture": "#0"},
				"down": {"uv": [8, 9, 8.25, 8.5], "texture": "#0"}
			}
		},
		{
			"from": [6.94, -15.3, 1.22],
			"to": [7.48, -14.82, 3.2],
			"rotation": {"angle": 0, "axis": "x", "origin": [8.335, -10.336, 4.142]},
			"faces": {
				"north": {"uv": [9, 1.75, 8.75, 2], "texture": "#0"},
				"east": {"uv": [9, 1, 8.5, 1.25], "texture": "#0"},
				"south": {"uv": [0.225, 0, 0, 0.2], "texture": "#0"},
				"west": {"uv": [9, 0.5, 8.5, 0.75], "texture": "#0"},
				"up": {"uv": [8, 9, 8.25, 8.5], "texture": "#0"},
				"down": {"uv": [8, 9, 8.25, 8.5], "texture": "#0"}
			}
		},
		{
			"from": [6.82, -15.3, 3.2],
			"to": [9.22, -14.4, 6.8],
			"rotation": {"angle": 0, "axis": "x", "origin": [8.335, -10.336, 4.142]},
			"faces": {
				"north": {"uv": [9, 1.25, 8.5, 1.5], "texture": "#0"},
				"east": {"uv": [8, 0, 7, 0.25], "texture": "#0"},
				"south": {"uv": [9, 3.25, 8.5, 3.5], "texture": "#0"},
				"west": {"uv": [7.75, 6.5, 6.75, 6.75], "texture": "#0"},
				"up": {"uv": [6, 3.5, 6.5, 2.5], "texture": "#0"},
				"down": {"uv": [6, 3.5, 6.5, 4.5], "texture": "#0"}
			}
		}
	],
	"display": {
		"thirdperson_righthand": {
			"rotation": [75, 0, -10],
			"translation": [12.75, 15.75, 80],
			"scale": [3.99, 3.97, 4]
		},
		"head": {
			"translation": [10, 51, 0],
			"scale": [4, 4, 4]
		}
	},
	"groups": [
		{
			"name": "todo",
			"origin": [8, 8, 8],
			"children": [
				{
					"name": "cabeza",
					"origin": [10.8, 32.3, 10.1],
					"children": [0, 1, 2, 3, 4, 5, 6, 7, 8, 9, 10, 11, 12, 13, 14, 15, 16, 17, 18, 19, 20, 21, 22, 23, 24, 25, 26, 27, 28, 29, 30, 31, 32, 33, 34, 35, 36, 37, 38, 39, 40, 41, 42, 43, 44, 45, 46, 47, 48, 49]
				},
				{
					"name": "cuerpo",
					"origin": [7.332, 19.128, 6.804],
					"children": [50, 51, 52, 53, 54,
						{
							"name": "cuerpo2",
							"origin": [7.332, 19.128, 6.804],
							"children": [55,
								{
									"name": "cuerpo3",
									"origin": [7.332, 19.128, 6.804],
									"children": [56, 57, 58, 59, 60, 61, 62, 63, 64, 65, 66, 67, 68, 69, 70, 71, 72, 73, 74, 75, 76, 77, 78, 79, 80, 81, 82, 83, 84, 85, 86, 87, 88, 89, 90, 91, 92, 93, 94, 95, 96, 97, 98, 99, 100, 101]
								}
							]
						}
					]
				},
				{
					"name": "brazo1",
					"origin": [17.5, 29, 15.8],
					"children": [102, 103,
						{
							"name": "brazo1-2",
							"origin": [18.4, -2.2, 15.2],
							"children": [104, 105,
								{
									"name": "brazo1-3",
									"origin": [17.6, -1.2, 15.8],
									"children": [106, 107,
										{
											"name": "mano",
											"origin": [18.4, -2.2, 15.2],
											"children": [108, 109,
												{
													"name": "dedo1",
													"origin": [16, -1.9, 16.3],
													"children": [110,
														{
															"name": "dedo1-2",
															"origin": [10.7875, -7.15312, 7.6125],
															"children": []
														}, 111]
												},
												{
													"name": "dedo2",
													"origin": [16.5, -2.2, 15.2],
													"children": [112,
														{
															"name": "dedo2-2",
															"origin": [10.7875, -7.15312, 7.6125],
															"children": [113]
														}
													]
												},
												{
													"name": "dedo3",
													"origin": [17.1, -2.2, 15.2],
													"children": [114,
														{
															"name": "dedo3-2",
															"origin": [10.7875, -7.15312, 7.6125],
															"children": [115]
														}
													]
												},
												{
													"name": "dedo4",
													"origin": [17.8, -2.2, 15.2],
													"children": [116,
														{
															"name": "dedo4-2",
															"origin": [10.7875, -7.15312, 7.6125],
															"children": [117]
														}
													]
												},
												{
													"name": "dedo5",
													"origin": [18.4, -2.2, 15.2],
													"children": [118,
														{
															"name": "dedo5-2",
															"origin": [10.7875, -7.15312, 7.6125],
															"children": [119]
														}
													]
												}
											]
										}
									]
								}
							]
						}
					]
				},
				{
					"name": "brazo2",
					"origin": [17.5, 29, 15.8],
					"children": [120, 121,
						{
							"name": "brazo1-2",
							"origin": [18.4, -2.2, 15.2],
							"children": [122, 123,
								{
									"name": "brazo1-3",
									"origin": [17.6, -1.2, 15.8],
									"children": [124, 125,
										{
											"name": "mano",
											"origin": [18.4, -2.2, 15.2],
											"children": [126, 127,
												{
													"name": "dedo1",
													"origin": [16, -1.9, 16.3],
													"children": [128,
														{
															"name": "dedo1-2",
															"origin": [10.7875, -7.15312, 7.6125],
															"children": []
														}, 129]
												},
												{
													"name": "dedo2",
													"origin": [16.5, -2.2, 15.2],
													"children": [130,
														{
															"name": "dedo2-2",
															"origin": [10.7875, -7.15312, 7.6125],
															"children": [131]
														}
													]
												},
												{
													"name": "dedo3",
													"origin": [17.1, -2.2, 15.2],
													"children": [132,
														{
															"name": "dedo3-2",
															"origin": [10.7875, -7.15312, 7.6125],
															"children": [133]
														}
													]
												},
												{
													"name": "dedo4",
													"origin": [17.8, -2.2, 15.2],
													"children": [134,
														{
															"name": "dedo4-2",
															"origin": [10.7875, -7.15312, 7.6125],
															"children": [135]
														}
													]
												},
												{
													"name": "dedo5",
													"origin": [18.4, -2.2, 15.2],
													"children": [136,
														{
															"name": "dedo5-2",
															"origin": [10.7875, -7.15312, 7.6125],
															"children": [137]
														}
													]
												}
											]
										}
									]
								}
							]
						}
					]
				},
				{
					"name": "pierna1",
					"origin": [13.7, -8, 6.8],
					"children": [138,
						{
							"name": "pierna1-2",
							"origin": [10.28, -10.8, 10.4],
							"children": [139, 140, 141,
								{
									"name": "pierna1-3",
									"origin": [10.28, -10.8, 10.4],
									"children": [142,
										{
											"name": "pierna1-4",
											"origin": [10.28, -10.8, 10.4],
											"children": [143, 144, 145, 146, 147, 148]
										}
									]
								}
							]
						}
					]
				},
				{
					"name": "pierna2",
					"origin": [13.7, -8, 6.8],
					"children": [149,
						{
							"name": "pierna1-2",
							"origin": [10.28, -10.8, 10.4],
							"children": [150, 151, 152,
								{
									"name": "pierna1-3",
									"origin": [10.28, -10.8, 10.4],
									"children": [153,
										{
											"name": "pierna1-4",
											"origin": [10.28, -10.8, 10.4],
											"children": [154, 155, 156, 157, 158, 159]
										}
									]
								}
							]
						}
					]
				}
			]
		}
	]
}