{
	"credit": "Made with Blockbench",
	"texture_size": [64, 64],
	"textures": {
		"0": "6dt2_custom/6dt2_sirenhead/6dt2_sirenhead",
		"particle": "6dt2_custom/6dt2_sirenhead/6dt2_sirenhead"
	},
	"elements": [
		{
			"from": [5.22, 19.68, -0.8],
			"to": [7.62, 20.8, 1.56],
			"rotation": {"angle": -22.5, "axis": "x", "origin": [6.5562, 25.77038, 0.38769]},
			"faces": {
				"north": {"uv": [4.5, 8.75, 5, 9], "texture": "#0"},
				"east": {"uv": [5, 8.75, 5.5, 9], "texture": "#0"},
				"south": {"uv": [6, 8.75, 6.5, 9], "texture": "#0"},
				"west": {"uv": [6.5, 8.75, 7, 9], "texture": "#0"},
				"up": {"uv": [7, 8.75, 6.5, 8.25], "texture": "#0"},
				"down": {"uv": [8.75, 8.25, 8.25, 8.75], "texture": "#0"}
			}
		},
		{
			"from": [5.82, 20.78, -0.3],
			"to": [7.02, 22, 0.96],
			"rotation": {"angle": -22.5, "axis": "x", "origin": [6.5562, 25.77038, 0.38769]},
			"faces": {
				"north": {"uv": [9, 6.75, 9.25, 7], "texture": "#0"},
				"east": {"uv": [9, 7, 9.25, 7.25], "texture": "#0"},
				"south": {"uv": [9, 7.25, 9.25, 7.5], "texture": "#0"},
				"west": {"uv": [9, 7.5, 9.25, 7.75], "texture": "#0"},
				"up": {"uv": [9.25, 8, 9, 7.75], "texture": "#0"},
				"down": {"uv": [9.25, 8, 9, 8.25], "texture": "#0"}
			}
		},
		{
			"from": [6.02, 21.88, -0.1],
			"to": [6.82, 29.7, 0.76],
			"rotation": {"angle": -22.5, "axis": "x", "origin": [6.5562, 25.77038, 0.38769]},
			"faces": {
				"north": {"uv": [3.5, 6, 3.75, 8], "texture": "#0"},
				"east": {"uv": [0.5, 6.75, 0.75, 8.75], "texture": "#0"},
				"south": {"uv": [6.5, 2.5, 6.75, 4.5], "texture": "#0"},
				"west": {"uv": [0.5, 6.75, 0.75, 8.75], "texture": "#0"},
				"up": {"uv": [9.25, 8.5, 9, 8.25], "texture": "#0"},
				"down": {"uv": [9.25, 8.5, 9, 8.75], "texture": "#0"}
			}
		},
		{
			"from": [5.3808, 27.2832, -0.64],
			"to": [6.0388, 29.37, 1.3904],
			"rotation": {"angle": -22.5, "axis": "x", "origin": [6.5562, 25.77038, 0.38769]},
			"faces": {
				"north": {"uv": [5.5, 8.75, 5.75, 9.25], "texture": "#0"},
				"east": {"uv": [8.25, 1.5, 8.75, 2], "texture": "#0"},
				"south": {"uv": [7.25, 8.75, 7.5, 9.25], "texture": "#0"},
				"west": {"uv": [8.25, 2, 8.75, 2.5], "texture": "#0"},
				"up": {"uv": [7.75, 9.25, 7.5, 8.75], "texture": "#0"},
				"down": {"uv": [8, 8.75, 7.75, 9.25], "texture": "#0"}
			}
		},
		{
			"from": [6.7612, 23.7832, -0.64],
			"to": [7.4192, 25.87, 1.3904],
			"rotation": {"angle": -22.5, "axis": "x", "origin": [6.5562, 25.77038, 0.38769]},
			"faces": {
				"north": {"uv": [5.75, 8.75, 5.5, 9.25], "texture": "#0"},
				"east": {"uv": [8.75, 2, 8.25, 2.5], "texture": "#0"},
				"south": {"uv": [7.5, 8.75, 7.25, 9.25], "texture": "#0"},
				"west": {"uv": [8.75, 1.5, 8.25, 2], "texture": "#0"},
				"up": {"uv": [7.5, 9.25, 7.75, 8.75], "texture": "#0"},
				"down": {"uv": [7.75, 8.75, 8, 9.25], "texture": "#0"}
			}
		},
		{
			"from": [4.0648, 26.5312, -1.298],
			"to": [5.3808, 29.934, 2.0484],
			"rotation": {"angle": -22.5, "axis": "x", "origin": [6.5562, 25.77038, 0.38769]},
			"faces": {
				"north": {"uv": [7, 8.25, 7.25, 9], "texture": "#0"},
				"east": {"uv": [6, 1, 6.75, 1.75], "texture": "#0"},
				"south": {"uv": [8.25, 2.75, 8.5, 3.5], "texture": "#0"},
				"west": {"uv": [6, 1.75, 6.75, 2.5], "texture": "#0"},
				"up": {"uv": [8.5, 5.5, 8.25, 4.75], "texture": "#0"},
				"down": {"uv": [8.5, 7.25, 8.25, 8], "texture": "#0"}
			}
		},
		{
			"from": [7.4192, 23.0312, -1.298],
			"to": [8.7352, 26.434, 2.0484],
			"rotation": {"angle": -22.5, "axis": "x", "origin": [6.5562, 25.77038, 0.38769]},
			"faces": {
				"north": {"uv": [7.25, 8.25, 7, 9], "texture": "#0"},
				"east": {"uv": [6.75, 1.75, 6, 2.5], "texture": "#0"},
				"south": {"uv": [8.5, 2.75, 8.25, 3.5], "texture": "#0"},
				"west": {"uv": [6.75, 1, 6, 1.75], "texture": "#0"},
				"up": {"uv": [8.25, 5.5, 8.5, 4.75], "texture": "#0"},
				"down": {"uv": [8.25, 7.25, 8.5, 8], "texture": "#0"}
			}
		},
		{
			"from": [3.1248, 25.7792, -1.768],
			"to": [4.0648, 30.78, -0.9596],
			"rotation": {"angle": -22.5, "axis": "x", "origin": [6.5562, 25.77038, 0.38769]},
			"faces": {
				"north": {"uv": [1, 6.75, 1.25, 8], "texture": "#0"},
				"east": {"uv": [1.25, 6.75, 1.5, 8], "texture": "#0"},
				"south": {"uv": [6.75, 1.5, 7, 2.75], "texture": "#0"},
				"west": {"uv": [6.75, 2.75, 7, 4], "texture": "#0"},
				"up": {"uv": [1.5, 9.5, 1.25, 9.25], "texture": "#0"},
				"down": {"uv": [1.75, 9.25, 1.5, 9.5], "texture": "#0"}
			}
		},
		{
			"from": [8.7352, 22.2792, -1.768],
			"to": [9.6752, 27.28, -0.9596],
			"rotation": {"angle": -22.5, "axis": "x", "origin": [6.5562, 25.77038, 0.38769]},
			"faces": {
				"north": {"uv": [1.25, 6.75, 1, 8], "texture": "#0"},
				"east": {"uv": [7, 2.75, 6.75, 4], "texture": "#0"},
				"south": {"uv": [7, 1.5, 6.75, 2.75], "texture": "#0"},
				"west": {"uv": [1.5, 6.75, 1.25, 8], "texture": "#0"},
				"up": {"uv": [1.25, 9.5, 1.5, 9.25], "texture": "#0"},
				"down": {"uv": [1.5, 9.25, 1.75, 9.5], "texture": "#0"}
			}
		},
		{
			"from": [3.1248, 25.7792, -1.016],
			"to": [4.0648, 26.832, 1.7664],
			"rotation": {"angle": -22.5, "axis": "x", "origin": [6.5562, 25.77038, 0.38769]},
			"faces": {
				"north": {"uv": [1.75, 9.25, 2, 9.5], "texture": "#0"},
				"east": {"uv": [8.25, 3.5, 9, 3.75], "texture": "#0"},
				"south": {"uv": [2, 9.25, 2.25, 9.5], "texture": "#0"},
				"west": {"uv": [8.25, 3.75, 9, 4], "texture": "#0"},
				"up": {"uv": [1.25, 9.25, 1, 8.5], "texture": "#0"},
				"down": {"uv": [1.5, 8.5, 1.25, 9.25], "texture": "#0"}
			}
		},
		{
			"from": [8.7352, 22.2792, -1.016],
			"to": [9.6752, 23.332, 1.7664],
			"rotation": {"angle": -22.5, "axis": "x", "origin": [6.5562, 25.77038, 0.38769]},
			"faces": {
				"north": {"uv": [2, 9.25, 1.75, 9.5], "texture": "#0"},
				"east": {"uv": [9, 3.75, 8.25, 4], "texture": "#0"},
				"south": {"uv": [2.25, 9.25, 2, 9.5], "texture": "#0"},
				"west": {"uv": [9, 3.5, 8.25, 3.75], "texture": "#0"},
				"up": {"uv": [1, 9.25, 1.25, 8.5], "texture": "#0"},
				"down": {"uv": [1.25, 8.5, 1.5, 9.25], "texture": "#0"}
			}
		},
		{
			"from": [3.1248, 25.7792, 1.71],
			"to": [4.0648, 30.78, 2.5184],
			"rotation": {"angle": -22.5, "axis": "x", "origin": [6.5562, 25.77038, 0.38769]},
			"faces": {
				"north": {"uv": [6.75, 4, 7, 5.25], "texture": "#0"},
				"east": {"uv": [6.75, 5.25, 7, 6.5], "texture": "#0"},
				"south": {"uv": [7, 1.5, 7.25, 2.75], "texture": "#0"},
				"west": {"uv": [7, 2.75, 7.25, 4], "texture": "#0"},
				"up": {"uv": [2.5, 9.5, 2.25, 9.25], "texture": "#0"},
				"down": {"uv": [2.75, 9.25, 2.5, 9.5], "texture": "#0"}
			}
		},
		{
			"from": [8.7352, 22.2792, 1.71],
			"to": [9.6752, 27.28, 2.5184],
			"rotation": {"angle": -22.5, "axis": "x", "origin": [6.5562, 25.77038, 0.38769]},
			"faces": {
				"north": {"uv": [7, 4, 6.75, 5.25], "texture": "#0"},
				"east": {"uv": [7.25, 2.75, 7, 4], "texture": "#0"},
				"south": {"uv": [7.25, 1.5, 7, 2.75], "texture": "#0"},
				"west": {"uv": [7, 5.25, 6.75, 6.5], "texture": "#0"},
				"up": {"uv": [2.25, 9.5, 2.5, 9.25], "texture": "#0"},
				"down": {"uv": [2.5, 9.25, 2.75, 9.5], "texture": "#0"}
			}
		},
		{
			"from": [3.1248, 29.8212, -1.016],
			"to": [4.0648, 30.78, 1.7664],
			"rotation": {"angle": -22.5, "axis": "x", "origin": [6.5562, 25.77038, 0.38769]},
			"faces": {
				"north": {"uv": [2.75, 9.25, 3, 9.5], "texture": "#0"},
				"east": {"uv": [8.25, 5.5, 9, 5.75], "texture": "#0"},
				"south": {"uv": [3, 9.25, 3.25, 9.5], "texture": "#0"},
				"west": {"uv": [8.25, 8, 9, 8.25], "texture": "#0"},
				"up": {"uv": [1.75, 9.25, 1.5, 8.5], "texture": "#0"},
				"down": {"uv": [2, 8.5, 1.75, 9.25], "texture": "#0"}
			}
		},
		{
			"from": [8.7352, 26.3212, -1.016],
			"to": [9.6752, 27.28, 1.7664],
			"rotation": {"angle": -22.5, "axis": "x", "origin": [6.5562, 25.77038, 0.38769]},
			"faces": {
				"north": {"uv": [3, 9.25, 2.75, 9.5], "texture": "#0"},
				"east": {"uv": [9, 8, 8.25, 8.25], "texture": "#0"},
				"south": {"uv": [3.25, 9.25, 3, 9.5], "texture": "#0"},
				"west": {"uv": [9, 5.5, 8.25, 5.75], "texture": "#0"},
				"up": {"uv": [1.5, 9.25, 1.75, 8.5], "texture": "#0"},
				"down": {"uv": [1.75, 8.5, 2, 9.25], "texture": "#0"}
			}
		},
		{
			"from": [3.4068, 26.8132, -1.016],
			"to": [4.0648, 27.49, 1.7664],
			"rotation": {"angle": -22.5, "axis": "x", "origin": [6.5562, 25.77038, 0.38769]},
			"faces": {
				"north": {"uv": [3.25, 9.25, 3.5, 9.5], "texture": "#0"},
				"east": {"uv": [3, 8.5, 3.75, 8.75], "texture": "#0"},
				"south": {"uv": [3.5, 9.25, 3.75, 9.5], "texture": "#0"},
				"west": {"uv": [7.25, 8.5, 8, 8.75], "texture": "#0"},
				"up": {"uv": [2.25, 9.25, 2, 8.5], "texture": "#0"},
				"down": {"uv": [2.5, 8.5, 2.25, 9.25], "texture": "#0"}
			}
		},
		{
			"from": [8.7352, 23.3132, -1.016],
			"to": [9.3932, 23.99, 1.7664],
			"rotation": {"angle": -22.5, "axis": "x", "origin": [6.5562, 25.77038, 0.38769]},
			"faces": {
				"north": {"uv": [3.5, 9.25, 3.25, 9.5], "texture": "#0"},
				"east": {"uv": [8, 8.5, 7.25, 8.75], "texture": "#0"},
				"south": {"uv": [3.75, 9.25, 3.5, 9.5], "texture": "#0"},
				"west": {"uv": [3.75, 8.5, 3, 8.75], "texture": "#0"},
				"up": {"uv": [2, 9.25, 2.25, 8.5], "texture": "#0"},
				"down": {"uv": [2.25, 8.5, 2.5, 9.25], "texture": "#0"}
			}
		},
		{
			"from": [3.4068, 29.21, -1.016],
			"to": [4.0648, 29.8868, 1.7664],
			"rotation": {"angle": -22.5, "axis": "x", "origin": [6.5562, 25.77038, 0.38769]},
			"faces": {
				"north": {"uv": [3.25, 9.5, 3.5, 9.25], "texture": "#0"},
				"east": {"uv": [3, 8.75, 3.75, 8.5], "texture": "#0"},
				"south": {"uv": [3.5, 9.5, 3.75, 9.25], "texture": "#0"},
				"west": {"uv": [7.25, 8.75, 8, 8.5], "texture": "#0"},
				"up": {"uv": [2.5, 9.25, 2.25, 8.5], "texture": "#0"},
				"down": {"uv": [2.25, 8.5, 2, 9.25], "texture": "#0"}
			}
		},
		{
			"from": [8.7352, 25.71, -1.016],
			"to": [9.3932, 26.3868, 1.7664],
			"rotation": {"angle": -22.5, "axis": "x", "origin": [6.5562, 25.77038, 0.38769]},
			"faces": {
				"north": {"uv": [3.5, 9.5, 3.25, 9.25], "texture": "#0"},
				"east": {"uv": [8, 8.75, 7.25, 8.5], "texture": "#0"},
				"south": {"uv": [3.75, 9.5, 3.5, 9.25], "texture": "#0"},
				"west": {"uv": [3.75, 8.75, 3, 8.5], "texture": "#0"},
				"up": {"uv": [2.25, 9.25, 2.5, 8.5], "texture": "#0"},
				"down": {"uv": [2, 8.5, 2.25, 9.25], "texture": "#0"}
			}
		},
		{
			"from": [3.3128, 27.2832, 1.052],
			"to": [3.7828, 27.96, 1.4844],
			"rotation": {"angle": -22.5, "axis": "x", "origin": [6.5562, 25.77038, 0.38769]},
			"faces": {
				"north": {"uv": [3.75, 9.25, 4, 9.5], "texture": "#0"},
				"east": {"uv": [4, 9.25, 4.25, 9.5], "texture": "#0"},
				"south": {"uv": [4.25, 9.25, 4.5, 9.5], "texture": "#0"},
				"west": {"uv": [4.5, 9.25, 4.75, 9.5], "texture": "#0"},
				"up": {"uv": [5, 9.5, 4.75, 9.25], "texture": "#0"},
				"down": {"uv": [5.25, 9.25, 5, 9.5], "texture": "#0"}
			}
		},
		{
			"from": [9.0172, 23.7832, 1.052],
			"to": [9.4872, 24.46, 1.4844],
			"rotation": {"angle": -22.5, "axis": "x", "origin": [6.5562, 25.77038, 0.38769]},
			"faces": {
				"north": {"uv": [4, 9.25, 3.75, 9.5], "texture": "#0"},
				"east": {"uv": [4.75, 9.25, 4.5, 9.5], "texture": "#0"},
				"south": {"uv": [4.5, 9.25, 4.25, 9.5], "texture": "#0"},
				"west": {"uv": [4.25, 9.25, 4, 9.5], "texture": "#0"},
				"up": {"uv": [4.75, 9.5, 5, 9.25], "texture": "#0"},
				"down": {"uv": [5, 9.25, 5.25, 9.5], "texture": "#0"}
			}
		},
		{
			"from": [3.3128, 28.74, 1.052],
			"to": [3.7828, 29.4168, 1.4844],
			"rotation": {"angle": -22.5, "axis": "x", "origin": [6.5562, 25.77038, 0.38769]},
			"faces": {
				"north": {"uv": [3.75, 9.5, 4, 9.25], "texture": "#0"},
				"east": {"uv": [4, 9.5, 4.25, 9.25], "texture": "#0"},
				"south": {"uv": [4.25, 9.5, 4.5, 9.25], "texture": "#0"},
				"west": {"uv": [4.5, 9.5, 4.75, 9.25], "texture": "#0"},
				"up": {"uv": [5.25, 9.5, 5, 9.25], "texture": "#0"},
				"down": {"uv": [5, 9.25, 4.75, 9.5], "texture": "#0"}
			}
		},
		{
			"from": [9.0172, 25.24, 1.052],
			"to": [9.4872, 25.9168, 1.4844],
			"rotation": {"angle": -22.5, "axis": "x", "origin": [6.5562, 25.77038, 0.38769]},
			"faces": {
				"north": {"uv": [4, 9.5, 3.75, 9.25], "texture": "#0"},
				"east": {"uv": [4.75, 9.5, 4.5, 9.25], "texture": "#0"},
				"south": {"uv": [4.5, 9.5, 4.25, 9.25], "texture": "#0"},
				"west": {"uv": [4.25, 9.5, 4, 9.25], "texture": "#0"},
				"up": {"uv": [5, 9.5, 5.25, 9.25], "texture": "#0"},
				"down": {"uv": [4.75, 9.25, 5, 9.5], "texture": "#0"}
			}
		},
		{
			"from": [3.3128, 27.2832, 0.452],
			"to": [3.7828, 27.96, 0.8844],
			"rotation": {"angle": -22.5, "axis": "x", "origin": [6.5562, 25.77038, 0.38769]},
			"faces": {
				"north": {"uv": [3.75, 9.25, 4, 9.5], "texture": "#0"},
				"east": {"uv": [4, 9.25, 4.25, 9.5], "texture": "#0"},
				"south": {"uv": [4.25, 9.25, 4.5, 9.5], "texture": "#0"},
				"west": {"uv": [4.5, 9.25, 4.75, 9.5], "texture": "#0"},
				"up": {"uv": [5, 9.5, 4.75, 9.25], "texture": "#0"},
				"down": {"uv": [5.25, 9.25, 5, 9.5], "texture": "#0"}
			}
		},
		{
			"from": [9.0172, 23.7832, 0.452],
			"to": [9.4872, 24.46, 0.8844],
			"rotation": {"angle": -22.5, "axis": "x", "origin": [6.5562, 25.77038, 0.38769]},
			"faces": {
				"north": {"uv": [4, 9.25, 3.75, 9.5], "texture": "#0"},
				"east": {"uv": [4.75, 9.25, 4.5, 9.5], "texture": "#0"},
				"south": {"uv": [4.5, 9.25, 4.25, 9.5], "texture": "#0"},
				"west": {"uv": [4.25, 9.25, 4, 9.5], "texture": "#0"},
				"up": {"uv": [4.75, 9.5, 5, 9.25], "texture": "#0"},
				"down": {"uv": [5, 9.25, 5.25, 9.5], "texture": "#0"}
			}
		},
		{
			"from": [3.3128, 28.74, 0.452],
			"to": [3.7828, 29.4168, 0.8844],
			"rotation": {"angle": -22.5, "axis": "x", "origin": [6.5562, 25.77038, 0.38769]},
			"faces": {
				"north": {"uv": [3.75, 9.5, 4, 9.25], "texture": "#0"},
				"east": {"uv": [4, 9.5, 4.25, 9.25], "texture": "#0"},
				"south": {"uv": [4.25, 9.5, 4.5, 9.25], "texture": "#0"},
				"west": {"uv": [4.5, 9.5, 4.75, 9.25], "texture": "#0"},
				"up": {"uv": [5.25, 9.5, 5, 9.25], "texture": "#0"},
				"down": {"uv": [5, 9.25, 4.75, 9.5], "texture": "#0"}
			}
		},
		{
			"from": [9.0172, 25.24, 0.452],
			"to": [9.4872, 25.9168, 0.8844],
			"rotation": {"angle": -22.5, "axis": "x", "origin": [6.5562, 25.77038, 0.38769]},
			"faces": {
				"north": {"uv": [4, 9.5, 3.75, 9.25], "texture": "#0"},
				"east": {"uv": [4.75, 9.5, 4.5, 9.25], "texture": "#0"},
				"south": {"uv": [4.5, 9.5, 4.25, 9.25], "texture": "#0"},
				"west": {"uv": [4.25, 9.5, 4, 9.25], "texture": "#0"},
				"up": {"uv": [5, 9.5, 5.25, 9.25], "texture": "#0"},
				"down": {"uv": [4.75, 9.25, 5, 9.5], "texture": "#0"}
			}
		},
		{
			"from": [3.3128, 27.2832, -0.148],
			"to": [3.7828, 27.96, 0.2844],
			"rotation": {"angle": -22.5, "axis": "x", "origin": [6.5562, 25.77038, 0.38769]},
			"faces": {
				"north": {"uv": [3.75, 9.25, 4, 9.5], "texture": "#0"},
				"east": {"uv": [4, 9.25, 4.25, 9.5], "texture": "#0"},
				"south": {"uv": [4.25, 9.25, 4.5, 9.5], "texture": "#0"},
				"west": {"uv": [4.5, 9.25, 4.75, 9.5], "texture": "#0"},
				"up": {"uv": [5, 9.5, 4.75, 9.25], "texture": "#0"},
				"down": {"uv": [5.25, 9.25, 5, 9.5], "texture": "#0"}
			}
		},
		{
			"from": [9.0172, 23.7832, -0.148],
			"to": [9.4872, 24.46, 0.2844],
			"rotation": {"angle": -22.5, "axis": "x", "origin": [6.5562, 25.77038, 0.38769]},
			"faces": {
				"north": {"uv": [4, 9.25, 3.75, 9.5], "texture": "#0"},
				"east": {"uv": [4.75, 9.25, 4.5, 9.5], "texture": "#0"},
				"south": {"uv": [4.5, 9.25, 4.25, 9.5], "texture": "#0"},
				"west": {"uv": [4.25, 9.25, 4, 9.5], "texture": "#0"},
				"up": {"uv": [4.75, 9.5, 5, 9.25], "texture": "#0"},
				"down": {"uv": [5, 9.25, 5.25, 9.5], "texture": "#0"}
			}
		},
		{
			"from": [3.3128, 28.74, -0.148],
			"to": [3.7828, 29.4168, 0.2844],
			"rotation": {"angle": -22.5, "axis": "x", "origin": [6.5562, 25.77038, 0.38769]},
			"faces": {
				"north": {"uv": [3.75, 9.5, 4, 9.25], "texture": "#0"},
				"east": {"uv": [4, 9.5, 4.25, 9.25], "texture": "#0"},
				"south": {"uv": [4.25, 9.5, 4.5, 9.25], "texture": "#0"},
				"west": {"uv": [4.5, 9.5, 4.75, 9.25], "texture": "#0"},
				"up": {"uv": [5.25, 9.5, 5, 9.25], "texture": "#0"},
				"down": {"uv": [5, 9.25, 4.75, 9.5], "texture": "#0"}
			}
		},
		{
			"from": [9.0172, 25.24, -0.148],
			"to": [9.4872, 25.9168, 0.2844],
			"rotation": {"angle": -22.5, "axis": "x", "origin": [6.5562, 25.77038, 0.38769]},
			"faces": {
				"north": {"uv": [4, 9.5, 3.75, 9.25], "texture": "#0"},
				"east": {"uv": [4.75, 9.5, 4.5, 9.25], "texture": "#0"},
				"south": {"uv": [4.5, 9.5, 4.25, 9.25], "texture": "#0"},
				"west": {"uv": [4.25, 9.5, 4, 9.25], "texture": "#0"},
				"up": {"uv": [5, 9.5, 5.25, 9.25], "texture": "#0"},
				"down": {"uv": [4.75, 9.25, 5, 9.5], "texture": "#0"}
			}
		},
		{
			"from": [3.3128, 27.2832, -0.748],
			"to": [3.7828, 27.96, -0.3156],
			"rotation": {"angle": -22.5, "axis": "x", "origin": [6.5562, 25.77038, 0.38769]},
			"faces": {
				"north": {"uv": [3.75, 9.25, 4, 9.5], "texture": "#0"},
				"east": {"uv": [4, 9.25, 4.25, 9.5], "texture": "#0"},
				"south": {"uv": [4.25, 9.25, 4.5, 9.5], "texture": "#0"},
				"west": {"uv": [4.5, 9.25, 4.75, 9.5], "texture": "#0"},
				"up": {"uv": [5, 9.5, 4.75, 9.25], "texture": "#0"},
				"down": {"uv": [5.25, 9.25, 5, 9.5], "texture": "#0"}
			}
		},
		{
			"from": [9.0172, 23.7832, -0.748],
			"to": [9.4872, 24.46, -0.3156],
			"rotation": {"angle": -22.5, "axis": "x", "origin": [6.5562, 25.77038, 0.38769]},
			"faces": {
				"north": {"uv": [4, 9.25, 3.75, 9.5], "texture": "#0"},
				"east": {"uv": [4.75, 9.25, 4.5, 9.5], "texture": "#0"},
				"south": {"uv": [4.5, 9.25, 4.25, 9.5], "texture": "#0"},
				"west": {"uv": [4.25, 9.25, 4, 9.5], "texture": "#0"},
				"up": {"uv": [4.75, 9.5, 5, 9.25], "texture": "#0"},
				"down": {"uv": [5, 9.25, 5.25, 9.5], "texture": "#0"}
			}
		},
		{
			"from": [3.3128, 28.74, -0.748],
			"to": [3.7828, 29.4168, -0.3156],
			"rotation": {"angle": -22.5, "axis": "x", "origin": [6.5562, 25.77038, 0.38769]},
			"faces": {
				"north": {"uv": [3.75, 9.5, 4, 9.25], "texture": "#0"},
				"east": {"uv": [4, 9.5, 4.25, 9.25], "texture": "#0"},
				"south": {"uv": [4.25, 9.5, 4.5, 9.25], "texture": "#0"},
				"west": {"uv": [4.5, 9.5, 4.75, 9.25], "texture": "#0"},
				"up": {"uv": [5.25, 9.5, 5, 9.25], "texture": "#0"},
				"down": {"uv": [5, 9.25, 4.75, 9.5], "texture": "#0"}
			}
		},
		{
			"from": [9.0172, 25.24, -0.748],
			"to": [9.4872, 25.9168, -0.3156],
			"rotation": {"angle": -22.5, "axis": "x", "origin": [6.5562, 25.77038, 0.38769]},
			"faces": {
				"north": {"uv": [4, 9.5, 3.75, 9.25], "texture": "#0"},
				"east": {"uv": [4.75, 9.5, 4.5, 9.25], "texture": "#0"},
				"south": {"uv": [4.5, 9.5, 4.25, 9.25], "texture": "#0"},
				"west": {"uv": [4.25, 9.5, 4, 9.25], "texture": "#0"},
				"up": {"uv": [5, 9.5, 5.25, 9.25], "texture": "#0"},
				"down": {"uv": [4.75, 9.25, 5, 9.5], "texture": "#0"}
			}
		},
		{
			"from": [7.02, 20.78, 0.2],
			"to": [7.42, 21.2, 0.66],
			"rotation": {"angle": -22.5, "axis": "x", "origin": [6.5562, 25.77038, 0.38769]},
			"faces": {
				"north": {"uv": [9, 8.75, 9.25, 9], "texture": "#0"},
				"east": {"uv": [0.5, 9.25, 0.75, 9.5], "texture": "#0"},
				"south": {"uv": [0.25, 9.25, 0.5, 9.5], "texture": "#0"},
				"west": {"uv": [0, 0, 0.9, 2.3], "texture": "#0"},
				"up": {"uv": [1, 9.5, 0.75, 9.25], "texture": "#0"},
				"down": {"uv": [0, 0, 1.375, 0.9], "texture": "#0"}
			}
		},
		{
			"from": [7.22, 21.18, 0.2],
			"to": [7.62, 21.6, 0.66],
			"rotation": {"angle": -22.5, "axis": "x", "origin": [6.5562, 25.77038, 0.38769]},
			"faces": {
				"north": {"uv": [9, 8.75, 9.25, 9], "texture": "#0"},
				"east": {"uv": [0.5, 9.25, 0.75, 9.5], "texture": "#0"},
				"south": {"uv": [0.25, 9.25, 0.5, 9.5], "texture": "#0"},
				"west": {"uv": [0.5, 9.25, 0.75, 9.5], "texture": "#0"},
				"up": {"uv": [1, 9.5, 0.75, 9.25], "texture": "#0"},
				"down": {"uv": [1.25, 9.25, 1, 9.5], "texture": "#0"}
			}
		},
		{
			"from": [7.42, 21.58, 0.2],
			"to": [7.82, 22.2, 0.66],
			"rotation": {"angle": -22.5, "axis": "x", "origin": [6.5562, 25.77038, 0.38769]},
			"faces": {
				"north": {"uv": [9, 8.75, 9.25, 9], "texture": "#0"},
				"east": {"uv": [0.5, 9.25, 0.75, 9.5], "texture": "#0"},
				"south": {"uv": [0.25, 9.25, 0.5, 9.5], "texture": "#0"},
				"west": {"uv": [0.5, 9.25, 0.75, 9.5], "texture": "#0"},
				"up": {"uv": [1, 9.5, 0.75, 9.25], "texture": "#0"},
				"down": {"uv": [1.25, 9.25, 1, 9.5], "texture": "#0"}
			}
		},
		{
			"from": [7.22, 22.08, 0.2],
			"to": [7.62, 22.5, 0.66],
			"rotation": {"angle": -22.5, "axis": "x", "origin": [6.5562, 25.77038, 0.38769]},
			"faces": {
				"north": {"uv": [9, 8.75, 9.25, 9], "texture": "#0"},
				"east": {"uv": [0.5, 9.25, 0.75, 9.5], "texture": "#0"},
				"south": {"uv": [0.25, 9.25, 0.5, 9.5], "texture": "#0"},
				"west": {"uv": [0.5, 9.25, 0.75, 9.5], "texture": "#0"},
				"up": {"uv": [1, 9.5, 0.75, 9.25], "texture": "#0"},
				"down": {"uv": [1.25, 9.25, 1, 9.5], "texture": "#0"}
			}
		},
		{
			"from": [7.02, 22.48, 0.2],
			"to": [7.42, 23, 0.66],
			"rotation": {"angle": -22.5, "axis": "x", "origin": [6.5562, 25.77038, 0.38769]},
			"faces": {
				"north": {"uv": [9, 8.75, 9.25, 9], "texture": "#0"},
				"east": {"uv": [0.5, 9.25, 0.75, 9.5], "texture": "#0"},
				"south": {"uv": [0.25, 9.25, 0.5, 9.5], "texture": "#0"},
				"west": {"uv": [0.5, 9.25, 0.75, 9.5], "texture": "#0"},
				"up": {"uv": [1, 9.5, 0.75, 9.25], "texture": "#0"},
				"down": {"uv": [1.25, 9.25, 1, 9.5], "texture": "#0"}
			}
		},
		{
			"from": [5.72, 22.88, 0.2],
			"to": [7.22, 23.3, 0.66],
			"rotation": {"angle": -22.5, "axis": "x", "origin": [6.5562, 25.77038, 0.38769]},
			"faces": {
				"north": {"uv": [9, 8.75, 9.25, 9], "texture": "#0"},
				"east": {"uv": [0.5, 9.25, 0.75, 9.5], "texture": "#0"},
				"south": {"uv": [0.25, 9.25, 0.5, 9.5], "texture": "#0"},
				"west": {"uv": [0.5, 9.25, 0.75, 9.5], "texture": "#0"},
				"up": {"uv": [1, 9.5, 0.75, 9.25], "texture": "#0"},
				"down": {"uv": [1.25, 9.25, 1, 9.5], "texture": "#0"}
			}
		},
		{
			"from": [5.52, 23.18, 0.2],
			"to": [5.92, 24.1, 0.66],
			"rotation": {"angle": -22.5, "axis": "x", "origin": [6.5562, 25.77038, 0.38769]},
			"faces": {
				"north": {"uv": [9, 8.75, 9.25, 9], "texture": "#0"},
				"east": {"uv": [0, 9.25, 0.25, 9.5], "texture": "#0"},
				"south": {"uv": [0.25, 9.25, 0.5, 9.5], "texture": "#0"},
				"west": {"uv": [0.5, 9.25, 0.75, 9.5], "texture": "#0"},
				"up": {"uv": [1, 9.5, 0.75, 9.25], "texture": "#0"},
				"down": {"uv": [1.25, 9.25, 1, 9.5], "texture": "#0"}
			}
		},
		{
			"from": [5.32, 23.88, 0.2],
			"to": [5.72, 24.5, 0.66],
			"rotation": {"angle": -22.5, "axis": "x", "origin": [6.5562, 25.77038, 0.38769]},
			"faces": {
				"north": {"uv": [9, 8.75, 9.25, 9], "texture": "#0"},
				"east": {"uv": [0.5, 9.25, 0.75, 9.5], "texture": "#0"},
				"south": {"uv": [0.25, 9.25, 0.5, 9.5], "texture": "#0"},
				"west": {"uv": [0.5, 9.25, 0.75, 9.5], "texture": "#0"},
				"up": {"uv": [1, 9.5, 0.75, 9.25], "texture": "#0"},
				"down": {"uv": [1.25, 9.25, 1, 9.5], "texture": "#0"}
			}
		},
		{
			"from": [5.62, 24.48, 0.2],
			"to": [6.02, 25, 0.66],
			"rotation": {"angle": -22.5, "axis": "x", "origin": [6.5562, 25.77038, 0.38769]},
			"faces": {
				"north": {"uv": [9, 8.75, 9.25, 9], "texture": "#0"},
				"east": {"uv": [0, 0, 0.9, 2.3], "texture": "#0"},
				"south": {"uv": [0.25, 9.25, 0.5, 9.5], "texture": "#0"},
				"west": {"uv": [0.5, 9.25, 0.75, 9.5], "texture": "#0"},
				"up": {"uv": [1, 9.5, 0.75, 9.25], "texture": "#0"},
				"down": {"uv": [1.25, 9.25, 1, 9.5], "texture": "#0"}
			}
		},
		{
			"from": [6.72, 26.08, 0.2],
			"to": [7.12, 26.6, 0.66],
			"rotation": {"angle": -22.5, "axis": "x", "origin": [6.5562, 25.77038, 0.38769]},
			"faces": {
				"north": {"uv": [9, 8.75, 9.25, 9], "texture": "#0"},
				"east": {"uv": [0.5, 9.25, 0.75, 9.5], "texture": "#0"},
				"south": {"uv": [0.25, 9.25, 0.5, 9.5], "texture": "#0"},
				"west": {"uv": [0, 0, 0.9, 2.3], "texture": "#0"},
				"up": {"uv": [1, 9.5, 0.75, 9.25], "texture": "#0"},
				"down": {"uv": [0, 0, 1.375, 0.9], "texture": "#0"}
			}
		},
		{
			"from": [6.92, 26.48, 0.2],
			"to": [7.32, 27.2, 0.66],
			"rotation": {"angle": -22.5, "axis": "x", "origin": [6.5562, 25.77038, 0.38769]},
			"faces": {
				"north": {"uv": [9, 8.75, 9.25, 9], "texture": "#0"},
				"east": {"uv": [0.5, 9.25, 0.75, 9.5], "texture": "#0"},
				"south": {"uv": [0.25, 9.25, 0.5, 9.5], "texture": "#0"},
				"west": {"uv": [0.5, 9.25, 0.75, 9.5], "texture": "#0"},
				"up": {"uv": [1, 9.5, 0.75, 9.25], "texture": "#0"},
				"down": {"uv": [1.25, 9.25, 1, 9.5], "texture": "#0"}
			}
		},
		{
			"from": [7.12, 27.18, 0.2],
			"to": [7.52, 27.6, 0.66],
			"rotation": {"angle": -22.5, "axis": "x", "origin": [6.5562, 25.77038, 0.38769]},
			"faces": {
				"north": {"uv": [9, 8.75, 9.25, 9], "texture": "#0"},
				"east": {"uv": [0.5, 9.25, 0.75, 9.5], "texture": "#0"},
				"south": {"uv": [0.25, 9.25, 0.5, 9.5], "texture": "#0"},
				"west": {"uv": [0.5, 9.25, 0.75, 9.5], "texture": "#0"},
				"up": {"uv": [1, 9.5, 0.75, 9.25], "texture": "#0"},
				"down": {"uv": [1.25, 9.25, 1, 9.5], "texture": "#0"}
			}
		},
		{
			"from": [7.42, 27.58, 0.2],
			"to": [7.82, 28.3, 0.66],
			"rotation": {"angle": -22.5, "axis": "x", "origin": [6.5562, 25.77038, 0.38769]},
			"faces": {
				"north": {"uv": [9, 8.75, 9.25, 9], "texture": "#0"},
				"east": {"uv": [0.5, 9.25, 0.75, 9.5], "texture": "#0"},
				"south": {"uv": [0.25, 9.25, 0.5, 9.5], "texture": "#0"},
				"west": {"uv": [0.5, 9.25, 0.75, 9.5], "texture": "#0"},
				"up": {"uv": [1, 9.5, 0.75, 9.25], "texture": "#0"},
				"down": {"uv": [1.25, 9.25, 1, 9.5], "texture": "#0"}
			}
		},
		{
			"from": [7.12, 28.28, 0.2],
			"to": [7.62, 28.6, 0.66],
			"rotation": {"angle": -22.5, "axis": "x", "origin": [6.5562, 25.77038, 0.38769]},
			"faces": {
				"north": {"uv": [9, 8.75, 9.25, 9], "texture": "#0"},
				"east": {"uv": [0.5, 9.25, 0.75, 9.5], "texture": "#0"},
				"south": {"uv": [0.25, 9.25, 0.5, 9.5], "texture": "#0"},
				"west": {"uv": [0.5, 9.25, 0.75, 9.5], "texture": "#0"},
				"up": {"uv": [1, 9.5, 0.75, 9.25], "texture": "#0"},
				"down": {"uv": [1.25, 9.25, 1, 9.5], "texture": "#0"}
			}
		},
		{
			"from": [6.72, 28.58, 0.2],
			"to": [7.22, 28.9, 0.66],
			"rotation": {"angle": -22.5, "axis": "x", "origin": [6.5562, 25.77038, 0.38769]},
			"faces": {
				"north": {"uv": [9, 8.75, 9.25, 9], "texture": "#0"},
				"east": {"uv": [0.5, 9.25, 0.75, 9.5], "texture": "#0"},
				"south": {"uv": [0.25, 9.25, 0.5, 9.5], "texture": "#0"},
				"west": {"uv": [0, 0, 0.9, 2.3], "texture": "#0"},
				"up": {"uv": [1, 9.5, 0.75, 9.25], "texture": "#0"},
				"down": {"uv": [1.25, 9.25, 1, 9.5], "texture": "#0"}
			}
		},
		{
			"from": [3.38, 6.98, 3.1],
			"to": [9.56, 10.04, 5.92],
			"rotation": {"angle": -22.5, "axis": "x", "origin": [6.49425, 16.30282, 4.53721]},
			"faces": {
				"north": {"uv": [4, 3.25, 5.5, 4], "texture": "#0"},
				"east": {"uv": [4.5, 2.5, 5.25, 3.25], "texture": "#0"},
				"south": {"uv": [4, 3.25, 5.5, 4], "texture": "#0"},
				"west": {"uv": [6, 6, 6.75, 6.75], "texture": "#0"},
				"up": {"uv": [6, 1.75, 4.5, 1], "texture": "#0"},
				"down": {"uv": [6, 1.75, 4.5, 2.5], "texture": "#0"}
			}
		},
		{
			"from": [3.32, 10.04, 2.68],
			"to": [4.4, 10.52, 6.28],
			"rotation": {"angle": -22.5, "axis": "x", "origin": [6.49425, 16.30282, 4.53721]},
			"faces": {
				"north": {"uv": [8.75, 3, 9, 3.25], "texture": "#0"},
				"east": {"uv": [7, 0.75, 8, 1], "texture": "#0"},
				"south": {"uv": [8.75, 3, 9, 3.25], "texture": "#0"},
				"west": {"uv": [7, 4.5, 8, 4.75], "texture": "#0"},
				"up": {"uv": [7.25, 5.75, 7, 4.75], "texture": "#0"},
				"down": {"uv": [4.25, 7.25, 4, 8.25], "texture": "#0"}
			}
		},
		{
			"from": [8.5, 10.04, 2.68],
			"to": [9.58, 10.52, 6.28],
			"rotation": {"angle": -22.5, "axis": "x", "origin": [6.49425, 16.30282, 4.53721]},
			"faces": {
				"north": {"uv": [9, 3, 8.75, 3.25], "texture": "#0"},
				"east": {"uv": [8, 4.5, 7, 4.75], "texture": "#0"},
				"south": {"uv": [8.75, 3, 9, 3.25], "texture": "#0"},
				"west": {"uv": [8, 0.75, 7, 1], "texture": "#0"},
				"up": {"uv": [7, 5.75, 7.25, 4.75], "texture": "#0"},
				"down": {"uv": [4, 7.25, 4.25, 8.25], "texture": "#0"}
			}
		},
		{
			"from": [3.32, 10.52, 3.1],
			"to": [3.98, 11, 5.86],
			"rotation": {"angle": -22.5, "axis": "x", "origin": [6.49425, 16.30282, 4.53721]},
			"faces": {
				"north": {"uv": [8.75, 8.25, 9, 8.5], "texture": "#0"},
				"east": {"uv": [8, 0, 8.75, 0.25], "texture": "#0"},
				"south": {"uv": [8.75, 8.25, 9, 8.5], "texture": "#0"},
				"west": {"uv": [8, 0.75, 8.75, 1], "texture": "#0"},
				"up": {"uv": [5.5, 3.25, 5.25, 2.5], "texture": "#0"},
				"down": {"uv": [1, 8.25, 0.75, 9], "texture": "#0"}
			}
		},
		{
			"from": [8.92, 10.52, 3.1],
			"to": [9.58, 11, 5.86],
			"rotation": {"angle": -22.5, "axis": "x", "origin": [6.49425, 16.30282, 4.53721]},
			"faces": {
				"north": {"uv": [9, 8.25, 8.75, 8.5], "texture": "#0"},
				"east": {"uv": [8.75, 0.75, 8, 1], "texture": "#0"},
				"south": {"uv": [8.75, 8.25, 9, 8.5], "texture": "#0"},
				"west": {"uv": [8.75, 0, 8, 0.25], "texture": "#0"},
				"up": {"uv": [5.25, 3.25, 5.5, 2.5], "texture": "#0"},
				"down": {"uv": [0.75, 8.25, 1, 9], "texture": "#0"}
			}
		},
		{
			"from": [4.82, 9.68, 3.4],
			"to": [8.12, 15.2, 5.56],
			"rotation": {"angle": -22.5, "axis": "x", "origin": [6.49425, 16.30282, 4.53721]},
			"faces": {
				"north": {"uv": [3, 4.5, 3.75, 6], "texture": "#0"},
				"east": {"uv": [3, 6, 3.5, 7.5], "texture": "#0"},
				"south": {"uv": [3, 4.5, 3.75, 6], "texture": "#0"},
				"west": {"uv": [3, 6, 3.5, 7.5], "texture": "#0"},
				"up": {"uv": [3.75, 3, 3, 2.5], "texture": "#0"},
				"down": {"uv": [5.25, 4, 4.5, 4.5], "texture": "#0"}
			}
		},
		{
			"from": [3.5072, 14.8848, 2.776],
			"to": [9.4592, 20.76, 6.4816],
			"rotation": {"angle": -22.5, "axis": "x", "origin": [6.49425, 16.30282, 4.53721]},
			"faces": {
				"north": {"uv": [0, 0, 1.5, 1.5], "texture": "#0"},
				"east": {"uv": [0.5, 3, 1.5, 4.5], "texture": "#0"},
				"south": {"uv": [0, 1.5, 1.5, 3], "texture": "#0"},
				"west": {"uv": [3, 3, 4, 4.5], "texture": "#0"},
				"up": {"uv": [4, 2.5, 2.5, 1.5], "texture": "#0"},
				"down": {"uv": [5, 0, 3.5, 1], "texture": "#0"}
			}
		},
		{
			"from": [3.5072, 14.4048, 2.776],
			"to": [6.3872, 14.892, 6.4816],
			"rotation": {"angle": -22.5, "axis": "x", "origin": [6.49425, 16.30282, 4.53721]},
			"faces": {
				"north": {"uv": [8, 4.5, 8.75, 4.75], "texture": "#0"},
				"east": {"uv": [7.5, 7, 8.5, 7.25], "texture": "#0"},
				"south": {"uv": [8.25, 2.5, 9, 2.75], "texture": "#0"},
				"west": {"uv": [7.25, 7.75, 8.25, 8], "texture": "#0"},
				"up": {"uv": [5.75, 1, 5, 0], "texture": "#0"},
				"down": {"uv": [6.5, 0, 5.75, 1], "texture": "#0"}
			}
		},
		{
			"from": [6.6128, 14.4048, 2.776],
			"to": [9.4928, 14.892, 6.4816],
			"rotation": {"angle": -22.5, "axis": "x", "origin": [6.49425, 16.30282, 4.53721]},
			"faces": {
				"north": {"uv": [8.75, 4.5, 8, 4.75], "texture": "#0"},
				"east": {"uv": [8.25, 7.75, 7.25, 8], "texture": "#0"},
				"south": {"uv": [9, 2.5, 8.25, 2.75], "texture": "#0"},
				"west": {"uv": [8.5, 7, 7.5, 7.25], "texture": "#0"},
				"up": {"uv": [5, 1, 5.75, 0], "texture": "#0"},
				"down": {"uv": [5.75, 0, 6.5, 1], "texture": "#0"}
			}
		},
		{
			"from": [3.5072, 13.9248, 2.776],
			"to": [5.8112, 14.412, 6.4816],
			"rotation": {"angle": -22.5, "axis": "x", "origin": [6.49425, 16.30282, 4.53721]},
			"faces": {
				"north": {"uv": [8.5, 7, 9, 7.25], "texture": "#0"},
				"east": {"uv": [7.5, 4.25, 8.5, 4.5], "texture": "#0"},
				"south": {"uv": [8.5, 7.25, 9, 7.5], "texture": "#0"},
				"west": {"uv": [7.5, 6.75, 8.5, 7], "texture": "#0"},
				"up": {"uv": [2, 7.5, 1.5, 6.5], "texture": "#0"},
				"down": {"uv": [7, 0, 6.5, 1], "texture": "#0"}
			}
		},
		{
			"from": [7.1888, 13.9248, 2.776],
			"to": [9.4928, 14.412, 6.4816],
			"rotation": {"angle": -22.5, "axis": "x", "origin": [6.49425, 16.30282, 4.53721]},
			"faces": {
				"north": {"uv": [9, 7, 8.5, 7.25], "texture": "#0"},
				"east": {"uv": [8.5, 6.75, 7.5, 7], "texture": "#0"},
				"south": {"uv": [9, 7.25, 8.5, 7.5], "texture": "#0"},
				"west": {"uv": [8.5, 4.25, 7.5, 4.5], "texture": "#0"},
				"up": {"uv": [1.5, 7.5, 2, 6.5], "texture": "#0"},
				"down": {"uv": [6.5, 0, 7, 1], "texture": "#0"}
			}
		},
		{
			"from": [3.8912, 13.6368, 2.968],
			"to": [5.3312, 14.232, 6.2896],
			"rotation": {"angle": -22.5, "axis": "x", "origin": [6.49425, 16.30282, 4.53721]},
			"faces": {
				"north": {"uv": [0, 0, 1.375, 2.3], "texture": "#0"},
				"east": {"uv": [0, 0, 0.9, 2.3], "texture": "#0"},
				"south": {"uv": [0, 0, 1.375, 2.3], "texture": "#0"},
				"west": {"uv": [0, 0, 0.9, 2.3], "texture": "#0"},
				"up": {"uv": [0, 0, 1.375, 0.9], "texture": "#0"},
				"down": {"uv": [0, 0, 1.375, 0.9], "texture": "#0"}
			}
		},
		{
			"from": [7.6352, 13.6368, 2.968],
			"to": [9.0752, 14.232, 6.2896],
			"rotation": {"angle": -22.5, "axis": "x", "origin": [6.49425, 16.30282, 4.53721]},
			"faces": {
				"north": {"uv": [0, 0, 1.375, 2.3], "texture": "#0"},
				"east": {"uv": [0, 0, 0.9, 2.3], "texture": "#0"},
				"south": {"uv": [0, 0, 1.375, 2.3], "texture": "#0"},
				"west": {"uv": [0, 0, 0.9, 2.3], "texture": "#0"},
				"up": {"uv": [0, 0, 1.375, 0.9], "texture": "#0"},
				"down": {"uv": [0, 0, 1.375, 0.9], "texture": "#0"}
			}
		},
		{
			"from": [3.3912, 13.5368, 2.468],
			"to": [5.4312, 14.032, 6.5896],
			"rotation": {"angle": -22.5, "axis": "x", "origin": [6.49425, 16.30282, 4.53721]},
			"faces": {
				"north": {"uv": [8.5, 6.5, 9, 6.75], "texture": "#0"},
				"east": {"uv": [7, 5.75, 8, 6], "texture": "#0"},
				"south": {"uv": [8.5, 6.5, 9, 6.75], "texture": "#0"},
				"west": {"uv": [7, 6, 8, 6.25], "texture": "#0"},
				"up": {"uv": [6.5, 5.5, 6, 4.5], "texture": "#0"},
				"down": {"uv": [4.5, 6.25, 4, 7.25], "texture": "#0"}
			}
		},
		{
			"from": [7.5688, 13.5368, 2.468],
			"to": [9.6088, 14.032, 6.5896],
			"rotation": {"angle": -22.5, "axis": "x", "origin": [6.49425, 16.30282, 4.53721]},
			"faces": {
				"north": {"uv": [9, 6.5, 8.5, 6.75], "texture": "#0"},
				"east": {"uv": [8, 6, 7, 6.25], "texture": "#0"},
				"south": {"uv": [9, 6.5, 8.5, 6.75], "texture": "#0"},
				"west": {"uv": [8, 5.75, 7, 6], "texture": "#0"},
				"up": {"uv": [6, 5.5, 6.5, 4.5], "texture": "#0"},
				"down": {"uv": [4, 6.25, 4.5, 7.25], "texture": "#0"}
			}
		},
		{
			"from": [5.1912, 13.8368, 2.368],
			"to": [5.8312, 14.332, 6.6896],
			"rotation": {"angle": -22.5, "axis": "x", "origin": [6.49425, 16.30282, 4.53721]},
			"faces": {
				"north": {"uv": [0.75, 9, 1, 9.25], "texture": "#0"},
				"east": {"uv": [7, 6.25, 8, 6.5], "texture": "#0"},
				"south": {"uv": [0.75, 9, 1, 9.25], "rotation": 270, "texture": "#0"},
				"west": {"uv": [6, 7.25, 7, 7.5], "texture": "#0"},
				"up": {"uv": [4.5, 8.25, 4.25, 7.25], "texture": "#0"},
				"down": {"uv": [7.25, 7.25, 7, 8.25], "texture": "#0"}
			}
		},
		{
			"from": [7.1688, 13.8368, 2.368],
			"to": [7.8088, 14.332, 6.6896],
			"rotation": {"angle": -22.5, "axis": "x", "origin": [6.49425, 16.30282, 4.53721]},
			"faces": {
				"north": {"uv": [1, 9, 0.75, 9.25], "texture": "#0"},
				"east": {"uv": [7, 7.25, 6, 7.5], "texture": "#0"},
				"south": {"uv": [0.75, 9.25, 1, 9], "rotation": 270, "texture": "#0"},
				"west": {"uv": [8, 6.25, 7, 6.5], "texture": "#0"},
				"up": {"uv": [4.25, 8.25, 4.5, 7.25], "texture": "#0"},
				"down": {"uv": [7, 7.25, 7.25, 8.25], "texture": "#0"}
			}
		},
		{
			"from": [5.7912, 14.3368, 2.368],
			"to": [6.4312, 14.732, 6.6896],
			"rotation": {"angle": -22.5, "axis": "x", "origin": [6.49425, 16.30282, 4.53721]},
			"faces": {
				"north": {"uv": [2.75, 9, 3, 9.25], "texture": "#0"},
				"east": {"uv": [7.25, 7.25, 8.25, 7.5], "texture": "#0"},
				"south": {"uv": [2.75, 9, 3, 9.25], "rotation": 90, "texture": "#0"},
				"west": {"uv": [7.25, 1.5, 8.25, 1.75], "texture": "#0"},
				"up": {"uv": [7.5, 2.75, 7.25, 1.75], "texture": "#0"},
				"down": {"uv": [7.5, 2.75, 7.25, 3.75], "texture": "#0"}
			}
		},
		{
			"from": [6.5688, 14.3368, 2.368],
			"to": [7.2088, 14.732, 6.6896],
			"rotation": {"angle": -22.5, "axis": "x", "origin": [6.49425, 16.30282, 4.53721]},
			"faces": {
				"north": {"uv": [3, 9, 2.75, 9.25], "texture": "#0"},
				"east": {"uv": [8.25, 1.5, 7.25, 1.75], "texture": "#0"},
				"south": {"uv": [2.75, 9.25, 3, 9], "rotation": 90, "texture": "#0"},
				"west": {"uv": [8.25, 7.25, 7.25, 7.5], "texture": "#0"},
				"up": {"uv": [7.25, 2.75, 7.5, 1.75], "texture": "#0"},
				"down": {"uv": [7.25, 2.75, 7.5, 3.75], "texture": "#0"}
			}
		},
		{
			"from": [6.2912, 14.7368, 2.368],
			"to": [6.7312, 21.032, 6.6896],
			"rotation": {"angle": -22.5, "axis": "x", "origin": [6.49425, 16.30282, 4.53721]},
			"faces": {
				"north": {"uv": [6.5, 4.5, 6.75, 6], "texture": "#0"},
				"east": {"uv": [1.5, 0, 2.5, 1.5], "texture": "#0"},
				"south": {"uv": [6.5, 4.5, 6.75, 6], "texture": "#0"},
				"west": {"uv": [2.5, 0, 3.5, 1.5], "texture": "#0"},
				"up": {"uv": [7.5, 5.75, 7.25, 4.75], "texture": "#0"},
				"down": {"uv": [1.75, 7.5, 1.5, 8.5], "texture": "#0"}
			}
		},
		{
			"from": [5.6912, 15.9368, 2.368],
			"to": [6.3312, 16.332, 6.6896],
			"rotation": {"angle": -22.5, "axis": "x", "origin": [6.49425, 16.30282, 4.53721]},
			"faces": {
				"north": {"uv": [4.5, 9, 4.75, 9.25], "texture": "#0"},
				"east": {"uv": [7.25, 3.75, 8.25, 4], "texture": "#0"},
				"south": {"uv": [4.5, 9, 4.75, 9.25], "rotation": 90, "texture": "#0"},
				"west": {"uv": [6, 7.5, 7, 7.75], "texture": "#0"},
				"up": {"uv": [2, 8.5, 1.75, 7.5], "texture": "#0"},
				"down": {"uv": [3.25, 7.5, 3, 8.5], "texture": "#0"}
			}
		},
		{
			"from": [6.6688, 15.6368, 2.368],
			"to": [7.3088, 16.032, 6.6896],
			"rotation": {"angle": -22.5, "axis": "x", "origin": [6.49425, 16.30282, 4.53721]},
			"faces": {
				"north": {"uv": [4.75, 9, 4.5, 9.25], "texture": "#0"},
				"east": {"uv": [7, 7.5, 6, 7.75], "texture": "#0"},
				"south": {"uv": [4.5, 9.25, 4.75, 9], "rotation": 90, "texture": "#0"},
				"west": {"uv": [8.25, 3.75, 7.25, 4], "texture": "#0"},
				"up": {"uv": [1.75, 8.5, 2, 7.5], "texture": "#0"},
				"down": {"uv": [3, 7.5, 3.25, 8.5], "texture": "#0"}
			}
		},
		{
			"from": [4.7912, 15.5368, 2.368],
			"to": [5.7312, 15.932, 6.6896],
			"rotation": {"angle": -22.5, "axis": "x", "origin": [6.49425, 16.30282, 4.53721]},
			"faces": {
				"north": {"uv": [5, 9, 5.25, 9.25], "texture": "#0"},
				"east": {"uv": [7.25, 7.5, 8.25, 7.75], "texture": "#0"},
				"south": {"uv": [5, 9, 5.25, 9.25], "rotation": 90, "texture": "#0"},
				"west": {"uv": [7.5, 0.25, 8.5, 0.5], "texture": "#0"},
				"up": {"uv": [3.5, 8.5, 3.25, 7.5], "texture": "#0"},
				"down": {"uv": [7.75, 1.75, 7.5, 2.75], "texture": "#0"}
			}
		},
		{
			"from": [7.2688, 15.8368, 2.368],
			"to": [8.2088, 16.232, 6.6896],
			"rotation": {"angle": -22.5, "axis": "x", "origin": [6.49425, 16.30282, 4.53721]},
			"faces": {
				"north": {"uv": [5.25, 9, 5, 9.25], "texture": "#0"},
				"east": {"uv": [8.5, 0.25, 7.5, 0.5], "texture": "#0"},
				"south": {"uv": [5, 9.25, 5.25, 9], "rotation": 90, "texture": "#0"},
				"west": {"uv": [8.25, 7.5, 7.25, 7.75], "texture": "#0"},
				"up": {"uv": [3.25, 8.5, 3.5, 7.5], "texture": "#0"},
				"down": {"uv": [7.5, 1.75, 7.75, 2.75], "texture": "#0"}
			}
		},
		{
			"from": [3.8912, 15.2368, 2.368],
			"to": [4.8312, 15.632, 6.6896],
			"rotation": {"angle": -22.5, "axis": "x", "origin": [6.49425, 16.30282, 4.53721]},
			"faces": {
				"north": {"uv": [5.75, 9, 6, 9.25], "texture": "#0"},
				"east": {"uv": [7.5, 0.5, 8.5, 0.75], "texture": "#0"},
				"south": {"uv": [5.75, 9, 6, 9.25], "texture": "#0"},
				"west": {"uv": [7.5, 1, 8.5, 1.25], "texture": "#0"},
				"up": {"uv": [7.75, 3.75, 7.5, 2.75], "texture": "#0"},
				"down": {"uv": [7.75, 4.75, 7.5, 5.75], "texture": "#0"}
			}
		},
		{
			"from": [8.1688, 15.8368, 2.368],
			"to": [9.1088, 16.232, 6.6896],
			"rotation": {"angle": -22.5, "axis": "x", "origin": [6.49425, 16.30282, 4.53721]},
			"faces": {
				"north": {"uv": [6, 9, 5.75, 9.25], "texture": "#0"},
				"east": {"uv": [8.5, 1, 7.5, 1.25], "texture": "#0"},
				"south": {"uv": [6, 9, 5.75, 9.25], "texture": "#0"},
				"west": {"uv": [8.5, 0.5, 7.5, 0.75], "texture": "#0"},
				"up": {"uv": [7.5, 3.75, 7.75, 2.75], "texture": "#0"},
				"down": {"uv": [7.5, 4.75, 7.75, 5.75], "texture": "#0"}
			}
		},
		{
			"from": [3.3912, 15.5368, 2.368],
			"to": [3.9312, 15.932, 6.6896],
			"rotation": {"angle": -22.5, "axis": "x", "origin": [6.49425, 16.30282, 4.53721]},
			"faces": {
				"north": {"uv": [6.25, 9, 6.5, 9.25], "texture": "#0"},
				"east": {"uv": [7.5, 1.25, 8.5, 1.5], "texture": "#0"},
				"south": {"uv": [6.25, 9, 6.5, 9.25], "texture": "#0"},
				"west": {"uv": [7.5, 4, 8.5, 4.25], "texture": "#0"},
				"up": {"uv": [6.25, 8.75, 6, 7.75], "texture": "#0"},
				"down": {"uv": [6.5, 7.75, 6.25, 8.75], "texture": "#0"}
			}
		},
		{
			"from": [9.0688, 15.5368, 2.368],
			"to": [9.6088, 15.932, 6.6896],
			"rotation": {"angle": -22.5, "axis": "x", "origin": [6.49425, 16.30282, 4.53721]},
			"faces": {
				"north": {"uv": [6.5, 9, 6.25, 9.25], "texture": "#0"},
				"east": {"uv": [8.5, 4, 7.5, 4.25], "texture": "#0"},
				"south": {"uv": [6.5, 9, 6.25, 9.25], "texture": "#0"},
				"west": {"uv": [8.5, 1.25, 7.5, 1.5], "texture": "#0"},
				"up": {"uv": [6, 8.75, 6.25, 7.75], "texture": "#0"},
				"down": {"uv": [6.25, 7.75, 6.5, 8.75], "texture": "#0"}
			}
		},
		{
			"from": [3.3912, 16.7368, 2.368],
			"to": [4.2312, 17.132, 6.6896],
			"rotation": {"angle": -22.5, "axis": "x", "origin": [6.49425, 16.30282, 4.53721]},
			"faces": {
				"north": {"uv": [6.25, 9, 6.5, 9.25], "texture": "#0"},
				"east": {"uv": [7.25, 7.5, 8.25, 7.75], "texture": "#0"},
				"south": {"uv": [6.25, 9, 6.5, 9.25], "texture": "#0"},
				"west": {"uv": [7, 6, 8, 6.25], "texture": "#0"},
				"up": {"uv": [6.25, 8.75, 6, 7.75], "texture": "#0"},
				"down": {"uv": [6.5, 7.75, 6.25, 8.75], "texture": "#0"}
			}
		},
		{
			"from": [8.7688, 16.7368, 2.368],
			"to": [9.6088, 17.132, 6.6896],
			"rotation": {"angle": -22.5, "axis": "x", "origin": [6.49425, 16.30282, 4.53721]},
			"faces": {
				"north": {"uv": [6.5, 9, 6.25, 9.25], "texture": "#0"},
				"east": {"uv": [8, 6, 7, 6.25], "texture": "#0"},
				"south": {"uv": [6.5, 9, 6.25, 9.25], "texture": "#0"},
				"west": {"uv": [8.25, 7.5, 7.25, 7.75], "texture": "#0"},
				"up": {"uv": [6, 8.75, 6.25, 7.75], "texture": "#0"},
				"down": {"uv": [6.25, 7.75, 6.5, 8.75], "texture": "#0"}
			}
		},
		{
			"from": [4.0912, 16.9368, 2.368],
			"to": [5.0312, 17.332, 6.6896],
			"rotation": {"angle": -22.5, "axis": "x", "origin": [6.49425, 16.30282, 4.53721]},
			"faces": {
				"north": {"uv": [5.75, 9, 6, 9.25], "texture": "#0"},
				"east": {"uv": [7.25, 7.5, 8.25, 7.75], "texture": "#0"},
				"south": {"uv": [5.75, 9, 6, 9.25], "texture": "#0"},
				"west": {"uv": [7.5, 1, 8.5, 1.25], "texture": "#0"},
				"up": {"uv": [7.75, 3.75, 7.5, 2.75], "texture": "#0"},
				"down": {"uv": [7.75, 4.75, 7.5, 5.75], "texture": "#0"}
			}
		},
		{
			"from": [7.9688, 16.9368, 2.368],
			"to": [8.9088, 17.332, 6.6896],
			"rotation": {"angle": -22.5, "axis": "x", "origin": [6.49425, 16.30282, 4.53721]},
			"faces": {
				"north": {"uv": [6, 9, 5.75, 9.25], "texture": "#0"},
				"east": {"uv": [8.5, 1, 7.5, 1.25], "texture": "#0"},
				"south": {"uv": [6, 9, 5.75, 9.25], "texture": "#0"},
				"west": {"uv": [8.25, 7.5, 7.25, 7.75], "texture": "#0"},
				"up": {"uv": [7.5, 3.75, 7.75, 2.75], "texture": "#0"},
				"down": {"uv": [7.5, 4.75, 7.75, 5.75], "texture": "#0"}
			}
		},
		{
			"from": [4.7912, 17.3368, 2.368],
			"to": [5.7312, 17.732, 6.6896],
			"rotation": {"angle": -22.5, "axis": "x", "origin": [6.49425, 16.30282, 4.53721]},
			"faces": {
				"north": {"uv": [5, 9, 5.25, 9.25], "texture": "#0"},
				"east": {"uv": [7.25, 7.5, 8.25, 7.75], "texture": "#0"},
				"south": {"uv": [5, 9, 5.25, 9.25], "rotation": 90, "texture": "#0"},
				"west": {"uv": [7.5, 0.25, 8.5, 0.5], "texture": "#0"},
				"up": {"uv": [3.5, 8.5, 3.25, 7.5], "texture": "#0"},
				"down": {"uv": [7.75, 1.75, 7.5, 2.75], "texture": "#0"}
			}
		},
		{
			"from": [7.2688, 17.3368, 2.368],
			"to": [8.2088, 17.732, 6.6896],
			"rotation": {"angle": -22.5, "axis": "x", "origin": [6.49425, 16.30282, 4.53721]},
			"faces": {
				"north": {"uv": [5.25, 9, 5, 9.25], "texture": "#0"},
				"east": {"uv": [8.5, 0.25, 7.5, 0.5], "texture": "#0"},
				"south": {"uv": [5, 9.25, 5.25, 9], "rotation": 90, "texture": "#0"},
				"west": {"uv": [8.25, 7.5, 7.25, 7.75], "texture": "#0"},
				"up": {"uv": [3.25, 8.5, 3.5, 7.5], "texture": "#0"},
				"down": {"uv": [7.5, 1.75, 7.75, 2.75], "texture": "#0"}
			}
		},
		{
			"from": [5.6912, 17.4368, 2.368],
			"to": [6.3312, 17.832, 6.6896],
			"rotation": {"angle": -22.5, "axis": "x", "origin": [6.49425, 16.30282, 4.53721]},
			"faces": {
				"north": {"uv": [4.5, 9, 4.75, 9.25], "texture": "#0"},
				"east": {"uv": [0, 0, 0.9, 2.3], "texture": "#0"},
				"south": {"uv": [4.5, 9, 4.75, 9.25], "rotation": 90, "texture": "#0"},
				"west": {"uv": [6, 7.5, 7, 7.75], "texture": "#0"},
				"up": {"uv": [2, 8.5, 1.75, 7.5], "texture": "#0"},
				"down": {"uv": [3.25, 7.5, 3, 8.5], "texture": "#0"}
			}
		},
		{
			"from": [6.6688, 17.1368, 2.368],
			"to": [7.3088, 17.532, 6.6896],
			"rotation": {"angle": -22.5, "axis": "x", "origin": [6.49425, 16.30282, 4.53721]},
			"faces": {
				"north": {"uv": [4.75, 9, 4.5, 9.25], "texture": "#0"},
				"east": {"uv": [7, 7.5, 6, 7.75], "texture": "#0"},
				"south": {"uv": [4.5, 9.25, 4.75, 9], "rotation": 90, "texture": "#0"},
				"west": {"uv": [0.9, 0, 0, 2.3], "texture": "#0"},
				"up": {"uv": [1.75, 8.5, 2, 7.5], "texture": "#0"},
				"down": {"uv": [3, 7.5, 3.25, 8.5], "texture": "#0"}
			}
		},
		{
			"from": [3.3912, 18.5368, 2.368],
			"to": [3.9312, 18.932, 6.6896],
			"rotation": {"angle": -22.5, "axis": "x", "origin": [6.49425, 16.30282, 4.53721]},
			"faces": {
				"north": {"uv": [6.25, 9, 6.5, 9.25], "texture": "#0"},
				"east": {"uv": [7.25, 7.5, 8.25, 7.75], "texture": "#0"},
				"south": {"uv": [6.25, 9, 6.5, 9.25], "texture": "#0"},
				"west": {"uv": [7, 6, 8, 6.25], "texture": "#0"},
				"up": {"uv": [6.25, 8.75, 6, 7.75], "texture": "#0"},
				"down": {"uv": [6.5, 7.75, 6.25, 8.75], "texture": "#0"}
			}
		},
		{
			"from": [9.0688, 18.1368, 2.368],
			"to": [9.6088, 18.532, 6.6896],
			"rotation": {"angle": -22.5, "axis": "x", "origin": [6.49425, 16.30282, 4.53721]},
			"faces": {
				"north": {"uv": [6.5, 9, 6.25, 9.25], "texture": "#0"},
				"east": {"uv": [8, 6, 7, 6.25], "texture": "#0"},
				"south": {"uv": [6.5, 9, 6.25, 9.25], "texture": "#0"},
				"west": {"uv": [8.25, 7.5, 7.25, 7.75], "texture": "#0"},
				"up": {"uv": [6, 8.75, 6.25, 7.75], "texture": "#0"},
				"down": {"uv": [6.25, 7.75, 6.5, 8.75], "texture": "#0"}
			}
		},
		{
			"from": [3.8912, 18.2368, 2.368],
			"to": [4.8312, 18.632, 6.6896],
			"rotation": {"angle": -22.5, "axis": "x", "origin": [6.49425, 16.30282, 4.53721]},
			"faces": {
				"north": {"uv": [5.75, 9, 6, 9.25], "texture": "#0"},
				"east": {"uv": [7.25, 7.5, 8.25, 7.75], "texture": "#0"},
				"south": {"uv": [5.75, 9, 6, 9.25], "texture": "#0"},
				"west": {"uv": [7.5, 1, 8.5, 1.25], "texture": "#0"},
				"up": {"uv": [7.75, 3.75, 7.5, 2.75], "texture": "#0"},
				"down": {"uv": [7.75, 4.75, 7.5, 5.75], "texture": "#0"}
			}
		},
		{
			"from": [8.1688, 18.5368, 2.368],
			"to": [9.1088, 18.932, 6.6896],
			"rotation": {"angle": -22.5, "axis": "x", "origin": [6.49425, 16.30282, 4.53721]},
			"faces": {
				"north": {"uv": [6, 9, 5.75, 9.25], "texture": "#0"},
				"east": {"uv": [8.5, 1, 7.5, 1.25], "texture": "#0"},
				"south": {"uv": [6, 9, 5.75, 9.25], "texture": "#0"},
				"west": {"uv": [8.25, 7.5, 7.25, 7.75], "texture": "#0"},
				"up": {"uv": [7.5, 3.75, 7.75, 2.75], "texture": "#0"},
				"down": {"uv": [7.5, 4.75, 7.75, 5.75], "texture": "#0"}
			}
		},
		{
			"from": [4.7912, 18.5368, 2.368],
			"to": [5.7312, 18.932, 6.6896],
			"rotation": {"angle": -22.5, "axis": "x", "origin": [6.49425, 16.30282, 4.53721]},
			"faces": {
				"north": {"uv": [5, 9, 5.25, 9.25], "texture": "#0"},
				"east": {"uv": [7.25, 7.5, 8.25, 7.75], "texture": "#0"},
				"south": {"uv": [5, 9, 5.25, 9.25], "rotation": 90, "texture": "#0"},
				"west": {"uv": [7.5, 0.25, 8.5, 0.5], "texture": "#0"},
				"up": {"uv": [7.75, 3.75, 7.5, 2.75], "texture": "#0"},
				"down": {"uv": [7.75, 1.75, 7.5, 2.75], "texture": "#0"}
			}
		},
		{
			"from": [7.2688, 18.5368, 2.368],
			"to": [8.2088, 18.932, 6.6896],
			"rotation": {"angle": -22.5, "axis": "x", "origin": [6.49425, 16.30282, 4.53721]},
			"faces": {
				"north": {"uv": [5.25, 9, 5, 9.25], "texture": "#0"},
				"east": {"uv": [8.5, 0.25, 7.5, 0.5], "texture": "#0"},
				"south": {"uv": [5, 9.25, 5.25, 9], "rotation": 90, "texture": "#0"},
				"west": {"uv": [8.25, 7.5, 7.25, 7.75], "texture": "#0"},
				"up": {"uv": [7.5, 3.75, 7.75, 2.75], "texture": "#0"},
				"down": {"uv": [7.5, 1.75, 7.75, 2.75], "texture": "#0"}
			}
		},
		{
			"from": [5.6912, 18.9368, 2.368],
			"to": [6.3312, 19.332, 6.6896],
			"rotation": {"angle": -22.5, "axis": "x", "origin": [6.49425, 16.30282, 4.53721]},
			"faces": {
				"north": {"uv": [4.5, 9, 4.75, 9.25], "texture": "#0"},
				"east": {"uv": [0, 0, 0.9, 2.3], "texture": "#0"},
				"south": {"uv": [4.5, 9, 4.75, 9.25], "rotation": 90, "texture": "#0"},
				"west": {"uv": [6, 7.5, 7, 7.75], "texture": "#0"},
				"up": {"uv": [2, 8.5, 1.75, 7.5], "texture": "#0"},
				"down": {"uv": [3.25, 7.5, 3, 8.5], "texture": "#0"}
			}
		},
		{
			"from": [6.6688, 18.9368, 2.368],
			"to": [7.3088, 19.332, 6.6896],
			"rotation": {"angle": -22.5, "axis": "x", "origin": [6.49425, 16.30282, 4.53721]},
			"faces": {
				"north": {"uv": [4.75, 9, 4.5, 9.25], "texture": "#0"},
				"east": {"uv": [7, 7.5, 6, 7.75], "texture": "#0"},
				"south": {"uv": [4.5, 9.25, 4.75, 9], "rotation": 90, "texture": "#0"},
				"west": {"uv": [0.9, 0, 0, 2.3], "texture": "#0"},
				"up": {"uv": [1.75, 8.5, 2, 7.5], "texture": "#0"},
				"down": {"uv": [3, 7.5, 3.25, 8.5], "texture": "#0"}
			}
		},
		{
			"from": [3.3912, 20.2368, 2.368],
			"to": [3.9312, 20.832, 6.6896],
			"rotation": {"angle": -22.5, "axis": "x", "origin": [6.49425, 16.30282, 4.53721]},
			"faces": {
				"north": {"uv": [6.25, 9, 6.5, 9.25], "texture": "#0"},
				"east": {"uv": [7.25, 7.5, 8.25, 7.75], "texture": "#0"},
				"south": {"uv": [6.25, 9, 6.5, 9.25], "texture": "#0"},
				"west": {"uv": [7, 6, 8, 6.25], "texture": "#0"},
				"up": {"uv": [6.25, 8.75, 6, 7.75], "texture": "#0"},
				"down": {"uv": [6.5, 7.75, 6.25, 8.75], "texture": "#0"}
			}
		},
		{
			"from": [9.0688, 20.2368, 2.368],
			"to": [9.6088, 20.832, 6.6896],
			"rotation": {"angle": -22.5, "axis": "x", "origin": [6.49425, 16.30282, 4.53721]},
			"faces": {
				"north": {"uv": [6.5, 9, 6.25, 9.25], "texture": "#0"},
				"east": {"uv": [8, 6, 7, 6.25], "texture": "#0"},
				"south": {"uv": [6.5, 9, 6.25, 9.25], "texture": "#0"},
				"west": {"uv": [8.25, 7.5, 7.25, 7.75], "texture": "#0"},
				"up": {"uv": [6, 8.75, 6.25, 7.75], "texture": "#0"},
				"down": {"uv": [6.25, 7.75, 6.5, 8.75], "texture": "#0"}
			}
		},
		{
			"from": [3.8912, 19.9368, 2.368],
			"to": [4.8312, 20.332, 6.6896],
			"rotation": {"angle": -22.5, "axis": "x", "origin": [6.49425, 16.30282, 4.53721]},
			"faces": {
				"north": {"uv": [5.75, 9, 6, 9.25], "texture": "#0"},
				"east": {"uv": [7.25, 7.5, 8.25, 7.75], "texture": "#0"},
				"south": {"uv": [5.75, 9, 6, 9.25], "texture": "#0"},
				"west": {"uv": [7.5, 1, 8.5, 1.25], "texture": "#0"},
				"up": {"uv": [7.75, 3.75, 7.5, 2.75], "texture": "#0"},
				"down": {"uv": [7.75, 4.75, 7.5, 5.75], "texture": "#0"}
			}
		},
		{
			"from": [8.1688, 19.9368, 2.368],
			"to": [9.1088, 20.332, 6.6896],
			"rotation": {"angle": -22.5, "axis": "x", "origin": [6.49425, 16.30282, 4.53721]},
			"faces": {
				"north": {"uv": [6, 9, 5.75, 9.25], "texture": "#0"},
				"east": {"uv": [8.5, 1, 7.5, 1.25], "texture": "#0"},
				"south": {"uv": [6, 9, 5.75, 9.25], "texture": "#0"},
				"west": {"uv": [8.25, 7.5, 7.25, 7.75], "texture": "#0"},
				"up": {"uv": [7.5, 3.75, 7.75, 2.75], "texture": "#0"},
				"down": {"uv": [7.5, 4.75, 7.75, 5.75], "texture": "#0"}
			}
		},
		{
			"from": [4.7912, 20.2368, 2.368],
			"to": [5.7312, 20.632, 6.6896],
			"rotation": {"angle": -22.5, "axis": "x", "origin": [6.49425, 16.30282, 4.53721]},
			"faces": {
				"north": {"uv": [5, 9, 5.25, 9.25], "texture": "#0"},
				"east": {"uv": [7.25, 7.5, 8.25, 7.75], "texture": "#0"},
				"south": {"uv": [5, 9, 5.25, 9.25], "rotation": 90, "texture": "#0"},
				"west": {"uv": [7.5, 0.25, 8.5, 0.5], "texture": "#0"},
				"up": {"uv": [7.75, 3.75, 7.5, 2.75], "texture": "#0"},
				"down": {"uv": [7.75, 1.75, 7.5, 2.75], "texture": "#0"}
			}
		},
		{
			"from": [7.2688, 20.2368, 2.368],
			"to": [8.2088, 20.632, 6.6896],
			"rotation": {"angle": -22.5, "axis": "x", "origin": [6.49425, 16.30282, 4.53721]},
			"faces": {
				"north": {"uv": [5.25, 9, 5, 9.25], "texture": "#0"},
				"east": {"uv": [8.5, 0.25, 7.5, 0.5], "texture": "#0"},
				"south": {"uv": [5, 9.25, 5.25, 9], "rotation": 90, "texture": "#0"},
				"west": {"uv": [8.25, 7.5, 7.25, 7.75], "texture": "#0"},
				"up": {"uv": [7.5, 3.75, 7.75, 2.75], "texture": "#0"},
				"down": {"uv": [7.5, 1.75, 7.75, 2.75], "texture": "#0"}
			}
		},
		{
			"from": [5.6912, 20.6368, 2.368],
			"to": [6.3312, 21.032, 6.6896],
			"rotation": {"angle": -22.5, "axis": "x", "origin": [6.49425, 16.30282, 4.53721]},
			"faces": {
				"north": {"uv": [4.5, 9, 4.75, 9.25], "texture": "#0"},
				"east": {"uv": [0, 0, 0.9, 2.3], "texture": "#0"},
				"south": {"uv": [4.5, 9, 4.75, 9.25], "rotation": 90, "texture": "#0"},
				"west": {"uv": [7, 6, 8, 6.25], "texture": "#0"},
				"up": {"uv": [2, 8.5, 1.75, 7.5], "texture": "#0"},
				"down": {"uv": [3.25, 7.5, 3, 8.5], "texture": "#0"}
			}
		},
		{
			"from": [6.6688, 20.6368, 2.368],
			"to": [7.3088, 21.032, 6.6896],
			"rotation": {"angle": -22.5, "axis": "x", "origin": [6.49425, 16.30282, 4.53721]},
			"faces": {
				"north": {"uv": [4.75, 9, 4.5, 9.25], "texture": "#0"},
				"east": {"uv": [8, 6, 7, 6.25], "texture": "#0"},
				"south": {"uv": [4.5, 9.25, 4.75, 9], "rotation": 90, "texture": "#0"},
				"west": {"uv": [0.9, 0, 0, 2.3], "texture": "#0"},
				"up": {"uv": [1.75, 8.5, 2, 7.5], "texture": "#0"},
				"down": {"uv": [3, 7.5, 3.25, 8.5], "texture": "#0"}
			}
		},
		{
			"from": [20, 8.6, 2.4],
			"to": [21.1, 21.3, 3.5],
			"rotation": {"angle": 22.5, "axis": "z", "origin": [20.275, -3.97222, 2.64444]},
			"faces": {
				"north": {"uv": [5.75, 5.5, 5.5, 8.75], "texture": "#0"},
				"east": {"uv": [0.5, 6, 0.25, 9.25], "texture": "#0"},
				"south": {"uv": [5.5, 5.5, 5.75, 8.75], "texture": "#0"},
				"west": {"uv": [6, 5.75, 5.75, 9], "texture": "#0"},
				"up": {"uv": [6.75, 9.25, 7, 9], "texture": "#0"},
				"down": {"uv": [7, 9, 7.25, 9.25], "texture": "#0"}
			}
		},
		{
			"from": [19, 20.8, 1.9],
			"to": [20.6, 22.4, 3.8],
			"rotation": {"angle": 22.5, "axis": "z", "origin": [20.275, -3.97222, 2.64444]},
			"faces": {
				"north": {"uv": [7, 7.75, 6.5, 8.25], "texture": "#0"},
				"east": {"uv": [8.25, 2.75, 7.75, 3.25], "texture": "#0"},
				"south": {"uv": [6.5, 7.75, 7, 8.25], "texture": "#0"},
				"west": {"uv": [6.5, 7.75, 7, 8.25], "texture": "#0"},
				"up": {"uv": [6.5, 7.75, 7, 8.25], "texture": "#0"},
				"down": {"uv": [7.75, 4.75, 8.25, 5.25], "texture": "#0"}
			}
		},
		{
			"from": [19.8, 7.9, 2.2],
			"to": [21.3, 8.6, 3.7],
			"rotation": {"angle": 22.5, "axis": "z", "origin": [20.275, -3.97222, 2.64444]},
			"faces": {
				"north": {"uv": [8.25, 9, 8, 9.25], "texture": "#0"},
				"east": {"uv": [9, 7.75, 8.5, 8], "texture": "#0"},
				"south": {"uv": [8.5, 9, 8.25, 9.25], "texture": "#0"},
				"west": {"uv": [9, 7.5, 8.5, 7.75], "texture": "#0"},
				"up": {"uv": [0.5, 9.25, 0.75, 8.75], "texture": "#0"},
				"down": {"uv": [3, 8.75, 3.25, 9.25], "texture": "#0"}
			}
		},
		{
			"from": [20, 7.4, 2.4],
			"to": [21.1, 7.9, 3.5],
			"rotation": {"angle": 22.5, "axis": "z", "origin": [20.275, -3.97222, 2.64444]},
			"faces": {
				"north": {"uv": [8.75, 9, 8.5, 9.25], "texture": "#0"},
				"east": {"uv": [9.25, 0, 9, 0.25], "texture": "#0"},
				"south": {"uv": [9.25, 9, 9, 9.25], "texture": "#0"},
				"west": {"uv": [9, 9, 8.75, 9.25], "texture": "#0"},
				"up": {"uv": [9, 0.5, 9.25, 0.25], "texture": "#0"},
				"down": {"uv": [9, 0.5, 9.25, 0.75], "texture": "#0"}
			}
		},
		{
			"from": [20.8, -6.5, 2.4],
			"to": [21.3, 7.5, 3.5],
			"rotation": {"angle": 22.5, "axis": "z", "origin": [20.275, -3.97222, 2.64444]},
			"faces": {
				"north": {"uv": [4, 4.5, 3.75, 8], "texture": "#0"},
				"east": {"uv": [5, 5.25, 4.75, 8.75], "texture": "#0"},
				"south": {"uv": [4.75, 5.25, 4.5, 8.75], "texture": "#0"},
				"west": {"uv": [2.5, 5, 2.25, 8.5], "texture": "#0"},
				"up": {"uv": [9, 1, 9.25, 0.75], "texture": "#0"},
				"down": {"uv": [9, 1, 9.25, 1.25], "texture": "#0"}
			}
		},
		{
			"from": [19.7, -6.5, 2.4],
			"to": [20.2, 7.5, 3.5],
			"rotation": {"angle": 22.5, "axis": "z", "origin": [20.275, -3.97222, 2.64444]},
			"faces": {
				"north": {"uv": [5.25, 5.25, 5, 8.75], "texture": "#0"},
				"east": {"uv": [3, 5.5, 2.75, 9], "texture": "#0"},
				"south": {"uv": [2.75, 5.5, 2.5, 9], "texture": "#0"},
				"west": {"uv": [5.5, 5.25, 5.25, 8.75], "texture": "#0"},
				"up": {"uv": [9, 1.5, 9.25, 1.25], "texture": "#0"},
				"down": {"uv": [9, 1.5, 9.25, 1.75], "texture": "#0"}
			}
		},
		{
			"from": [22.078, -7.43528, 1.99167],
			"to": [23.578, -5.33528, 3.99167],
			"rotation": {"angle": 22.5, "axis": "z", "origin": [23.278, -9.24778, 2.7]},
			"faces": {
				"north": {"uv": [1.5, 8, 1, 8.5], "texture": "#0"},
				"east": {"uv": [8.25, 5.25, 7.75, 5.75], "texture": "#0"},
				"south": {"uv": [7.75, 8, 7.25, 8.5], "texture": "#0"},
				"west": {"uv": [4, 8, 3.5, 8.5], "texture": "#0"},
				"up": {"uv": [7.75, 8.5, 8.25, 8], "rotation": 90, "texture": "#0"},
				"down": {"uv": [8, 5.75, 8.5, 6.25], "rotation": 270, "texture": "#0"}
			}
		},
		{
			"from": [22.078, -8.93528, 1.69167],
			"to": [23.578, -7.43528, 4.29167],
			"rotation": {"angle": 22.5, "axis": "z", "origin": [23.278, -9.24778, 2.7]},
			"faces": {
				"north": {"uv": [8.5, 6.25, 8, 6.75], "texture": "#0"},
				"east": {"uv": [6, 4, 5.25, 4.5], "texture": "#0"},
				"south": {"uv": [4.5, 8.25, 4, 8.75], "texture": "#0"},
				"west": {"uv": [6.75, 6.75, 6, 7.25], "texture": "#0"},
				"up": {"uv": [6.75, 7.25, 7.5, 6.75], "rotation": 90, "texture": "#0"},
				"down": {"uv": [6.75, 1, 7.5, 1.5], "rotation": 270, "texture": "#0"}
			}
		},
		{
			"from": [22.178, -9.73528, 1.19167],
			"to": [22.878, -8.33528, 1.59167],
			"rotation": {"angle": 22.5, "axis": "z", "origin": [23.278, -9.24778, 2.7]},
			"faces": {
				"north": {"uv": [9.25, 3.5, 9, 3.75], "texture": "#0"},
				"east": {"uv": [9.25, 3.25, 9, 3.5], "texture": "#0"},
				"south": {"uv": [9.25, 4, 9, 4.25], "texture": "#0"},
				"west": {"uv": [9.25, 3.75, 9, 4], "texture": "#0"},
				"up": {"uv": [9, 4.5, 9.25, 4.25], "rotation": 90, "texture": "#0"},
				"down": {"uv": [9, 4.5, 9.25, 4.75], "rotation": 270, "texture": "#0"}
			}
		},
		{
			"from": [22.078, -8.63528, 1.29167],
			"to": [22.978, -8.13528, 1.69167],
			"rotation": {"angle": 22.5, "axis": "z", "origin": [23.278, -9.24778, 2.7]},
			"faces": {
				"north": {"uv": [9.25, 2, 9, 2.25], "texture": "#0"},
				"east": {"uv": [9.25, 1.75, 9, 2], "texture": "#0"},
				"south": {"uv": [9.25, 2.5, 9, 2.75], "texture": "#0"},
				"west": {"uv": [9.25, 2.25, 9, 2.5], "texture": "#0"},
				"up": {"uv": [9, 3, 9.25, 2.75], "rotation": 90, "texture": "#0"},
				"down": {"uv": [9, 3, 9.25, 3.25], "rotation": 270, "texture": "#0"}
			}
		},
		{
			"from": [23.378, -9.83528, 1.79167],
			"to": [23.778, -8.43528, 2.19167],
			"rotation": {"angle": 22.5, "axis": "z", "origin": [23.278, -9.24778, 2.7]},
			"faces": {
				"north": {"uv": [9.1, 5.25, 9.2, 5.6], "texture": "#0"},
				"east": {"uv": [9.1, 5.25, 9.2, 5.6], "texture": "#0"},
				"south": {"uv": [9.1, 5.25, 9.2, 5.6], "texture": "#0"},
				"west": {"uv": [9.1, 5.25, 9.2, 5.6], "texture": "#0"},
				"up": {"uv": [9.35, 6.5, 9.45, 6.6], "rotation": 90, "texture": "#0"},
				"down": {"uv": [9.35, 6.5, 9.45, 6.6], "rotation": 270, "texture": "#0"}
			}
		},
		{
			"from": [23.378, -11.23528, 1.79167],
			"to": [23.778, -9.83528, 2.19167],
			"rotation": {"angle": 22.5, "axis": "z", "origin": [23.278, -9.24778, 2.7]},
			"faces": {
				"north": {"uv": [3.6, 8.75, 3.7, 9.1], "texture": "#0"},
				"east": {"uv": [3.35, 8.75, 3.45, 9.1], "texture": "#0"},
				"south": {"uv": [4.35, 8.75, 4.45, 9.1], "texture": "#0"},
				"west": {"uv": [4.1, 8.75, 4.2, 9.1], "texture": "#0"},
				"up": {"uv": [9.35, 6.5, 9.45, 6.6], "rotation": 90, "texture": "#0"},
				"down": {"uv": [9.35, 5, 9.45, 5.1], "rotation": 270, "texture": "#0"}
			}
		},
		{
			"from": [23.378, -9.83528, 2.39167],
			"to": [23.778, -8.43528, 2.79167],
			"rotation": {"angle": 22.5, "axis": "z", "origin": [23.278, -9.24778, 2.7]},
			"faces": {
				"north": {"uv": [9.25, 5.5, 9, 5.75], "texture": "#0"},
				"east": {"uv": [9.25, 5.25, 9, 5.5], "texture": "#0"},
				"south": {"uv": [9.25, 6, 9, 6.25], "texture": "#0"},
				"west": {"uv": [9.25, 5.75, 9, 6], "texture": "#0"},
				"up": {"uv": [9, 6.5, 9.25, 6.25], "rotation": 90, "texture": "#0"},
				"down": {"uv": [9, 6.5, 9.25, 6.75], "rotation": 270, "texture": "#0"}
			}
		},
		{
			"from": [23.378, -12.03528, 2.39167],
			"to": [23.778, -9.83528, 2.79167],
			"rotation": {"angle": 22.5, "axis": "z", "origin": [23.278, -9.24778, 2.7]},
			"faces": {
				"north": {"uv": [3.75, 8.75, 3.5, 9.25], "texture": "#0"},
				"east": {"uv": [3.5, 8.75, 3.25, 9.25], "texture": "#0"},
				"south": {"uv": [4.5, 8.75, 4.25, 9.25], "texture": "#0"},
				"west": {"uv": [4.25, 8.75, 4, 9.25], "texture": "#0"},
				"up": {"uv": [9, 5, 9.25, 4.75], "rotation": 90, "texture": "#0"},
				"down": {"uv": [9, 5, 9.25, 5.25], "rotation": 270, "texture": "#0"}
			}
		},
		{
			"from": [23.378, -9.83528, 3.09167],
			"to": [23.778, -8.43528, 3.49167],
			"rotation": {"angle": 22.5, "axis": "z", "origin": [23.278, -9.24778, 2.7]},
			"faces": {
				"north": {"uv": [9.1, 5.25, 9.2, 5.6], "texture": "#0"},
				"east": {"uv": [9.1, 5.25, 9.2, 5.6], "texture": "#0"},
				"south": {"uv": [9.1, 5.25, 9.2, 5.6], "texture": "#0"},
				"west": {"uv": [9.1, 5.25, 9.2, 5.6], "texture": "#0"},
				"up": {"uv": [9.35, 6.5, 9.45, 6.6], "rotation": 90, "texture": "#0"},
				"down": {"uv": [9.35, 6.5, 9.45, 6.6], "rotation": 270, "texture": "#0"}
			}
		},
		{
			"from": [23.378, -11.53528, 3.09167],
			"to": [23.778, -9.83528, 3.49167],
			"rotation": {"angle": 22.5, "axis": "z", "origin": [23.278, -9.24778, 2.7]},
			"faces": {
				"north": {"uv": [3.6, 8.75, 3.7, 9.175], "texture": "#0"},
				"east": {"uv": [3.35, 8.75, 3.45, 9.175], "texture": "#0"},
				"south": {"uv": [4.35, 8.75, 4.45, 9.175], "texture": "#0"},
				"west": {"uv": [4.1, 8.75, 4.2, 9.175], "texture": "#0"},
				"up": {"uv": [9.35, 6.5, 9.45, 6.6], "rotation": 90, "texture": "#0"},
				"down": {"uv": [9.35, 5, 9.45, 5.1], "rotation": 270, "texture": "#0"}
			}
		},
		{
			"from": [23.378, -9.83528, 3.69167],
			"to": [23.778, -8.43528, 4.09167],
			"rotation": {"angle": 22.5, "axis": "z", "origin": [23.278, -9.24778, 2.7]},
			"faces": {
				"north": {"uv": [9.1, 5.25, 9.2, 5.6], "texture": "#0"},
				"east": {"uv": [9.1, 5.25, 9.2, 5.6], "texture": "#0"},
				"south": {"uv": [9.1, 5.25, 9.2, 5.6], "texture": "#0"},
				"west": {"uv": [9.1, 5.25, 9.2, 5.6], "texture": "#0"},
				"up": {"uv": [9.35, 6.5, 9.45, 6.6], "rotation": 90, "texture": "#0"},
				"down": {"uv": [9.35, 6.5, 9.45, 6.6], "rotation": 270, "texture": "#0"}
			}
		},
		{
			"from": [23.378, -10.73528, 3.69167],
			"to": [23.778, -9.83528, 4.09167],
			"rotation": {"angle": 22.5, "axis": "z", "origin": [23.278, -9.24778, 2.7]},
			"faces": {
				"north": {"uv": [3.6, 8.75, 3.7, 8.975], "texture": "#0"},
				"east": {"uv": [3.35, 8.75, 3.45, 8.975], "texture": "#0"},
				"south": {"uv": [4.35, 8.75, 4.45, 8.975], "texture": "#0"},
				"west": {"uv": [4.1, 8.75, 4.2, 8.975], "texture": "#0"},
				"up": {"uv": [9.35, 6.5, 9.45, 6.6], "rotation": 90, "texture": "#0"},
				"down": {"uv": [9.35, 5, 9.45, 5.1], "rotation": 270, "texture": "#0"}
			}
		},
		{
			"from": [1.6, 6.9, 3],
			"to": [2.7, 19.6, 4.1],
			"rotation": {"angle": 0, "axis": "y", "origin": [2.425, -5.67222, 3.24444]},
			"faces": {
				"north": {"uv": [5.5, 5.5, 5.75, 8.75], "texture": "#0"},
				"east": {"uv": [5.75, 5.75, 6, 9], "texture": "#0"},
				"south": {"uv": [5.5, 5.5, 5.75, 8.75], "texture": "#0"},
				"west": {"uv": [0.25, 6, 0.5, 9.25], "texture": "#0"},
				"up": {"uv": [7, 9.25, 6.75, 9], "texture": "#0"},
				"down": {"uv": [7.25, 9, 7, 9.25], "texture": "#0"}
			}
		},
		{
			"from": [2.1, 19.1, 2.5],
			"to": [3.7, 20.7, 4.4],
			"rotation": {"angle": 0, "axis": "y", "origin": [2.425, -5.67222, 3.24444]},
			"faces": {
				"north": {"uv": [6.5, 7.75, 7, 8.25], "texture": "#0"},
				"east": {"uv": [6.5, 7.75, 7, 8.25], "texture": "#0"},
				"south": {"uv": [6.5, 7.75, 7, 8.25], "texture": "#0"},
				"west": {"uv": [7.75, 2.75, 8.25, 3.25], "texture": "#0"},
				"up": {"uv": [6.5, 7.75, 7, 8.25], "texture": "#0"},
				"down": {"uv": [8.25, 4.75, 7.75, 5.25], "texture": "#0"}
			}
		},
		{
			"from": [1.4, 6.2, 2.8],
			"to": [2.9, 6.9, 4.3],
			"rotation": {"angle": 0, "axis": "y", "origin": [2.4125, -8.45312, 3.2125]},
			"faces": {
				"north": {"uv": [8, 9, 8.25, 9.25], "texture": "#0"},
				"east": {"uv": [8.5, 7.5, 9, 7.75], "texture": "#0"},
				"south": {"uv": [8.25, 9, 8.5, 9.25], "texture": "#0"},
				"west": {"uv": [8.5, 7.75, 9, 8], "texture": "#0"},
				"up": {"uv": [0.75, 9.25, 0.5, 8.75], "texture": "#0"},
				"down": {"uv": [3.25, 8.75, 3, 9.25], "texture": "#0"}
			}
		},
		{
			"from": [1.6, 5.7, 3],
			"to": [2.7, 6.2, 4.1],
			"rotation": {"angle": 0, "axis": "y", "origin": [2.4125, -8.45312, 3.2125]},
			"faces": {
				"north": {"uv": [8.5, 9, 8.75, 9.25], "texture": "#0"},
				"east": {"uv": [8.75, 9, 9, 9.25], "texture": "#0"},
				"south": {"uv": [9, 9, 9.25, 9.25], "texture": "#0"},
				"west": {"uv": [9, 0, 9.25, 0.25], "texture": "#0"},
				"up": {"uv": [9.25, 0.5, 9, 0.25], "texture": "#0"},
				"down": {"uv": [9.25, 0.5, 9, 0.75], "texture": "#0"}
			}
		},
		{
			"from": [1.4, -8.2, 3],
			"to": [1.9, 5.8, 4.1],
			"rotation": {"angle": 0, "axis": "y", "origin": [2.4125, -8.45312, 3.2125]},
			"faces": {
				"north": {"uv": [3.75, 4.5, 4, 8], "texture": "#0"},
				"east": {"uv": [2.25, 5, 2.5, 8.5], "texture": "#0"},
				"south": {"uv": [4.5, 5.25, 4.75, 8.75], "texture": "#0"},
				"west": {"uv": [4.75, 5.25, 5, 8.75], "texture": "#0"},
				"up": {"uv": [9.25, 1, 9, 0.75], "texture": "#0"},
				"down": {"uv": [9.25, 1, 9, 1.25], "texture": "#0"}
			}
		},
		{
			"from": [2.5, -8.2, 3],
			"to": [3, 5.8, 4.1],
			"rotation": {"angle": 0, "axis": "y", "origin": [2.4125, -8.45312, 3.2125]},
			"faces": {
				"north": {"uv": [5, 5.25, 5.25, 8.75], "texture": "#0"},
				"east": {"uv": [5.25, 5.25, 5.5, 8.75], "texture": "#0"},
				"south": {"uv": [2.5, 5.5, 2.75, 9], "texture": "#0"},
				"west": {"uv": [2.75, 5.5, 3, 9], "texture": "#0"},
				"up": {"uv": [9.25, 1.5, 9, 1.25], "texture": "#0"},
				"down": {"uv": [9.25, 1.5, 9, 1.75], "texture": "#0"}
			}
		},
		{
			"from": [1.2, -10.3, 2.8],
			"to": [3.2, -8.2, 4.3],
			"rotation": {"angle": 0, "axis": "y", "origin": [2.4125, -8.45312, 3.2125]},
			"faces": {
				"north": {"uv": [7.75, 5.25, 8.25, 5.75], "texture": "#0"},
				"east": {"uv": [1, 8, 1.5, 8.5], "texture": "#0"},
				"south": {"uv": [3.5, 8, 4, 8.5], "texture": "#0"},
				"west": {"uv": [7.25, 8, 7.75, 8.5], "texture": "#0"},
				"up": {"uv": [8.25, 8.5, 7.75, 8], "texture": "#0"},
				"down": {"uv": [8.5, 5.75, 8, 6.25], "texture": "#0"}
			}
		},
		{
			"from": [0.9, -11.8, 2.8],
			"to": [3.5, -10.3, 4.3],
			"rotation": {"angle": 0, "axis": "y", "origin": [2.4125, -8.45312, 3.2125]},
			"faces": {
				"north": {"uv": [5.25, 4, 6, 4.5], "texture": "#0"},
				"east": {"uv": [8, 6.25, 8.5, 6.75], "texture": "#0"},
				"south": {"uv": [6, 6.75, 6.75, 7.25], "texture": "#0"},
				"west": {"uv": [4, 8.25, 4.5, 8.75], "texture": "#0"},
				"up": {"uv": [7.5, 7.25, 6.75, 6.75], "texture": "#0"},
				"down": {"uv": [7.5, 1, 6.75, 1.5], "texture": "#0"}
			}
		},
		{
			"from": [3.6, -12.6, 3.5],
			"to": [4, -11.2, 4.2],
			"rotation": {"angle": 0, "axis": "y", "origin": [2.4125, -8.45312, 3.2125]},
			"faces": {
				"north": {"uv": [9, 3.25, 9.25, 3.5], "texture": "#0"},
				"east": {"uv": [9, 3.5, 9.25, 3.75], "texture": "#0"},
				"south": {"uv": [9, 3.75, 9.25, 4], "texture": "#0"},
				"west": {"uv": [9, 4, 9.25, 4.25], "texture": "#0"},
				"up": {"uv": [9.25, 4.5, 9, 4.25], "texture": "#0"},
				"down": {"uv": [9.25, 4.5, 9, 4.75], "texture": "#0"}
			}
		},
		{
			"from": [3.5, -11.5, 3.4],
			"to": [3.9, -11, 4.3],
			"rotation": {"angle": 0, "axis": "y", "origin": [2.4125, -8.45312, 3.2125]},
			"faces": {
				"north": {"uv": [9, 1.75, 9.25, 2], "texture": "#0"},
				"east": {"uv": [9, 2, 9.25, 2.25], "texture": "#0"},
				"south": {"uv": [9, 2.25, 9.25, 2.5], "texture": "#0"},
				"west": {"uv": [9, 2.5, 9.25, 2.75], "texture": "#0"},
				"up": {"uv": [9.25, 3, 9, 2.75], "texture": "#0"},
				"down": {"uv": [9.25, 3, 9, 3.25], "texture": "#0"}
			}
		},
		{
			"from": [3, -12.7, 2.6],
			"to": [3.4, -11.3, 3],
			"rotation": {"angle": 0, "axis": "y", "origin": [2.4125, -8.45312, 3.2125]},
			"faces": {
				"north": {"uv": [9, 5.25, 9.1, 5.6], "texture": "#0"},
				"east": {"uv": [9, 5.25, 9.1, 5.6], "texture": "#0"},
				"south": {"uv": [9, 5.25, 9.1, 5.6], "texture": "#0"},
				"west": {"uv": [9, 5.25, 9.1, 5.6], "texture": "#0"},
				"up": {"uv": [9.25, 6.5, 9.35, 6.6], "texture": "#0"},
				"down": {"uv": [9.25, 6.5, 9.35, 6.6], "texture": "#0"}
			}
		},
		{
			"from": [3, -14.1, 2.6],
			"to": [3.4, -12.7, 3],
			"rotation": {"angle": 0, "axis": "y", "origin": [2.4125, -8.45312, 3.2125]},
			"faces": {
				"north": {"uv": [3.25, 8.75, 3.35, 9.1], "texture": "#0"},
				"east": {"uv": [3.5, 8.75, 3.6, 9.1], "texture": "#0"},
				"south": {"uv": [4, 8.75, 4.1, 9.1], "texture": "#0"},
				"west": {"uv": [4.25, 8.75, 4.35, 9.1], "texture": "#0"},
				"up": {"uv": [9.25, 6.5, 9.35, 6.6], "texture": "#0"},
				"down": {"uv": [9.25, 5, 9.35, 5.1], "texture": "#0"}
			}
		},
		{
			"from": [2.4, -12.7, 2.6],
			"to": [2.8, -11.3, 3],
			"rotation": {"angle": 0, "axis": "y", "origin": [2.4125, -8.45312, 3.2125]},
			"faces": {
				"north": {"uv": [9, 5.25, 9.25, 5.5], "texture": "#0"},
				"east": {"uv": [9, 5.5, 9.25, 5.75], "texture": "#0"},
				"south": {"uv": [9, 5.75, 9.25, 6], "texture": "#0"},
				"west": {"uv": [9, 6, 9.25, 6.25], "texture": "#0"},
				"up": {"uv": [9.25, 6.5, 9, 6.25], "texture": "#0"},
				"down": {"uv": [9.25, 6.5, 9, 6.75], "texture": "#0"}
			}
		},
		{
			"from": [2.4, -14.9, 2.6],
			"to": [2.8, -12.7, 3],
			"rotation": {"angle": 0, "axis": "y", "origin": [2.4125, -8.45312, 3.2125]},
			"faces": {
				"north": {"uv": [3.25, 8.75, 3.5, 9.25], "texture": "#0"},
				"east": {"uv": [3.5, 8.75, 3.75, 9.25], "texture": "#0"},
				"south": {"uv": [4, 8.75, 4.25, 9.25], "texture": "#0"},
				"west": {"uv": [4.25, 8.75, 4.5, 9.25], "texture": "#0"},
				"up": {"uv": [9.25, 5, 9, 4.75], "texture": "#0"},
				"down": {"uv": [9.25, 5, 9, 5.25], "texture": "#0"}
			}
		},
		{
			"from": [1.7, -12.7, 2.6],
			"to": [2.1, -11.3, 3],
			"rotation": {"angle": 0, "axis": "y", "origin": [2.4125, -8.45312, 3.2125]},
			"faces": {
				"north": {"uv": [9, 5.25, 9.1, 5.6], "texture": "#0"},
				"east": {"uv": [9, 5.25, 9.1, 5.6], "texture": "#0"},
				"south": {"uv": [9, 5.25, 9.1, 5.6], "texture": "#0"},
				"west": {"uv": [9, 5.25, 9.1, 5.6], "texture": "#0"},
				"up": {"uv": [9.25, 6.5, 9.35, 6.6], "texture": "#0"},
				"down": {"uv": [9.25, 6.5, 9.35, 6.6], "texture": "#0"}
			}
		},
		{
			"from": [1.7, -14.4, 2.6],
			"to": [2.1, -12.7, 3],
			"rotation": {"angle": 0, "axis": "y", "origin": [2.4125, -8.45312, 3.2125]},
			"faces": {
				"north": {"uv": [3.25, 8.75, 3.35, 9.175], "texture": "#0"},
				"east": {"uv": [3.5, 8.75, 3.6, 9.175], "texture": "#0"},
				"south": {"uv": [4, 8.75, 4.1, 9.175], "texture": "#0"},
				"west": {"uv": [4.25, 8.75, 4.35, 9.175], "texture": "#0"},
				"up": {"uv": [9.25, 6.5, 9.35, 6.6], "texture": "#0"},
				"down": {"uv": [9.25, 5, 9.35, 5.1], "texture": "#0"}
			}
		},
		{
			"from": [1.1, -12.7, 2.6],
			"to": [1.5, -11.3, 3],
			"rotation": {"angle": 0, "axis": "y", "origin": [2.4125, -8.45312, 3.2125]},
			"faces": {
				"north": {"uv": [9, 5.25, 9.1, 5.6], "texture": "#0"},
				"east": {"uv": [9, 5.25, 9.1, 5.6], "texture": "#0"},
				"south": {"uv": [9, 5.25, 9.1, 5.6], "texture": "#0"},
				"west": {"uv": [9, 5.25, 9.1, 5.6], "texture": "#0"},
				"up": {"uv": [9.25, 6.5, 9.35, 6.6], "texture": "#0"},
				"down": {"uv": [9.25, 6.5, 9.35, 6.6], "texture": "#0"}
			}
		},
		{
			"from": [1.1, -13.6, 2.6],
			"to": [1.5, -12.7, 3],
			"rotation": {"angle": 0, "axis": "y", "origin": [2.4125, -8.45312, 3.2125]},
			"faces": {
				"north": {"uv": [3.25, 8.75, 3.35, 8.975], "texture": "#0"},
				"east": {"uv": [3.5, 8.75, 3.6, 8.975], "texture": "#0"},
				"south": {"uv": [4, 8.75, 4.1, 8.975], "texture": "#0"},
				"west": {"uv": [4.25, 8.75, 4.35, 8.975], "texture": "#0"},
				"up": {"uv": [9.25, 6.5, 9.35, 6.6], "texture": "#0"},
				"down": {"uv": [9.25, 5, 9.35, 5.1], "texture": "#0"}
			}
		},
		{
			"from": [4.04, -1.1, 6.92],
			"to": [5.72, 7.58, 8.78],
			"rotation": {"angle": 0, "axis": "y", "origin": [10.28, 1.7, 10.4]},
			"faces": {
				"north": {"uv": [4, 4, 4.5, 6.25], "texture": "#0"},
				"east": {"uv": [4, 4, 4.5, 6.25], "texture": "#0"},
				"south": {"uv": [4, 4, 4.5, 6.25], "texture": "#0"},
				"west": {"uv": [4, 4, 4.5, 6.25], "texture": "#0"},
				"up": {"uv": [7.5, 0.75, 7, 0.25], "texture": "#0"},
				"down": {"uv": [7.5, 4, 7, 4.5], "texture": "#0"}
			}
		},
		{
			"from": [3.8, -1.82, 6.62],
			"to": [6.02, -1.1, 9.08],
			"rotation": {"angle": 0, "axis": "y", "origin": [10.28, 2.98, 10.4]},
			"faces": {
				"north": {"uv": [8.5, 4, 9, 4.25], "texture": "#0"},
				"east": {"uv": [8.5, 4, 9, 4.25], "texture": "#0"},
				"south": {"uv": [8.5, 4, 9, 4.25], "texture": "#0"},
				"west": {"uv": [8.5, 4, 9, 4.25], "texture": "#0"},
				"up": {"uv": [6.5, 5.5, 6, 6], "texture": "#0"},
				"down": {"uv": [6.5, 5.5, 6, 6], "texture": "#0"}
			}
		},
		{
			"from": [4.16, -2.12, 7.1],
			"to": [5.66, -1.7, 8.54],
			"rotation": {"angle": 0, "axis": "y", "origin": [10.28, 2.68, 10.4]},
			"faces": {
				"north": {"uv": [8.5, 5.25, 9, 5.5], "texture": "#0"},
				"east": {"uv": [8.75, 2.25, 9, 2.5], "texture": "#0"},
				"south": {"uv": [8.5, 5.75, 9, 6], "texture": "#0"},
				"west": {"uv": [8.75, 2.75, 9, 3], "texture": "#0"},
				"up": {"uv": [9, 6.25, 8.5, 6], "texture": "#0"},
				"down": {"uv": [9, 6.25, 8.5, 6.5], "texture": "#0"}
			}
		},
		{
			"from": [3.8, -2.72, 6.62],
			"to": [6.02, -2, 9.08],
			"rotation": {"angle": 0, "axis": "y", "origin": [10.28, 2.38, 10.4]},
			"faces": {
				"north": {"uv": [8.5, 4, 9, 4.25], "texture": "#0"},
				"east": {"uv": [8.5, 4, 9, 4.25], "texture": "#0"},
				"south": {"uv": [8.5, 4, 9, 4.25], "texture": "#0"},
				"west": {"uv": [8.5, 4, 9, 4.25], "texture": "#0"},
				"up": {"uv": [2, 5, 1.5, 4.5], "texture": "#0"},
				"down": {"uv": [6.5, 5.5, 6, 6], "texture": "#0"}
			}
		},
		{
			"from": [4.04, -14.7, 6.92],
			"to": [5.72, -2.72, 8.78],
			"rotation": {"angle": 0, "axis": "y", "origin": [10.28, -9.9, 10.4]},
			"faces": {
				"north": {"uv": [1.5, 1.5, 2, 4.5], "texture": "#0"},
				"east": {"uv": [1.5, 1.5, 2, 4.5], "texture": "#0"},
				"south": {"uv": [1.5, 1.5, 2, 4.5], "texture": "#0"},
				"west": {"uv": [1.5, 1.5, 2, 4.5], "texture": "#0"},
				"up": {"uv": [2.5, 2, 2, 1.5], "texture": "#0"},
				"down": {"uv": [4, 1, 3.5, 1.5], "texture": "#0"}
			}
		},
		{
			"from": [2.84, -15.6, 5.12],
			"to": [3.38, -15.12, 6.74],
			"rotation": {"angle": 0, "axis": "y", "origin": [9.32, -10.8, 8.42]},
			"faces": {
				"north": {"uv": [5.75, 5.5, 6, 5.75], "texture": "#0"},
				"east": {"uv": [5.5, 5.25, 6, 5.5], "texture": "#0"},
				"south": {"uv": [7.75, 6.5, 8, 6.75], "texture": "#0"},
				"west": {"uv": [8.5, 0.25, 9, 0.5], "texture": "#0"},
				"up": {"uv": [4, 3, 3.75, 2.5], "texture": "#0"},
				"down": {"uv": [4, 8.5, 3.75, 9], "texture": "#0"}
			}
		},
		{
			"from": [3.08, -15.6, 6.56],
			"to": [3.68, -15.06, 7.22],
			"rotation": {"angle": 0, "axis": "y", "origin": [9.68, -10.8, 8.9]},
			"faces": {
				"north": {"uv": [8.25, 8.75, 8.5, 9], "texture": "#0"},
				"east": {"uv": [8.5, 8.75, 8.75, 9], "texture": "#0"},
				"south": {"uv": [8.75, 8.75, 9, 9], "texture": "#0"},
				"west": {"uv": [8.75, 0, 9, 0.25], "texture": "#0"},
				"up": {"uv": [9, 1, 8.75, 0.75], "texture": "#0"},
				"down": {"uv": [9, 1.5, 8.75, 1.75], "texture": "#0"}
			}
		},
		{
			"from": [3.8, -15.6, 3.62],
			"to": [4.34, -15.12, 5.6],
			"rotation": {"angle": 0, "axis": "y", "origin": [10.28, -10.8, 7.28]},
			"faces": {
				"north": {"uv": [8.75, 1.75, 9, 2], "texture": "#0"},
				"east": {"uv": [8.5, 0.5, 9, 0.75], "texture": "#0"},
				"south": {"uv": [8.75, 2, 9, 2.25], "texture": "#0"},
				"west": {"uv": [8.5, 1, 9, 1.25], "texture": "#0"},
				"up": {"uv": [8.25, 9, 8, 8.5], "texture": "#0"},
				"down": {"uv": [8.25, 9, 8, 8.5], "texture": "#0"}
			}
		},
		{
			"from": [4.64, -15.6, 3.62],
			"to": [5.18, -15.12, 5.6],
			"rotation": {"angle": 0, "axis": "y", "origin": [11.12, -10.8, 7.28]},
			"faces": {
				"north": {"uv": [8.75, 1.75, 9, 2], "texture": "#0"},
				"east": {"uv": [8.5, 0.5, 9, 0.75], "texture": "#0"},
				"south": {"uv": [0, 0, 0.225, 0.2], "texture": "#0"},
				"west": {"uv": [8.5, 1, 9, 1.25], "texture": "#0"},
				"up": {"uv": [8.25, 9, 8, 8.5], "texture": "#0"},
				"down": {"uv": [8.25, 9, 8, 8.5], "texture": "#0"}
			}
		},
		{
			"from": [5.42, -15.6, 3.62],
			"to": [5.96, -15.12, 5.6],
			"rotation": {"angle": 0, "axis": "y", "origin": [11.9, -10.8, 7.28]},
			"faces": {
				"north": {"uv": [8.75, 1.75, 9, 2], "texture": "#0"},
				"east": {"uv": [8.5, 0.5, 9, 0.75], "texture": "#0"},
				"south": {"uv": [0, 0, 0.225, 0.2], "texture": "#0"},
				"west": {"uv": [8.5, 1, 9, 1.25], "texture": "#0"},
				"up": {"uv": [8.25, 9, 8, 8.5], "texture": "#0"},
				"down": {"uv": [8.25, 9, 8, 8.5], "texture": "#0"}
			}
		},
		{
			"from": [3.68, -15.6, 5.6],
			"to": [6.08, -14.7, 9.2],
			"rotation": {"angle": 0, "axis": "y", "origin": [10.28, -10.8, 10.4]},
			"faces": {
				"north": {"uv": [8.5, 1.25, 9, 1.5], "texture": "#0"},
				"east": {"uv": [6.75, 6.5, 7.75, 6.75], "texture": "#0"},
				"south": {"uv": [8.5, 3.25, 9, 3.5], "texture": "#0"},
				"west": {"uv": [7, 0, 8, 0.25], "texture": "#0"},
				"up": {"uv": [6.5, 3.5, 6, 2.5], "texture": "#0"},
				"down": {"uv": [6.5, 3.5, 6, 4.5], "texture": "#0"}
			}
		},
		{
			"from": [7.18, -1.1, 6.92],
			"to": [8.86, 7.58, 8.78],
			"rotation": {"angle": 0, "axis": "y", "origin": [2.62, 1.7, 10.4]},
			"faces": {
				"north": {"uv": [4.5, 4, 4, 6.25], "texture": "#0"},
				"east": {"uv": [4.5, 4, 4, 6.25], "texture": "#0"},
				"south": {"uv": [4.5, 4, 4, 6.25], "texture": "#0"},
				"west": {"uv": [4.5, 4, 4, 6.25], "texture": "#0"},
				"up": {"uv": [7, 0.75, 7.5, 0.25], "texture": "#0"},
				"down": {"uv": [7, 4, 7.5, 4.5], "texture": "#0"}
			}
		},
		{
			"from": [6.88, -1.82, 6.62],
			"to": [9.1, -1.1, 9.08],
			"rotation": {"angle": 0, "axis": "y", "origin": [2.62, 2.98, 10.4]},
			"faces": {
				"north": {"uv": [9, 4, 8.5, 4.25], "texture": "#0"},
				"east": {"uv": [9, 4, 8.5, 4.25], "texture": "#0"},
				"south": {"uv": [9, 4, 8.5, 4.25], "texture": "#0"},
				"west": {"uv": [9, 4, 8.5, 4.25], "texture": "#0"},
				"up": {"uv": [6, 5.5, 6.5, 6], "texture": "#0"},
				"down": {"uv": [6, 5.5, 6.5, 6], "texture": "#0"}
			}
		},
		{
			"from": [7.24, -2.12, 7.1],
			"to": [8.74, -1.7, 8.54],
			"rotation": {"angle": 0, "axis": "y", "origin": [2.62, 2.68, 10.4]},
			"faces": {
				"north": {"uv": [9, 5.25, 8.5, 5.5], "texture": "#0"},
				"east": {"uv": [9, 2.75, 8.75, 3], "texture": "#0"},
				"south": {"uv": [9, 5.75, 8.5, 6], "texture": "#0"},
				"west": {"uv": [9, 2.25, 8.75, 2.5], "texture": "#0"},
				"up": {"uv": [8.5, 6.25, 9, 6], "texture": "#0"},
				"down": {"uv": [8.5, 6.25, 9, 6.5], "texture": "#0"}
			}
		},
		{
			"from": [6.88, -2.72, 6.62],
			"to": [9.1, -2, 9.08],
			"rotation": {"angle": 0, "axis": "y", "origin": [2.62, 2.38, 10.4]},
			"faces": {
				"north": {"uv": [9, 4, 8.5, 4.25], "texture": "#0"},
				"east": {"uv": [9, 4, 8.5, 4.25], "texture": "#0"},
				"south": {"uv": [9, 4, 8.5, 4.25], "texture": "#0"},
				"west": {"uv": [9, 4, 8.5, 4.25], "texture": "#0"},
				"up": {"uv": [1.5, 5, 2, 4.5], "texture": "#0"},
				"down": {"uv": [6, 5.5, 6.5, 6], "texture": "#0"}
			}
		},
		{
			"from": [7.18, -14.7, 6.92],
			"to": [8.86, -2.72, 8.78],
			"rotation": {"angle": 0, "axis": "y", "origin": [2.62, -9.9, 10.4]},
			"faces": {
				"north": {"uv": [2, 1.5, 1.5, 4.5], "texture": "#0"},
				"east": {"uv": [2, 1.5, 1.5, 4.5], "texture": "#0"},
				"south": {"uv": [2, 1.5, 1.5, 4.5], "texture": "#0"},
				"west": {"uv": [2, 1.5, 1.5, 4.5], "texture": "#0"},
				"up": {"uv": [2, 2, 2.5, 1.5], "texture": "#0"},
				"down": {"uv": [3.5, 1, 4, 1.5], "texture": "#0"}
			}
		},
		{
			"from": [9.52, -15.6, 5.12],
			"to": [10.06, -15.12, 6.74],
			"rotation": {"angle": 0, "axis": "y", "origin": [3.58, -10.8, 8.42]},
			"faces": {
				"north": {"uv": [6, 5.5, 5.75, 5.75], "texture": "#0"},
				"east": {"uv": [9, 0.25, 8.5, 0.5], "texture": "#0"},
				"south": {"uv": [8, 6.5, 7.75, 6.75], "texture": "#0"},
				"west": {"uv": [6, 5.25, 5.5, 5.5], "texture": "#0"},
				"up": {"uv": [3.75, 3, 4, 2.5], "texture": "#0"},
				"down": {"uv": [3.75, 8.5, 4, 9], "texture": "#0"}
			}
		},
		{
			"from": [9.22, -15.6, 6.56],
			"to": [9.82, -15.06, 7.22],
			"rotation": {"angle": 0, "axis": "y", "origin": [3.22, -10.8, 8.9]},
			"faces": {
				"north": {"uv": [8.5, 8.75, 8.25, 9], "texture": "#0"},
				"east": {"uv": [9, 0, 8.75, 0.25], "texture": "#0"},
				"south": {"uv": [9, 8.75, 8.75, 9], "texture": "#0"},
				"west": {"uv": [8.75, 8.75, 8.5, 9], "texture": "#0"},
				"up": {"uv": [8.75, 1, 9, 0.75], "texture": "#0"},
				"down": {"uv": [8.75, 1.5, 9, 1.75], "texture": "#0"}
			}
		},
		{
			"from": [8.56, -15.6, 3.62],
			"to": [9.1, -15.12, 5.6],
			"rotation": {"angle": 0, "axis": "y", "origin": [2.62, -10.8, 7.28]},
			"faces": {
				"north": {"uv": [9, 1.75, 8.75, 2], "texture": "#0"},
				"east": {"uv": [9, 1, 8.5, 1.25], "texture": "#0"},
				"south": {"uv": [9, 2, 8.75, 2.25], "texture": "#0"},
				"west": {"uv": [9, 0.5, 8.5, 0.75], "texture": "#0"},
				"up": {"uv": [8, 9, 8.25, 8.5], "texture": "#0"},
				"down": {"uv": [8, 9, 8.25, 8.5], "texture": "#0"}
			}
		},
		{
			"from": [7.72, -15.6, 3.62],
			"to": [8.26, -15.12, 5.6],
			"rotation": {"angle": 0, "axis": "y", "origin": [1.78, -10.8, 7.28]},
			"faces": {
				"north": {"uv": [9, 1.75, 8.75, 2], "texture": "#0"},
				"east": {"uv": [9, 1, 8.5, 1.25], "texture": "#0"},
				"south": {"uv": [0.225, 0, 0, 0.2], "texture": "#0"},
				"west": {"uv": [9, 0.5, 8.5, 0.75], "texture": "#0"},
				"up": {"uv": [8, 9, 8.25, 8.5], "texture": "#0"},
				"down": {"uv": [8, 9, 8.25, 8.5], "texture": "#0"}
			}
		},
		{
			"from": [6.94, -15.6, 3.62],
			"to": [7.48, -15.12, 5.6],
			"rotation": {"angle": 0, "axis": "y", "origin": [1, -10.8, 7.28]},
			"faces": {
				"north": {"uv": [9, 1.75, 8.75, 2], "texture": "#0"},
				"east": {"uv": [9, 1, 8.5, 1.25], "texture": "#0"},
				"south": {"uv": [0.225, 0, 0, 0.2], "texture": "#0"},
				"west": {"uv": [9, 0.5, 8.5, 0.75], "texture": "#0"},
				"up": {"uv": [8, 9, 8.25, 8.5], "texture": "#0"},
				"down": {"uv": [8, 9, 8.25, 8.5], "texture": "#0"}
			}
		},
		{
			"from": [6.82, -15.6, 5.6],
			"to": [9.22, -14.7, 9.2],
			"rotation": {"angle": 0, "axis": "y", "origin": [2.62, -10.8, 10.4]},
			"faces": {
				"north": {"uv": [9, 1.25, 8.5, 1.5], "texture": "#0"},
				"east": {"uv": [8, 0, 7, 0.25], "texture": "#0"},
				"south": {"uv": [9, 3.25, 8.5, 3.5], "texture": "#0"},
				"west": {"uv": [7.75, 6.5, 6.75, 6.75], "texture": "#0"},
				"up": {"uv": [6, 3.5, 6.5, 2.5], "texture": "#0"},
				"down": {"uv": [6, 3.5, 6.5, 4.5], "texture": "#0"}
			}
		}
	],
	"display": {
		"thirdperson_righthand": {
			"rotation": [75, 0, -10],
			"translation": [12.75, 15.75, 80],
			"scale": [4, 4, 4]
		},
		"head": {
			"translation": [10, 51, 0],
			"scale": [4, 4, 4]
		}
	},
	"groups": [
		{
			"name": "todo",
			"origin": [8, 8, 8],
			"children": [
				{
					"name": "cabeza",
					"origin": [10.8, 32.3, 10.1],
					"children": [0, 1, 2, 3, 4, 5, 6, 7, 8, 9, 10, 11, 12, 13, 14, 15, 16, 17, 18, 19, 20, 21, 22, 23, 24, 25, 26, 27, 28, 29, 30, 31, 32, 33, 34, 35, 36, 37, 38, 39, 40, 41, 42, 43, 44, 45, 46, 47, 48, 49]
				},
				{
					"name": "cuerpo",
					"origin": [7.332, 19.128, 6.804],
					"children": [50, 51, 52, 53, 54,
						{
							"name": "cuerpo2",
							"origin": [7.332, 19.128, 6.804],
							"children": [55,
								{
									"name": "cuerpo3",
									"origin": [7.332, 19.128, 6.804],
									"children": [56, 57, 58, 59, 60, 61, 62, 63, 64, 65, 66, 67, 68, 69, 70, 71, 72, 73, 74, 75, 76, 77, 78, 79, 80, 81, 82, 83, 84, 85, 86, 87, 88, 89, 90, 91, 92, 93, 94, 95, 96, 97, 98, 99, 100, 101]
								}
							]
						}
					]
				},
				{
					"name": "brazo1",
					"origin": [17.5, 29, 15.8],
					"children": [102, 103,
						{
							"name": "brazo1-2",
							"origin": [18.4, -2.2, 15.2],
							"children": [104, 105,
								{
									"name": "brazo1-3",
									"origin": [17.6, -1.2, 15.8],
									"children": [106, 107,
										{
											"name": "mano",
											"origin": [18.4, -2.2, 15.2],
											"children": [108, 109,
												{
													"name": "dedo1",
													"origin": [16, -1.9, 16.3],
													"children": [110,
														{
															"name": "dedo1-2",
															"origin": [10.7875, -7.15312, 7.6125],
															"children": []
														}, 111]
												},
												{
													"name": "dedo2",
													"origin": [16.5, -2.2, 15.2],
													"children": [112,
														{
															"name": "dedo2-2",
															"origin": [10.7875, -7.15312, 7.6125],
															"children": [113]
														}
													]
												},
												{
													"name": "dedo3",
													"origin": [17.1, -2.2, 15.2],
													"children": [114,
														{
															"name": "dedo3-2",
															"origin": [10.7875, -7.15312, 7.6125],
															"children": [115]
														}
													]
												},
												{
													"name": "dedo4",
													"origin": [17.8, -2.2, 15.2],
													"children": [116,
														{
															"name": "dedo4-2",
															"origin": [10.7875, -7.15312, 7.6125],
															"children": [117]
														}
													]
												},
												{
													"name": "dedo5",
													"origin": [18.4, -2.2, 15.2],
													"children": [118,
														{
															"name": "dedo5-2",
															"origin": [10.7875, -7.15312, 7.6125],
															"children": [119]
														}
													]
												}
											]
										}
									]
								}
							]
						}
					]
				},
				{
					"name": "brazo2",
					"origin": [17.5, 29, 15.8],
					"children": [120, 121,
						{
							"name": "brazo1-2",
							"origin": [18.4, -2.2, 15.2],
							"children": [122, 123,
								{
									"name": "brazo1-3",
									"origin": [17.6, -1.2, 15.8],
									"children": [124, 125,
										{
											"name": "mano",
											"origin": [18.4, -2.2, 15.2],
											"children": [126, 127,
												{
													"name": "dedo1",
													"origin": [16, -1.9, 16.3],
													"children": [128,
														{
															"name": "dedo1-2",
															"origin": [10.7875, -7.15312, 7.6125],
															"children": []
														}, 129]
												},
												{
													"name": "dedo2",
													"origin": [16.5, -2.2, 15.2],
													"children": [130,
														{
															"name": "dedo2-2",
															"origin": [10.7875, -7.15312, 7.6125],
															"children": [131]
														}
													]
												},
												{
													"name": "dedo3",
													"origin": [17.1, -2.2, 15.2],
													"children": [132,
														{
															"name": "dedo3-2",
															"origin": [10.7875, -7.15312, 7.6125],
															"children": [133]
														}
													]
												},
												{
													"name": "dedo4",
													"origin": [17.8, -2.2, 15.2],
													"children": [134,
														{
															"name": "dedo4-2",
															"origin": [10.7875, -7.15312, 7.6125],
															"children": [135]
														}
													]
												},
												{
													"name": "dedo5",
													"origin": [18.4, -2.2, 15.2],
													"children": [136,
														{
															"name": "dedo5-2",
															"origin": [10.7875, -7.15312, 7.6125],
															"children": [137]
														}
													]
												}
											]
										}
									]
								}
							]
						}
					]
				},
				{
					"name": "pierna1",
					"origin": [13.7, -8, 6.8],
					"children": [138,
						{
							"name": "pierna1-2",
							"origin": [10.28, -10.8, 10.4],
							"children": [139, 140, 141,
								{
									"name": "pierna1-3",
									"origin": [10.28, -10.8, 10.4],
									"children": [142,
										{
											"name": "pierna1-4",
											"origin": [10.28, -10.8, 10.4],
											"children": [143, 144, 145, 146, 147, 148]
										}
									]
								}
							]
						}
					]
				},
				{
					"name": "pierna2",
					"origin": [13.7, -8, 6.8],
					"children": [149,
						{
							"name": "pierna1-2",
							"origin": [10.28, -10.8, 10.4],
							"children": [150, 151, 152,
								{
									"name": "pierna1-3",
									"origin": [10.28, -10.8, 10.4],
									"children": [153,
										{
											"name": "pierna1-4",
											"origin": [10.28, -10.8, 10.4],
											"children": [154, 155, 156, 157, 158, 159]
										}
									]
								}
							]
						}
					]
				}
			]
		}
	]
}