{
	"credit": "Made with Blockbench",
	"texture_size": [64, 64],
	"textures": {
		"0": "6dt2_custom/6dt2_sirenhead/6dt2_sirenhead",
		"particle": "6dt2_custom/6dt2_sirenhead/6dt2_sirenhead"
	},
	"elements": [
		{
			"from": [5.22, 20.88, 6.7],
			"to": [7.62, 22, 9.06],
			"rotation": {"angle": 0, "axis": "x", "origin": [6.5562, 26.97038, 7.88769]},
			"faces": {
				"north": {"uv": [4.5, 8.75, 5, 9], "texture": "#0"},
				"east": {"uv": [5, 8.75, 5.5, 9], "texture": "#0"},
				"south": {"uv": [6, 8.75, 6.5, 9], "texture": "#0"},
				"west": {"uv": [6.5, 8.75, 7, 9], "texture": "#0"},
				"up": {"uv": [7, 8.75, 6.5, 8.25], "texture": "#0"},
				"down": {"uv": [8.75, 8.25, 8.25, 8.75], "texture": "#0"}
			}
		},
		{
			"from": [5.82, 21.98, 7.2],
			"to": [7.02, 23.2, 8.46],
			"rotation": {"angle": 0, "axis": "x", "origin": [6.5562, 26.97038, 7.88769]},
			"faces": {
				"north": {"uv": [9, 6.75, 9.25, 7], "texture": "#0"},
				"east": {"uv": [9, 7, 9.25, 7.25], "texture": "#0"},
				"south": {"uv": [9, 7.25, 9.25, 7.5], "texture": "#0"},
				"west": {"uv": [9, 7.5, 9.25, 7.75], "texture": "#0"},
				"up": {"uv": [9.25, 8, 9, 7.75], "texture": "#0"},
				"down": {"uv": [9.25, 8, 9, 8.25], "texture": "#0"}
			}
		},
		{
			"from": [6.02, 23.08, 7.4],
			"to": [6.82, 30.9, 8.26],
			"rotation": {"angle": 0, "axis": "x", "origin": [6.5562, 26.97038, 7.88769]},
			"faces": {
				"north": {"uv": [3.5, 6, 3.75, 8], "texture": "#0"},
				"east": {"uv": [0.5, 6.75, 0.75, 8.75], "texture": "#0"},
				"south": {"uv": [6.5, 2.5, 6.75, 4.5], "texture": "#0"},
				"west": {"uv": [0.5, 6.75, 0.75, 8.75], "texture": "#0"},
				"up": {"uv": [9.25, 8.5, 9, 8.25], "texture": "#0"},
				"down": {"uv": [9.25, 8.5, 9, 8.75], "texture": "#0"}
			}
		},
		{
			"from": [5.3808, 28.4832, 6.86],
			"to": [6.0388, 30.57, 8.8904],
			"rotation": {"angle": 0, "axis": "x", "origin": [6.5562, 26.97038, 7.88769]},
			"faces": {
				"north": {"uv": [5.5, 8.75, 5.75, 9.25], "texture": "#0"},
				"east": {"uv": [8.25, 1.5, 8.75, 2], "texture": "#0"},
				"south": {"uv": [7.25, 8.75, 7.5, 9.25], "texture": "#0"},
				"west": {"uv": [8.25, 2, 8.75, 2.5], "texture": "#0"},
				"up": {"uv": [7.75, 9.25, 7.5, 8.75], "texture": "#0"},
				"down": {"uv": [8, 8.75, 7.75, 9.25], "texture": "#0"}
			}
		},
		{
			"from": [6.7612, 24.9832, 6.86],
			"to": [7.4192, 27.07, 8.8904],
			"rotation": {"angle": 0, "axis": "x", "origin": [6.5562, 26.97038, 7.88769]},
			"faces": {
				"north": {"uv": [5.75, 8.75, 5.5, 9.25], "texture": "#0"},
				"east": {"uv": [8.75, 2, 8.25, 2.5], "texture": "#0"},
				"south": {"uv": [7.5, 8.75, 7.25, 9.25], "texture": "#0"},
				"west": {"uv": [8.75, 1.5, 8.25, 2], "texture": "#0"},
				"up": {"uv": [7.5, 9.25, 7.75, 8.75], "texture": "#0"},
				"down": {"uv": [7.75, 8.75, 8, 9.25], "texture": "#0"}
			}
		},
		{
			"from": [4.0648, 27.7312, 6.202],
			"to": [5.3808, 31.134, 9.5484],
			"rotation": {"angle": 0, "axis": "x", "origin": [6.5562, 26.97038, 7.88769]},
			"faces": {
				"north": {"uv": [7, 8.25, 7.25, 9], "texture": "#0"},
				"east": {"uv": [6, 1, 6.75, 1.75], "texture": "#0"},
				"south": {"uv": [8.25, 2.75, 8.5, 3.5], "texture": "#0"},
				"west": {"uv": [6, 1.75, 6.75, 2.5], "texture": "#0"},
				"up": {"uv": [8.5, 5.5, 8.25, 4.75], "texture": "#0"},
				"down": {"uv": [8.5, 7.25, 8.25, 8], "texture": "#0"}
			}
		},
		{
			"from": [7.4192, 24.2312, 6.202],
			"to": [8.7352, 27.634, 9.5484],
			"rotation": {"angle": 0, "axis": "x", "origin": [6.5562, 26.97038, 7.88769]},
			"faces": {
				"north": {"uv": [7.25, 8.25, 7, 9], "texture": "#0"},
				"east": {"uv": [6.75, 1.75, 6, 2.5], "texture": "#0"},
				"south": {"uv": [8.5, 2.75, 8.25, 3.5], "texture": "#0"},
				"west": {"uv": [6.75, 1, 6, 1.75], "texture": "#0"},
				"up": {"uv": [8.25, 5.5, 8.5, 4.75], "texture": "#0"},
				"down": {"uv": [8.25, 7.25, 8.5, 8], "texture": "#0"}
			}
		},
		{
			"from": [3.1248, 26.9792, 5.732],
			"to": [4.0648, 31.98, 6.5404],
			"rotation": {"angle": 0, "axis": "x", "origin": [6.5562, 26.97038, 7.88769]},
			"faces": {
				"north": {"uv": [1, 6.75, 1.25, 8], "texture": "#0"},
				"east": {"uv": [1.25, 6.75, 1.5, 8], "texture": "#0"},
				"south": {"uv": [6.75, 1.5, 7, 2.75], "texture": "#0"},
				"west": {"uv": [6.75, 2.75, 7, 4], "texture": "#0"},
				"up": {"uv": [1.5, 9.5, 1.25, 9.25], "texture": "#0"},
				"down": {"uv": [1.75, 9.25, 1.5, 9.5], "texture": "#0"}
			}
		},
		{
			"from": [8.7352, 23.4792, 5.732],
			"to": [9.6752, 28.48, 6.5404],
			"rotation": {"angle": 0, "axis": "x", "origin": [6.5562, 26.97038, 7.88769]},
			"faces": {
				"north": {"uv": [1.25, 6.75, 1, 8], "texture": "#0"},
				"east": {"uv": [7, 2.75, 6.75, 4], "texture": "#0"},
				"south": {"uv": [7, 1.5, 6.75, 2.75], "texture": "#0"},
				"west": {"uv": [1.5, 6.75, 1.25, 8], "texture": "#0"},
				"up": {"uv": [1.25, 9.5, 1.5, 9.25], "texture": "#0"},
				"down": {"uv": [1.5, 9.25, 1.75, 9.5], "texture": "#0"}
			}
		},
		{
			"from": [3.1248, 26.9792, 6.484],
			"to": [4.0648, 28.032, 9.2664],
			"rotation": {"angle": 0, "axis": "x", "origin": [6.5562, 26.97038, 7.88769]},
			"faces": {
				"north": {"uv": [1.75, 9.25, 2, 9.5], "texture": "#0"},
				"east": {"uv": [8.25, 3.5, 9, 3.75], "texture": "#0"},
				"south": {"uv": [2, 9.25, 2.25, 9.5], "texture": "#0"},
				"west": {"uv": [8.25, 3.75, 9, 4], "texture": "#0"},
				"up": {"uv": [1.25, 9.25, 1, 8.5], "texture": "#0"},
				"down": {"uv": [1.5, 8.5, 1.25, 9.25], "texture": "#0"}
			}
		},
		{
			"from": [8.7352, 23.4792, 6.484],
			"to": [9.6752, 24.532, 9.2664],
			"rotation": {"angle": 0, "axis": "x", "origin": [6.5562, 26.97038, 7.88769]},
			"faces": {
				"north": {"uv": [2, 9.25, 1.75, 9.5], "texture": "#0"},
				"east": {"uv": [9, 3.75, 8.25, 4], "texture": "#0"},
				"south": {"uv": [2.25, 9.25, 2, 9.5], "texture": "#0"},
				"west": {"uv": [9, 3.5, 8.25, 3.75], "texture": "#0"},
				"up": {"uv": [1, 9.25, 1.25, 8.5], "texture": "#0"},
				"down": {"uv": [1.25, 8.5, 1.5, 9.25], "texture": "#0"}
			}
		},
		{
			"from": [3.1248, 26.9792, 9.21],
			"to": [4.0648, 31.98, 10.0184],
			"rotation": {"angle": 0, "axis": "x", "origin": [6.5562, 26.97038, 7.88769]},
			"faces": {
				"north": {"uv": [6.75, 4, 7, 5.25], "texture": "#0"},
				"east": {"uv": [6.75, 5.25, 7, 6.5], "texture": "#0"},
				"south": {"uv": [7, 1.5, 7.25, 2.75], "texture": "#0"},
				"west": {"uv": [7, 2.75, 7.25, 4], "texture": "#0"},
				"up": {"uv": [2.5, 9.5, 2.25, 9.25], "texture": "#0"},
				"down": {"uv": [2.75, 9.25, 2.5, 9.5], "texture": "#0"}
			}
		},
		{
			"from": [8.7352, 23.4792, 9.21],
			"to": [9.6752, 28.48, 10.0184],
			"rotation": {"angle": 0, "axis": "x", "origin": [6.5562, 26.97038, 7.88769]},
			"faces": {
				"north": {"uv": [7, 4, 6.75, 5.25], "texture": "#0"},
				"east": {"uv": [7.25, 2.75, 7, 4], "texture": "#0"},
				"south": {"uv": [7.25, 1.5, 7, 2.75], "texture": "#0"},
				"west": {"uv": [7, 5.25, 6.75, 6.5], "texture": "#0"},
				"up": {"uv": [2.25, 9.5, 2.5, 9.25], "texture": "#0"},
				"down": {"uv": [2.5, 9.25, 2.75, 9.5], "texture": "#0"}
			}
		},
		{
			"from": [3.1248, 31.0212, 6.484],
			"to": [4.0648, 31.98, 9.2664],
			"rotation": {"angle": 0, "axis": "x", "origin": [6.5562, 26.97038, 7.88769]},
			"faces": {
				"north": {"uv": [2.75, 9.25, 3, 9.5], "texture": "#0"},
				"east": {"uv": [8.25, 5.5, 9, 5.75], "texture": "#0"},
				"south": {"uv": [3, 9.25, 3.25, 9.5], "texture": "#0"},
				"west": {"uv": [8.25, 8, 9, 8.25], "texture": "#0"},
				"up": {"uv": [1.75, 9.25, 1.5, 8.5], "texture": "#0"},
				"down": {"uv": [2, 8.5, 1.75, 9.25], "texture": "#0"}
			}
		},
		{
			"from": [8.7352, 27.5212, 6.484],
			"to": [9.6752, 28.48, 9.2664],
			"rotation": {"angle": 0, "axis": "x", "origin": [6.5562, 26.97038, 7.88769]},
			"faces": {
				"north": {"uv": [3, 9.25, 2.75, 9.5], "texture": "#0"},
				"east": {"uv": [9, 8, 8.25, 8.25], "texture": "#0"},
				"south": {"uv": [3.25, 9.25, 3, 9.5], "texture": "#0"},
				"west": {"uv": [9, 5.5, 8.25, 5.75], "texture": "#0"},
				"up": {"uv": [1.5, 9.25, 1.75, 8.5], "texture": "#0"},
				"down": {"uv": [1.75, 8.5, 2, 9.25], "texture": "#0"}
			}
		},
		{
			"from": [3.4068, 28.0132, 6.484],
			"to": [4.0648, 28.69, 9.2664],
			"rotation": {"angle": 0, "axis": "x", "origin": [6.5562, 26.97038, 7.88769]},
			"faces": {
				"north": {"uv": [3.25, 9.25, 3.5, 9.5], "texture": "#0"},
				"east": {"uv": [3, 8.5, 3.75, 8.75], "texture": "#0"},
				"south": {"uv": [3.5, 9.25, 3.75, 9.5], "texture": "#0"},
				"west": {"uv": [7.25, 8.5, 8, 8.75], "texture": "#0"},
				"up": {"uv": [2.25, 9.25, 2, 8.5], "texture": "#0"},
				"down": {"uv": [2.5, 8.5, 2.25, 9.25], "texture": "#0"}
			}
		},
		{
			"from": [8.7352, 24.5132, 6.484],
			"to": [9.3932, 25.19, 9.2664],
			"rotation": {"angle": 0, "axis": "x", "origin": [6.5562, 26.97038, 7.88769]},
			"faces": {
				"north": {"uv": [3.5, 9.25, 3.25, 9.5], "texture": "#0"},
				"east": {"uv": [8, 8.5, 7.25, 8.75], "texture": "#0"},
				"south": {"uv": [3.75, 9.25, 3.5, 9.5], "texture": "#0"},
				"west": {"uv": [3.75, 8.5, 3, 8.75], "texture": "#0"},
				"up": {"uv": [2, 9.25, 2.25, 8.5], "texture": "#0"},
				"down": {"uv": [2.25, 8.5, 2.5, 9.25], "texture": "#0"}
			}
		},
		{
			"from": [3.4068, 30.41, 6.484],
			"to": [4.0648, 31.0868, 9.2664],
			"rotation": {"angle": 0, "axis": "x", "origin": [6.5562, 26.97038, 7.88769]},
			"faces": {
				"north": {"uv": [3.25, 9.5, 3.5, 9.25], "texture": "#0"},
				"east": {"uv": [3, 8.75, 3.75, 8.5], "texture": "#0"},
				"south": {"uv": [3.5, 9.5, 3.75, 9.25], "texture": "#0"},
				"west": {"uv": [7.25, 8.75, 8, 8.5], "texture": "#0"},
				"up": {"uv": [2.5, 9.25, 2.25, 8.5], "texture": "#0"},
				"down": {"uv": [2.25, 8.5, 2, 9.25], "texture": "#0"}
			}
		},
		{
			"from": [8.7352, 26.91, 6.484],
			"to": [9.3932, 27.5868, 9.2664],
			"rotation": {"angle": 0, "axis": "x", "origin": [6.5562, 26.97038, 7.88769]},
			"faces": {
				"north": {"uv": [3.5, 9.5, 3.25, 9.25], "texture": "#0"},
				"east": {"uv": [8, 8.75, 7.25, 8.5], "texture": "#0"},
				"south": {"uv": [3.75, 9.5, 3.5, 9.25], "texture": "#0"},
				"west": {"uv": [3.75, 8.75, 3, 8.5], "texture": "#0"},
				"up": {"uv": [2.25, 9.25, 2.5, 8.5], "texture": "#0"},
				"down": {"uv": [2, 8.5, 2.25, 9.25], "texture": "#0"}
			}
		},
		{
			"from": [3.3128, 28.4832, 8.552],
			"to": [3.7828, 29.16, 8.9844],
			"rotation": {"angle": 0, "axis": "x", "origin": [6.5562, 26.97038, 7.88769]},
			"faces": {
				"north": {"uv": [3.75, 9.25, 4, 9.5], "texture": "#0"},
				"east": {"uv": [4, 9.25, 4.25, 9.5], "texture": "#0"},
				"south": {"uv": [4.25, 9.25, 4.5, 9.5], "texture": "#0"},
				"west": {"uv": [4.5, 9.25, 4.75, 9.5], "texture": "#0"},
				"up": {"uv": [5, 9.5, 4.75, 9.25], "texture": "#0"},
				"down": {"uv": [5.25, 9.25, 5, 9.5], "texture": "#0"}
			}
		},
		{
			"from": [9.0172, 24.9832, 8.552],
			"to": [9.4872, 25.66, 8.9844],
			"rotation": {"angle": 0, "axis": "x", "origin": [6.5562, 26.97038, 7.88769]},
			"faces": {
				"north": {"uv": [4, 9.25, 3.75, 9.5], "texture": "#0"},
				"east": {"uv": [4.75, 9.25, 4.5, 9.5], "texture": "#0"},
				"south": {"uv": [4.5, 9.25, 4.25, 9.5], "texture": "#0"},
				"west": {"uv": [4.25, 9.25, 4, 9.5], "texture": "#0"},
				"up": {"uv": [4.75, 9.5, 5, 9.25], "texture": "#0"},
				"down": {"uv": [5, 9.25, 5.25, 9.5], "texture": "#0"}
			}
		},
		{
			"from": [3.3128, 29.94, 8.552],
			"to": [3.7828, 30.6168, 8.9844],
			"rotation": {"angle": 0, "axis": "x", "origin": [6.5562, 26.97038, 7.88769]},
			"faces": {
				"north": {"uv": [3.75, 9.5, 4, 9.25], "texture": "#0"},
				"east": {"uv": [4, 9.5, 4.25, 9.25], "texture": "#0"},
				"south": {"uv": [4.25, 9.5, 4.5, 9.25], "texture": "#0"},
				"west": {"uv": [4.5, 9.5, 4.75, 9.25], "texture": "#0"},
				"up": {"uv": [5.25, 9.5, 5, 9.25], "texture": "#0"},
				"down": {"uv": [5, 9.25, 4.75, 9.5], "texture": "#0"}
			}
		},
		{
			"from": [9.0172, 26.44, 8.552],
			"to": [9.4872, 27.1168, 8.9844],
			"rotation": {"angle": 0, "axis": "x", "origin": [6.5562, 26.97038, 7.88769]},
			"faces": {
				"north": {"uv": [4, 9.5, 3.75, 9.25], "texture": "#0"},
				"east": {"uv": [4.75, 9.5, 4.5, 9.25], "texture": "#0"},
				"south": {"uv": [4.5, 9.5, 4.25, 9.25], "texture": "#0"},
				"west": {"uv": [4.25, 9.5, 4, 9.25], "texture": "#0"},
				"up": {"uv": [5, 9.5, 5.25, 9.25], "texture": "#0"},
				"down": {"uv": [4.75, 9.25, 5, 9.5], "texture": "#0"}
			}
		},
		{
			"from": [3.3128, 28.4832, 7.952],
			"to": [3.7828, 29.16, 8.3844],
			"rotation": {"angle": 0, "axis": "x", "origin": [6.5562, 26.97038, 7.88769]},
			"faces": {
				"north": {"uv": [3.75, 9.25, 4, 9.5], "texture": "#0"},
				"east": {"uv": [4, 9.25, 4.25, 9.5], "texture": "#0"},
				"south": {"uv": [4.25, 9.25, 4.5, 9.5], "texture": "#0"},
				"west": {"uv": [4.5, 9.25, 4.75, 9.5], "texture": "#0"},
				"up": {"uv": [5, 9.5, 4.75, 9.25], "texture": "#0"},
				"down": {"uv": [5.25, 9.25, 5, 9.5], "texture": "#0"}
			}
		},
		{
			"from": [9.0172, 24.9832, 7.952],
			"to": [9.4872, 25.66, 8.3844],
			"rotation": {"angle": 0, "axis": "x", "origin": [6.5562, 26.97038, 7.88769]},
			"faces": {
				"north": {"uv": [4, 9.25, 3.75, 9.5], "texture": "#0"},
				"east": {"uv": [4.75, 9.25, 4.5, 9.5], "texture": "#0"},
				"south": {"uv": [4.5, 9.25, 4.25, 9.5], "texture": "#0"},
				"west": {"uv": [4.25, 9.25, 4, 9.5], "texture": "#0"},
				"up": {"uv": [4.75, 9.5, 5, 9.25], "texture": "#0"},
				"down": {"uv": [5, 9.25, 5.25, 9.5], "texture": "#0"}
			}
		},
		{
			"from": [3.3128, 29.94, 7.952],
			"to": [3.7828, 30.6168, 8.3844],
			"rotation": {"angle": 0, "axis": "x", "origin": [6.5562, 26.97038, 7.88769]},
			"faces": {
				"north": {"uv": [3.75, 9.5, 4, 9.25], "texture": "#0"},
				"east": {"uv": [4, 9.5, 4.25, 9.25], "texture": "#0"},
				"south": {"uv": [4.25, 9.5, 4.5, 9.25], "texture": "#0"},
				"west": {"uv": [4.5, 9.5, 4.75, 9.25], "texture": "#0"},
				"up": {"uv": [5.25, 9.5, 5, 9.25], "texture": "#0"},
				"down": {"uv": [5, 9.25, 4.75, 9.5], "texture": "#0"}
			}
		},
		{
			"from": [9.0172, 26.44, 7.952],
			"to": [9.4872, 27.1168, 8.3844],
			"rotation": {"angle": 0, "axis": "x", "origin": [6.5562, 26.97038, 7.88769]},
			"faces": {
				"north": {"uv": [4, 9.5, 3.75, 9.25], "texture": "#0"},
				"east": {"uv": [4.75, 9.5, 4.5, 9.25], "texture": "#0"},
				"south": {"uv": [4.5, 9.5, 4.25, 9.25], "texture": "#0"},
				"west": {"uv": [4.25, 9.5, 4, 9.25], "texture": "#0"},
				"up": {"uv": [5, 9.5, 5.25, 9.25], "texture": "#0"},
				"down": {"uv": [4.75, 9.25, 5, 9.5], "texture": "#0"}
			}
		},
		{
			"from": [3.3128, 28.4832, 7.352],
			"to": [3.7828, 29.16, 7.7844],
			"rotation": {"angle": 0, "axis": "x", "origin": [6.5562, 26.97038, 7.88769]},
			"faces": {
				"north": {"uv": [3.75, 9.25, 4, 9.5], "texture": "#0"},
				"east": {"uv": [4, 9.25, 4.25, 9.5], "texture": "#0"},
				"south": {"uv": [4.25, 9.25, 4.5, 9.5], "texture": "#0"},
				"west": {"uv": [4.5, 9.25, 4.75, 9.5], "texture": "#0"},
				"up": {"uv": [5, 9.5, 4.75, 9.25], "texture": "#0"},
				"down": {"uv": [5.25, 9.25, 5, 9.5], "texture": "#0"}
			}
		},
		{
			"from": [9.0172, 24.9832, 7.352],
			"to": [9.4872, 25.66, 7.7844],
			"rotation": {"angle": 0, "axis": "x", "origin": [6.5562, 26.97038, 7.88769]},
			"faces": {
				"north": {"uv": [4, 9.25, 3.75, 9.5], "texture": "#0"},
				"east": {"uv": [4.75, 9.25, 4.5, 9.5], "texture": "#0"},
				"south": {"uv": [4.5, 9.25, 4.25, 9.5], "texture": "#0"},
				"west": {"uv": [4.25, 9.25, 4, 9.5], "texture": "#0"},
				"up": {"uv": [4.75, 9.5, 5, 9.25], "texture": "#0"},
				"down": {"uv": [5, 9.25, 5.25, 9.5], "texture": "#0"}
			}
		},
		{
			"from": [3.3128, 29.94, 7.352],
			"to": [3.7828, 30.6168, 7.7844],
			"rotation": {"angle": 0, "axis": "x", "origin": [6.5562, 26.97038, 7.88769]},
			"faces": {
				"north": {"uv": [3.75, 9.5, 4, 9.25], "texture": "#0"},
				"east": {"uv": [4, 9.5, 4.25, 9.25], "texture": "#0"},
				"south": {"uv": [4.25, 9.5, 4.5, 9.25], "texture": "#0"},
				"west": {"uv": [4.5, 9.5, 4.75, 9.25], "texture": "#0"},
				"up": {"uv": [5.25, 9.5, 5, 9.25], "texture": "#0"},
				"down": {"uv": [5, 9.25, 4.75, 9.5], "texture": "#0"}
			}
		},
		{
			"from": [9.0172, 26.44, 7.352],
			"to": [9.4872, 27.1168, 7.7844],
			"rotation": {"angle": 0, "axis": "x", "origin": [6.5562, 26.97038, 7.88769]},
			"faces": {
				"north": {"uv": [4, 9.5, 3.75, 9.25], "texture": "#0"},
				"east": {"uv": [4.75, 9.5, 4.5, 9.25], "texture": "#0"},
				"south": {"uv": [4.5, 9.5, 4.25, 9.25], "texture": "#0"},
				"west": {"uv": [4.25, 9.5, 4, 9.25], "texture": "#0"},
				"up": {"uv": [5, 9.5, 5.25, 9.25], "texture": "#0"},
				"down": {"uv": [4.75, 9.25, 5, 9.5], "texture": "#0"}
			}
		},
		{
			"from": [3.3128, 28.4832, 6.752],
			"to": [3.7828, 29.16, 7.1844],
			"rotation": {"angle": 0, "axis": "x", "origin": [6.5562, 26.97038, 7.88769]},
			"faces": {
				"north": {"uv": [3.75, 9.25, 4, 9.5], "texture": "#0"},
				"east": {"uv": [4, 9.25, 4.25, 9.5], "texture": "#0"},
				"south": {"uv": [4.25, 9.25, 4.5, 9.5], "texture": "#0"},
				"west": {"uv": [4.5, 9.25, 4.75, 9.5], "texture": "#0"},
				"up": {"uv": [5, 9.5, 4.75, 9.25], "texture": "#0"},
				"down": {"uv": [5.25, 9.25, 5, 9.5], "texture": "#0"}
			}
		},
		{
			"from": [9.0172, 24.9832, 6.752],
			"to": [9.4872, 25.66, 7.1844],
			"rotation": {"angle": 0, "axis": "x", "origin": [6.5562, 26.97038, 7.88769]},
			"faces": {
				"north": {"uv": [4, 9.25, 3.75, 9.5], "texture": "#0"},
				"east": {"uv": [4.75, 9.25, 4.5, 9.5], "texture": "#0"},
				"south": {"uv": [4.5, 9.25, 4.25, 9.5], "texture": "#0"},
				"west": {"uv": [4.25, 9.25, 4, 9.5], "texture": "#0"},
				"up": {"uv": [4.75, 9.5, 5, 9.25], "texture": "#0"},
				"down": {"uv": [5, 9.25, 5.25, 9.5], "texture": "#0"}
			}
		},
		{
			"from": [3.3128, 29.94, 6.752],
			"to": [3.7828, 30.6168, 7.1844],
			"rotation": {"angle": 0, "axis": "x", "origin": [6.5562, 26.97038, 7.88769]},
			"faces": {
				"north": {"uv": [3.75, 9.5, 4, 9.25], "texture": "#0"},
				"east": {"uv": [4, 9.5, 4.25, 9.25], "texture": "#0"},
				"south": {"uv": [4.25, 9.5, 4.5, 9.25], "texture": "#0"},
				"west": {"uv": [4.5, 9.5, 4.75, 9.25], "texture": "#0"},
				"up": {"uv": [5.25, 9.5, 5, 9.25], "texture": "#0"},
				"down": {"uv": [5, 9.25, 4.75, 9.5], "texture": "#0"}
			}
		},
		{
			"from": [9.0172, 26.44, 6.752],
			"to": [9.4872, 27.1168, 7.1844],
			"rotation": {"angle": 0, "axis": "x", "origin": [6.5562, 26.97038, 7.88769]},
			"faces": {
				"north": {"uv": [4, 9.5, 3.75, 9.25], "texture": "#0"},
				"east": {"uv": [4.75, 9.5, 4.5, 9.25], "texture": "#0"},
				"south": {"uv": [4.5, 9.5, 4.25, 9.25], "texture": "#0"},
				"west": {"uv": [4.25, 9.5, 4, 9.25], "texture": "#0"},
				"up": {"uv": [5, 9.5, 5.25, 9.25], "texture": "#0"},
				"down": {"uv": [4.75, 9.25, 5, 9.5], "texture": "#0"}
			}
		},
		{
			"from": [7.02, 21.98, 7.7],
			"to": [7.42, 22.4, 8.16],
			"rotation": {"angle": 0, "axis": "x", "origin": [6.5562, 26.97038, 7.88769]},
			"faces": {
				"north": {"uv": [9, 8.75, 9.25, 9], "texture": "#0"},
				"east": {"uv": [0.5, 9.25, 0.75, 9.5], "texture": "#0"},
				"south": {"uv": [0.25, 9.25, 0.5, 9.5], "texture": "#0"},
				"west": {"uv": [0, 0, 0.9, 2.3], "texture": "#0"},
				"up": {"uv": [1, 9.5, 0.75, 9.25], "texture": "#0"},
				"down": {"uv": [0, 0, 1.375, 0.9], "texture": "#0"}
			}
		},
		{
			"from": [7.22, 22.38, 7.7],
			"to": [7.62, 22.8, 8.16],
			"rotation": {"angle": 0, "axis": "x", "origin": [6.5562, 26.97038, 7.88769]},
			"faces": {
				"north": {"uv": [9, 8.75, 9.25, 9], "texture": "#0"},
				"east": {"uv": [0.5, 9.25, 0.75, 9.5], "texture": "#0"},
				"south": {"uv": [0.25, 9.25, 0.5, 9.5], "texture": "#0"},
				"west": {"uv": [0.5, 9.25, 0.75, 9.5], "texture": "#0"},
				"up": {"uv": [1, 9.5, 0.75, 9.25], "texture": "#0"},
				"down": {"uv": [1.25, 9.25, 1, 9.5], "texture": "#0"}
			}
		},
		{
			"from": [7.42, 22.78, 7.7],
			"to": [7.82, 23.4, 8.16],
			"rotation": {"angle": 0, "axis": "x", "origin": [6.5562, 26.97038, 7.88769]},
			"faces": {
				"north": {"uv": [9, 8.75, 9.25, 9], "texture": "#0"},
				"east": {"uv": [0.5, 9.25, 0.75, 9.5], "texture": "#0"},
				"south": {"uv": [0.25, 9.25, 0.5, 9.5], "texture": "#0"},
				"west": {"uv": [0.5, 9.25, 0.75, 9.5], "texture": "#0"},
				"up": {"uv": [1, 9.5, 0.75, 9.25], "texture": "#0"},
				"down": {"uv": [1.25, 9.25, 1, 9.5], "texture": "#0"}
			}
		},
		{
			"from": [7.22, 23.28, 7.7],
			"to": [7.62, 23.7, 8.16],
			"rotation": {"angle": 0, "axis": "x", "origin": [6.5562, 26.97038, 7.88769]},
			"faces": {
				"north": {"uv": [9, 8.75, 9.25, 9], "texture": "#0"},
				"east": {"uv": [0.5, 9.25, 0.75, 9.5], "texture": "#0"},
				"south": {"uv": [0.25, 9.25, 0.5, 9.5], "texture": "#0"},
				"west": {"uv": [0.5, 9.25, 0.75, 9.5], "texture": "#0"},
				"up": {"uv": [1, 9.5, 0.75, 9.25], "texture": "#0"},
				"down": {"uv": [1.25, 9.25, 1, 9.5], "texture": "#0"}
			}
		},
		{
			"from": [7.02, 23.68, 7.7],
			"to": [7.42, 24.2, 8.16],
			"rotation": {"angle": 0, "axis": "x", "origin": [6.5562, 26.97038, 7.88769]},
			"faces": {
				"north": {"uv": [9, 8.75, 9.25, 9], "texture": "#0"},
				"east": {"uv": [0.5, 9.25, 0.75, 9.5], "texture": "#0"},
				"south": {"uv": [0.25, 9.25, 0.5, 9.5], "texture": "#0"},
				"west": {"uv": [0.5, 9.25, 0.75, 9.5], "texture": "#0"},
				"up": {"uv": [1, 9.5, 0.75, 9.25], "texture": "#0"},
				"down": {"uv": [1.25, 9.25, 1, 9.5], "texture": "#0"}
			}
		},
		{
			"from": [5.72, 24.08, 7.7],
			"to": [7.22, 24.5, 8.16],
			"rotation": {"angle": 0, "axis": "x", "origin": [6.5562, 26.97038, 7.88769]},
			"faces": {
				"north": {"uv": [9, 8.75, 9.25, 9], "texture": "#0"},
				"east": {"uv": [0.5, 9.25, 0.75, 9.5], "texture": "#0"},
				"south": {"uv": [0.25, 9.25, 0.5, 9.5], "texture": "#0"},
				"west": {"uv": [0.5, 9.25, 0.75, 9.5], "texture": "#0"},
				"up": {"uv": [1, 9.5, 0.75, 9.25], "texture": "#0"},
				"down": {"uv": [1.25, 9.25, 1, 9.5], "texture": "#0"}
			}
		},
		{
			"from": [5.52, 24.38, 7.7],
			"to": [5.92, 25.3, 8.16],
			"rotation": {"angle": 0, "axis": "x", "origin": [6.5562, 26.97038, 7.88769]},
			"faces": {
				"north": {"uv": [9, 8.75, 9.25, 9], "texture": "#0"},
				"east": {"uv": [0, 9.25, 0.25, 9.5], "texture": "#0"},
				"south": {"uv": [0.25, 9.25, 0.5, 9.5], "texture": "#0"},
				"west": {"uv": [0.5, 9.25, 0.75, 9.5], "texture": "#0"},
				"up": {"uv": [1, 9.5, 0.75, 9.25], "texture": "#0"},
				"down": {"uv": [1.25, 9.25, 1, 9.5], "texture": "#0"}
			}
		},
		{
			"from": [5.32, 25.08, 7.7],
			"to": [5.72, 25.7, 8.16],
			"rotation": {"angle": 0, "axis": "x", "origin": [6.5562, 26.97038, 7.88769]},
			"faces": {
				"north": {"uv": [9, 8.75, 9.25, 9], "texture": "#0"},
				"east": {"uv": [0.5, 9.25, 0.75, 9.5], "texture": "#0"},
				"south": {"uv": [0.25, 9.25, 0.5, 9.5], "texture": "#0"},
				"west": {"uv": [0.5, 9.25, 0.75, 9.5], "texture": "#0"},
				"up": {"uv": [1, 9.5, 0.75, 9.25], "texture": "#0"},
				"down": {"uv": [1.25, 9.25, 1, 9.5], "texture": "#0"}
			}
		},
		{
			"from": [5.62, 25.68, 7.7],
			"to": [6.02, 26.2, 8.16],
			"rotation": {"angle": 0, "axis": "x", "origin": [6.5562, 26.97038, 7.88769]},
			"faces": {
				"north": {"uv": [9, 8.75, 9.25, 9], "texture": "#0"},
				"east": {"uv": [0, 0, 0.9, 2.3], "texture": "#0"},
				"south": {"uv": [0.25, 9.25, 0.5, 9.5], "texture": "#0"},
				"west": {"uv": [0.5, 9.25, 0.75, 9.5], "texture": "#0"},
				"up": {"uv": [1, 9.5, 0.75, 9.25], "texture": "#0"},
				"down": {"uv": [1.25, 9.25, 1, 9.5], "texture": "#0"}
			}
		},
		{
			"from": [6.72, 27.28, 7.7],
			"to": [7.12, 27.8, 8.16],
			"rotation": {"angle": 0, "axis": "x", "origin": [6.5562, 26.97038, 7.88769]},
			"faces": {
				"north": {"uv": [9, 8.75, 9.25, 9], "texture": "#0"},
				"east": {"uv": [0.5, 9.25, 0.75, 9.5], "texture": "#0"},
				"south": {"uv": [0.25, 9.25, 0.5, 9.5], "texture": "#0"},
				"west": {"uv": [0, 0, 0.9, 2.3], "texture": "#0"},
				"up": {"uv": [1, 9.5, 0.75, 9.25], "texture": "#0"},
				"down": {"uv": [0, 0, 1.375, 0.9], "texture": "#0"}
			}
		},
		{
			"from": [6.92, 27.68, 7.7],
			"to": [7.32, 28.4, 8.16],
			"rotation": {"angle": 0, "axis": "x", "origin": [6.5562, 26.97038, 7.88769]},
			"faces": {
				"north": {"uv": [9, 8.75, 9.25, 9], "texture": "#0"},
				"east": {"uv": [0.5, 9.25, 0.75, 9.5], "texture": "#0"},
				"south": {"uv": [0.25, 9.25, 0.5, 9.5], "texture": "#0"},
				"west": {"uv": [0.5, 9.25, 0.75, 9.5], "texture": "#0"},
				"up": {"uv": [1, 9.5, 0.75, 9.25], "texture": "#0"},
				"down": {"uv": [1.25, 9.25, 1, 9.5], "texture": "#0"}
			}
		},
		{
			"from": [7.12, 28.38, 7.7],
			"to": [7.52, 28.8, 8.16],
			"rotation": {"angle": 0, "axis": "x", "origin": [6.5562, 26.97038, 7.88769]},
			"faces": {
				"north": {"uv": [9, 8.75, 9.25, 9], "texture": "#0"},
				"east": {"uv": [0.5, 9.25, 0.75, 9.5], "texture": "#0"},
				"south": {"uv": [0.25, 9.25, 0.5, 9.5], "texture": "#0"},
				"west": {"uv": [0.5, 9.25, 0.75, 9.5], "texture": "#0"},
				"up": {"uv": [1, 9.5, 0.75, 9.25], "texture": "#0"},
				"down": {"uv": [1.25, 9.25, 1, 9.5], "texture": "#0"}
			}
		},
		{
			"from": [7.42, 28.78, 7.7],
			"to": [7.82, 29.5, 8.16],
			"rotation": {"angle": 0, "axis": "x", "origin": [6.5562, 26.97038, 7.88769]},
			"faces": {
				"north": {"uv": [9, 8.75, 9.25, 9], "texture": "#0"},
				"east": {"uv": [0.5, 9.25, 0.75, 9.5], "texture": "#0"},
				"south": {"uv": [0.25, 9.25, 0.5, 9.5], "texture": "#0"},
				"west": {"uv": [0.5, 9.25, 0.75, 9.5], "texture": "#0"},
				"up": {"uv": [1, 9.5, 0.75, 9.25], "texture": "#0"},
				"down": {"uv": [1.25, 9.25, 1, 9.5], "texture": "#0"}
			}
		},
		{
			"from": [7.12, 29.48, 7.7],
			"to": [7.62, 29.8, 8.16],
			"rotation": {"angle": 0, "axis": "x", "origin": [6.5562, 26.97038, 7.88769]},
			"faces": {
				"north": {"uv": [9, 8.75, 9.25, 9], "texture": "#0"},
				"east": {"uv": [0.5, 9.25, 0.75, 9.5], "texture": "#0"},
				"south": {"uv": [0.25, 9.25, 0.5, 9.5], "texture": "#0"},
				"west": {"uv": [0.5, 9.25, 0.75, 9.5], "texture": "#0"},
				"up": {"uv": [1, 9.5, 0.75, 9.25], "texture": "#0"},
				"down": {"uv": [1.25, 9.25, 1, 9.5], "texture": "#0"}
			}
		},
		{
			"from": [6.72, 29.78, 7.7],
			"to": [7.22, 30.1, 8.16],
			"rotation": {"angle": 0, "axis": "x", "origin": [6.5562, 26.97038, 7.88769]},
			"faces": {
				"north": {"uv": [9, 8.75, 9.25, 9], "texture": "#0"},
				"east": {"uv": [0.5, 9.25, 0.75, 9.5], "texture": "#0"},
				"south": {"uv": [0.25, 9.25, 0.5, 9.5], "texture": "#0"},
				"west": {"uv": [0, 0, 0.9, 2.3], "texture": "#0"},
				"up": {"uv": [1, 9.5, 0.75, 9.25], "texture": "#0"},
				"down": {"uv": [1.25, 9.25, 1, 9.5], "texture": "#0"}
			}
		},
		{
			"from": [3.38, 7.58, 6.5],
			"to": [9.56, 10.64, 9.32],
			"rotation": {"angle": 0, "axis": "x", "origin": [6.49425, 16.90282, 7.93721]},
			"faces": {
				"north": {"uv": [4, 3.25, 5.5, 4], "texture": "#0"},
				"east": {"uv": [4.5, 2.5, 5.25, 3.25], "texture": "#0"},
				"south": {"uv": [4, 3.25, 5.5, 4], "texture": "#0"},
				"west": {"uv": [6, 6, 6.75, 6.75], "texture": "#0"},
				"up": {"uv": [6, 1.75, 4.5, 1], "texture": "#0"},
				"down": {"uv": [6, 1.75, 4.5, 2.5], "texture": "#0"}
			}
		},
		{
			"from": [3.32, 10.64, 6.08],
			"to": [4.4, 11.12, 9.68],
			"rotation": {"angle": 0, "axis": "x", "origin": [6.49425, 16.90282, 7.93721]},
			"faces": {
				"north": {"uv": [8.75, 3, 9, 3.25], "texture": "#0"},
				"east": {"uv": [7, 0.75, 8, 1], "texture": "#0"},
				"south": {"uv": [8.75, 3, 9, 3.25], "texture": "#0"},
				"west": {"uv": [7, 4.5, 8, 4.75], "texture": "#0"},
				"up": {"uv": [7.25, 5.75, 7, 4.75], "texture": "#0"},
				"down": {"uv": [4.25, 7.25, 4, 8.25], "texture": "#0"}
			}
		},
		{
			"from": [8.5, 10.64, 6.08],
			"to": [9.58, 11.12, 9.68],
			"rotation": {"angle": 0, "axis": "x", "origin": [6.49425, 16.90282, 7.93721]},
			"faces": {
				"north": {"uv": [9, 3, 8.75, 3.25], "texture": "#0"},
				"east": {"uv": [8, 4.5, 7, 4.75], "texture": "#0"},
				"south": {"uv": [8.75, 3, 9, 3.25], "texture": "#0"},
				"west": {"uv": [8, 0.75, 7, 1], "texture": "#0"},
				"up": {"uv": [7, 5.75, 7.25, 4.75], "texture": "#0"},
				"down": {"uv": [4, 7.25, 4.25, 8.25], "texture": "#0"}
			}
		},
		{
			"from": [3.32, 11.12, 6.5],
			"to": [3.98, 11.6, 9.26],
			"rotation": {"angle": 0, "axis": "x", "origin": [6.49425, 16.90282, 7.93721]},
			"faces": {
				"north": {"uv": [8.75, 8.25, 9, 8.5], "texture": "#0"},
				"east": {"uv": [8, 0, 8.75, 0.25], "texture": "#0"},
				"south": {"uv": [8.75, 8.25, 9, 8.5], "texture": "#0"},
				"west": {"uv": [8, 0.75, 8.75, 1], "texture": "#0"},
				"up": {"uv": [5.5, 3.25, 5.25, 2.5], "texture": "#0"},
				"down": {"uv": [1, 8.25, 0.75, 9], "texture": "#0"}
			}
		},
		{
			"from": [8.92, 11.12, 6.5],
			"to": [9.58, 11.6, 9.26],
			"rotation": {"angle": 0, "axis": "x", "origin": [6.49425, 16.90282, 7.93721]},
			"faces": {
				"north": {"uv": [9, 8.25, 8.75, 8.5], "texture": "#0"},
				"east": {"uv": [8.75, 0.75, 8, 1], "texture": "#0"},
				"south": {"uv": [8.75, 8.25, 9, 8.5], "texture": "#0"},
				"west": {"uv": [8.75, 0, 8, 0.25], "texture": "#0"},
				"up": {"uv": [5.25, 3.25, 5.5, 2.5], "texture": "#0"},
				"down": {"uv": [0.75, 8.25, 1, 9], "texture": "#0"}
			}
		},
		{
			"from": [4.82, 10.28, 6.8],
			"to": [8.12, 15.8, 8.96],
			"rotation": {"angle": 0, "axis": "x", "origin": [6.49425, 16.90282, 7.93721]},
			"faces": {
				"north": {"uv": [3, 4.5, 3.75, 6], "texture": "#0"},
				"east": {"uv": [3, 6, 3.5, 7.5], "texture": "#0"},
				"south": {"uv": [3, 4.5, 3.75, 6], "texture": "#0"},
				"west": {"uv": [3, 6, 3.5, 7.5], "texture": "#0"},
				"up": {"uv": [3.75, 3, 3, 2.5], "texture": "#0"},
				"down": {"uv": [5.25, 4, 4.5, 4.5], "texture": "#0"}
			}
		},
		{
			"from": [3.5072, 15.4848, 6.176],
			"to": [9.4592, 21.36, 9.8816],
			"rotation": {"angle": 0, "axis": "x", "origin": [6.49425, 16.90282, 7.93721]},
			"faces": {
				"north": {"uv": [0, 0, 1.5, 1.5], "texture": "#0"},
				"east": {"uv": [0.5, 3, 1.5, 4.5], "texture": "#0"},
				"south": {"uv": [0, 1.5, 1.5, 3], "texture": "#0"},
				"west": {"uv": [3, 3, 4, 4.5], "texture": "#0"},
				"up": {"uv": [4, 2.5, 2.5, 1.5], "texture": "#0"},
				"down": {"uv": [5, 0, 3.5, 1], "texture": "#0"}
			}
		},
		{
			"from": [3.5072, 15.0048, 6.176],
			"to": [6.3872, 15.492, 9.8816],
			"rotation": {"angle": 0, "axis": "x", "origin": [6.49425, 16.90282, 7.93721]},
			"faces": {
				"north": {"uv": [8, 4.5, 8.75, 4.75], "texture": "#0"},
				"east": {"uv": [7.5, 7, 8.5, 7.25], "texture": "#0"},
				"south": {"uv": [8.25, 2.5, 9, 2.75], "texture": "#0"},
				"west": {"uv": [7.25, 7.75, 8.25, 8], "texture": "#0"},
				"up": {"uv": [5.75, 1, 5, 0], "texture": "#0"},
				"down": {"uv": [6.5, 0, 5.75, 1], "texture": "#0"}
			}
		},
		{
			"from": [6.6128, 15.0048, 6.176],
			"to": [9.4928, 15.492, 9.8816],
			"rotation": {"angle": 0, "axis": "x", "origin": [6.49425, 16.90282, 7.93721]},
			"faces": {
				"north": {"uv": [8.75, 4.5, 8, 4.75], "texture": "#0"},
				"east": {"uv": [8.25, 7.75, 7.25, 8], "texture": "#0"},
				"south": {"uv": [9, 2.5, 8.25, 2.75], "texture": "#0"},
				"west": {"uv": [8.5, 7, 7.5, 7.25], "texture": "#0"},
				"up": {"uv": [5, 1, 5.75, 0], "texture": "#0"},
				"down": {"uv": [5.75, 0, 6.5, 1], "texture": "#0"}
			}
		},
		{
			"from": [3.5072, 14.5248, 6.176],
			"to": [5.8112, 15.012, 9.8816],
			"rotation": {"angle": 0, "axis": "x", "origin": [6.49425, 16.90282, 7.93721]},
			"faces": {
				"north": {"uv": [8.5, 7, 9, 7.25], "texture": "#0"},
				"east": {"uv": [7.5, 4.25, 8.5, 4.5], "texture": "#0"},
				"south": {"uv": [8.5, 7.25, 9, 7.5], "texture": "#0"},
				"west": {"uv": [7.5, 6.75, 8.5, 7], "texture": "#0"},
				"up": {"uv": [2, 7.5, 1.5, 6.5], "texture": "#0"},
				"down": {"uv": [7, 0, 6.5, 1], "texture": "#0"}
			}
		},
		{
			"from": [7.1888, 14.5248, 6.176],
			"to": [9.4928, 15.012, 9.8816],
			"rotation": {"angle": 0, "axis": "x", "origin": [6.49425, 16.90282, 7.93721]},
			"faces": {
				"north": {"uv": [9, 7, 8.5, 7.25], "texture": "#0"},
				"east": {"uv": [8.5, 6.75, 7.5, 7], "texture": "#0"},
				"south": {"uv": [9, 7.25, 8.5, 7.5], "texture": "#0"},
				"west": {"uv": [8.5, 4.25, 7.5, 4.5], "texture": "#0"},
				"up": {"uv": [1.5, 7.5, 2, 6.5], "texture": "#0"},
				"down": {"uv": [6.5, 0, 7, 1], "texture": "#0"}
			}
		},
		{
			"from": [3.8912, 14.2368, 6.368],
			"to": [5.3312, 14.832, 9.6896],
			"rotation": {"angle": 0, "axis": "x", "origin": [6.49425, 16.90282, 7.93721]},
			"faces": {
				"north": {"uv": [0, 0, 1.375, 2.3], "texture": "#0"},
				"east": {"uv": [0, 0, 0.9, 2.3], "texture": "#0"},
				"south": {"uv": [0, 0, 1.375, 2.3], "texture": "#0"},
				"west": {"uv": [0, 0, 0.9, 2.3], "texture": "#0"},
				"up": {"uv": [0, 0, 1.375, 0.9], "texture": "#0"},
				"down": {"uv": [0, 0, 1.375, 0.9], "texture": "#0"}
			}
		},
		{
			"from": [7.6352, 14.2368, 6.368],
			"to": [9.0752, 14.832, 9.6896],
			"rotation": {"angle": 0, "axis": "x", "origin": [6.49425, 16.90282, 7.93721]},
			"faces": {
				"north": {"uv": [0, 0, 1.375, 2.3], "texture": "#0"},
				"east": {"uv": [0, 0, 0.9, 2.3], "texture": "#0"},
				"south": {"uv": [0, 0, 1.375, 2.3], "texture": "#0"},
				"west": {"uv": [0, 0, 0.9, 2.3], "texture": "#0"},
				"up": {"uv": [0, 0, 1.375, 0.9], "texture": "#0"},
				"down": {"uv": [0, 0, 1.375, 0.9], "texture": "#0"}
			}
		},
		{
			"from": [3.3912, 14.1368, 5.868],
			"to": [5.4312, 14.632, 9.9896],
			"rotation": {"angle": 0, "axis": "x", "origin": [6.49425, 16.90282, 7.93721]},
			"faces": {
				"north": {"uv": [8.5, 6.5, 9, 6.75], "texture": "#0"},
				"east": {"uv": [7, 5.75, 8, 6], "texture": "#0"},
				"south": {"uv": [8.5, 6.5, 9, 6.75], "texture": "#0"},
				"west": {"uv": [7, 6, 8, 6.25], "texture": "#0"},
				"up": {"uv": [6.5, 5.5, 6, 4.5], "texture": "#0"},
				"down": {"uv": [4.5, 6.25, 4, 7.25], "texture": "#0"}
			}
		},
		{
			"from": [7.5688, 14.1368, 5.868],
			"to": [9.6088, 14.632, 9.9896],
			"rotation": {"angle": 0, "axis": "x", "origin": [6.49425, 16.90282, 7.93721]},
			"faces": {
				"north": {"uv": [9, 6.5, 8.5, 6.75], "texture": "#0"},
				"east": {"uv": [8, 6, 7, 6.25], "texture": "#0"},
				"south": {"uv": [9, 6.5, 8.5, 6.75], "texture": "#0"},
				"west": {"uv": [8, 5.75, 7, 6], "texture": "#0"},
				"up": {"uv": [6, 5.5, 6.5, 4.5], "texture": "#0"},
				"down": {"uv": [4, 6.25, 4.5, 7.25], "texture": "#0"}
			}
		},
		{
			"from": [5.1912, 14.4368, 5.768],
			"to": [5.8312, 14.932, 10.0896],
			"rotation": {"angle": 0, "axis": "x", "origin": [6.49425, 16.90282, 7.93721]},
			"faces": {
				"north": {"uv": [0.75, 9, 1, 9.25], "texture": "#0"},
				"east": {"uv": [7, 6.25, 8, 6.5], "texture": "#0"},
				"south": {"uv": [0.75, 9, 1, 9.25], "rotation": 270, "texture": "#0"},
				"west": {"uv": [6, 7.25, 7, 7.5], "texture": "#0"},
				"up": {"uv": [4.5, 8.25, 4.25, 7.25], "texture": "#0"},
				"down": {"uv": [7.25, 7.25, 7, 8.25], "texture": "#0"}
			}
		},
		{
			"from": [7.1688, 14.4368, 5.768],
			"to": [7.8088, 14.932, 10.0896],
			"rotation": {"angle": 0, "axis": "x", "origin": [6.49425, 16.90282, 7.93721]},
			"faces": {
				"north": {"uv": [1, 9, 0.75, 9.25], "texture": "#0"},
				"east": {"uv": [7, 7.25, 6, 7.5], "texture": "#0"},
				"south": {"uv": [0.75, 9.25, 1, 9], "rotation": 270, "texture": "#0"},
				"west": {"uv": [8, 6.25, 7, 6.5], "texture": "#0"},
				"up": {"uv": [4.25, 8.25, 4.5, 7.25], "texture": "#0"},
				"down": {"uv": [7, 7.25, 7.25, 8.25], "texture": "#0"}
			}
		},
		{
			"from": [5.7912, 14.9368, 5.768],
			"to": [6.4312, 15.332, 10.0896],
			"rotation": {"angle": 0, "axis": "x", "origin": [6.49425, 16.90282, 7.93721]},
			"faces": {
				"north": {"uv": [2.75, 9, 3, 9.25], "texture": "#0"},
				"east": {"uv": [7.25, 7.25, 8.25, 7.5], "texture": "#0"},
				"south": {"uv": [2.75, 9, 3, 9.25], "rotation": 90, "texture": "#0"},
				"west": {"uv": [7.25, 1.5, 8.25, 1.75], "texture": "#0"},
				"up": {"uv": [7.5, 2.75, 7.25, 1.75], "texture": "#0"},
				"down": {"uv": [7.5, 2.75, 7.25, 3.75], "texture": "#0"}
			}
		},
		{
			"from": [6.5688, 14.9368, 5.768],
			"to": [7.2088, 15.332, 10.0896],
			"rotation": {"angle": 0, "axis": "x", "origin": [6.49425, 16.90282, 7.93721]},
			"faces": {
				"north": {"uv": [3, 9, 2.75, 9.25], "texture": "#0"},
				"east": {"uv": [8.25, 1.5, 7.25, 1.75], "texture": "#0"},
				"south": {"uv": [2.75, 9.25, 3, 9], "rotation": 90, "texture": "#0"},
				"west": {"uv": [8.25, 7.25, 7.25, 7.5], "texture": "#0"},
				"up": {"uv": [7.25, 2.75, 7.5, 1.75], "texture": "#0"},
				"down": {"uv": [7.25, 2.75, 7.5, 3.75], "texture": "#0"}
			}
		},
		{
			"from": [6.2912, 15.3368, 5.768],
			"to": [6.7312, 21.632, 10.0896],
			"rotation": {"angle": 0, "axis": "x", "origin": [6.49425, 16.90282, 7.93721]},
			"faces": {
				"north": {"uv": [6.5, 4.5, 6.75, 6], "texture": "#0"},
				"east": {"uv": [1.5, 0, 2.5, 1.5], "texture": "#0"},
				"south": {"uv": [6.5, 4.5, 6.75, 6], "texture": "#0"},
				"west": {"uv": [2.5, 0, 3.5, 1.5], "texture": "#0"},
				"up": {"uv": [7.5, 5.75, 7.25, 4.75], "texture": "#0"},
				"down": {"uv": [1.75, 7.5, 1.5, 8.5], "texture": "#0"}
			}
		},
		{
			"from": [5.6912, 16.5368, 5.768],
			"to": [6.3312, 16.932, 10.0896],
			"rotation": {"angle": 0, "axis": "x", "origin": [6.49425, 16.90282, 7.93721]},
			"faces": {
				"north": {"uv": [4.5, 9, 4.75, 9.25], "texture": "#0"},
				"east": {"uv": [7.25, 3.75, 8.25, 4], "texture": "#0"},
				"south": {"uv": [4.5, 9, 4.75, 9.25], "rotation": 90, "texture": "#0"},
				"west": {"uv": [6, 7.5, 7, 7.75], "texture": "#0"},
				"up": {"uv": [2, 8.5, 1.75, 7.5], "texture": "#0"},
				"down": {"uv": [3.25, 7.5, 3, 8.5], "texture": "#0"}
			}
		},
		{
			"from": [6.6688, 16.2368, 5.768],
			"to": [7.3088, 16.632, 10.0896],
			"rotation": {"angle": 0, "axis": "x", "origin": [6.49425, 16.90282, 7.93721]},
			"faces": {
				"north": {"uv": [4.75, 9, 4.5, 9.25], "texture": "#0"},
				"east": {"uv": [7, 7.5, 6, 7.75], "texture": "#0"},
				"south": {"uv": [4.5, 9.25, 4.75, 9], "rotation": 90, "texture": "#0"},
				"west": {"uv": [8.25, 3.75, 7.25, 4], "texture": "#0"},
				"up": {"uv": [1.75, 8.5, 2, 7.5], "texture": "#0"},
				"down": {"uv": [3, 7.5, 3.25, 8.5], "texture": "#0"}
			}
		},
		{
			"from": [4.7912, 16.1368, 5.768],
			"to": [5.7312, 16.532, 10.0896],
			"rotation": {"angle": 0, "axis": "x", "origin": [6.49425, 16.90282, 7.93721]},
			"faces": {
				"north": {"uv": [5, 9, 5.25, 9.25], "texture": "#0"},
				"east": {"uv": [7.25, 7.5, 8.25, 7.75], "texture": "#0"},
				"south": {"uv": [5, 9, 5.25, 9.25], "rotation": 90, "texture": "#0"},
				"west": {"uv": [7.5, 0.25, 8.5, 0.5], "texture": "#0"},
				"up": {"uv": [3.5, 8.5, 3.25, 7.5], "texture": "#0"},
				"down": {"uv": [7.75, 1.75, 7.5, 2.75], "texture": "#0"}
			}
		},
		{
			"from": [7.2688, 16.4368, 5.768],
			"to": [8.2088, 16.832, 10.0896],
			"rotation": {"angle": 0, "axis": "x", "origin": [6.49425, 16.90282, 7.93721]},
			"faces": {
				"north": {"uv": [5.25, 9, 5, 9.25], "texture": "#0"},
				"east": {"uv": [8.5, 0.25, 7.5, 0.5], "texture": "#0"},
				"south": {"uv": [5, 9.25, 5.25, 9], "rotation": 90, "texture": "#0"},
				"west": {"uv": [8.25, 7.5, 7.25, 7.75], "texture": "#0"},
				"up": {"uv": [3.25, 8.5, 3.5, 7.5], "texture": "#0"},
				"down": {"uv": [7.5, 1.75, 7.75, 2.75], "texture": "#0"}
			}
		},
		{
			"from": [3.8912, 15.8368, 5.768],
			"to": [4.8312, 16.232, 10.0896],
			"rotation": {"angle": 0, "axis": "x", "origin": [6.49425, 16.90282, 7.93721]},
			"faces": {
				"north": {"uv": [5.75, 9, 6, 9.25], "texture": "#0"},
				"east": {"uv": [7.5, 0.5, 8.5, 0.75], "texture": "#0"},
				"south": {"uv": [5.75, 9, 6, 9.25], "texture": "#0"},
				"west": {"uv": [7.5, 1, 8.5, 1.25], "texture": "#0"},
				"up": {"uv": [7.75, 3.75, 7.5, 2.75], "texture": "#0"},
				"down": {"uv": [7.75, 4.75, 7.5, 5.75], "texture": "#0"}
			}
		},
		{
			"from": [8.1688, 16.4368, 5.768],
			"to": [9.1088, 16.832, 10.0896],
			"rotation": {"angle": 0, "axis": "x", "origin": [6.49425, 16.90282, 7.93721]},
			"faces": {
				"north": {"uv": [6, 9, 5.75, 9.25], "texture": "#0"},
				"east": {"uv": [8.5, 1, 7.5, 1.25], "texture": "#0"},
				"south": {"uv": [6, 9, 5.75, 9.25], "texture": "#0"},
				"west": {"uv": [8.5, 0.5, 7.5, 0.75], "texture": "#0"},
				"up": {"uv": [7.5, 3.75, 7.75, 2.75], "texture": "#0"},
				"down": {"uv": [7.5, 4.75, 7.75, 5.75], "texture": "#0"}
			}
		},
		{
			"from": [3.3912, 16.1368, 5.768],
			"to": [3.9312, 16.532, 10.0896],
			"rotation": {"angle": 0, "axis": "x", "origin": [6.49425, 16.90282, 7.93721]},
			"faces": {
				"north": {"uv": [6.25, 9, 6.5, 9.25], "texture": "#0"},
				"east": {"uv": [7.5, 1.25, 8.5, 1.5], "texture": "#0"},
				"south": {"uv": [6.25, 9, 6.5, 9.25], "texture": "#0"},
				"west": {"uv": [7.5, 4, 8.5, 4.25], "texture": "#0"},
				"up": {"uv": [6.25, 8.75, 6, 7.75], "texture": "#0"},
				"down": {"uv": [6.5, 7.75, 6.25, 8.75], "texture": "#0"}
			}
		},
		{
			"from": [9.0688, 16.1368, 5.768],
			"to": [9.6088, 16.532, 10.0896],
			"rotation": {"angle": 0, "axis": "x", "origin": [6.49425, 16.90282, 7.93721]},
			"faces": {
				"north": {"uv": [6.5, 9, 6.25, 9.25], "texture": "#0"},
				"east": {"uv": [8.5, 4, 7.5, 4.25], "texture": "#0"},
				"south": {"uv": [6.5, 9, 6.25, 9.25], "texture": "#0"},
				"west": {"uv": [8.5, 1.25, 7.5, 1.5], "texture": "#0"},
				"up": {"uv": [6, 8.75, 6.25, 7.75], "texture": "#0"},
				"down": {"uv": [6.25, 7.75, 6.5, 8.75], "texture": "#0"}
			}
		},
		{
			"from": [3.3912, 17.3368, 5.768],
			"to": [4.2312, 17.732, 10.0896],
			"rotation": {"angle": 0, "axis": "x", "origin": [6.49425, 16.90282, 7.93721]},
			"faces": {
				"north": {"uv": [6.25, 9, 6.5, 9.25], "texture": "#0"},
				"east": {"uv": [7.25, 7.5, 8.25, 7.75], "texture": "#0"},
				"south": {"uv": [6.25, 9, 6.5, 9.25], "texture": "#0"},
				"west": {"uv": [7, 6, 8, 6.25], "texture": "#0"},
				"up": {"uv": [6.25, 8.75, 6, 7.75], "texture": "#0"},
				"down": {"uv": [6.5, 7.75, 6.25, 8.75], "texture": "#0"}
			}
		},
		{
			"from": [8.7688, 17.3368, 5.768],
			"to": [9.6088, 17.732, 10.0896],
			"rotation": {"angle": 0, "axis": "x", "origin": [6.49425, 16.90282, 7.93721]},
			"faces": {
				"north": {"uv": [6.5, 9, 6.25, 9.25], "texture": "#0"},
				"east": {"uv": [8, 6, 7, 6.25], "texture": "#0"},
				"south": {"uv": [6.5, 9, 6.25, 9.25], "texture": "#0"},
				"west": {"uv": [8.25, 7.5, 7.25, 7.75], "texture": "#0"},
				"up": {"uv": [6, 8.75, 6.25, 7.75], "texture": "#0"},
				"down": {"uv": [6.25, 7.75, 6.5, 8.75], "texture": "#0"}
			}
		},
		{
			"from": [4.0912, 17.5368, 5.768],
			"to": [5.0312, 17.932, 10.0896],
			"rotation": {"angle": 0, "axis": "x", "origin": [6.49425, 16.90282, 7.93721]},
			"faces": {
				"north": {"uv": [5.75, 9, 6, 9.25], "texture": "#0"},
				"east": {"uv": [7.25, 7.5, 8.25, 7.75], "texture": "#0"},
				"south": {"uv": [5.75, 9, 6, 9.25], "texture": "#0"},
				"west": {"uv": [7.5, 1, 8.5, 1.25], "texture": "#0"},
				"up": {"uv": [7.75, 3.75, 7.5, 2.75], "texture": "#0"},
				"down": {"uv": [7.75, 4.75, 7.5, 5.75], "texture": "#0"}
			}
		},
		{
			"from": [7.9688, 17.5368, 5.768],
			"to": [8.9088, 17.932, 10.0896],
			"rotation": {"angle": 0, "axis": "x", "origin": [6.49425, 16.90282, 7.93721]},
			"faces": {
				"north": {"uv": [6, 9, 5.75, 9.25], "texture": "#0"},
				"east": {"uv": [8.5, 1, 7.5, 1.25], "texture": "#0"},
				"south": {"uv": [6, 9, 5.75, 9.25], "texture": "#0"},
				"west": {"uv": [8.25, 7.5, 7.25, 7.75], "texture": "#0"},
				"up": {"uv": [7.5, 3.75, 7.75, 2.75], "texture": "#0"},
				"down": {"uv": [7.5, 4.75, 7.75, 5.75], "texture": "#0"}
			}
		},
		{
			"from": [4.7912, 17.9368, 5.768],
			"to": [5.7312, 18.332, 10.0896],
			"rotation": {"angle": 0, "axis": "x", "origin": [6.49425, 16.90282, 7.93721]},
			"faces": {
				"north": {"uv": [5, 9, 5.25, 9.25], "texture": "#0"},
				"east": {"uv": [7.25, 7.5, 8.25, 7.75], "texture": "#0"},
				"south": {"uv": [5, 9, 5.25, 9.25], "rotation": 90, "texture": "#0"},
				"west": {"uv": [7.5, 0.25, 8.5, 0.5], "texture": "#0"},
				"up": {"uv": [3.5, 8.5, 3.25, 7.5], "texture": "#0"},
				"down": {"uv": [7.75, 1.75, 7.5, 2.75], "texture": "#0"}
			}
		},
		{
			"from": [7.2688, 17.9368, 5.768],
			"to": [8.2088, 18.332, 10.0896],
			"rotation": {"angle": 0, "axis": "x", "origin": [6.49425, 16.90282, 7.93721]},
			"faces": {
				"north": {"uv": [5.25, 9, 5, 9.25], "texture": "#0"},
				"east": {"uv": [8.5, 0.25, 7.5, 0.5], "texture": "#0"},
				"south": {"uv": [5, 9.25, 5.25, 9], "rotation": 90, "texture": "#0"},
				"west": {"uv": [8.25, 7.5, 7.25, 7.75], "texture": "#0"},
				"up": {"uv": [3.25, 8.5, 3.5, 7.5], "texture": "#0"},
				"down": {"uv": [7.5, 1.75, 7.75, 2.75], "texture": "#0"}
			}
		},
		{
			"from": [5.6912, 18.0368, 5.768],
			"to": [6.3312, 18.432, 10.0896],
			"rotation": {"angle": 0, "axis": "x", "origin": [6.49425, 16.90282, 7.93721]},
			"faces": {
				"north": {"uv": [4.5, 9, 4.75, 9.25], "texture": "#0"},
				"east": {"uv": [0, 0, 0.9, 2.3], "texture": "#0"},
				"south": {"uv": [4.5, 9, 4.75, 9.25], "rotation": 90, "texture": "#0"},
				"west": {"uv": [6, 7.5, 7, 7.75], "texture": "#0"},
				"up": {"uv": [2, 8.5, 1.75, 7.5], "texture": "#0"},
				"down": {"uv": [3.25, 7.5, 3, 8.5], "texture": "#0"}
			}
		},
		{
			"from": [6.6688, 17.7368, 5.768],
			"to": [7.3088, 18.132, 10.0896],
			"rotation": {"angle": 0, "axis": "x", "origin": [6.49425, 16.90282, 7.93721]},
			"faces": {
				"north": {"uv": [4.75, 9, 4.5, 9.25], "texture": "#0"},
				"east": {"uv": [7, 7.5, 6, 7.75], "texture": "#0"},
				"south": {"uv": [4.5, 9.25, 4.75, 9], "rotation": 90, "texture": "#0"},
				"west": {"uv": [0.9, 0, 0, 2.3], "texture": "#0"},
				"up": {"uv": [1.75, 8.5, 2, 7.5], "texture": "#0"},
				"down": {"uv": [3, 7.5, 3.25, 8.5], "texture": "#0"}
			}
		},
		{
			"from": [3.3912, 19.1368, 5.768],
			"to": [3.9312, 19.532, 10.0896],
			"rotation": {"angle": 0, "axis": "x", "origin": [6.49425, 16.90282, 7.93721]},
			"faces": {
				"north": {"uv": [6.25, 9, 6.5, 9.25], "texture": "#0"},
				"east": {"uv": [7.25, 7.5, 8.25, 7.75], "texture": "#0"},
				"south": {"uv": [6.25, 9, 6.5, 9.25], "texture": "#0"},
				"west": {"uv": [7, 6, 8, 6.25], "texture": "#0"},
				"up": {"uv": [6.25, 8.75, 6, 7.75], "texture": "#0"},
				"down": {"uv": [6.5, 7.75, 6.25, 8.75], "texture": "#0"}
			}
		},
		{
			"from": [9.0688, 18.7368, 5.768],
			"to": [9.6088, 19.132, 10.0896],
			"rotation": {"angle": 0, "axis": "x", "origin": [6.49425, 16.90282, 7.93721]},
			"faces": {
				"north": {"uv": [6.5, 9, 6.25, 9.25], "texture": "#0"},
				"east": {"uv": [8, 6, 7, 6.25], "texture": "#0"},
				"south": {"uv": [6.5, 9, 6.25, 9.25], "texture": "#0"},
				"west": {"uv": [8.25, 7.5, 7.25, 7.75], "texture": "#0"},
				"up": {"uv": [6, 8.75, 6.25, 7.75], "texture": "#0"},
				"down": {"uv": [6.25, 7.75, 6.5, 8.75], "texture": "#0"}
			}
		},
		{
			"from": [3.8912, 18.8368, 5.768],
			"to": [4.8312, 19.232, 10.0896],
			"rotation": {"angle": 0, "axis": "x", "origin": [6.49425, 16.90282, 7.93721]},
			"faces": {
				"north": {"uv": [5.75, 9, 6, 9.25], "texture": "#0"},
				"east": {"uv": [7.25, 7.5, 8.25, 7.75], "texture": "#0"},
				"south": {"uv": [5.75, 9, 6, 9.25], "texture": "#0"},
				"west": {"uv": [7.5, 1, 8.5, 1.25], "texture": "#0"},
				"up": {"uv": [7.75, 3.75, 7.5, 2.75], "texture": "#0"},
				"down": {"uv": [7.75, 4.75, 7.5, 5.75], "texture": "#0"}
			}
		},
		{
			"from": [8.1688, 19.1368, 5.768],
			"to": [9.1088, 19.532, 10.0896],
			"rotation": {"angle": 0, "axis": "x", "origin": [6.49425, 16.90282, 7.93721]},
			"faces": {
				"north": {"uv": [6, 9, 5.75, 9.25], "texture": "#0"},
				"east": {"uv": [8.5, 1, 7.5, 1.25], "texture": "#0"},
				"south": {"uv": [6, 9, 5.75, 9.25], "texture": "#0"},
				"west": {"uv": [8.25, 7.5, 7.25, 7.75], "texture": "#0"},
				"up": {"uv": [7.5, 3.75, 7.75, 2.75], "texture": "#0"},
				"down": {"uv": [7.5, 4.75, 7.75, 5.75], "texture": "#0"}
			}
		},
		{
			"from": [4.7912, 19.1368, 5.768],
			"to": [5.7312, 19.532, 10.0896],
			"rotation": {"angle": 0, "axis": "x", "origin": [6.49425, 16.90282, 7.93721]},
			"faces": {
				"north": {"uv": [5, 9, 5.25, 9.25], "texture": "#0"},
				"east": {"uv": [7.25, 7.5, 8.25, 7.75], "texture": "#0"},
				"south": {"uv": [5, 9, 5.25, 9.25], "rotation": 90, "texture": "#0"},
				"west": {"uv": [7.5, 0.25, 8.5, 0.5], "texture": "#0"},
				"up": {"uv": [7.75, 3.75, 7.5, 2.75], "texture": "#0"},
				"down": {"uv": [7.75, 1.75, 7.5, 2.75], "texture": "#0"}
			}
		},
		{
			"from": [7.2688, 19.1368, 5.768],
			"to": [8.2088, 19.532, 10.0896],
			"rotation": {"angle": 0, "axis": "x", "origin": [6.49425, 16.90282, 7.93721]},
			"faces": {
				"north": {"uv": [5.25, 9, 5, 9.25], "texture": "#0"},
				"east": {"uv": [8.5, 0.25, 7.5, 0.5], "texture": "#0"},
				"south": {"uv": [5, 9.25, 5.25, 9], "rotation": 90, "texture": "#0"},
				"west": {"uv": [8.25, 7.5, 7.25, 7.75], "texture": "#0"},
				"up": {"uv": [7.5, 3.75, 7.75, 2.75], "texture": "#0"},
				"down": {"uv": [7.5, 1.75, 7.75, 2.75], "texture": "#0"}
			}
		},
		{
			"from": [5.6912, 19.5368, 5.768],
			"to": [6.3312, 19.932, 10.0896],
			"rotation": {"angle": 0, "axis": "x", "origin": [6.49425, 16.90282, 7.93721]},
			"faces": {
				"north": {"uv": [4.5, 9, 4.75, 9.25], "texture": "#0"},
				"east": {"uv": [0, 0, 0.9, 2.3], "texture": "#0"},
				"south": {"uv": [4.5, 9, 4.75, 9.25], "rotation": 90, "texture": "#0"},
				"west": {"uv": [6, 7.5, 7, 7.75], "texture": "#0"},
				"up": {"uv": [2, 8.5, 1.75, 7.5], "texture": "#0"},
				"down": {"uv": [3.25, 7.5, 3, 8.5], "texture": "#0"}
			}
		},
		{
			"from": [6.6688, 19.5368, 5.768],
			"to": [7.3088, 19.932, 10.0896],
			"rotation": {"angle": 0, "axis": "x", "origin": [6.49425, 16.90282, 7.93721]},
			"faces": {
				"north": {"uv": [4.75, 9, 4.5, 9.25], "texture": "#0"},
				"east": {"uv": [7, 7.5, 6, 7.75], "texture": "#0"},
				"south": {"uv": [4.5, 9.25, 4.75, 9], "rotation": 90, "texture": "#0"},
				"west": {"uv": [0.9, 0, 0, 2.3], "texture": "#0"},
				"up": {"uv": [1.75, 8.5, 2, 7.5], "texture": "#0"},
				"down": {"uv": [3, 7.5, 3.25, 8.5], "texture": "#0"}
			}
		},
		{
			"from": [3.3912, 20.8368, 5.768],
			"to": [3.9312, 21.432, 10.0896],
			"rotation": {"angle": 0, "axis": "x", "origin": [6.49425, 16.90282, 7.93721]},
			"faces": {
				"north": {"uv": [6.25, 9, 6.5, 9.25], "texture": "#0"},
				"east": {"uv": [7.25, 7.5, 8.25, 7.75], "texture": "#0"},
				"south": {"uv": [6.25, 9, 6.5, 9.25], "texture": "#0"},
				"west": {"uv": [7, 6, 8, 6.25], "texture": "#0"},
				"up": {"uv": [6.25, 8.75, 6, 7.75], "texture": "#0"},
				"down": {"uv": [6.5, 7.75, 6.25, 8.75], "texture": "#0"}
			}
		},
		{
			"from": [9.0688, 20.8368, 5.768],
			"to": [9.6088, 21.432, 10.0896],
			"rotation": {"angle": 0, "axis": "x", "origin": [6.49425, 16.90282, 7.93721]},
			"faces": {
				"north": {"uv": [6.5, 9, 6.25, 9.25], "texture": "#0"},
				"east": {"uv": [8, 6, 7, 6.25], "texture": "#0"},
				"south": {"uv": [6.5, 9, 6.25, 9.25], "texture": "#0"},
				"west": {"uv": [8.25, 7.5, 7.25, 7.75], "texture": "#0"},
				"up": {"uv": [6, 8.75, 6.25, 7.75], "texture": "#0"},
				"down": {"uv": [6.25, 7.75, 6.5, 8.75], "texture": "#0"}
			}
		},
		{
			"from": [3.8912, 20.5368, 5.768],
			"to": [4.8312, 20.932, 10.0896],
			"rotation": {"angle": 0, "axis": "x", "origin": [6.49425, 16.90282, 7.93721]},
			"faces": {
				"north": {"uv": [5.75, 9, 6, 9.25], "texture": "#0"},
				"east": {"uv": [7.25, 7.5, 8.25, 7.75], "texture": "#0"},
				"south": {"uv": [5.75, 9, 6, 9.25], "texture": "#0"},
				"west": {"uv": [7.5, 1, 8.5, 1.25], "texture": "#0"},
				"up": {"uv": [7.75, 3.75, 7.5, 2.75], "texture": "#0"},
				"down": {"uv": [7.75, 4.75, 7.5, 5.75], "texture": "#0"}
			}
		},
		{
			"from": [8.1688, 20.5368, 5.768],
			"to": [9.1088, 20.932, 10.0896],
			"rotation": {"angle": 0, "axis": "x", "origin": [6.49425, 16.90282, 7.93721]},
			"faces": {
				"north": {"uv": [6, 9, 5.75, 9.25], "texture": "#0"},
				"east": {"uv": [8.5, 1, 7.5, 1.25], "texture": "#0"},
				"south": {"uv": [6, 9, 5.75, 9.25], "texture": "#0"},
				"west": {"uv": [8.25, 7.5, 7.25, 7.75], "texture": "#0"},
				"up": {"uv": [7.5, 3.75, 7.75, 2.75], "texture": "#0"},
				"down": {"uv": [7.5, 4.75, 7.75, 5.75], "texture": "#0"}
			}
		},
		{
			"from": [4.7912, 20.8368, 5.768],
			"to": [5.7312, 21.232, 10.0896],
			"rotation": {"angle": 0, "axis": "x", "origin": [6.49425, 16.90282, 7.93721]},
			"faces": {
				"north": {"uv": [5, 9, 5.25, 9.25], "texture": "#0"},
				"east": {"uv": [7.25, 7.5, 8.25, 7.75], "texture": "#0"},
				"south": {"uv": [5, 9, 5.25, 9.25], "rotation": 90, "texture": "#0"},
				"west": {"uv": [7.5, 0.25, 8.5, 0.5], "texture": "#0"},
				"up": {"uv": [7.75, 3.75, 7.5, 2.75], "texture": "#0"},
				"down": {"uv": [7.75, 1.75, 7.5, 2.75], "texture": "#0"}
			}
		},
		{
			"from": [7.2688, 20.8368, 5.768],
			"to": [8.2088, 21.232, 10.0896],
			"rotation": {"angle": 0, "axis": "x", "origin": [6.49425, 16.90282, 7.93721]},
			"faces": {
				"north": {"uv": [5.25, 9, 5, 9.25], "texture": "#0"},
				"east": {"uv": [8.5, 0.25, 7.5, 0.5], "texture": "#0"},
				"south": {"uv": [5, 9.25, 5.25, 9], "rotation": 90, "texture": "#0"},
				"west": {"uv": [8.25, 7.5, 7.25, 7.75], "texture": "#0"},
				"up": {"uv": [7.5, 3.75, 7.75, 2.75], "texture": "#0"},
				"down": {"uv": [7.5, 1.75, 7.75, 2.75], "texture": "#0"}
			}
		},
		{
			"from": [5.6912, 21.2368, 5.768],
			"to": [6.3312, 21.632, 10.0896],
			"rotation": {"angle": 0, "axis": "x", "origin": [6.49425, 16.90282, 7.93721]},
			"faces": {
				"north": {"uv": [4.5, 9, 4.75, 9.25], "texture": "#0"},
				"east": {"uv": [0, 0, 0.9, 2.3], "texture": "#0"},
				"south": {"uv": [4.5, 9, 4.75, 9.25], "rotation": 90, "texture": "#0"},
				"west": {"uv": [7, 6, 8, 6.25], "texture": "#0"},
				"up": {"uv": [2, 8.5, 1.75, 7.5], "texture": "#0"},
				"down": {"uv": [3.25, 7.5, 3, 8.5], "texture": "#0"}
			}
		},
		{
			"from": [6.6688, 21.2368, 5.768],
			"to": [7.3088, 21.632, 10.0896],
			"rotation": {"angle": 0, "axis": "x", "origin": [6.49425, 16.90282, 7.93721]},
			"faces": {
				"north": {"uv": [4.75, 9, 4.5, 9.25], "texture": "#0"},
				"east": {"uv": [8, 6, 7, 6.25], "texture": "#0"},
				"south": {"uv": [4.5, 9.25, 4.75, 9], "rotation": 90, "texture": "#0"},
				"west": {"uv": [0.9, 0, 0, 2.3], "texture": "#0"},
				"up": {"uv": [1.75, 8.5, 2, 7.5], "texture": "#0"},
				"down": {"uv": [3, 7.5, 3.25, 8.5], "texture": "#0"}
			}
		},
		{
			"from": [10.2, 8.15959, 7.42799],
			"to": [11.3, 20.85959, 8.52799],
			"rotation": {"angle": 0, "axis": "x", "origin": [10.68241, 20.11054, 3.16139]},
			"faces": {
				"north": {"uv": [5.75, 5.5, 5.5, 8.75], "texture": "#0"},
				"east": {"uv": [0.5, 6, 0.25, 9.25], "texture": "#0"},
				"south": {"uv": [5.5, 5.5, 5.75, 8.75], "texture": "#0"},
				"west": {"uv": [6, 5.75, 5.75, 9], "texture": "#0"},
				"up": {"uv": [6.75, 9.25, 7, 9], "texture": "#0"},
				"down": {"uv": [7, 9, 7.25, 9.25], "texture": "#0"}
			}
		},
		{
			"from": [9.2, 20.35959, 6.92799],
			"to": [10.8, 21.95959, 8.82799],
			"rotation": {"angle": 0, "axis": "x", "origin": [10.68241, 20.11054, 3.16139]},
			"faces": {
				"north": {"uv": [7, 7.75, 6.5, 8.25], "texture": "#0"},
				"east": {"uv": [8.25, 2.75, 7.75, 3.25], "texture": "#0"},
				"south": {"uv": [6.5, 7.75, 7, 8.25], "texture": "#0"},
				"west": {"uv": [6.5, 7.75, 7, 8.25], "texture": "#0"},
				"up": {"uv": [6.5, 7.75, 7, 8.25], "texture": "#0"},
				"down": {"uv": [7.75, 4.75, 8.25, 5.25], "texture": "#0"}
			}
		},
		{
			"from": [10, 2.03977, 8.06742],
			"to": [11.5, 3.53977, 8.76742],
			"rotation": {"angle": -22.5, "axis": "x", "origin": [10.68241, 3.51054, -4.43861]},
			"faces": {
				"north": {"uv": [3, 8.75, 3.25, 9.25], "rotation": 180, "texture": "#0"},
				"east": {"uv": [9, 7.75, 8.5, 8], "rotation": 270, "texture": "#0"},
				"south": {"uv": [0.5, 9.25, 0.75, 8.75], "texture": "#0"},
				"west": {"uv": [9, 7.5, 8.5, 7.75], "rotation": 90, "texture": "#0"},
				"up": {"uv": [8.25, 9, 8, 9.25], "rotation": 180, "texture": "#0"},
				"down": {"uv": [8.5, 9, 8.25, 9.25], "texture": "#0"}
			}
		},
		{
			"from": [10.2, 2.23977, 7.56742],
			"to": [11.3, 3.33977, 8.06742],
			"rotation": {"angle": -22.5, "axis": "x", "origin": [10.68241, 3.51054, -4.43861]},
			"faces": {
				"north": {"uv": [9, 0.5, 9.25, 0.75], "rotation": 180, "texture": "#0"},
				"east": {"uv": [9.25, 0, 9, 0.25], "rotation": 270, "texture": "#0"},
				"south": {"uv": [9, 0.5, 9.25, 0.25], "texture": "#0"},
				"west": {"uv": [9, 9, 8.75, 9.25], "rotation": 90, "texture": "#0"},
				"up": {"uv": [8.75, 9, 8.5, 9.25], "rotation": 180, "texture": "#0"},
				"down": {"uv": [9.25, 9, 9, 9.25], "texture": "#0"}
			}
		},
		{
			"from": [11, 2.23977, -4.33258],
			"to": [11.5, 3.33977, 8.16742],
			"rotation": {"angle": -22.5, "axis": "x", "origin": [10.68241, 3.51054, -4.43861]},
			"faces": {
				"north": {"uv": [9, 1, 9.25, 1.25], "rotation": 180, "texture": "#0"},
				"east": {"uv": [5, 5.25, 4.75, 8.75], "rotation": 270, "texture": "#0"},
				"south": {"uv": [9, 1, 9.25, 0.75], "texture": "#0"},
				"west": {"uv": [2.5, 5, 2.25, 8.5], "rotation": 90, "texture": "#0"},
				"up": {"uv": [4, 4.5, 3.75, 8], "rotation": 180, "texture": "#0"},
				"down": {"uv": [4.75, 5.25, 4.5, 8.75], "texture": "#0"}
			}
		},
		{
			"from": [9.9, 2.23977, -4.33258],
			"to": [10.4, 3.33977, 8.16742],
			"rotation": {"angle": -22.5, "axis": "x", "origin": [10.68241, 3.51054, -4.43861]},
			"faces": {
				"north": {"uv": [9, 1.5, 9.25, 1.75], "rotation": 180, "texture": "#0"},
				"east": {"uv": [3, 5.5, 2.75, 9], "rotation": 270, "texture": "#0"},
				"south": {"uv": [9, 1.5, 9.25, 1.25], "texture": "#0"},
				"west": {"uv": [5.5, 5.25, 5.25, 8.75], "rotation": 90, "texture": "#0"},
				"up": {"uv": [5.25, 5.25, 5, 8.75], "rotation": 180, "texture": "#0"},
				"down": {"uv": [2.75, 5.5, 2.5, 9], "texture": "#0"}
			}
		},
		{
			"from": [9.51944, 1.87033, -6.43258],
			"to": [11.01944, 3.87033, -4.33258],
			"rotation": {"angle": -22.5, "axis": "x", "origin": [10.68241, 3.51054, -4.43861]},
			"faces": {
				"north": {"uv": [8, 5.75, 8.5, 6.25], "rotation": 90, "texture": "#0"},
				"east": {"uv": [8.25, 5.25, 7.75, 5.75], "rotation": 270, "texture": "#0"},
				"south": {"uv": [7.75, 8.5, 8.25, 8], "rotation": 90, "texture": "#0"},
				"west": {"uv": [4, 8, 3.5, 8.5], "rotation": 90, "texture": "#0"},
				"up": {"uv": [1.5, 8, 1, 8.5], "rotation": 180, "texture": "#0"},
				"down": {"uv": [7.75, 8, 7.25, 8.5], "texture": "#0"}
			}
		},
		{
			"from": [9.51944, 1.57033, -7.93258],
			"to": [11.01944, 4.17033, -6.43258],
			"rotation": {"angle": -22.5, "axis": "x", "origin": [10.68241, 3.51054, -4.43861]},
			"faces": {
				"north": {"uv": [6.75, 1, 7.5, 1.5], "rotation": 90, "texture": "#0"},
				"east": {"uv": [6, 4, 5.25, 4.5], "rotation": 270, "texture": "#0"},
				"south": {"uv": [6.75, 7.25, 7.5, 6.75], "rotation": 90, "texture": "#0"},
				"west": {"uv": [6.75, 6.75, 6, 7.25], "rotation": 90, "texture": "#0"},
				"up": {"uv": [8.5, 6.25, 8, 6.75], "rotation": 180, "texture": "#0"},
				"down": {"uv": [4.5, 8.25, 4, 8.75], "texture": "#0"}
			}
		},
		{
			"from": [9.61944, 4.27033, -8.73258],
			"to": [10.31944, 4.67033, -7.33258],
			"rotation": {"angle": -22.5, "axis": "x", "origin": [10.68241, 3.51054, -4.43861]},
			"faces": {
				"north": {"uv": [9, 4.5, 9.25, 4.75], "rotation": 90, "texture": "#0"},
				"east": {"uv": [9.25, 3.25, 9, 3.5], "rotation": 270, "texture": "#0"},
				"south": {"uv": [9, 4.5, 9.25, 4.25], "rotation": 90, "texture": "#0"},
				"west": {"uv": [9.25, 3.75, 9, 4], "rotation": 90, "texture": "#0"},
				"up": {"uv": [9.25, 3.5, 9, 3.75], "rotation": 180, "texture": "#0"},
				"down": {"uv": [9.25, 4, 9, 4.25], "texture": "#0"}
			}
		},
		{
			"from": [9.51944, 4.17033, -7.63258],
			"to": [10.41944, 4.57033, -7.13258],
			"rotation": {"angle": -22.5, "axis": "x", "origin": [10.68241, 3.51054, -4.43861]},
			"faces": {
				"north": {"uv": [9, 3, 9.25, 3.25], "rotation": 90, "texture": "#0"},
				"east": {"uv": [9.25, 1.75, 9, 2], "rotation": 270, "texture": "#0"},
				"south": {"uv": [9, 3, 9.25, 2.75], "rotation": 90, "texture": "#0"},
				"west": {"uv": [9.25, 2.25, 9, 2.5], "rotation": 90, "texture": "#0"},
				"up": {"uv": [9.25, 2, 9, 2.25], "rotation": 180, "texture": "#0"},
				"down": {"uv": [9.25, 2.5, 9, 2.75], "texture": "#0"}
			}
		},
		{
			"from": [10.81944, 3.67033, -8.83258],
			"to": [11.21944, 4.07033, -7.43258],
			"rotation": {"angle": -22.5, "axis": "x", "origin": [10.68241, 3.51054, -4.43861]},
			"faces": {
				"north": {"uv": [9.35, 6.5, 9.45, 6.6], "rotation": 90, "texture": "#0"},
				"east": {"uv": [9.1, 5.25, 9.2, 5.6], "rotation": 270, "texture": "#0"},
				"south": {"uv": [9.35, 6.5, 9.45, 6.6], "rotation": 90, "texture": "#0"},
				"west": {"uv": [9.1, 5.25, 9.2, 5.6], "rotation": 90, "texture": "#0"},
				"up": {"uv": [9.1, 5.25, 9.2, 5.6], "rotation": 180, "texture": "#0"},
				"down": {"uv": [9.1, 5.25, 9.2, 5.6], "texture": "#0"}
			}
		},
		{
			"from": [10.81944, 3.67033, -10.23258],
			"to": [11.21944, 4.07033, -8.83258],
			"rotation": {"angle": -22.5, "axis": "x", "origin": [10.68241, 3.51054, -4.43861]},
			"faces": {
				"north": {"uv": [9.35, 5, 9.45, 5.1], "rotation": 90, "texture": "#0"},
				"east": {"uv": [3.35, 8.75, 3.45, 9.1], "rotation": 270, "texture": "#0"},
				"south": {"uv": [9.35, 6.5, 9.45, 6.6], "rotation": 90, "texture": "#0"},
				"west": {"uv": [4.1, 8.75, 4.2, 9.1], "rotation": 90, "texture": "#0"},
				"up": {"uv": [3.6, 8.75, 3.7, 9.1], "rotation": 180, "texture": "#0"},
				"down": {"uv": [4.35, 8.75, 4.45, 9.1], "texture": "#0"}
			}
		},
		{
			"from": [10.81944, 3.07033, -8.83258],
			"to": [11.21944, 3.47033, -7.43258],
			"rotation": {"angle": -22.5, "axis": "x", "origin": [10.68241, 3.51054, -4.43861]},
			"faces": {
				"north": {"uv": [9, 6.5, 9.25, 6.75], "rotation": 90, "texture": "#0"},
				"east": {"uv": [9.25, 5.25, 9, 5.5], "rotation": 270, "texture": "#0"},
				"south": {"uv": [9, 6.5, 9.25, 6.25], "rotation": 90, "texture": "#0"},
				"west": {"uv": [9.25, 5.75, 9, 6], "rotation": 90, "texture": "#0"},
				"up": {"uv": [9.25, 5.5, 9, 5.75], "rotation": 180, "texture": "#0"},
				"down": {"uv": [9.25, 6, 9, 6.25], "texture": "#0"}
			}
		},
		{
			"from": [10.81944, 3.07033, -11.03258],
			"to": [11.21944, 3.47033, -8.83258],
			"rotation": {"angle": -22.5, "axis": "x", "origin": [10.68241, 3.51054, -4.43861]},
			"faces": {
				"north": {"uv": [9, 5, 9.25, 5.25], "rotation": 90, "texture": "#0"},
				"east": {"uv": [3.5, 8.75, 3.25, 9.25], "rotation": 270, "texture": "#0"},
				"south": {"uv": [9, 5, 9.25, 4.75], "rotation": 90, "texture": "#0"},
				"west": {"uv": [4.25, 8.75, 4, 9.25], "rotation": 90, "texture": "#0"},
				"up": {"uv": [3.75, 8.75, 3.5, 9.25], "rotation": 180, "texture": "#0"},
				"down": {"uv": [4.5, 8.75, 4.25, 9.25], "texture": "#0"}
			}
		},
		{
			"from": [10.81944, 2.37033, -8.83258],
			"to": [11.21944, 2.77033, -7.43258],
			"rotation": {"angle": -22.5, "axis": "x", "origin": [10.68241, 3.51054, -4.43861]},
			"faces": {
				"north": {"uv": [9.35, 6.5, 9.45, 6.6], "rotation": 90, "texture": "#0"},
				"east": {"uv": [9.1, 5.25, 9.2, 5.6], "rotation": 270, "texture": "#0"},
				"south": {"uv": [9.35, 6.5, 9.45, 6.6], "rotation": 90, "texture": "#0"},
				"west": {"uv": [9.1, 5.25, 9.2, 5.6], "rotation": 90, "texture": "#0"},
				"up": {"uv": [9.1, 5.25, 9.2, 5.6], "rotation": 180, "texture": "#0"},
				"down": {"uv": [9.1, 5.25, 9.2, 5.6], "texture": "#0"}
			}
		},
		{
			"from": [10.81944, 2.37033, -10.53258],
			"to": [11.21944, 2.77033, -8.83258],
			"rotation": {"angle": -22.5, "axis": "x", "origin": [10.68241, 3.51054, -4.43861]},
			"faces": {
				"north": {"uv": [9.35, 5, 9.45, 5.1], "rotation": 90, "texture": "#0"},
				"east": {"uv": [3.35, 8.75, 3.45, 9.175], "rotation": 270, "texture": "#0"},
				"south": {"uv": [9.35, 6.5, 9.45, 6.6], "rotation": 90, "texture": "#0"},
				"west": {"uv": [4.1, 8.75, 4.2, 9.175], "rotation": 90, "texture": "#0"},
				"up": {"uv": [3.6, 8.75, 3.7, 9.175], "rotation": 180, "texture": "#0"},
				"down": {"uv": [4.35, 8.75, 4.45, 9.175], "texture": "#0"}
			}
		},
		{
			"from": [10.81944, 1.77033, -8.83258],
			"to": [11.21944, 2.17033, -7.43258],
			"rotation": {"angle": -22.5, "axis": "x", "origin": [10.68241, 3.51054, -4.43861]},
			"faces": {
				"north": {"uv": [9.35, 6.5, 9.45, 6.6], "rotation": 90, "texture": "#0"},
				"east": {"uv": [9.1, 5.25, 9.2, 5.6], "rotation": 270, "texture": "#0"},
				"south": {"uv": [9.35, 6.5, 9.45, 6.6], "rotation": 90, "texture": "#0"},
				"west": {"uv": [9.1, 5.25, 9.2, 5.6], "rotation": 90, "texture": "#0"},
				"up": {"uv": [9.1, 5.25, 9.2, 5.6], "rotation": 180, "texture": "#0"},
				"down": {"uv": [9.1, 5.25, 9.2, 5.6], "texture": "#0"}
			}
		},
		{
			"from": [10.81944, 1.77033, -9.73258],
			"to": [11.21944, 2.17033, -8.83258],
			"rotation": {"angle": -22.5, "axis": "x", "origin": [10.68241, 3.51054, -4.43861]},
			"faces": {
				"north": {"uv": [9.35, 5, 9.45, 5.1], "rotation": 90, "texture": "#0"},
				"east": {"uv": [3.35, 8.75, 3.45, 8.975], "rotation": 270, "texture": "#0"},
				"south": {"uv": [9.35, 6.5, 9.45, 6.6], "rotation": 90, "texture": "#0"},
				"west": {"uv": [4.1, 8.75, 4.2, 8.975], "rotation": 90, "texture": "#0"},
				"up": {"uv": [3.6, 8.75, 3.7, 8.975], "rotation": 180, "texture": "#0"},
				"down": {"uv": [4.35, 8.75, 4.45, 8.975], "texture": "#0"}
			}
		},
		{
			"from": [1.6, 8.05104, 7.30949],
			"to": [2.7, 20.75104, 8.40949],
			"rotation": {"angle": 0, "axis": "x", "origin": [2.09167, 20.26111, 3.275]},
			"faces": {
				"north": {"uv": [5.5, 5.5, 5.75, 8.75], "texture": "#0"},
				"east": {"uv": [5.75, 5.75, 6, 9], "texture": "#0"},
				"south": {"uv": [5.5, 5.5, 5.75, 8.75], "texture": "#0"},
				"west": {"uv": [0.25, 6, 0.5, 9.25], "texture": "#0"},
				"up": {"uv": [7, 9.25, 6.75, 9], "texture": "#0"},
				"down": {"uv": [7.25, 9, 7, 9.25], "texture": "#0"}
			}
		},
		{
			"from": [2.1, 20.25104, 6.80949],
			"to": [3.7, 21.85104, 8.70949],
			"rotation": {"angle": 0, "axis": "x", "origin": [2.09167, 20.26111, 3.275]},
			"faces": {
				"north": {"uv": [6.5, 7.75, 7, 8.25], "texture": "#0"},
				"east": {"uv": [6.5, 7.75, 7, 8.25], "texture": "#0"},
				"south": {"uv": [6.5, 7.75, 7, 8.25], "texture": "#0"},
				"west": {"uv": [7.75, 2.75, 8.25, 3.25], "texture": "#0"},
				"up": {"uv": [6.5, 7.75, 7, 8.25], "texture": "#0"},
				"down": {"uv": [8.25, 4.75, 7.75, 5.25], "texture": "#0"}
			}
		},
		{
			"from": [1.4, 1.87121, 7.99658],
			"to": [2.9, 3.37121, 8.69658],
			"rotation": {"angle": -22.5, "axis": "x", "origin": [2.09167, 3.36111, -4.825]},
			"faces": {
				"north": {"uv": [3.25, 8.75, 3, 9.25], "rotation": 180, "texture": "#0"},
				"east": {"uv": [8.5, 7.5, 9, 7.75], "rotation": 270, "texture": "#0"},
				"south": {"uv": [0.75, 9.25, 0.5, 8.75], "texture": "#0"},
				"west": {"uv": [8.5, 7.75, 9, 8], "rotation": 90, "texture": "#0"},
				"up": {"uv": [8, 9, 8.25, 9.25], "rotation": 180, "texture": "#0"},
				"down": {"uv": [8.25, 9, 8.5, 9.25], "texture": "#0"}
			}
		},
		{
			"from": [1.6, 2.07121, 7.49658],
			"to": [2.7, 3.17121, 7.99658],
			"rotation": {"angle": -22.5, "axis": "x", "origin": [2.09167, 3.36111, -4.825]},
			"faces": {
				"north": {"uv": [9.25, 0.5, 9, 0.75], "rotation": 180, "texture": "#0"},
				"east": {"uv": [8.75, 9, 9, 9.25], "rotation": 270, "texture": "#0"},
				"south": {"uv": [9.25, 0.5, 9, 0.25], "texture": "#0"},
				"west": {"uv": [9, 0, 9.25, 0.25], "rotation": 90, "texture": "#0"},
				"up": {"uv": [8.5, 9, 8.75, 9.25], "rotation": 180, "texture": "#0"},
				"down": {"uv": [9, 9, 9.25, 9.25], "texture": "#0"}
			}
		},
		{
			"from": [1.4, 2.07121, -4.80342],
			"to": [1.9, 3.17121, 7.79658],
			"rotation": {"angle": -22.5, "axis": "x", "origin": [2.09167, 3.36111, -4.825]},
			"faces": {
				"north": {"uv": [9.25, 1, 9, 1.25], "rotation": 180, "texture": "#0"},
				"east": {"uv": [2.25, 5, 2.5, 8.5], "rotation": 270, "texture": "#0"},
				"south": {"uv": [9.25, 1, 9, 0.75], "texture": "#0"},
				"west": {"uv": [4.75, 5.25, 5, 8.75], "rotation": 90, "texture": "#0"},
				"up": {"uv": [3.75, 4.5, 4, 8], "rotation": 180, "texture": "#0"},
				"down": {"uv": [4.5, 5.25, 4.75, 8.75], "texture": "#0"}
			}
		},
		{
			"from": [2.5, 2.07121, -4.80342],
			"to": [3, 3.17121, 8.09658],
			"rotation": {"angle": -22.5, "axis": "x", "origin": [2.09167, 3.36111, -4.825]},
			"faces": {
				"north": {"uv": [9.25, 1.5, 9, 1.75], "rotation": 180, "texture": "#0"},
				"east": {"uv": [5.25, 5.25, 5.5, 8.75], "rotation": 270, "texture": "#0"},
				"south": {"uv": [9.25, 1.5, 9, 1.25], "texture": "#0"},
				"west": {"uv": [2.75, 5.5, 3, 9], "rotation": 90, "texture": "#0"},
				"up": {"uv": [5, 5.25, 5.25, 8.75], "rotation": 180, "texture": "#0"},
				"down": {"uv": [2.5, 5.5, 2.75, 9], "texture": "#0"}
			}
		},
		{
			"from": [1.69167, 1.77955, -6.90342],
			"to": [3.19167, 3.77955, -4.80342],
			"rotation": {"angle": -22.5, "axis": "x", "origin": [2.09167, 3.36111, -4.825]},
			"faces": {
				"north": {"uv": [8.5, 5.75, 8, 6.25], "rotation": 270, "texture": "#0"},
				"east": {"uv": [3.5, 8, 4, 8.5], "rotation": 270, "texture": "#0"},
				"south": {"uv": [8.25, 8.5, 7.75, 8], "rotation": 270, "texture": "#0"},
				"west": {"uv": [7.75, 5.25, 8.25, 5.75], "rotation": 90, "texture": "#0"},
				"up": {"uv": [1, 8, 1.5, 8.5], "rotation": 180, "texture": "#0"},
				"down": {"uv": [7.25, 8, 7.75, 8.5], "texture": "#0"}
			}
		},
		{
			"from": [1.69167, 1.47955, -8.40342],
			"to": [3.19167, 4.07955, -6.90342],
			"rotation": {"angle": -22.5, "axis": "x", "origin": [2.09167, 3.36111, -4.825]},
			"faces": {
				"north": {"uv": [7.5, 1, 6.75, 1.5], "rotation": 270, "texture": "#0"},
				"east": {"uv": [6, 6.75, 6.75, 7.25], "rotation": 270, "texture": "#0"},
				"south": {"uv": [7.5, 7.25, 6.75, 6.75], "rotation": 270, "texture": "#0"},
				"west": {"uv": [5.25, 4, 6, 4.5], "rotation": 90, "texture": "#0"},
				"up": {"uv": [8, 6.25, 8.5, 6.75], "rotation": 180, "texture": "#0"},
				"down": {"uv": [4, 8.25, 4.5, 8.75], "texture": "#0"}
			}
		},
		{
			"from": [2.39167, 4.17955, -9.20342],
			"to": [3.09167, 4.57955, -7.80342],
			"rotation": {"angle": -22.5, "axis": "x", "origin": [2.09167, 3.36111, -4.825]},
			"faces": {
				"north": {"uv": [9.25, 4.5, 9, 4.75], "rotation": 270, "texture": "#0"},
				"east": {"uv": [9, 3.75, 9.25, 4], "rotation": 270, "texture": "#0"},
				"south": {"uv": [9.25, 4.5, 9, 4.25], "rotation": 270, "texture": "#0"},
				"west": {"uv": [9, 3.25, 9.25, 3.5], "rotation": 90, "texture": "#0"},
				"up": {"uv": [9, 3.5, 9.25, 3.75], "rotation": 180, "texture": "#0"},
				"down": {"uv": [9, 4, 9.25, 4.25], "texture": "#0"}
			}
		},
		{
			"from": [2.29167, 4.07955, -8.10342],
			"to": [3.19167, 4.47955, -7.60342],
			"rotation": {"angle": -22.5, "axis": "x", "origin": [2.09167, 3.36111, -4.825]},
			"faces": {
				"north": {"uv": [9.25, 3, 9, 3.25], "rotation": 270, "texture": "#0"},
				"east": {"uv": [9, 2.25, 9.25, 2.5], "rotation": 270, "texture": "#0"},
				"south": {"uv": [9.25, 3, 9, 2.75], "rotation": 270, "texture": "#0"},
				"west": {"uv": [9, 1.75, 9.25, 2], "rotation": 90, "texture": "#0"},
				"up": {"uv": [9, 2, 9.25, 2.25], "rotation": 180, "texture": "#0"},
				"down": {"uv": [9, 2.5, 9.25, 2.75], "texture": "#0"}
			}
		},
		{
			"from": [1.49167, 3.57955, -9.30342],
			"to": [1.89167, 3.97955, -7.90342],
			"rotation": {"angle": -22.5, "axis": "x", "origin": [2.09167, 3.36111, -4.825]},
			"faces": {
				"north": {"uv": [9.25, 6.5, 9.35, 6.6], "rotation": 270, "texture": "#0"},
				"east": {"uv": [9, 5.25, 9.1, 5.6], "rotation": 270, "texture": "#0"},
				"south": {"uv": [9.25, 6.5, 9.35, 6.6], "rotation": 270, "texture": "#0"},
				"west": {"uv": [9, 5.25, 9.1, 5.6], "rotation": 90, "texture": "#0"},
				"up": {"uv": [9, 5.25, 9.1, 5.6], "rotation": 180, "texture": "#0"},
				"down": {"uv": [9, 5.25, 9.1, 5.6], "texture": "#0"}
			}
		},
		{
			"from": [1.49167, 3.57955, -10.70342],
			"to": [1.89167, 3.97955, -9.30342],
			"rotation": {"angle": -22.5, "axis": "x", "origin": [2.09167, 3.36111, -4.825]},
			"faces": {
				"north": {"uv": [9.25, 5, 9.35, 5.1], "rotation": 270, "texture": "#0"},
				"east": {"uv": [4, 8.75, 4.1, 9.1], "rotation": 270, "texture": "#0"},
				"south": {"uv": [9.25, 6.5, 9.35, 6.6], "rotation": 270, "texture": "#0"},
				"west": {"uv": [3.25, 8.75, 3.35, 9.1], "rotation": 90, "texture": "#0"},
				"up": {"uv": [3.5, 8.75, 3.6, 9.1], "rotation": 180, "texture": "#0"},
				"down": {"uv": [4.25, 8.75, 4.35, 9.1], "texture": "#0"}
			}
		},
		{
			"from": [1.49167, 2.97955, -9.30342],
			"to": [1.89167, 3.37955, -7.90342],
			"rotation": {"angle": -22.5, "axis": "x", "origin": [2.09167, 3.36111, -4.825]},
			"faces": {
				"north": {"uv": [9.25, 6.5, 9, 6.75], "rotation": 270, "texture": "#0"},
				"east": {"uv": [9, 5.75, 9.25, 6], "rotation": 270, "texture": "#0"},
				"south": {"uv": [9.25, 6.5, 9, 6.25], "rotation": 270, "texture": "#0"},
				"west": {"uv": [9, 5.25, 9.25, 5.5], "rotation": 90, "texture": "#0"},
				"up": {"uv": [9, 5.5, 9.25, 5.75], "rotation": 180, "texture": "#0"},
				"down": {"uv": [9, 6, 9.25, 6.25], "texture": "#0"}
			}
		},
		{
			"from": [1.49167, 2.97955, -11.50342],
			"to": [1.89167, 3.37955, -9.30342],
			"rotation": {"angle": -22.5, "axis": "x", "origin": [2.09167, 3.36111, -4.825]},
			"faces": {
				"north": {"uv": [9.25, 5, 9, 5.25], "rotation": 270, "texture": "#0"},
				"east": {"uv": [4, 8.75, 4.25, 9.25], "rotation": 270, "texture": "#0"},
				"south": {"uv": [9.25, 5, 9, 4.75], "rotation": 270, "texture": "#0"},
				"west": {"uv": [3.25, 8.75, 3.5, 9.25], "rotation": 90, "texture": "#0"},
				"up": {"uv": [3.5, 8.75, 3.75, 9.25], "rotation": 180, "texture": "#0"},
				"down": {"uv": [4.25, 8.75, 4.5, 9.25], "texture": "#0"}
			}
		},
		{
			"from": [1.49167, 2.27955, -9.30342],
			"to": [1.89167, 2.67955, -7.90342],
			"rotation": {"angle": -22.5, "axis": "x", "origin": [2.09167, 3.36111, -4.825]},
			"faces": {
				"north": {"uv": [9.25, 6.5, 9.35, 6.6], "rotation": 270, "texture": "#0"},
				"east": {"uv": [9, 5.25, 9.1, 5.6], "rotation": 270, "texture": "#0"},
				"south": {"uv": [9.25, 6.5, 9.35, 6.6], "rotation": 270, "texture": "#0"},
				"west": {"uv": [9, 5.25, 9.1, 5.6], "rotation": 90, "texture": "#0"},
				"up": {"uv": [9, 5.25, 9.1, 5.6], "rotation": 180, "texture": "#0"},
				"down": {"uv": [9, 5.25, 9.1, 5.6], "texture": "#0"}
			}
		},
		{
			"from": [1.49167, 2.27955, -11.00342],
			"to": [1.89167, 2.67955, -9.30342],
			"rotation": {"angle": -22.5, "axis": "x", "origin": [2.09167, 3.36111, -4.825]},
			"faces": {
				"north": {"uv": [9.25, 5, 9.35, 5.1], "rotation": 270, "texture": "#0"},
				"east": {"uv": [4, 8.75, 4.1, 9.175], "rotation": 270, "texture": "#0"},
				"south": {"uv": [9.25, 6.5, 9.35, 6.6], "rotation": 270, "texture": "#0"},
				"west": {"uv": [3.25, 8.75, 3.35, 9.175], "rotation": 90, "texture": "#0"},
				"up": {"uv": [3.5, 8.75, 3.6, 9.175], "rotation": 180, "texture": "#0"},
				"down": {"uv": [4.25, 8.75, 4.35, 9.175], "texture": "#0"}
			}
		},
		{
			"from": [1.49167, 1.67955, -9.30342],
			"to": [1.89167, 2.07955, -7.90342],
			"rotation": {"angle": -22.5, "axis": "x", "origin": [2.09167, 3.36111, -4.825]},
			"faces": {
				"north": {"uv": [9.25, 6.5, 9.35, 6.6], "rotation": 270, "texture": "#0"},
				"east": {"uv": [9, 5.25, 9.1, 5.6], "rotation": 270, "texture": "#0"},
				"south": {"uv": [9.25, 6.5, 9.35, 6.6], "rotation": 270, "texture": "#0"},
				"west": {"uv": [9, 5.25, 9.1, 5.6], "rotation": 90, "texture": "#0"},
				"up": {"uv": [9, 5.25, 9.1, 5.6], "rotation": 180, "texture": "#0"},
				"down": {"uv": [9, 5.25, 9.1, 5.6], "texture": "#0"}
			}
		},
		{
			"from": [1.49167, 1.67955, -10.20342],
			"to": [1.89167, 2.07955, -9.30342],
			"rotation": {"angle": -22.5, "axis": "x", "origin": [2.09167, 3.36111, -4.825]},
			"faces": {
				"north": {"uv": [9.25, 5, 9.35, 5.1], "rotation": 270, "texture": "#0"},
				"east": {"uv": [4, 8.75, 4.1, 8.975], "rotation": 270, "texture": "#0"},
				"south": {"uv": [9.25, 6.5, 9.35, 6.6], "rotation": 270, "texture": "#0"},
				"west": {"uv": [3.25, 8.75, 3.35, 8.975], "rotation": 90, "texture": "#0"},
				"up": {"uv": [3.5, 8.75, 3.6, 8.975], "rotation": 180, "texture": "#0"},
				"down": {"uv": [4.25, 8.75, 4.35, 8.975], "texture": "#0"}
			}
		},
		{
			"from": [4.04, -1.1, 6.92],
			"to": [5.72, 7.58, 8.78],
			"rotation": {"angle": 0, "axis": "y", "origin": [10.28, 1.7, 10.4]},
			"faces": {
				"north": {"uv": [4, 4, 4.5, 6.25], "texture": "#0"},
				"east": {"uv": [4, 4, 4.5, 6.25], "texture": "#0"},
				"south": {"uv": [4, 4, 4.5, 6.25], "texture": "#0"},
				"west": {"uv": [4, 4, 4.5, 6.25], "texture": "#0"},
				"up": {"uv": [7.5, 0.75, 7, 0.25], "texture": "#0"},
				"down": {"uv": [7.5, 4, 7, 4.5], "texture": "#0"}
			}
		},
		{
			"from": [3.8, -1.82, 6.62],
			"to": [6.02, -1.1, 9.08],
			"rotation": {"angle": 0, "axis": "y", "origin": [10.28, 2.98, 10.4]},
			"faces": {
				"north": {"uv": [8.5, 4, 9, 4.25], "texture": "#0"},
				"east": {"uv": [8.5, 4, 9, 4.25], "texture": "#0"},
				"south": {"uv": [8.5, 4, 9, 4.25], "texture": "#0"},
				"west": {"uv": [8.5, 4, 9, 4.25], "texture": "#0"},
				"up": {"uv": [6.5, 5.5, 6, 6], "texture": "#0"},
				"down": {"uv": [6.5, 5.5, 6, 6], "texture": "#0"}
			}
		},
		{
			"from": [4.16, -2.12, 7.1],
			"to": [5.66, -1.7, 8.54],
			"rotation": {"angle": 0, "axis": "y", "origin": [10.28, 2.68, 10.4]},
			"faces": {
				"north": {"uv": [8.5, 5.25, 9, 5.5], "texture": "#0"},
				"east": {"uv": [8.75, 2.25, 9, 2.5], "texture": "#0"},
				"south": {"uv": [8.5, 5.75, 9, 6], "texture": "#0"},
				"west": {"uv": [8.75, 2.75, 9, 3], "texture": "#0"},
				"up": {"uv": [9, 6.25, 8.5, 6], "texture": "#0"},
				"down": {"uv": [9, 6.25, 8.5, 6.5], "texture": "#0"}
			}
		},
		{
			"from": [3.8, -2.72, 6.62],
			"to": [6.02, -2, 9.08],
			"rotation": {"angle": 0, "axis": "y", "origin": [10.28, 2.38, 10.4]},
			"faces": {
				"north": {"uv": [8.5, 4, 9, 4.25], "texture": "#0"},
				"east": {"uv": [8.5, 4, 9, 4.25], "texture": "#0"},
				"south": {"uv": [8.5, 4, 9, 4.25], "texture": "#0"},
				"west": {"uv": [8.5, 4, 9, 4.25], "texture": "#0"},
				"up": {"uv": [2, 5, 1.5, 4.5], "texture": "#0"},
				"down": {"uv": [6.5, 5.5, 6, 6], "texture": "#0"}
			}
		},
		{
			"from": [4.04, -14.7, 6.92],
			"to": [5.72, -2.72, 8.78],
			"rotation": {"angle": 0, "axis": "y", "origin": [10.28, -9.9, 10.4]},
			"faces": {
				"north": {"uv": [1.5, 1.5, 2, 4.5], "texture": "#0"},
				"east": {"uv": [1.5, 1.5, 2, 4.5], "texture": "#0"},
				"south": {"uv": [1.5, 1.5, 2, 4.5], "texture": "#0"},
				"west": {"uv": [1.5, 1.5, 2, 4.5], "texture": "#0"},
				"up": {"uv": [2.5, 2, 2, 1.5], "texture": "#0"},
				"down": {"uv": [4, 1, 3.5, 1.5], "texture": "#0"}
			}
		},
		{
			"from": [2.84, -15.6, 5.12],
			"to": [3.38, -15.12, 6.74],
			"rotation": {"angle": 0, "axis": "y", "origin": [9.32, -10.8, 8.42]},
			"faces": {
				"north": {"uv": [5.75, 5.5, 6, 5.75], "texture": "#0"},
				"east": {"uv": [5.5, 5.25, 6, 5.5], "texture": "#0"},
				"south": {"uv": [7.75, 6.5, 8, 6.75], "texture": "#0"},
				"west": {"uv": [8.5, 0.25, 9, 0.5], "texture": "#0"},
				"up": {"uv": [4, 3, 3.75, 2.5], "texture": "#0"},
				"down": {"uv": [4, 8.5, 3.75, 9], "texture": "#0"}
			}
		},
		{
			"from": [3.08, -15.6, 6.56],
			"to": [3.68, -15.06, 7.22],
			"rotation": {"angle": 0, "axis": "y", "origin": [9.68, -10.8, 8.9]},
			"faces": {
				"north": {"uv": [8.25, 8.75, 8.5, 9], "texture": "#0"},
				"east": {"uv": [8.5, 8.75, 8.75, 9], "texture": "#0"},
				"south": {"uv": [8.75, 8.75, 9, 9], "texture": "#0"},
				"west": {"uv": [8.75, 0, 9, 0.25], "texture": "#0"},
				"up": {"uv": [9, 1, 8.75, 0.75], "texture": "#0"},
				"down": {"uv": [9, 1.5, 8.75, 1.75], "texture": "#0"}
			}
		},
		{
			"from": [3.8, -15.6, 3.62],
			"to": [4.34, -15.12, 5.6],
			"rotation": {"angle": 0, "axis": "y", "origin": [10.28, -10.8, 7.28]},
			"faces": {
				"north": {"uv": [8.75, 1.75, 9, 2], "texture": "#0"},
				"east": {"uv": [8.5, 0.5, 9, 0.75], "texture": "#0"},
				"south": {"uv": [8.75, 2, 9, 2.25], "texture": "#0"},
				"west": {"uv": [8.5, 1, 9, 1.25], "texture": "#0"},
				"up": {"uv": [8.25, 9, 8, 8.5], "texture": "#0"},
				"down": {"uv": [8.25, 9, 8, 8.5], "texture": "#0"}
			}
		},
		{
			"from": [4.64, -15.6, 3.62],
			"to": [5.18, -15.12, 5.6],
			"rotation": {"angle": 0, "axis": "y", "origin": [11.12, -10.8, 7.28]},
			"faces": {
				"north": {"uv": [8.75, 1.75, 9, 2], "texture": "#0"},
				"east": {"uv": [8.5, 0.5, 9, 0.75], "texture": "#0"},
				"south": {"uv": [0, 0, 0.225, 0.2], "texture": "#0"},
				"west": {"uv": [8.5, 1, 9, 1.25], "texture": "#0"},
				"up": {"uv": [8.25, 9, 8, 8.5], "texture": "#0"},
				"down": {"uv": [8.25, 9, 8, 8.5], "texture": "#0"}
			}
		},
		{
			"from": [5.42, -15.6, 3.62],
			"to": [5.96, -15.12, 5.6],
			"rotation": {"angle": 0, "axis": "y", "origin": [11.9, -10.8, 7.28]},
			"faces": {
				"north": {"uv": [8.75, 1.75, 9, 2], "texture": "#0"},
				"east": {"uv": [8.5, 0.5, 9, 0.75], "texture": "#0"},
				"south": {"uv": [0, 0, 0.225, 0.2], "texture": "#0"},
				"west": {"uv": [8.5, 1, 9, 1.25], "texture": "#0"},
				"up": {"uv": [8.25, 9, 8, 8.5], "texture": "#0"},
				"down": {"uv": [8.25, 9, 8, 8.5], "texture": "#0"}
			}
		},
		{
			"from": [3.68, -15.6, 5.6],
			"to": [6.08, -14.7, 9.2],
			"rotation": {"angle": 0, "axis": "y", "origin": [10.28, -10.8, 10.4]},
			"faces": {
				"north": {"uv": [8.5, 1.25, 9, 1.5], "texture": "#0"},
				"east": {"uv": [6.75, 6.5, 7.75, 6.75], "texture": "#0"},
				"south": {"uv": [8.5, 3.25, 9, 3.5], "texture": "#0"},
				"west": {"uv": [7, 0, 8, 0.25], "texture": "#0"},
				"up": {"uv": [6.5, 3.5, 6, 2.5], "texture": "#0"},
				"down": {"uv": [6.5, 3.5, 6, 4.5], "texture": "#0"}
			}
		},
		{
			"from": [7.18, -1.1, 6.92],
			"to": [8.86, 7.58, 8.78],
			"rotation": {"angle": 0, "axis": "y", "origin": [2.62, 1.7, 10.4]},
			"faces": {
				"north": {"uv": [4.5, 4, 4, 6.25], "texture": "#0"},
				"east": {"uv": [4.5, 4, 4, 6.25], "texture": "#0"},
				"south": {"uv": [4.5, 4, 4, 6.25], "texture": "#0"},
				"west": {"uv": [4.5, 4, 4, 6.25], "texture": "#0"},
				"up": {"uv": [7, 0.75, 7.5, 0.25], "texture": "#0"},
				"down": {"uv": [7, 4, 7.5, 4.5], "texture": "#0"}
			}
		},
		{
			"from": [6.88, -1.82, 6.62],
			"to": [9.1, -1.1, 9.08],
			"rotation": {"angle": 0, "axis": "y", "origin": [2.62, 2.98, 10.4]},
			"faces": {
				"north": {"uv": [9, 4, 8.5, 4.25], "texture": "#0"},
				"east": {"uv": [9, 4, 8.5, 4.25], "texture": "#0"},
				"south": {"uv": [9, 4, 8.5, 4.25], "texture": "#0"},
				"west": {"uv": [9, 4, 8.5, 4.25], "texture": "#0"},
				"up": {"uv": [6, 5.5, 6.5, 6], "texture": "#0"},
				"down": {"uv": [6, 5.5, 6.5, 6], "texture": "#0"}
			}
		},
		{
			"from": [7.24, -2.12, 7.1],
			"to": [8.74, -1.7, 8.54],
			"rotation": {"angle": 0, "axis": "y", "origin": [2.62, 2.68, 10.4]},
			"faces": {
				"north": {"uv": [9, 5.25, 8.5, 5.5], "texture": "#0"},
				"east": {"uv": [9, 2.75, 8.75, 3], "texture": "#0"},
				"south": {"uv": [9, 5.75, 8.5, 6], "texture": "#0"},
				"west": {"uv": [9, 2.25, 8.75, 2.5], "texture": "#0"},
				"up": {"uv": [8.5, 6.25, 9, 6], "texture": "#0"},
				"down": {"uv": [8.5, 6.25, 9, 6.5], "texture": "#0"}
			}
		},
		{
			"from": [6.88, -2.72, 6.62],
			"to": [9.1, -2, 9.08],
			"rotation": {"angle": 0, "axis": "y", "origin": [2.62, 2.38, 10.4]},
			"faces": {
				"north": {"uv": [9, 4, 8.5, 4.25], "texture": "#0"},
				"east": {"uv": [9, 4, 8.5, 4.25], "texture": "#0"},
				"south": {"uv": [9, 4, 8.5, 4.25], "texture": "#0"},
				"west": {"uv": [9, 4, 8.5, 4.25], "texture": "#0"},
				"up": {"uv": [1.5, 5, 2, 4.5], "texture": "#0"},
				"down": {"uv": [6, 5.5, 6.5, 6], "texture": "#0"}
			}
		},
		{
			"from": [7.18, -14.7, 6.92],
			"to": [8.86, -2.72, 8.78],
			"rotation": {"angle": 0, "axis": "y", "origin": [2.62, -9.9, 10.4]},
			"faces": {
				"north": {"uv": [2, 1.5, 1.5, 4.5], "texture": "#0"},
				"east": {"uv": [2, 1.5, 1.5, 4.5], "texture": "#0"},
				"south": {"uv": [2, 1.5, 1.5, 4.5], "texture": "#0"},
				"west": {"uv": [2, 1.5, 1.5, 4.5], "texture": "#0"},
				"up": {"uv": [2, 2, 2.5, 1.5], "texture": "#0"},
				"down": {"uv": [3.5, 1, 4, 1.5], "texture": "#0"}
			}
		},
		{
			"from": [9.52, -15.6, 5.12],
			"to": [10.06, -15.12, 6.74],
			"rotation": {"angle": 0, "axis": "y", "origin": [3.58, -10.8, 8.42]},
			"faces": {
				"north": {"uv": [6, 5.5, 5.75, 5.75], "texture": "#0"},
				"east": {"uv": [9, 0.25, 8.5, 0.5], "texture": "#0"},
				"south": {"uv": [8, 6.5, 7.75, 6.75], "texture": "#0"},
				"west": {"uv": [6, 5.25, 5.5, 5.5], "texture": "#0"},
				"up": {"uv": [3.75, 3, 4, 2.5], "texture": "#0"},
				"down": {"uv": [3.75, 8.5, 4, 9], "texture": "#0"}
			}
		},
		{
			"from": [9.22, -15.6, 6.56],
			"to": [9.82, -15.06, 7.22],
			"rotation": {"angle": 0, "axis": "y", "origin": [3.22, -10.8, 8.9]},
			"faces": {
				"north": {"uv": [8.5, 8.75, 8.25, 9], "texture": "#0"},
				"east": {"uv": [9, 0, 8.75, 0.25], "texture": "#0"},
				"south": {"uv": [9, 8.75, 8.75, 9], "texture": "#0"},
				"west": {"uv": [8.75, 8.75, 8.5, 9], "texture": "#0"},
				"up": {"uv": [8.75, 1, 9, 0.75], "texture": "#0"},
				"down": {"uv": [8.75, 1.5, 9, 1.75], "texture": "#0"}
			}
		},
		{
			"from": [8.56, -15.6, 3.62],
			"to": [9.1, -15.12, 5.6],
			"rotation": {"angle": 0, "axis": "y", "origin": [2.62, -10.8, 7.28]},
			"faces": {
				"north": {"uv": [9, 1.75, 8.75, 2], "texture": "#0"},
				"east": {"uv": [9, 1, 8.5, 1.25], "texture": "#0"},
				"south": {"uv": [9, 2, 8.75, 2.25], "texture": "#0"},
				"west": {"uv": [9, 0.5, 8.5, 0.75], "texture": "#0"},
				"up": {"uv": [8, 9, 8.25, 8.5], "texture": "#0"},
				"down": {"uv": [8, 9, 8.25, 8.5], "texture": "#0"}
			}
		},
		{
			"from": [7.72, -15.6, 3.62],
			"to": [8.26, -15.12, 5.6],
			"rotation": {"angle": 0, "axis": "y", "origin": [1.78, -10.8, 7.28]},
			"faces": {
				"north": {"uv": [9, 1.75, 8.75, 2], "texture": "#0"},
				"east": {"uv": [9, 1, 8.5, 1.25], "texture": "#0"},
				"south": {"uv": [0.225, 0, 0, 0.2], "texture": "#0"},
				"west": {"uv": [9, 0.5, 8.5, 0.75], "texture": "#0"},
				"up": {"uv": [8, 9, 8.25, 8.5], "texture": "#0"},
				"down": {"uv": [8, 9, 8.25, 8.5], "texture": "#0"}
			}
		},
		{
			"from": [6.94, -15.6, 3.62],
			"to": [7.48, -15.12, 5.6],
			"rotation": {"angle": 0, "axis": "y", "origin": [1, -10.8, 7.28]},
			"faces": {
				"north": {"uv": [9, 1.75, 8.75, 2], "texture": "#0"},
				"east": {"uv": [9, 1, 8.5, 1.25], "texture": "#0"},
				"south": {"uv": [0.225, 0, 0, 0.2], "texture": "#0"},
				"west": {"uv": [9, 0.5, 8.5, 0.75], "texture": "#0"},
				"up": {"uv": [8, 9, 8.25, 8.5], "texture": "#0"},
				"down": {"uv": [8, 9, 8.25, 8.5], "texture": "#0"}
			}
		},
		{
			"from": [6.82, -15.6, 5.6],
			"to": [9.22, -14.7, 9.2],
			"rotation": {"angle": 0, "axis": "y", "origin": [2.62, -10.8, 10.4]},
			"faces": {
				"north": {"uv": [9, 1.25, 8.5, 1.5], "texture": "#0"},
				"east": {"uv": [8, 0, 7, 0.25], "texture": "#0"},
				"south": {"uv": [9, 3.25, 8.5, 3.5], "texture": "#0"},
				"west": {"uv": [7.75, 6.5, 6.75, 6.75], "texture": "#0"},
				"up": {"uv": [6, 3.5, 6.5, 2.5], "texture": "#0"},
				"down": {"uv": [6, 3.5, 6.5, 4.5], "texture": "#0"}
			}
		}
	],
	"display": {
		"thirdperson_righthand": {
			"rotation": [75, 0, -10],
			"translation": [12.75, 15.75, 80],
			"scale": [4, 4, 4]
		},
		"head": {
			"translation": [10, 51, 0],
			"scale": [4, 4, 4]
		}
	},
	"groups": [
		{
			"name": "todo",
			"origin": [8, 8, 8],
			"children": [
				{
					"name": "cabeza",
					"origin": [10.8, 32.3, 10.1],
					"children": [0, 1, 2, 3, 4, 5, 6, 7, 8, 9, 10, 11, 12, 13, 14, 15, 16, 17, 18, 19, 20, 21, 22, 23, 24, 25, 26, 27, 28, 29, 30, 31, 32, 33, 34, 35, 36, 37, 38, 39, 40, 41, 42, 43, 44, 45, 46, 47, 48, 49]
				},
				{
					"name": "cuerpo",
					"origin": [7.332, 19.128, 6.804],
					"children": [50, 51, 52, 53, 54,
						{
							"name": "cuerpo2",
							"origin": [7.332, 19.128, 6.804],
							"children": [55,
								{
									"name": "cuerpo3",
									"origin": [7.332, 19.128, 6.804],
									"children": [56, 57, 58, 59, 60, 61, 62, 63, 64, 65, 66, 67, 68, 69, 70, 71, 72, 73, 74, 75, 76, 77, 78, 79, 80, 81, 82, 83, 84, 85, 86, 87, 88, 89, 90, 91, 92, 93, 94, 95, 96, 97, 98, 99, 100, 101]
								}
							]
						}
					]
				},
				{
					"name": "brazo1",
					"origin": [17.5, 29, 15.8],
					"children": [102, 103,
						{
							"name": "brazo1-2",
							"origin": [18.4, -2.2, 15.2],
							"children": [104, 105,
								{
									"name": "brazo1-3",
									"origin": [17.6, -1.2, 15.8],
									"children": [106, 107,
										{
											"name": "mano",
											"origin": [18.4, -2.2, 15.2],
											"children": [108, 109,
												{
													"name": "dedo1",
													"origin": [16, -1.9, 16.3],
													"children": [110,
														{
															"name": "dedo1-2",
															"origin": [10.7875, -7.15312, 7.6125],
															"children": []
														}, 111]
												},
												{
													"name": "dedo2",
													"origin": [16.5, -2.2, 15.2],
													"children": [112,
														{
															"name": "dedo2-2",
															"origin": [10.7875, -7.15312, 7.6125],
															"children": [113]
														}
													]
												},
												{
													"name": "dedo3",
													"origin": [17.1, -2.2, 15.2],
													"children": [114,
														{
															"name": "dedo3-2",
															"origin": [10.7875, -7.15312, 7.6125],
															"children": [115]
														}
													]
												},
												{
													"name": "dedo4",
													"origin": [17.8, -2.2, 15.2],
													"children": [116,
														{
															"name": "dedo4-2",
															"origin": [10.7875, -7.15312, 7.6125],
															"children": [117]
														}
													]
												},
												{
													"name": "dedo5",
													"origin": [18.4, -2.2, 15.2],
													"children": [118,
														{
															"name": "dedo5-2",
															"origin": [10.7875, -7.15312, 7.6125],
															"children": [119]
														}
													]
												}
											]
										}
									]
								}
							]
						}
					]
				},
				{
					"name": "brazo2",
					"origin": [17.5, 29, 15.8],
					"children": [120, 121,
						{
							"name": "brazo1-2",
							"origin": [18.4, -2.2, 15.2],
							"children": [122, 123,
								{
									"name": "brazo1-3",
									"origin": [17.6, -1.2, 15.8],
									"children": [124, 125,
										{
											"name": "mano",
											"origin": [18.4, -2.2, 15.2],
											"children": [126, 127,
												{
													"name": "dedo1",
													"origin": [16, -1.9, 16.3],
													"children": [128,
														{
															"name": "dedo1-2",
															"origin": [10.7875, -7.15312, 7.6125],
															"children": []
														}, 129]
												},
												{
													"name": "dedo2",
													"origin": [16.5, -2.2, 15.2],
													"children": [130,
														{
															"name": "dedo2-2",
															"origin": [10.7875, -7.15312, 7.6125],
															"children": [131]
														}
													]
												},
												{
													"name": "dedo3",
													"origin": [17.1, -2.2, 15.2],
													"children": [132,
														{
															"name": "dedo3-2",
															"origin": [10.7875, -7.15312, 7.6125],
															"children": [133]
														}
													]
												},
												{
													"name": "dedo4",
													"origin": [17.8, -2.2, 15.2],
													"children": [134,
														{
															"name": "dedo4-2",
															"origin": [10.7875, -7.15312, 7.6125],
															"children": [135]
														}
													]
												},
												{
													"name": "dedo5",
													"origin": [18.4, -2.2, 15.2],
													"children": [136,
														{
															"name": "dedo5-2",
															"origin": [10.7875, -7.15312, 7.6125],
															"children": [137]
														}
													]
												}
											]
										}
									]
								}
							]
						}
					]
				},
				{
					"name": "pierna1",
					"origin": [13.7, -8, 6.8],
					"children": [138,
						{
							"name": "pierna1-2",
							"origin": [10.28, -10.8, 10.4],
							"children": [139, 140, 141,
								{
									"name": "pierna1-3",
									"origin": [10.28, -10.8, 10.4],
									"children": [142,
										{
											"name": "pierna1-4",
											"origin": [10.28, -10.8, 10.4],
											"children": [143, 144, 145, 146, 147, 148]
										}
									]
								}
							]
						}
					]
				},
				{
					"name": "pierna2",
					"origin": [13.7, -8, 6.8],
					"children": [149,
						{
							"name": "pierna1-2",
							"origin": [10.28, -10.8, 10.4],
							"children": [150, 151, 152,
								{
									"name": "pierna1-3",
									"origin": [10.28, -10.8, 10.4],
									"children": [153,
										{
											"name": "pierna1-4",
											"origin": [10.28, -10.8, 10.4],
											"children": [154, 155, 156, 157, 158, 159]
										}
									]
								}
							]
						}
					]
				}
			]
		}
	]
}