{
	"credit": "Made with Blockbench",
	"texture_size": [64, 64],
	"textures": {
		"0": "6dt2_custom/6dt2_sirenhead/6dt2_sirenhead",
		"particle": "6dt2_custom/6dt2_sirenhead/6dt2_sirenhead"
	},
	"elements": [
		{
			"from": [1, 0, 1],
			"to": [1, 1, 1],
			"faces": {
				"north": {"uv": [0, 0, 0, 0.25], "texture": "#0"},
				"east": {"uv": [0, 0, 0, 0.25], "texture": "#0"},
				"south": {"uv": [0, 0, 0, 0.25], "texture": "#0"},
				"west": {"uv": [0, 0, 0, 0.25], "texture": "#0"},
				"up": {"uv": [0, 0, 0, 0], "texture": "#0"},
				"down": {"uv": [0, 0, 0, 0], "texture": "#0"}
			}
		}
	],
	"display": {
		"thirdperson_righthand": {
			"rotation": [75, 0, -10],
			"translation": [12.75, 15.75, 80],
			"scale": [3.99, 3.97, 4]
		},
		"head": {
			"translation": [10, 51, 0],
			"scale": [4, 4, 4]
		}
	}
}