{
	"credit": "Made with Blockbench",
	"texture_size": [64, 64],
	"textures": {
		"0": "6dt2_custom/6dt2_sirenhead/6dt2_sirenhead",
		"particle": "6dt2_custom/6dt2_sirenhead/6dt2_sirenhead"
	},
	"elements": [
		{
			"from": [5.22, 16.48, -6],
			"to": [7.62, 17.6, -3.64],
			"rotation": {"angle": -45, "axis": "x", "origin": [6.5562, 22.57038, -4.81231]},
			"faces": {
				"north": {"uv": [4.5, 8.75, 5, 9], "texture": "#0"},
				"east": {"uv": [5, 8.75, 5.5, 9], "texture": "#0"},
				"south": {"uv": [6, 8.75, 6.5, 9], "texture": "#0"},
				"west": {"uv": [6.5, 8.75, 7, 9], "texture": "#0"},
				"up": {"uv": [7, 8.75, 6.5, 8.25], "texture": "#0"},
				"down": {"uv": [8.75, 8.25, 8.25, 8.75], "texture": "#0"}
			}
		},
		{
			"from": [5.82, 17.58, -5.5],
			"to": [7.02, 18.8, -4.24],
			"rotation": {"angle": -45, "axis": "x", "origin": [6.5562, 22.57038, -4.81231]},
			"faces": {
				"north": {"uv": [9, 6.75, 9.25, 7], "texture": "#0"},
				"east": {"uv": [9, 7, 9.25, 7.25], "texture": "#0"},
				"south": {"uv": [9, 7.25, 9.25, 7.5], "texture": "#0"},
				"west": {"uv": [9, 7.5, 9.25, 7.75], "texture": "#0"},
				"up": {"uv": [9.25, 8, 9, 7.75], "texture": "#0"},
				"down": {"uv": [9.25, 8, 9, 8.25], "texture": "#0"}
			}
		},
		{
			"from": [6.02, 18.68, -5.3],
			"to": [6.82, 26.5, -4.44],
			"rotation": {"angle": -45, "axis": "x", "origin": [6.5562, 22.57038, -4.81231]},
			"faces": {
				"north": {"uv": [3.5, 6, 3.75, 8], "texture": "#0"},
				"east": {"uv": [0.5, 6.75, 0.75, 8.75], "texture": "#0"},
				"south": {"uv": [6.5, 2.5, 6.75, 4.5], "texture": "#0"},
				"west": {"uv": [0.5, 6.75, 0.75, 8.75], "texture": "#0"},
				"up": {"uv": [9.25, 8.5, 9, 8.25], "texture": "#0"},
				"down": {"uv": [9.25, 8.5, 9, 8.75], "texture": "#0"}
			}
		},
		{
			"from": [5.3808, 24.0832, -5.84],
			"to": [6.0388, 26.17, -3.8096],
			"rotation": {"angle": -45, "axis": "x", "origin": [6.5562, 22.57038, -4.81231]},
			"faces": {
				"north": {"uv": [5.5, 8.75, 5.75, 9.25], "texture": "#0"},
				"east": {"uv": [8.25, 1.5, 8.75, 2], "texture": "#0"},
				"south": {"uv": [7.25, 8.75, 7.5, 9.25], "texture": "#0"},
				"west": {"uv": [8.25, 2, 8.75, 2.5], "texture": "#0"},
				"up": {"uv": [7.75, 9.25, 7.5, 8.75], "texture": "#0"},
				"down": {"uv": [8, 8.75, 7.75, 9.25], "texture": "#0"}
			}
		},
		{
			"from": [6.7612, 20.5832, -5.84],
			"to": [7.4192, 22.67, -3.8096],
			"rotation": {"angle": -45, "axis": "x", "origin": [6.5562, 22.57038, -4.81231]},
			"faces": {
				"north": {"uv": [5.75, 8.75, 5.5, 9.25], "texture": "#0"},
				"east": {"uv": [8.75, 2, 8.25, 2.5], "texture": "#0"},
				"south": {"uv": [7.5, 8.75, 7.25, 9.25], "texture": "#0"},
				"west": {"uv": [8.75, 1.5, 8.25, 2], "texture": "#0"},
				"up": {"uv": [7.5, 9.25, 7.75, 8.75], "texture": "#0"},
				"down": {"uv": [7.75, 8.75, 8, 9.25], "texture": "#0"}
			}
		},
		{
			"from": [4.0648, 23.3312, -6.498],
			"to": [5.3808, 26.734, -3.1516],
			"rotation": {"angle": -45, "axis": "x", "origin": [6.5562, 22.57038, -4.81231]},
			"faces": {
				"north": {"uv": [7, 8.25, 7.25, 9], "texture": "#0"},
				"east": {"uv": [6, 1, 6.75, 1.75], "texture": "#0"},
				"south": {"uv": [8.25, 2.75, 8.5, 3.5], "texture": "#0"},
				"west": {"uv": [6, 1.75, 6.75, 2.5], "texture": "#0"},
				"up": {"uv": [8.5, 5.5, 8.25, 4.75], "texture": "#0"},
				"down": {"uv": [8.5, 7.25, 8.25, 8], "texture": "#0"}
			}
		},
		{
			"from": [7.4192, 19.8312, -6.498],
			"to": [8.7352, 23.234, -3.1516],
			"rotation": {"angle": -45, "axis": "x", "origin": [6.5562, 22.57038, -4.81231]},
			"faces": {
				"north": {"uv": [7.25, 8.25, 7, 9], "texture": "#0"},
				"east": {"uv": [6.75, 1.75, 6, 2.5], "texture": "#0"},
				"south": {"uv": [8.5, 2.75, 8.25, 3.5], "texture": "#0"},
				"west": {"uv": [6.75, 1, 6, 1.75], "texture": "#0"},
				"up": {"uv": [8.25, 5.5, 8.5, 4.75], "texture": "#0"},
				"down": {"uv": [8.25, 7.25, 8.5, 8], "texture": "#0"}
			}
		},
		{
			"from": [3.1248, 22.5792, -6.968],
			"to": [4.0648, 27.58, -6.1596],
			"rotation": {"angle": -45, "axis": "x", "origin": [6.5562, 22.57038, -4.81231]},
			"faces": {
				"north": {"uv": [1, 6.75, 1.25, 8], "texture": "#0"},
				"east": {"uv": [1.25, 6.75, 1.5, 8], "texture": "#0"},
				"south": {"uv": [6.75, 1.5, 7, 2.75], "texture": "#0"},
				"west": {"uv": [6.75, 2.75, 7, 4], "texture": "#0"},
				"up": {"uv": [1.5, 9.5, 1.25, 9.25], "texture": "#0"},
				"down": {"uv": [1.75, 9.25, 1.5, 9.5], "texture": "#0"}
			}
		},
		{
			"from": [8.7352, 19.0792, -6.968],
			"to": [9.6752, 24.08, -6.1596],
			"rotation": {"angle": -45, "axis": "x", "origin": [6.5562, 22.57038, -4.81231]},
			"faces": {
				"north": {"uv": [1.25, 6.75, 1, 8], "texture": "#0"},
				"east": {"uv": [7, 2.75, 6.75, 4], "texture": "#0"},
				"south": {"uv": [7, 1.5, 6.75, 2.75], "texture": "#0"},
				"west": {"uv": [1.5, 6.75, 1.25, 8], "texture": "#0"},
				"up": {"uv": [1.25, 9.5, 1.5, 9.25], "texture": "#0"},
				"down": {"uv": [1.5, 9.25, 1.75, 9.5], "texture": "#0"}
			}
		},
		{
			"from": [3.1248, 22.5792, -6.216],
			"to": [4.0648, 23.632, -3.4336],
			"rotation": {"angle": -45, "axis": "x", "origin": [6.5562, 22.57038, -4.81231]},
			"faces": {
				"north": {"uv": [1.75, 9.25, 2, 9.5], "texture": "#0"},
				"east": {"uv": [8.25, 3.5, 9, 3.75], "texture": "#0"},
				"south": {"uv": [2, 9.25, 2.25, 9.5], "texture": "#0"},
				"west": {"uv": [8.25, 3.75, 9, 4], "texture": "#0"},
				"up": {"uv": [1.25, 9.25, 1, 8.5], "texture": "#0"},
				"down": {"uv": [1.5, 8.5, 1.25, 9.25], "texture": "#0"}
			}
		},
		{
			"from": [8.7352, 19.0792, -6.216],
			"to": [9.6752, 20.132, -3.4336],
			"rotation": {"angle": -45, "axis": "x", "origin": [6.5562, 22.57038, -4.81231]},
			"faces": {
				"north": {"uv": [2, 9.25, 1.75, 9.5], "texture": "#0"},
				"east": {"uv": [9, 3.75, 8.25, 4], "texture": "#0"},
				"south": {"uv": [2.25, 9.25, 2, 9.5], "texture": "#0"},
				"west": {"uv": [9, 3.5, 8.25, 3.75], "texture": "#0"},
				"up": {"uv": [1, 9.25, 1.25, 8.5], "texture": "#0"},
				"down": {"uv": [1.25, 8.5, 1.5, 9.25], "texture": "#0"}
			}
		},
		{
			"from": [3.1248, 22.5792, -3.49],
			"to": [4.0648, 27.58, -2.6816],
			"rotation": {"angle": -45, "axis": "x", "origin": [6.5562, 22.57038, -4.81231]},
			"faces": {
				"north": {"uv": [6.75, 4, 7, 5.25], "texture": "#0"},
				"east": {"uv": [6.75, 5.25, 7, 6.5], "texture": "#0"},
				"south": {"uv": [7, 1.5, 7.25, 2.75], "texture": "#0"},
				"west": {"uv": [7, 2.75, 7.25, 4], "texture": "#0"},
				"up": {"uv": [2.5, 9.5, 2.25, 9.25], "texture": "#0"},
				"down": {"uv": [2.75, 9.25, 2.5, 9.5], "texture": "#0"}
			}
		},
		{
			"from": [8.7352, 19.0792, -3.49],
			"to": [9.6752, 24.08, -2.6816],
			"rotation": {"angle": -45, "axis": "x", "origin": [6.5562, 22.57038, -4.81231]},
			"faces": {
				"north": {"uv": [7, 4, 6.75, 5.25], "texture": "#0"},
				"east": {"uv": [7.25, 2.75, 7, 4], "texture": "#0"},
				"south": {"uv": [7.25, 1.5, 7, 2.75], "texture": "#0"},
				"west": {"uv": [7, 5.25, 6.75, 6.5], "texture": "#0"},
				"up": {"uv": [2.25, 9.5, 2.5, 9.25], "texture": "#0"},
				"down": {"uv": [2.5, 9.25, 2.75, 9.5], "texture": "#0"}
			}
		},
		{
			"from": [3.1248, 26.6212, -6.216],
			"to": [4.0648, 27.58, -3.4336],
			"rotation": {"angle": -45, "axis": "x", "origin": [6.5562, 22.57038, -4.81231]},
			"faces": {
				"north": {"uv": [2.75, 9.25, 3, 9.5], "texture": "#0"},
				"east": {"uv": [8.25, 5.5, 9, 5.75], "texture": "#0"},
				"south": {"uv": [3, 9.25, 3.25, 9.5], "texture": "#0"},
				"west": {"uv": [8.25, 8, 9, 8.25], "texture": "#0"},
				"up": {"uv": [1.75, 9.25, 1.5, 8.5], "texture": "#0"},
				"down": {"uv": [2, 8.5, 1.75, 9.25], "texture": "#0"}
			}
		},
		{
			"from": [8.7352, 23.1212, -6.216],
			"to": [9.6752, 24.08, -3.4336],
			"rotation": {"angle": -45, "axis": "x", "origin": [6.5562, 22.57038, -4.81231]},
			"faces": {
				"north": {"uv": [3, 9.25, 2.75, 9.5], "texture": "#0"},
				"east": {"uv": [9, 8, 8.25, 8.25], "texture": "#0"},
				"south": {"uv": [3.25, 9.25, 3, 9.5], "texture": "#0"},
				"west": {"uv": [9, 5.5, 8.25, 5.75], "texture": "#0"},
				"up": {"uv": [1.5, 9.25, 1.75, 8.5], "texture": "#0"},
				"down": {"uv": [1.75, 8.5, 2, 9.25], "texture": "#0"}
			}
		},
		{
			"from": [3.4068, 23.6132, -6.216],
			"to": [4.0648, 24.29, -3.4336],
			"rotation": {"angle": -45, "axis": "x", "origin": [6.5562, 22.57038, -4.81231]},
			"faces": {
				"north": {"uv": [3.25, 9.25, 3.5, 9.5], "texture": "#0"},
				"east": {"uv": [3, 8.5, 3.75, 8.75], "texture": "#0"},
				"south": {"uv": [3.5, 9.25, 3.75, 9.5], "texture": "#0"},
				"west": {"uv": [7.25, 8.5, 8, 8.75], "texture": "#0"},
				"up": {"uv": [2.25, 9.25, 2, 8.5], "texture": "#0"},
				"down": {"uv": [2.5, 8.5, 2.25, 9.25], "texture": "#0"}
			}
		},
		{
			"from": [8.7352, 20.1132, -6.216],
			"to": [9.3932, 20.79, -3.4336],
			"rotation": {"angle": -45, "axis": "x", "origin": [6.5562, 22.57038, -4.81231]},
			"faces": {
				"north": {"uv": [3.5, 9.25, 3.25, 9.5], "texture": "#0"},
				"east": {"uv": [8, 8.5, 7.25, 8.75], "texture": "#0"},
				"south": {"uv": [3.75, 9.25, 3.5, 9.5], "texture": "#0"},
				"west": {"uv": [3.75, 8.5, 3, 8.75], "texture": "#0"},
				"up": {"uv": [2, 9.25, 2.25, 8.5], "texture": "#0"},
				"down": {"uv": [2.25, 8.5, 2.5, 9.25], "texture": "#0"}
			}
		},
		{
			"from": [3.4068, 26.01, -6.216],
			"to": [4.0648, 26.6868, -3.4336],
			"rotation": {"angle": -45, "axis": "x", "origin": [6.5562, 22.57038, -4.81231]},
			"faces": {
				"north": {"uv": [3.25, 9.5, 3.5, 9.25], "texture": "#0"},
				"east": {"uv": [3, 8.75, 3.75, 8.5], "texture": "#0"},
				"south": {"uv": [3.5, 9.5, 3.75, 9.25], "texture": "#0"},
				"west": {"uv": [7.25, 8.75, 8, 8.5], "texture": "#0"},
				"up": {"uv": [2.5, 9.25, 2.25, 8.5], "texture": "#0"},
				"down": {"uv": [2.25, 8.5, 2, 9.25], "texture": "#0"}
			}
		},
		{
			"from": [8.7352, 22.51, -6.216],
			"to": [9.3932, 23.1868, -3.4336],
			"rotation": {"angle": -45, "axis": "x", "origin": [6.5562, 22.57038, -4.81231]},
			"faces": {
				"north": {"uv": [3.5, 9.5, 3.25, 9.25], "texture": "#0"},
				"east": {"uv": [8, 8.75, 7.25, 8.5], "texture": "#0"},
				"south": {"uv": [3.75, 9.5, 3.5, 9.25], "texture": "#0"},
				"west": {"uv": [3.75, 8.75, 3, 8.5], "texture": "#0"},
				"up": {"uv": [2.25, 9.25, 2.5, 8.5], "texture": "#0"},
				"down": {"uv": [2, 8.5, 2.25, 9.25], "texture": "#0"}
			}
		},
		{
			"from": [3.3128, 24.0832, -4.148],
			"to": [3.7828, 24.76, -3.7156],
			"rotation": {"angle": -45, "axis": "x", "origin": [6.5562, 22.57038, -4.81231]},
			"faces": {
				"north": {"uv": [3.75, 9.25, 4, 9.5], "texture": "#0"},
				"east": {"uv": [4, 9.25, 4.25, 9.5], "texture": "#0"},
				"south": {"uv": [4.25, 9.25, 4.5, 9.5], "texture": "#0"},
				"west": {"uv": [4.5, 9.25, 4.75, 9.5], "texture": "#0"},
				"up": {"uv": [5, 9.5, 4.75, 9.25], "texture": "#0"},
				"down": {"uv": [5.25, 9.25, 5, 9.5], "texture": "#0"}
			}
		},
		{
			"from": [9.0172, 20.5832, -4.148],
			"to": [9.4872, 21.26, -3.7156],
			"rotation": {"angle": -45, "axis": "x", "origin": [6.5562, 22.57038, -4.81231]},
			"faces": {
				"north": {"uv": [4, 9.25, 3.75, 9.5], "texture": "#0"},
				"east": {"uv": [4.75, 9.25, 4.5, 9.5], "texture": "#0"},
				"south": {"uv": [4.5, 9.25, 4.25, 9.5], "texture": "#0"},
				"west": {"uv": [4.25, 9.25, 4, 9.5], "texture": "#0"},
				"up": {"uv": [4.75, 9.5, 5, 9.25], "texture": "#0"},
				"down": {"uv": [5, 9.25, 5.25, 9.5], "texture": "#0"}
			}
		},
		{
			"from": [3.3128, 25.54, -4.148],
			"to": [3.7828, 26.2168, -3.7156],
			"rotation": {"angle": -45, "axis": "x", "origin": [6.5562, 22.57038, -4.81231]},
			"faces": {
				"north": {"uv": [3.75, 9.5, 4, 9.25], "texture": "#0"},
				"east": {"uv": [4, 9.5, 4.25, 9.25], "texture": "#0"},
				"south": {"uv": [4.25, 9.5, 4.5, 9.25], "texture": "#0"},
				"west": {"uv": [4.5, 9.5, 4.75, 9.25], "texture": "#0"},
				"up": {"uv": [5.25, 9.5, 5, 9.25], "texture": "#0"},
				"down": {"uv": [5, 9.25, 4.75, 9.5], "texture": "#0"}
			}
		},
		{
			"from": [9.0172, 22.04, -4.148],
			"to": [9.4872, 22.7168, -3.7156],
			"rotation": {"angle": -45, "axis": "x", "origin": [6.5562, 22.57038, -4.81231]},
			"faces": {
				"north": {"uv": [4, 9.5, 3.75, 9.25], "texture": "#0"},
				"east": {"uv": [4.75, 9.5, 4.5, 9.25], "texture": "#0"},
				"south": {"uv": [4.5, 9.5, 4.25, 9.25], "texture": "#0"},
				"west": {"uv": [4.25, 9.5, 4, 9.25], "texture": "#0"},
				"up": {"uv": [5, 9.5, 5.25, 9.25], "texture": "#0"},
				"down": {"uv": [4.75, 9.25, 5, 9.5], "texture": "#0"}
			}
		},
		{
			"from": [3.3128, 24.0832, -4.748],
			"to": [3.7828, 24.76, -4.3156],
			"rotation": {"angle": -45, "axis": "x", "origin": [6.5562, 22.57038, -4.81231]},
			"faces": {
				"north": {"uv": [3.75, 9.25, 4, 9.5], "texture": "#0"},
				"east": {"uv": [4, 9.25, 4.25, 9.5], "texture": "#0"},
				"south": {"uv": [4.25, 9.25, 4.5, 9.5], "texture": "#0"},
				"west": {"uv": [4.5, 9.25, 4.75, 9.5], "texture": "#0"},
				"up": {"uv": [5, 9.5, 4.75, 9.25], "texture": "#0"},
				"down": {"uv": [5.25, 9.25, 5, 9.5], "texture": "#0"}
			}
		},
		{
			"from": [9.0172, 20.5832, -4.748],
			"to": [9.4872, 21.26, -4.3156],
			"rotation": {"angle": -45, "axis": "x", "origin": [6.5562, 22.57038, -4.81231]},
			"faces": {
				"north": {"uv": [4, 9.25, 3.75, 9.5], "texture": "#0"},
				"east": {"uv": [4.75, 9.25, 4.5, 9.5], "texture": "#0"},
				"south": {"uv": [4.5, 9.25, 4.25, 9.5], "texture": "#0"},
				"west": {"uv": [4.25, 9.25, 4, 9.5], "texture": "#0"},
				"up": {"uv": [4.75, 9.5, 5, 9.25], "texture": "#0"},
				"down": {"uv": [5, 9.25, 5.25, 9.5], "texture": "#0"}
			}
		},
		{
			"from": [3.3128, 25.54, -4.748],
			"to": [3.7828, 26.2168, -4.3156],
			"rotation": {"angle": -45, "axis": "x", "origin": [6.5562, 22.57038, -4.81231]},
			"faces": {
				"north": {"uv": [3.75, 9.5, 4, 9.25], "texture": "#0"},
				"east": {"uv": [4, 9.5, 4.25, 9.25], "texture": "#0"},
				"south": {"uv": [4.25, 9.5, 4.5, 9.25], "texture": "#0"},
				"west": {"uv": [4.5, 9.5, 4.75, 9.25], "texture": "#0"},
				"up": {"uv": [5.25, 9.5, 5, 9.25], "texture": "#0"},
				"down": {"uv": [5, 9.25, 4.75, 9.5], "texture": "#0"}
			}
		},
		{
			"from": [9.0172, 22.04, -4.748],
			"to": [9.4872, 22.7168, -4.3156],
			"rotation": {"angle": -45, "axis": "x", "origin": [6.5562, 22.57038, -4.81231]},
			"faces": {
				"north": {"uv": [4, 9.5, 3.75, 9.25], "texture": "#0"},
				"east": {"uv": [4.75, 9.5, 4.5, 9.25], "texture": "#0"},
				"south": {"uv": [4.5, 9.5, 4.25, 9.25], "texture": "#0"},
				"west": {"uv": [4.25, 9.5, 4, 9.25], "texture": "#0"},
				"up": {"uv": [5, 9.5, 5.25, 9.25], "texture": "#0"},
				"down": {"uv": [4.75, 9.25, 5, 9.5], "texture": "#0"}
			}
		},
		{
			"from": [3.3128, 24.0832, -5.348],
			"to": [3.7828, 24.76, -4.9156],
			"rotation": {"angle": -45, "axis": "x", "origin": [6.5562, 22.57038, -4.81231]},
			"faces": {
				"north": {"uv": [3.75, 9.25, 4, 9.5], "texture": "#0"},
				"east": {"uv": [4, 9.25, 4.25, 9.5], "texture": "#0"},
				"south": {"uv": [4.25, 9.25, 4.5, 9.5], "texture": "#0"},
				"west": {"uv": [4.5, 9.25, 4.75, 9.5], "texture": "#0"},
				"up": {"uv": [5, 9.5, 4.75, 9.25], "texture": "#0"},
				"down": {"uv": [5.25, 9.25, 5, 9.5], "texture": "#0"}
			}
		},
		{
			"from": [9.0172, 20.5832, -5.348],
			"to": [9.4872, 21.26, -4.9156],
			"rotation": {"angle": -45, "axis": "x", "origin": [6.5562, 22.57038, -4.81231]},
			"faces": {
				"north": {"uv": [4, 9.25, 3.75, 9.5], "texture": "#0"},
				"east": {"uv": [4.75, 9.25, 4.5, 9.5], "texture": "#0"},
				"south": {"uv": [4.5, 9.25, 4.25, 9.5], "texture": "#0"},
				"west": {"uv": [4.25, 9.25, 4, 9.5], "texture": "#0"},
				"up": {"uv": [4.75, 9.5, 5, 9.25], "texture": "#0"},
				"down": {"uv": [5, 9.25, 5.25, 9.5], "texture": "#0"}
			}
		},
		{
			"from": [3.3128, 25.54, -5.348],
			"to": [3.7828, 26.2168, -4.9156],
			"rotation": {"angle": -45, "axis": "x", "origin": [6.5562, 22.57038, -4.81231]},
			"faces": {
				"north": {"uv": [3.75, 9.5, 4, 9.25], "texture": "#0"},
				"east": {"uv": [4, 9.5, 4.25, 9.25], "texture": "#0"},
				"south": {"uv": [4.25, 9.5, 4.5, 9.25], "texture": "#0"},
				"west": {"uv": [4.5, 9.5, 4.75, 9.25], "texture": "#0"},
				"up": {"uv": [5.25, 9.5, 5, 9.25], "texture": "#0"},
				"down": {"uv": [5, 9.25, 4.75, 9.5], "texture": "#0"}
			}
		},
		{
			"from": [9.0172, 22.04, -5.348],
			"to": [9.4872, 22.7168, -4.9156],
			"rotation": {"angle": -45, "axis": "x", "origin": [6.5562, 22.57038, -4.81231]},
			"faces": {
				"north": {"uv": [4, 9.5, 3.75, 9.25], "texture": "#0"},
				"east": {"uv": [4.75, 9.5, 4.5, 9.25], "texture": "#0"},
				"south": {"uv": [4.5, 9.5, 4.25, 9.25], "texture": "#0"},
				"west": {"uv": [4.25, 9.5, 4, 9.25], "texture": "#0"},
				"up": {"uv": [5, 9.5, 5.25, 9.25], "texture": "#0"},
				"down": {"uv": [4.75, 9.25, 5, 9.5], "texture": "#0"}
			}
		},
		{
			"from": [3.3128, 24.0832, -5.948],
			"to": [3.7828, 24.76, -5.5156],
			"rotation": {"angle": -45, "axis": "x", "origin": [6.5562, 22.57038, -4.81231]},
			"faces": {
				"north": {"uv": [3.75, 9.25, 4, 9.5], "texture": "#0"},
				"east": {"uv": [4, 9.25, 4.25, 9.5], "texture": "#0"},
				"south": {"uv": [4.25, 9.25, 4.5, 9.5], "texture": "#0"},
				"west": {"uv": [4.5, 9.25, 4.75, 9.5], "texture": "#0"},
				"up": {"uv": [5, 9.5, 4.75, 9.25], "texture": "#0"},
				"down": {"uv": [5.25, 9.25, 5, 9.5], "texture": "#0"}
			}
		},
		{
			"from": [9.0172, 20.5832, -5.948],
			"to": [9.4872, 21.26, -5.5156],
			"rotation": {"angle": -45, "axis": "x", "origin": [6.5562, 22.57038, -4.81231]},
			"faces": {
				"north": {"uv": [4, 9.25, 3.75, 9.5], "texture": "#0"},
				"east": {"uv": [4.75, 9.25, 4.5, 9.5], "texture": "#0"},
				"south": {"uv": [4.5, 9.25, 4.25, 9.5], "texture": "#0"},
				"west": {"uv": [4.25, 9.25, 4, 9.5], "texture": "#0"},
				"up": {"uv": [4.75, 9.5, 5, 9.25], "texture": "#0"},
				"down": {"uv": [5, 9.25, 5.25, 9.5], "texture": "#0"}
			}
		},
		{
			"from": [3.3128, 25.54, -5.948],
			"to": [3.7828, 26.2168, -5.5156],
			"rotation": {"angle": -45, "axis": "x", "origin": [6.5562, 22.57038, -4.81231]},
			"faces": {
				"north": {"uv": [3.75, 9.5, 4, 9.25], "texture": "#0"},
				"east": {"uv": [4, 9.5, 4.25, 9.25], "texture": "#0"},
				"south": {"uv": [4.25, 9.5, 4.5, 9.25], "texture": "#0"},
				"west": {"uv": [4.5, 9.5, 4.75, 9.25], "texture": "#0"},
				"up": {"uv": [5.25, 9.5, 5, 9.25], "texture": "#0"},
				"down": {"uv": [5, 9.25, 4.75, 9.5], "texture": "#0"}
			}
		},
		{
			"from": [9.0172, 22.04, -5.948],
			"to": [9.4872, 22.7168, -5.5156],
			"rotation": {"angle": -45, "axis": "x", "origin": [6.5562, 22.57038, -4.81231]},
			"faces": {
				"north": {"uv": [4, 9.5, 3.75, 9.25], "texture": "#0"},
				"east": {"uv": [4.75, 9.5, 4.5, 9.25], "texture": "#0"},
				"south": {"uv": [4.5, 9.5, 4.25, 9.25], "texture": "#0"},
				"west": {"uv": [4.25, 9.5, 4, 9.25], "texture": "#0"},
				"up": {"uv": [5, 9.5, 5.25, 9.25], "texture": "#0"},
				"down": {"uv": [4.75, 9.25, 5, 9.5], "texture": "#0"}
			}
		},
		{
			"from": [7.02, 17.58, -5],
			"to": [7.42, 18, -4.54],
			"rotation": {"angle": -45, "axis": "x", "origin": [6.5562, 22.57038, -4.81231]},
			"faces": {
				"north": {"uv": [9, 8.75, 9.25, 9], "texture": "#0"},
				"east": {"uv": [0.5, 9.25, 0.75, 9.5], "texture": "#0"},
				"south": {"uv": [0.25, 9.25, 0.5, 9.5], "texture": "#0"},
				"west": {"uv": [0, 0, 0.9, 2.3], "texture": "#0"},
				"up": {"uv": [1, 9.5, 0.75, 9.25], "texture": "#0"},
				"down": {"uv": [0, 0, 1.375, 0.9], "texture": "#0"}
			}
		},
		{
			"from": [7.22, 17.98, -5],
			"to": [7.62, 18.4, -4.54],
			"rotation": {"angle": -45, "axis": "x", "origin": [6.5562, 22.57038, -4.81231]},
			"faces": {
				"north": {"uv": [9, 8.75, 9.25, 9], "texture": "#0"},
				"east": {"uv": [0.5, 9.25, 0.75, 9.5], "texture": "#0"},
				"south": {"uv": [0.25, 9.25, 0.5, 9.5], "texture": "#0"},
				"west": {"uv": [0.5, 9.25, 0.75, 9.5], "texture": "#0"},
				"up": {"uv": [1, 9.5, 0.75, 9.25], "texture": "#0"},
				"down": {"uv": [1.25, 9.25, 1, 9.5], "texture": "#0"}
			}
		},
		{
			"from": [7.42, 18.38, -5],
			"to": [7.82, 19, -4.54],
			"rotation": {"angle": -45, "axis": "x", "origin": [6.5562, 22.57038, -4.81231]},
			"faces": {
				"north": {"uv": [9, 8.75, 9.25, 9], "texture": "#0"},
				"east": {"uv": [0.5, 9.25, 0.75, 9.5], "texture": "#0"},
				"south": {"uv": [0.25, 9.25, 0.5, 9.5], "texture": "#0"},
				"west": {"uv": [0.5, 9.25, 0.75, 9.5], "texture": "#0"},
				"up": {"uv": [1, 9.5, 0.75, 9.25], "texture": "#0"},
				"down": {"uv": [1.25, 9.25, 1, 9.5], "texture": "#0"}
			}
		},
		{
			"from": [7.22, 18.88, -5],
			"to": [7.62, 19.3, -4.54],
			"rotation": {"angle": -45, "axis": "x", "origin": [6.5562, 22.57038, -4.81231]},
			"faces": {
				"north": {"uv": [9, 8.75, 9.25, 9], "texture": "#0"},
				"east": {"uv": [0.5, 9.25, 0.75, 9.5], "texture": "#0"},
				"south": {"uv": [0.25, 9.25, 0.5, 9.5], "texture": "#0"},
				"west": {"uv": [0.5, 9.25, 0.75, 9.5], "texture": "#0"},
				"up": {"uv": [1, 9.5, 0.75, 9.25], "texture": "#0"},
				"down": {"uv": [1.25, 9.25, 1, 9.5], "texture": "#0"}
			}
		},
		{
			"from": [7.02, 19.28, -5],
			"to": [7.42, 19.8, -4.54],
			"rotation": {"angle": -45, "axis": "x", "origin": [6.5562, 22.57038, -4.81231]},
			"faces": {
				"north": {"uv": [9, 8.75, 9.25, 9], "texture": "#0"},
				"east": {"uv": [0.5, 9.25, 0.75, 9.5], "texture": "#0"},
				"south": {"uv": [0.25, 9.25, 0.5, 9.5], "texture": "#0"},
				"west": {"uv": [0.5, 9.25, 0.75, 9.5], "texture": "#0"},
				"up": {"uv": [1, 9.5, 0.75, 9.25], "texture": "#0"},
				"down": {"uv": [1.25, 9.25, 1, 9.5], "texture": "#0"}
			}
		},
		{
			"from": [5.72, 19.68, -5],
			"to": [7.22, 20.1, -4.54],
			"rotation": {"angle": -45, "axis": "x", "origin": [6.5562, 22.57038, -4.81231]},
			"faces": {
				"north": {"uv": [9, 8.75, 9.25, 9], "texture": "#0"},
				"east": {"uv": [0.5, 9.25, 0.75, 9.5], "texture": "#0"},
				"south": {"uv": [0.25, 9.25, 0.5, 9.5], "texture": "#0"},
				"west": {"uv": [0.5, 9.25, 0.75, 9.5], "texture": "#0"},
				"up": {"uv": [1, 9.5, 0.75, 9.25], "texture": "#0"},
				"down": {"uv": [1.25, 9.25, 1, 9.5], "texture": "#0"}
			}
		},
		{
			"from": [5.52, 19.98, -5],
			"to": [5.92, 20.9, -4.54],
			"rotation": {"angle": -45, "axis": "x", "origin": [6.5562, 22.57038, -4.81231]},
			"faces": {
				"north": {"uv": [9, 8.75, 9.25, 9], "texture": "#0"},
				"east": {"uv": [0, 9.25, 0.25, 9.5], "texture": "#0"},
				"south": {"uv": [0.25, 9.25, 0.5, 9.5], "texture": "#0"},
				"west": {"uv": [0.5, 9.25, 0.75, 9.5], "texture": "#0"},
				"up": {"uv": [1, 9.5, 0.75, 9.25], "texture": "#0"},
				"down": {"uv": [1.25, 9.25, 1, 9.5], "texture": "#0"}
			}
		},
		{
			"from": [5.32, 20.68, -5],
			"to": [5.72, 21.3, -4.54],
			"rotation": {"angle": -45, "axis": "x", "origin": [6.5562, 22.57038, -4.81231]},
			"faces": {
				"north": {"uv": [9, 8.75, 9.25, 9], "texture": "#0"},
				"east": {"uv": [0.5, 9.25, 0.75, 9.5], "texture": "#0"},
				"south": {"uv": [0.25, 9.25, 0.5, 9.5], "texture": "#0"},
				"west": {"uv": [0.5, 9.25, 0.75, 9.5], "texture": "#0"},
				"up": {"uv": [1, 9.5, 0.75, 9.25], "texture": "#0"},
				"down": {"uv": [1.25, 9.25, 1, 9.5], "texture": "#0"}
			}
		},
		{
			"from": [5.62, 21.28, -5],
			"to": [6.02, 21.8, -4.54],
			"rotation": {"angle": -45, "axis": "x", "origin": [6.5562, 22.57038, -4.81231]},
			"faces": {
				"north": {"uv": [9, 8.75, 9.25, 9], "texture": "#0"},
				"east": {"uv": [0, 0, 0.9, 2.3], "texture": "#0"},
				"south": {"uv": [0.25, 9.25, 0.5, 9.5], "texture": "#0"},
				"west": {"uv": [0.5, 9.25, 0.75, 9.5], "texture": "#0"},
				"up": {"uv": [1, 9.5, 0.75, 9.25], "texture": "#0"},
				"down": {"uv": [1.25, 9.25, 1, 9.5], "texture": "#0"}
			}
		},
		{
			"from": [6.72, 22.88, -5],
			"to": [7.12, 23.4, -4.54],
			"rotation": {"angle": -45, "axis": "x", "origin": [6.5562, 22.57038, -4.81231]},
			"faces": {
				"north": {"uv": [9, 8.75, 9.25, 9], "texture": "#0"},
				"east": {"uv": [0.5, 9.25, 0.75, 9.5], "texture": "#0"},
				"south": {"uv": [0.25, 9.25, 0.5, 9.5], "texture": "#0"},
				"west": {"uv": [0, 0, 0.9, 2.3], "texture": "#0"},
				"up": {"uv": [1, 9.5, 0.75, 9.25], "texture": "#0"},
				"down": {"uv": [0, 0, 1.375, 0.9], "texture": "#0"}
			}
		},
		{
			"from": [6.92, 23.28, -5],
			"to": [7.32, 24, -4.54],
			"rotation": {"angle": -45, "axis": "x", "origin": [6.5562, 22.57038, -4.81231]},
			"faces": {
				"north": {"uv": [9, 8.75, 9.25, 9], "texture": "#0"},
				"east": {"uv": [0.5, 9.25, 0.75, 9.5], "texture": "#0"},
				"south": {"uv": [0.25, 9.25, 0.5, 9.5], "texture": "#0"},
				"west": {"uv": [0.5, 9.25, 0.75, 9.5], "texture": "#0"},
				"up": {"uv": [1, 9.5, 0.75, 9.25], "texture": "#0"},
				"down": {"uv": [1.25, 9.25, 1, 9.5], "texture": "#0"}
			}
		},
		{
			"from": [7.12, 23.98, -5],
			"to": [7.52, 24.4, -4.54],
			"rotation": {"angle": -45, "axis": "x", "origin": [6.5562, 22.57038, -4.81231]},
			"faces": {
				"north": {"uv": [9, 8.75, 9.25, 9], "texture": "#0"},
				"east": {"uv": [0.5, 9.25, 0.75, 9.5], "texture": "#0"},
				"south": {"uv": [0.25, 9.25, 0.5, 9.5], "texture": "#0"},
				"west": {"uv": [0.5, 9.25, 0.75, 9.5], "texture": "#0"},
				"up": {"uv": [1, 9.5, 0.75, 9.25], "texture": "#0"},
				"down": {"uv": [1.25, 9.25, 1, 9.5], "texture": "#0"}
			}
		},
		{
			"from": [7.42, 24.38, -5],
			"to": [7.82, 25.1, -4.54],
			"rotation": {"angle": -45, "axis": "x", "origin": [6.5562, 22.57038, -4.81231]},
			"faces": {
				"north": {"uv": [9, 8.75, 9.25, 9], "texture": "#0"},
				"east": {"uv": [0.5, 9.25, 0.75, 9.5], "texture": "#0"},
				"south": {"uv": [0.25, 9.25, 0.5, 9.5], "texture": "#0"},
				"west": {"uv": [0.5, 9.25, 0.75, 9.5], "texture": "#0"},
				"up": {"uv": [1, 9.5, 0.75, 9.25], "texture": "#0"},
				"down": {"uv": [1.25, 9.25, 1, 9.5], "texture": "#0"}
			}
		},
		{
			"from": [7.12, 25.08, -5],
			"to": [7.62, 25.4, -4.54],
			"rotation": {"angle": -45, "axis": "x", "origin": [6.5562, 22.57038, -4.81231]},
			"faces": {
				"north": {"uv": [9, 8.75, 9.25, 9], "texture": "#0"},
				"east": {"uv": [0.5, 9.25, 0.75, 9.5], "texture": "#0"},
				"south": {"uv": [0.25, 9.25, 0.5, 9.5], "texture": "#0"},
				"west": {"uv": [0.5, 9.25, 0.75, 9.5], "texture": "#0"},
				"up": {"uv": [1, 9.5, 0.75, 9.25], "texture": "#0"},
				"down": {"uv": [1.25, 9.25, 1, 9.5], "texture": "#0"}
			}
		},
		{
			"from": [6.72, 25.38, -5],
			"to": [7.22, 25.7, -4.54],
			"rotation": {"angle": -45, "axis": "x", "origin": [6.5562, 22.57038, -4.81231]},
			"faces": {
				"north": {"uv": [9, 8.75, 9.25, 9], "texture": "#0"},
				"east": {"uv": [0.5, 9.25, 0.75, 9.5], "texture": "#0"},
				"south": {"uv": [0.25, 9.25, 0.5, 9.5], "texture": "#0"},
				"west": {"uv": [0, 0, 0.9, 2.3], "texture": "#0"},
				"up": {"uv": [1, 9.5, 0.75, 9.25], "texture": "#0"},
				"down": {"uv": [1.25, 9.25, 1, 9.5], "texture": "#0"}
			}
		},
		{
			"from": [3.38, 6.88, 3.4],
			"to": [9.56, 9.94, 6.22],
			"rotation": {"angle": -22.5, "axis": "x", "origin": [6.49425, 16.20282, 4.83721]},
			"faces": {
				"north": {"uv": [4, 3.25, 5.5, 4], "texture": "#0"},
				"east": {"uv": [4.5, 2.5, 5.25, 3.25], "texture": "#0"},
				"south": {"uv": [4, 3.25, 5.5, 4], "texture": "#0"},
				"west": {"uv": [6, 6, 6.75, 6.75], "texture": "#0"},
				"up": {"uv": [6, 1.75, 4.5, 1], "texture": "#0"},
				"down": {"uv": [6, 1.75, 4.5, 2.5], "texture": "#0"}
			}
		},
		{
			"from": [3.32, 9.94, 2.98],
			"to": [4.4, 10.42, 6.58],
			"rotation": {"angle": -22.5, "axis": "x", "origin": [6.49425, 16.20282, 4.83721]},
			"faces": {
				"north": {"uv": [8.75, 3, 9, 3.25], "texture": "#0"},
				"east": {"uv": [7, 0.75, 8, 1], "texture": "#0"},
				"south": {"uv": [8.75, 3, 9, 3.25], "texture": "#0"},
				"west": {"uv": [7, 4.5, 8, 4.75], "texture": "#0"},
				"up": {"uv": [7.25, 5.75, 7, 4.75], "texture": "#0"},
				"down": {"uv": [4.25, 7.25, 4, 8.25], "texture": "#0"}
			}
		},
		{
			"from": [8.5, 9.94, 2.98],
			"to": [9.58, 10.42, 6.58],
			"rotation": {"angle": -22.5, "axis": "x", "origin": [6.49425, 16.20282, 4.83721]},
			"faces": {
				"north": {"uv": [9, 3, 8.75, 3.25], "texture": "#0"},
				"east": {"uv": [8, 4.5, 7, 4.75], "texture": "#0"},
				"south": {"uv": [8.75, 3, 9, 3.25], "texture": "#0"},
				"west": {"uv": [8, 0.75, 7, 1], "texture": "#0"},
				"up": {"uv": [7, 5.75, 7.25, 4.75], "texture": "#0"},
				"down": {"uv": [4, 7.25, 4.25, 8.25], "texture": "#0"}
			}
		},
		{
			"from": [3.32, 10.42, 3.4],
			"to": [3.98, 10.9, 6.16],
			"rotation": {"angle": -22.5, "axis": "x", "origin": [6.49425, 16.20282, 4.83721]},
			"faces": {
				"north": {"uv": [8.75, 8.25, 9, 8.5], "texture": "#0"},
				"east": {"uv": [8, 0, 8.75, 0.25], "texture": "#0"},
				"south": {"uv": [8.75, 8.25, 9, 8.5], "texture": "#0"},
				"west": {"uv": [8, 0.75, 8.75, 1], "texture": "#0"},
				"up": {"uv": [5.5, 3.25, 5.25, 2.5], "texture": "#0"},
				"down": {"uv": [1, 8.25, 0.75, 9], "texture": "#0"}
			}
		},
		{
			"from": [8.92, 10.42, 3.4],
			"to": [9.58, 10.9, 6.16],
			"rotation": {"angle": -22.5, "axis": "x", "origin": [6.49425, 16.20282, 4.83721]},
			"faces": {
				"north": {"uv": [9, 8.25, 8.75, 8.5], "texture": "#0"},
				"east": {"uv": [8.75, 0.75, 8, 1], "texture": "#0"},
				"south": {"uv": [8.75, 8.25, 9, 8.5], "texture": "#0"},
				"west": {"uv": [8.75, 0, 8, 0.25], "texture": "#0"},
				"up": {"uv": [5.25, 3.25, 5.5, 2.5], "texture": "#0"},
				"down": {"uv": [0.75, 8.25, 1, 9], "texture": "#0"}
			}
		},
		{
			"from": [4.82, 8.58, 1.5],
			"to": [8.12, 14.1, 3.66],
			"rotation": {"angle": -45, "axis": "x", "origin": [6.49425, 15.20282, 2.63721]},
			"faces": {
				"north": {"uv": [3, 4.5, 3.75, 6], "texture": "#0"},
				"east": {"uv": [3, 6, 3.5, 7.5], "texture": "#0"},
				"south": {"uv": [3, 4.5, 3.75, 6], "texture": "#0"},
				"west": {"uv": [3, 6, 3.5, 7.5], "texture": "#0"},
				"up": {"uv": [3.75, 3, 3, 2.5], "texture": "#0"},
				"down": {"uv": [5.25, 4, 4.5, 4.5], "texture": "#0"}
			}
		},
		{
			"from": [3.5072, 13.7848, 0.876],
			"to": [9.4592, 19.66, 4.5816],
			"rotation": {"angle": -45, "axis": "x", "origin": [6.49425, 15.20282, 2.63721]},
			"faces": {
				"north": {"uv": [0, 0, 1.5, 1.5], "texture": "#0"},
				"east": {"uv": [0.5, 3, 1.5, 4.5], "texture": "#0"},
				"south": {"uv": [0, 1.5, 1.5, 3], "texture": "#0"},
				"west": {"uv": [3, 3, 4, 4.5], "texture": "#0"},
				"up": {"uv": [4, 2.5, 2.5, 1.5], "texture": "#0"},
				"down": {"uv": [5, 0, 3.5, 1], "texture": "#0"}
			}
		},
		{
			"from": [3.5072, 13.3048, 0.876],
			"to": [6.3872, 13.792, 4.5816],
			"rotation": {"angle": -45, "axis": "x", "origin": [6.49425, 15.20282, 2.63721]},
			"faces": {
				"north": {"uv": [8, 4.5, 8.75, 4.75], "texture": "#0"},
				"east": {"uv": [7.5, 7, 8.5, 7.25], "texture": "#0"},
				"south": {"uv": [8.25, 2.5, 9, 2.75], "texture": "#0"},
				"west": {"uv": [7.25, 7.75, 8.25, 8], "texture": "#0"},
				"up": {"uv": [5.75, 1, 5, 0], "texture": "#0"},
				"down": {"uv": [6.5, 0, 5.75, 1], "texture": "#0"}
			}
		},
		{
			"from": [6.6128, 13.3048, 0.876],
			"to": [9.4928, 13.792, 4.5816],
			"rotation": {"angle": -45, "axis": "x", "origin": [6.49425, 15.20282, 2.63721]},
			"faces": {
				"north": {"uv": [8.75, 4.5, 8, 4.75], "texture": "#0"},
				"east": {"uv": [8.25, 7.75, 7.25, 8], "texture": "#0"},
				"south": {"uv": [9, 2.5, 8.25, 2.75], "texture": "#0"},
				"west": {"uv": [8.5, 7, 7.5, 7.25], "texture": "#0"},
				"up": {"uv": [5, 1, 5.75, 0], "texture": "#0"},
				"down": {"uv": [5.75, 0, 6.5, 1], "texture": "#0"}
			}
		},
		{
			"from": [3.5072, 12.8248, 0.876],
			"to": [5.8112, 13.312, 4.5816],
			"rotation": {"angle": -45, "axis": "x", "origin": [6.49425, 15.20282, 2.63721]},
			"faces": {
				"north": {"uv": [8.5, 7, 9, 7.25], "texture": "#0"},
				"east": {"uv": [7.5, 4.25, 8.5, 4.5], "texture": "#0"},
				"south": {"uv": [8.5, 7.25, 9, 7.5], "texture": "#0"},
				"west": {"uv": [7.5, 6.75, 8.5, 7], "texture": "#0"},
				"up": {"uv": [2, 7.5, 1.5, 6.5], "texture": "#0"},
				"down": {"uv": [7, 0, 6.5, 1], "texture": "#0"}
			}
		},
		{
			"from": [7.1888, 12.8248, 0.876],
			"to": [9.4928, 13.312, 4.5816],
			"rotation": {"angle": -45, "axis": "x", "origin": [6.49425, 15.20282, 2.63721]},
			"faces": {
				"north": {"uv": [9, 7, 8.5, 7.25], "texture": "#0"},
				"east": {"uv": [8.5, 6.75, 7.5, 7], "texture": "#0"},
				"south": {"uv": [9, 7.25, 8.5, 7.5], "texture": "#0"},
				"west": {"uv": [8.5, 4.25, 7.5, 4.5], "texture": "#0"},
				"up": {"uv": [1.5, 7.5, 2, 6.5], "texture": "#0"},
				"down": {"uv": [6.5, 0, 7, 1], "texture": "#0"}
			}
		},
		{
			"from": [3.8912, 12.5368, 1.068],
			"to": [5.3312, 13.132, 4.3896],
			"rotation": {"angle": -45, "axis": "x", "origin": [6.49425, 15.20282, 2.63721]},
			"faces": {
				"north": {"uv": [0, 0, 1.375, 2.3], "texture": "#0"},
				"east": {"uv": [0, 0, 0.9, 2.3], "texture": "#0"},
				"south": {"uv": [0, 0, 1.375, 2.3], "texture": "#0"},
				"west": {"uv": [0, 0, 0.9, 2.3], "texture": "#0"},
				"up": {"uv": [0, 0, 1.375, 0.9], "texture": "#0"},
				"down": {"uv": [0, 0, 1.375, 0.9], "texture": "#0"}
			}
		},
		{
			"from": [7.6352, 12.5368, 1.068],
			"to": [9.0752, 13.132, 4.3896],
			"rotation": {"angle": -45, "axis": "x", "origin": [6.49425, 15.20282, 2.63721]},
			"faces": {
				"north": {"uv": [0, 0, 1.375, 2.3], "texture": "#0"},
				"east": {"uv": [0, 0, 0.9, 2.3], "texture": "#0"},
				"south": {"uv": [0, 0, 1.375, 2.3], "texture": "#0"},
				"west": {"uv": [0, 0, 0.9, 2.3], "texture": "#0"},
				"up": {"uv": [0, 0, 1.375, 0.9], "texture": "#0"},
				"down": {"uv": [0, 0, 1.375, 0.9], "texture": "#0"}
			}
		},
		{
			"from": [3.3912, 12.4368, 0.568],
			"to": [5.4312, 12.932, 4.6896],
			"rotation": {"angle": -45, "axis": "x", "origin": [6.49425, 15.20282, 2.63721]},
			"faces": {
				"north": {"uv": [8.5, 6.5, 9, 6.75], "texture": "#0"},
				"east": {"uv": [7, 5.75, 8, 6], "texture": "#0"},
				"south": {"uv": [8.5, 6.5, 9, 6.75], "texture": "#0"},
				"west": {"uv": [7, 6, 8, 6.25], "texture": "#0"},
				"up": {"uv": [6.5, 5.5, 6, 4.5], "texture": "#0"},
				"down": {"uv": [4.5, 6.25, 4, 7.25], "texture": "#0"}
			}
		},
		{
			"from": [7.5688, 12.4368, 0.568],
			"to": [9.6088, 12.932, 4.6896],
			"rotation": {"angle": -45, "axis": "x", "origin": [6.49425, 15.20282, 2.63721]},
			"faces": {
				"north": {"uv": [9, 6.5, 8.5, 6.75], "texture": "#0"},
				"east": {"uv": [8, 6, 7, 6.25], "texture": "#0"},
				"south": {"uv": [9, 6.5, 8.5, 6.75], "texture": "#0"},
				"west": {"uv": [8, 5.75, 7, 6], "texture": "#0"},
				"up": {"uv": [6, 5.5, 6.5, 4.5], "texture": "#0"},
				"down": {"uv": [4, 6.25, 4.5, 7.25], "texture": "#0"}
			}
		},
		{
			"from": [5.1912, 12.7368, 0.468],
			"to": [5.8312, 13.232, 4.7896],
			"rotation": {"angle": -45, "axis": "x", "origin": [6.49425, 15.20282, 2.63721]},
			"faces": {
				"north": {"uv": [0.75, 9, 1, 9.25], "texture": "#0"},
				"east": {"uv": [7, 6.25, 8, 6.5], "texture": "#0"},
				"south": {"uv": [0.75, 9, 1, 9.25], "rotation": 270, "texture": "#0"},
				"west": {"uv": [6, 7.25, 7, 7.5], "texture": "#0"},
				"up": {"uv": [4.5, 8.25, 4.25, 7.25], "texture": "#0"},
				"down": {"uv": [7.25, 7.25, 7, 8.25], "texture": "#0"}
			}
		},
		{
			"from": [7.1688, 12.7368, 0.468],
			"to": [7.8088, 13.232, 4.7896],
			"rotation": {"angle": -45, "axis": "x", "origin": [6.49425, 15.20282, 2.63721]},
			"faces": {
				"north": {"uv": [1, 9, 0.75, 9.25], "texture": "#0"},
				"east": {"uv": [7, 7.25, 6, 7.5], "texture": "#0"},
				"south": {"uv": [0.75, 9.25, 1, 9], "rotation": 270, "texture": "#0"},
				"west": {"uv": [8, 6.25, 7, 6.5], "texture": "#0"},
				"up": {"uv": [4.25, 8.25, 4.5, 7.25], "texture": "#0"},
				"down": {"uv": [7, 7.25, 7.25, 8.25], "texture": "#0"}
			}
		},
		{
			"from": [5.7912, 13.2368, 0.468],
			"to": [6.4312, 13.632, 4.7896],
			"rotation": {"angle": -45, "axis": "x", "origin": [6.49425, 15.20282, 2.63721]},
			"faces": {
				"north": {"uv": [2.75, 9, 3, 9.25], "texture": "#0"},
				"east": {"uv": [7.25, 7.25, 8.25, 7.5], "texture": "#0"},
				"south": {"uv": [2.75, 9, 3, 9.25], "rotation": 90, "texture": "#0"},
				"west": {"uv": [7.25, 1.5, 8.25, 1.75], "texture": "#0"},
				"up": {"uv": [7.5, 2.75, 7.25, 1.75], "texture": "#0"},
				"down": {"uv": [7.5, 2.75, 7.25, 3.75], "texture": "#0"}
			}
		},
		{
			"from": [6.5688, 13.2368, 0.468],
			"to": [7.2088, 13.632, 4.7896],
			"rotation": {"angle": -45, "axis": "x", "origin": [6.49425, 15.20282, 2.63721]},
			"faces": {
				"north": {"uv": [3, 9, 2.75, 9.25], "texture": "#0"},
				"east": {"uv": [8.25, 1.5, 7.25, 1.75], "texture": "#0"},
				"south": {"uv": [2.75, 9.25, 3, 9], "rotation": 90, "texture": "#0"},
				"west": {"uv": [8.25, 7.25, 7.25, 7.5], "texture": "#0"},
				"up": {"uv": [7.25, 2.75, 7.5, 1.75], "texture": "#0"},
				"down": {"uv": [7.25, 2.75, 7.5, 3.75], "texture": "#0"}
			}
		},
		{
			"from": [6.2912, 13.6368, 0.468],
			"to": [6.7312, 19.932, 4.7896],
			"rotation": {"angle": -45, "axis": "x", "origin": [6.49425, 15.20282, 2.63721]},
			"faces": {
				"north": {"uv": [6.5, 4.5, 6.75, 6], "texture": "#0"},
				"east": {"uv": [1.5, 0, 2.5, 1.5], "texture": "#0"},
				"south": {"uv": [6.5, 4.5, 6.75, 6], "texture": "#0"},
				"west": {"uv": [2.5, 0, 3.5, 1.5], "texture": "#0"},
				"up": {"uv": [7.5, 5.75, 7.25, 4.75], "texture": "#0"},
				"down": {"uv": [1.75, 7.5, 1.5, 8.5], "texture": "#0"}
			}
		},
		{
			"from": [5.6912, 14.8368, 0.468],
			"to": [6.3312, 15.232, 4.7896],
			"rotation": {"angle": -45, "axis": "x", "origin": [6.49425, 15.20282, 2.63721]},
			"faces": {
				"north": {"uv": [4.5, 9, 4.75, 9.25], "texture": "#0"},
				"east": {"uv": [7.25, 3.75, 8.25, 4], "texture": "#0"},
				"south": {"uv": [4.5, 9, 4.75, 9.25], "rotation": 90, "texture": "#0"},
				"west": {"uv": [6, 7.5, 7, 7.75], "texture": "#0"},
				"up": {"uv": [2, 8.5, 1.75, 7.5], "texture": "#0"},
				"down": {"uv": [3.25, 7.5, 3, 8.5], "texture": "#0"}
			}
		},
		{
			"from": [6.6688, 14.5368, 0.468],
			"to": [7.3088, 14.932, 4.7896],
			"rotation": {"angle": -45, "axis": "x", "origin": [6.49425, 15.20282, 2.63721]},
			"faces": {
				"north": {"uv": [4.75, 9, 4.5, 9.25], "texture": "#0"},
				"east": {"uv": [7, 7.5, 6, 7.75], "texture": "#0"},
				"south": {"uv": [4.5, 9.25, 4.75, 9], "rotation": 90, "texture": "#0"},
				"west": {"uv": [8.25, 3.75, 7.25, 4], "texture": "#0"},
				"up": {"uv": [1.75, 8.5, 2, 7.5], "texture": "#0"},
				"down": {"uv": [3, 7.5, 3.25, 8.5], "texture": "#0"}
			}
		},
		{
			"from": [4.7912, 14.4368, 0.468],
			"to": [5.7312, 14.832, 4.7896],
			"rotation": {"angle": -45, "axis": "x", "origin": [6.49425, 15.20282, 2.63721]},
			"faces": {
				"north": {"uv": [5, 9, 5.25, 9.25], "texture": "#0"},
				"east": {"uv": [7.25, 7.5, 8.25, 7.75], "texture": "#0"},
				"south": {"uv": [5, 9, 5.25, 9.25], "rotation": 90, "texture": "#0"},
				"west": {"uv": [7.5, 0.25, 8.5, 0.5], "texture": "#0"},
				"up": {"uv": [3.5, 8.5, 3.25, 7.5], "texture": "#0"},
				"down": {"uv": [7.75, 1.75, 7.5, 2.75], "texture": "#0"}
			}
		},
		{
			"from": [7.2688, 14.7368, 0.468],
			"to": [8.2088, 15.132, 4.7896],
			"rotation": {"angle": -45, "axis": "x", "origin": [6.49425, 15.20282, 2.63721]},
			"faces": {
				"north": {"uv": [5.25, 9, 5, 9.25], "texture": "#0"},
				"east": {"uv": [8.5, 0.25, 7.5, 0.5], "texture": "#0"},
				"south": {"uv": [5, 9.25, 5.25, 9], "rotation": 90, "texture": "#0"},
				"west": {"uv": [8.25, 7.5, 7.25, 7.75], "texture": "#0"},
				"up": {"uv": [3.25, 8.5, 3.5, 7.5], "texture": "#0"},
				"down": {"uv": [7.5, 1.75, 7.75, 2.75], "texture": "#0"}
			}
		},
		{
			"from": [3.8912, 14.1368, 0.468],
			"to": [4.8312, 14.532, 4.7896],
			"rotation": {"angle": -45, "axis": "x", "origin": [6.49425, 15.20282, 2.63721]},
			"faces": {
				"north": {"uv": [5.75, 9, 6, 9.25], "texture": "#0"},
				"east": {"uv": [7.5, 0.5, 8.5, 0.75], "texture": "#0"},
				"south": {"uv": [5.75, 9, 6, 9.25], "texture": "#0"},
				"west": {"uv": [7.5, 1, 8.5, 1.25], "texture": "#0"},
				"up": {"uv": [7.75, 3.75, 7.5, 2.75], "texture": "#0"},
				"down": {"uv": [7.75, 4.75, 7.5, 5.75], "texture": "#0"}
			}
		},
		{
			"from": [8.1688, 14.7368, 0.468],
			"to": [9.1088, 15.132, 4.7896],
			"rotation": {"angle": -45, "axis": "x", "origin": [6.49425, 15.20282, 2.63721]},
			"faces": {
				"north": {"uv": [6, 9, 5.75, 9.25], "texture": "#0"},
				"east": {"uv": [8.5, 1, 7.5, 1.25], "texture": "#0"},
				"south": {"uv": [6, 9, 5.75, 9.25], "texture": "#0"},
				"west": {"uv": [8.5, 0.5, 7.5, 0.75], "texture": "#0"},
				"up": {"uv": [7.5, 3.75, 7.75, 2.75], "texture": "#0"},
				"down": {"uv": [7.5, 4.75, 7.75, 5.75], "texture": "#0"}
			}
		},
		{
			"from": [3.3912, 14.4368, 0.468],
			"to": [3.9312, 14.832, 4.7896],
			"rotation": {"angle": -45, "axis": "x", "origin": [6.49425, 15.20282, 2.63721]},
			"faces": {
				"north": {"uv": [6.25, 9, 6.5, 9.25], "texture": "#0"},
				"east": {"uv": [7.5, 1.25, 8.5, 1.5], "texture": "#0"},
				"south": {"uv": [6.25, 9, 6.5, 9.25], "texture": "#0"},
				"west": {"uv": [7.5, 4, 8.5, 4.25], "texture": "#0"},
				"up": {"uv": [6.25, 8.75, 6, 7.75], "texture": "#0"},
				"down": {"uv": [6.5, 7.75, 6.25, 8.75], "texture": "#0"}
			}
		},
		{
			"from": [9.0688, 14.4368, 0.468],
			"to": [9.6088, 14.832, 4.7896],
			"rotation": {"angle": -45, "axis": "x", "origin": [6.49425, 15.20282, 2.63721]},
			"faces": {
				"north": {"uv": [6.5, 9, 6.25, 9.25], "texture": "#0"},
				"east": {"uv": [8.5, 4, 7.5, 4.25], "texture": "#0"},
				"south": {"uv": [6.5, 9, 6.25, 9.25], "texture": "#0"},
				"west": {"uv": [8.5, 1.25, 7.5, 1.5], "texture": "#0"},
				"up": {"uv": [6, 8.75, 6.25, 7.75], "texture": "#0"},
				"down": {"uv": [6.25, 7.75, 6.5, 8.75], "texture": "#0"}
			}
		},
		{
			"from": [3.3912, 15.6368, 0.468],
			"to": [4.2312, 16.032, 4.7896],
			"rotation": {"angle": -45, "axis": "x", "origin": [6.49425, 15.20282, 2.63721]},
			"faces": {
				"north": {"uv": [6.25, 9, 6.5, 9.25], "texture": "#0"},
				"east": {"uv": [7.25, 7.5, 8.25, 7.75], "texture": "#0"},
				"south": {"uv": [6.25, 9, 6.5, 9.25], "texture": "#0"},
				"west": {"uv": [7, 6, 8, 6.25], "texture": "#0"},
				"up": {"uv": [6.25, 8.75, 6, 7.75], "texture": "#0"},
				"down": {"uv": [6.5, 7.75, 6.25, 8.75], "texture": "#0"}
			}
		},
		{
			"from": [8.7688, 15.6368, 0.468],
			"to": [9.6088, 16.032, 4.7896],
			"rotation": {"angle": -45, "axis": "x", "origin": [6.49425, 15.20282, 2.63721]},
			"faces": {
				"north": {"uv": [6.5, 9, 6.25, 9.25], "texture": "#0"},
				"east": {"uv": [8, 6, 7, 6.25], "texture": "#0"},
				"south": {"uv": [6.5, 9, 6.25, 9.25], "texture": "#0"},
				"west": {"uv": [8.25, 7.5, 7.25, 7.75], "texture": "#0"},
				"up": {"uv": [6, 8.75, 6.25, 7.75], "texture": "#0"},
				"down": {"uv": [6.25, 7.75, 6.5, 8.75], "texture": "#0"}
			}
		},
		{
			"from": [4.0912, 15.8368, 0.468],
			"to": [5.0312, 16.232, 4.7896],
			"rotation": {"angle": -45, "axis": "x", "origin": [6.49425, 15.20282, 2.63721]},
			"faces": {
				"north": {"uv": [5.75, 9, 6, 9.25], "texture": "#0"},
				"east": {"uv": [7.25, 7.5, 8.25, 7.75], "texture": "#0"},
				"south": {"uv": [5.75, 9, 6, 9.25], "texture": "#0"},
				"west": {"uv": [7.5, 1, 8.5, 1.25], "texture": "#0"},
				"up": {"uv": [7.75, 3.75, 7.5, 2.75], "texture": "#0"},
				"down": {"uv": [7.75, 4.75, 7.5, 5.75], "texture": "#0"}
			}
		},
		{
			"from": [7.9688, 15.8368, 0.468],
			"to": [8.9088, 16.232, 4.7896],
			"rotation": {"angle": -45, "axis": "x", "origin": [6.49425, 15.20282, 2.63721]},
			"faces": {
				"north": {"uv": [6, 9, 5.75, 9.25], "texture": "#0"},
				"east": {"uv": [8.5, 1, 7.5, 1.25], "texture": "#0"},
				"south": {"uv": [6, 9, 5.75, 9.25], "texture": "#0"},
				"west": {"uv": [8.25, 7.5, 7.25, 7.75], "texture": "#0"},
				"up": {"uv": [7.5, 3.75, 7.75, 2.75], "texture": "#0"},
				"down": {"uv": [7.5, 4.75, 7.75, 5.75], "texture": "#0"}
			}
		},
		{
			"from": [4.7912, 16.2368, 0.468],
			"to": [5.7312, 16.632, 4.7896],
			"rotation": {"angle": -45, "axis": "x", "origin": [6.49425, 15.20282, 2.63721]},
			"faces": {
				"north": {"uv": [5, 9, 5.25, 9.25], "texture": "#0"},
				"east": {"uv": [7.25, 7.5, 8.25, 7.75], "texture": "#0"},
				"south": {"uv": [5, 9, 5.25, 9.25], "rotation": 90, "texture": "#0"},
				"west": {"uv": [7.5, 0.25, 8.5, 0.5], "texture": "#0"},
				"up": {"uv": [3.5, 8.5, 3.25, 7.5], "texture": "#0"},
				"down": {"uv": [7.75, 1.75, 7.5, 2.75], "texture": "#0"}
			}
		},
		{
			"from": [7.2688, 16.2368, 0.468],
			"to": [8.2088, 16.632, 4.7896],
			"rotation": {"angle": -45, "axis": "x", "origin": [6.49425, 15.20282, 2.63721]},
			"faces": {
				"north": {"uv": [5.25, 9, 5, 9.25], "texture": "#0"},
				"east": {"uv": [8.5, 0.25, 7.5, 0.5], "texture": "#0"},
				"south": {"uv": [5, 9.25, 5.25, 9], "rotation": 90, "texture": "#0"},
				"west": {"uv": [8.25, 7.5, 7.25, 7.75], "texture": "#0"},
				"up": {"uv": [3.25, 8.5, 3.5, 7.5], "texture": "#0"},
				"down": {"uv": [7.5, 1.75, 7.75, 2.75], "texture": "#0"}
			}
		},
		{
			"from": [5.6912, 16.3368, 0.468],
			"to": [6.3312, 16.732, 4.7896],
			"rotation": {"angle": -45, "axis": "x", "origin": [6.49425, 15.20282, 2.63721]},
			"faces": {
				"north": {"uv": [4.5, 9, 4.75, 9.25], "texture": "#0"},
				"east": {"uv": [0, 0, 0.9, 2.3], "texture": "#0"},
				"south": {"uv": [4.5, 9, 4.75, 9.25], "rotation": 90, "texture": "#0"},
				"west": {"uv": [6, 7.5, 7, 7.75], "texture": "#0"},
				"up": {"uv": [2, 8.5, 1.75, 7.5], "texture": "#0"},
				"down": {"uv": [3.25, 7.5, 3, 8.5], "texture": "#0"}
			}
		},
		{
			"from": [6.6688, 16.0368, 0.468],
			"to": [7.3088, 16.432, 4.7896],
			"rotation": {"angle": -45, "axis": "x", "origin": [6.49425, 15.20282, 2.63721]},
			"faces": {
				"north": {"uv": [4.75, 9, 4.5, 9.25], "texture": "#0"},
				"east": {"uv": [7, 7.5, 6, 7.75], "texture": "#0"},
				"south": {"uv": [4.5, 9.25, 4.75, 9], "rotation": 90, "texture": "#0"},
				"west": {"uv": [0.9, 0, 0, 2.3], "texture": "#0"},
				"up": {"uv": [1.75, 8.5, 2, 7.5], "texture": "#0"},
				"down": {"uv": [3, 7.5, 3.25, 8.5], "texture": "#0"}
			}
		},
		{
			"from": [3.3912, 17.4368, 0.468],
			"to": [3.9312, 17.832, 4.7896],
			"rotation": {"angle": -45, "axis": "x", "origin": [6.49425, 15.20282, 2.63721]},
			"faces": {
				"north": {"uv": [6.25, 9, 6.5, 9.25], "texture": "#0"},
				"east": {"uv": [7.25, 7.5, 8.25, 7.75], "texture": "#0"},
				"south": {"uv": [6.25, 9, 6.5, 9.25], "texture": "#0"},
				"west": {"uv": [7, 6, 8, 6.25], "texture": "#0"},
				"up": {"uv": [6.25, 8.75, 6, 7.75], "texture": "#0"},
				"down": {"uv": [6.5, 7.75, 6.25, 8.75], "texture": "#0"}
			}
		},
		{
			"from": [9.0688, 17.0368, 0.468],
			"to": [9.6088, 17.432, 4.7896],
			"rotation": {"angle": -45, "axis": "x", "origin": [6.49425, 15.20282, 2.63721]},
			"faces": {
				"north": {"uv": [6.5, 9, 6.25, 9.25], "texture": "#0"},
				"east": {"uv": [8, 6, 7, 6.25], "texture": "#0"},
				"south": {"uv": [6.5, 9, 6.25, 9.25], "texture": "#0"},
				"west": {"uv": [8.25, 7.5, 7.25, 7.75], "texture": "#0"},
				"up": {"uv": [6, 8.75, 6.25, 7.75], "texture": "#0"},
				"down": {"uv": [6.25, 7.75, 6.5, 8.75], "texture": "#0"}
			}
		},
		{
			"from": [3.8912, 17.1368, 0.468],
			"to": [4.8312, 17.532, 4.7896],
			"rotation": {"angle": -45, "axis": "x", "origin": [6.49425, 15.20282, 2.63721]},
			"faces": {
				"north": {"uv": [5.75, 9, 6, 9.25], "texture": "#0"},
				"east": {"uv": [7.25, 7.5, 8.25, 7.75], "texture": "#0"},
				"south": {"uv": [5.75, 9, 6, 9.25], "texture": "#0"},
				"west": {"uv": [7.5, 1, 8.5, 1.25], "texture": "#0"},
				"up": {"uv": [7.75, 3.75, 7.5, 2.75], "texture": "#0"},
				"down": {"uv": [7.75, 4.75, 7.5, 5.75], "texture": "#0"}
			}
		},
		{
			"from": [8.1688, 17.4368, 0.468],
			"to": [9.1088, 17.832, 4.7896],
			"rotation": {"angle": -45, "axis": "x", "origin": [6.49425, 15.20282, 2.63721]},
			"faces": {
				"north": {"uv": [6, 9, 5.75, 9.25], "texture": "#0"},
				"east": {"uv": [8.5, 1, 7.5, 1.25], "texture": "#0"},
				"south": {"uv": [6, 9, 5.75, 9.25], "texture": "#0"},
				"west": {"uv": [8.25, 7.5, 7.25, 7.75], "texture": "#0"},
				"up": {"uv": [7.5, 3.75, 7.75, 2.75], "texture": "#0"},
				"down": {"uv": [7.5, 4.75, 7.75, 5.75], "texture": "#0"}
			}
		},
		{
			"from": [4.7912, 17.4368, 0.468],
			"to": [5.7312, 17.832, 4.7896],
			"rotation": {"angle": -45, "axis": "x", "origin": [6.49425, 15.20282, 2.63721]},
			"faces": {
				"north": {"uv": [5, 9, 5.25, 9.25], "texture": "#0"},
				"east": {"uv": [7.25, 7.5, 8.25, 7.75], "texture": "#0"},
				"south": {"uv": [5, 9, 5.25, 9.25], "rotation": 90, "texture": "#0"},
				"west": {"uv": [7.5, 0.25, 8.5, 0.5], "texture": "#0"},
				"up": {"uv": [7.75, 3.75, 7.5, 2.75], "texture": "#0"},
				"down": {"uv": [7.75, 1.75, 7.5, 2.75], "texture": "#0"}
			}
		},
		{
			"from": [7.2688, 17.4368, 0.468],
			"to": [8.2088, 17.832, 4.7896],
			"rotation": {"angle": -45, "axis": "x", "origin": [6.49425, 15.20282, 2.63721]},
			"faces": {
				"north": {"uv": [5.25, 9, 5, 9.25], "texture": "#0"},
				"east": {"uv": [8.5, 0.25, 7.5, 0.5], "texture": "#0"},
				"south": {"uv": [5, 9.25, 5.25, 9], "rotation": 90, "texture": "#0"},
				"west": {"uv": [8.25, 7.5, 7.25, 7.75], "texture": "#0"},
				"up": {"uv": [7.5, 3.75, 7.75, 2.75], "texture": "#0"},
				"down": {"uv": [7.5, 1.75, 7.75, 2.75], "texture": "#0"}
			}
		},
		{
			"from": [5.6912, 17.8368, 0.468],
			"to": [6.3312, 18.232, 4.7896],
			"rotation": {"angle": -45, "axis": "x", "origin": [6.49425, 15.20282, 2.63721]},
			"faces": {
				"north": {"uv": [4.5, 9, 4.75, 9.25], "texture": "#0"},
				"east": {"uv": [0, 0, 0.9, 2.3], "texture": "#0"},
				"south": {"uv": [4.5, 9, 4.75, 9.25], "rotation": 90, "texture": "#0"},
				"west": {"uv": [6, 7.5, 7, 7.75], "texture": "#0"},
				"up": {"uv": [2, 8.5, 1.75, 7.5], "texture": "#0"},
				"down": {"uv": [3.25, 7.5, 3, 8.5], "texture": "#0"}
			}
		},
		{
			"from": [6.6688, 17.8368, 0.468],
			"to": [7.3088, 18.232, 4.7896],
			"rotation": {"angle": -45, "axis": "x", "origin": [6.49425, 15.20282, 2.63721]},
			"faces": {
				"north": {"uv": [4.75, 9, 4.5, 9.25], "texture": "#0"},
				"east": {"uv": [7, 7.5, 6, 7.75], "texture": "#0"},
				"south": {"uv": [4.5, 9.25, 4.75, 9], "rotation": 90, "texture": "#0"},
				"west": {"uv": [0.9, 0, 0, 2.3], "texture": "#0"},
				"up": {"uv": [1.75, 8.5, 2, 7.5], "texture": "#0"},
				"down": {"uv": [3, 7.5, 3.25, 8.5], "texture": "#0"}
			}
		},
		{
			"from": [3.3912, 19.1368, 0.468],
			"to": [3.9312, 19.732, 4.7896],
			"rotation": {"angle": -45, "axis": "x", "origin": [6.49425, 15.20282, 2.63721]},
			"faces": {
				"north": {"uv": [6.25, 9, 6.5, 9.25], "texture": "#0"},
				"east": {"uv": [7.25, 7.5, 8.25, 7.75], "texture": "#0"},
				"south": {"uv": [6.25, 9, 6.5, 9.25], "texture": "#0"},
				"west": {"uv": [7, 6, 8, 6.25], "texture": "#0"},
				"up": {"uv": [6.25, 8.75, 6, 7.75], "texture": "#0"},
				"down": {"uv": [6.5, 7.75, 6.25, 8.75], "texture": "#0"}
			}
		},
		{
			"from": [9.0688, 19.1368, 0.468],
			"to": [9.6088, 19.732, 4.7896],
			"rotation": {"angle": -45, "axis": "x", "origin": [6.49425, 15.20282, 2.63721]},
			"faces": {
				"north": {"uv": [6.5, 9, 6.25, 9.25], "texture": "#0"},
				"east": {"uv": [8, 6, 7, 6.25], "texture": "#0"},
				"south": {"uv": [6.5, 9, 6.25, 9.25], "texture": "#0"},
				"west": {"uv": [8.25, 7.5, 7.25, 7.75], "texture": "#0"},
				"up": {"uv": [6, 8.75, 6.25, 7.75], "texture": "#0"},
				"down": {"uv": [6.25, 7.75, 6.5, 8.75], "texture": "#0"}
			}
		},
		{
			"from": [3.8912, 18.8368, 0.468],
			"to": [4.8312, 19.232, 4.7896],
			"rotation": {"angle": -45, "axis": "x", "origin": [6.49425, 15.20282, 2.63721]},
			"faces": {
				"north": {"uv": [5.75, 9, 6, 9.25], "texture": "#0"},
				"east": {"uv": [7.25, 7.5, 8.25, 7.75], "texture": "#0"},
				"south": {"uv": [5.75, 9, 6, 9.25], "texture": "#0"},
				"west": {"uv": [7.5, 1, 8.5, 1.25], "texture": "#0"},
				"up": {"uv": [7.75, 3.75, 7.5, 2.75], "texture": "#0"},
				"down": {"uv": [7.75, 4.75, 7.5, 5.75], "texture": "#0"}
			}
		},
		{
			"from": [8.1688, 18.8368, 0.468],
			"to": [9.1088, 19.232, 4.7896],
			"rotation": {"angle": -45, "axis": "x", "origin": [6.49425, 15.20282, 2.63721]},
			"faces": {
				"north": {"uv": [6, 9, 5.75, 9.25], "texture": "#0"},
				"east": {"uv": [8.5, 1, 7.5, 1.25], "texture": "#0"},
				"south": {"uv": [6, 9, 5.75, 9.25], "texture": "#0"},
				"west": {"uv": [8.25, 7.5, 7.25, 7.75], "texture": "#0"},
				"up": {"uv": [7.5, 3.75, 7.75, 2.75], "texture": "#0"},
				"down": {"uv": [7.5, 4.75, 7.75, 5.75], "texture": "#0"}
			}
		},
		{
			"from": [4.7912, 19.1368, 0.468],
			"to": [5.7312, 19.532, 4.7896],
			"rotation": {"angle": -45, "axis": "x", "origin": [6.49425, 15.20282, 2.63721]},
			"faces": {
				"north": {"uv": [5, 9, 5.25, 9.25], "texture": "#0"},
				"east": {"uv": [7.25, 7.5, 8.25, 7.75], "texture": "#0"},
				"south": {"uv": [5, 9, 5.25, 9.25], "rotation": 90, "texture": "#0"},
				"west": {"uv": [7.5, 0.25, 8.5, 0.5], "texture": "#0"},
				"up": {"uv": [7.75, 3.75, 7.5, 2.75], "texture": "#0"},
				"down": {"uv": [7.75, 1.75, 7.5, 2.75], "texture": "#0"}
			}
		},
		{
			"from": [7.2688, 19.1368, 0.468],
			"to": [8.2088, 19.532, 4.7896],
			"rotation": {"angle": -45, "axis": "x", "origin": [6.49425, 15.20282, 2.63721]},
			"faces": {
				"north": {"uv": [5.25, 9, 5, 9.25], "texture": "#0"},
				"east": {"uv": [8.5, 0.25, 7.5, 0.5], "texture": "#0"},
				"south": {"uv": [5, 9.25, 5.25, 9], "rotation": 90, "texture": "#0"},
				"west": {"uv": [8.25, 7.5, 7.25, 7.75], "texture": "#0"},
				"up": {"uv": [7.5, 3.75, 7.75, 2.75], "texture": "#0"},
				"down": {"uv": [7.5, 1.75, 7.75, 2.75], "texture": "#0"}
			}
		},
		{
			"from": [5.6912, 19.5368, 0.468],
			"to": [6.3312, 19.932, 4.7896],
			"rotation": {"angle": -45, "axis": "x", "origin": [6.49425, 15.20282, 2.63721]},
			"faces": {
				"north": {"uv": [4.5, 9, 4.75, 9.25], "texture": "#0"},
				"east": {"uv": [0, 0, 0.9, 2.3], "texture": "#0"},
				"south": {"uv": [4.5, 9, 4.75, 9.25], "rotation": 90, "texture": "#0"},
				"west": {"uv": [7, 6, 8, 6.25], "texture": "#0"},
				"up": {"uv": [2, 8.5, 1.75, 7.5], "texture": "#0"},
				"down": {"uv": [3.25, 7.5, 3, 8.5], "texture": "#0"}
			}
		},
		{
			"from": [6.6688, 19.5368, 0.468],
			"to": [7.3088, 19.932, 4.7896],
			"rotation": {"angle": -45, "axis": "x", "origin": [6.49425, 15.20282, 2.63721]},
			"faces": {
				"north": {"uv": [4.75, 9, 4.5, 9.25], "texture": "#0"},
				"east": {"uv": [8, 6, 7, 6.25], "texture": "#0"},
				"south": {"uv": [4.5, 9.25, 4.75, 9], "rotation": 90, "texture": "#0"},
				"west": {"uv": [0.9, 0, 0, 2.3], "texture": "#0"},
				"up": {"uv": [1.75, 8.5, 2, 7.5], "texture": "#0"},
				"down": {"uv": [3, 7.5, 3.25, 8.5], "texture": "#0"}
			}
		},
		{
			"from": [10.2, 5.7, -0.4],
			"to": [11.3, 18.4, 0.7],
			"rotation": {"angle": 0, "axis": "y", "origin": [10.475, -6.87222, -0.15556]},
			"faces": {
				"north": {"uv": [5.75, 5.5, 5.5, 8.75], "texture": "#0"},
				"east": {"uv": [0.5, 6, 0.25, 9.25], "texture": "#0"},
				"south": {"uv": [5.5, 5.5, 5.75, 8.75], "texture": "#0"},
				"west": {"uv": [6, 5.75, 5.75, 9], "texture": "#0"},
				"up": {"uv": [6.75, 9.25, 7, 9], "texture": "#0"},
				"down": {"uv": [7, 9, 7.25, 9.25], "texture": "#0"}
			}
		},
		{
			"from": [9.2, 17.9, -0.9],
			"to": [10.8, 19.5, 1],
			"rotation": {"angle": 0, "axis": "y", "origin": [10.475, -6.87222, -0.15556]},
			"faces": {
				"north": {"uv": [7, 7.75, 6.5, 8.25], "texture": "#0"},
				"east": {"uv": [8.25, 2.75, 7.75, 3.25], "texture": "#0"},
				"south": {"uv": [6.5, 7.75, 7, 8.25], "texture": "#0"},
				"west": {"uv": [6.5, 7.75, 7, 8.25], "texture": "#0"},
				"up": {"uv": [6.5, 7.75, 7, 8.25], "texture": "#0"},
				"down": {"uv": [7.75, 4.75, 8.25, 5.25], "texture": "#0"}
			}
		},
		{
			"from": [10, 6.2, -6.5],
			"to": [11.5, 6.9, -5],
			"rotation": {"angle": 22.5, "axis": "x", "origin": [10.4875, -8.45312, -6.0875]},
			"faces": {
				"north": {"uv": [8.25, 9, 8, 9.25], "texture": "#0"},
				"east": {"uv": [9, 7.75, 8.5, 8], "texture": "#0"},
				"south": {"uv": [8.5, 9, 8.25, 9.25], "texture": "#0"},
				"west": {"uv": [9, 7.5, 8.5, 7.75], "texture": "#0"},
				"up": {"uv": [0.5, 9.25, 0.75, 8.75], "texture": "#0"},
				"down": {"uv": [3, 8.75, 3.25, 9.25], "texture": "#0"}
			}
		},
		{
			"from": [10.2, 5.7, -6.3],
			"to": [11.3, 6.2, -5.2],
			"rotation": {"angle": 22.5, "axis": "x", "origin": [10.4875, -8.45312, -6.0875]},
			"faces": {
				"north": {"uv": [8.75, 9, 8.5, 9.25], "texture": "#0"},
				"east": {"uv": [9.25, 0, 9, 0.25], "texture": "#0"},
				"south": {"uv": [9.25, 9, 9, 9.25], "texture": "#0"},
				"west": {"uv": [9, 9, 8.75, 9.25], "texture": "#0"},
				"up": {"uv": [9, 0.5, 9.25, 0.25], "texture": "#0"},
				"down": {"uv": [9, 0.5, 9.25, 0.75], "texture": "#0"}
			}
		},
		{
			"from": [11, -8.2, -6.3],
			"to": [11.5, 5.8, -5.2],
			"rotation": {"angle": 22.5, "axis": "x", "origin": [10.4875, -8.45312, -6.0875]},
			"faces": {
				"north": {"uv": [4, 4.5, 3.75, 8], "texture": "#0"},
				"east": {"uv": [5, 5.25, 4.75, 8.75], "texture": "#0"},
				"south": {"uv": [4.75, 5.25, 4.5, 8.75], "texture": "#0"},
				"west": {"uv": [2.5, 5, 2.25, 8.5], "texture": "#0"},
				"up": {"uv": [9, 1, 9.25, 0.75], "texture": "#0"},
				"down": {"uv": [9, 1, 9.25, 1.25], "texture": "#0"}
			}
		},
		{
			"from": [9.9, -8.2, -6.3],
			"to": [10.4, 5.8, -5.2],
			"rotation": {"angle": 22.5, "axis": "x", "origin": [10.4875, -8.45312, -6.0875]},
			"faces": {
				"north": {"uv": [5.25, 5.25, 5, 8.75], "texture": "#0"},
				"east": {"uv": [3, 5.5, 2.75, 9], "texture": "#0"},
				"south": {"uv": [2.75, 5.5, 2.5, 9], "texture": "#0"},
				"west": {"uv": [5.5, 5.25, 5.25, 8.75], "texture": "#0"},
				"up": {"uv": [9, 1.5, 9.25, 1.25], "texture": "#0"},
				"down": {"uv": [9, 1.5, 9.25, 1.75], "texture": "#0"}
			}
		},
		{
			"from": [9.7, -10.3, -6.5],
			"to": [11.7, -8.2, -5],
			"rotation": {"angle": 22.5, "axis": "x", "origin": [10.4875, -8.45312, -6.0875]},
			"faces": {
				"north": {"uv": [8.25, 5.25, 7.75, 5.75], "texture": "#0"},
				"east": {"uv": [7.75, 8, 7.25, 8.5], "texture": "#0"},
				"south": {"uv": [4, 8, 3.5, 8.5], "texture": "#0"},
				"west": {"uv": [1.5, 8, 1, 8.5], "texture": "#0"},
				"up": {"uv": [7.75, 8.5, 8.25, 8], "texture": "#0"},
				"down": {"uv": [8, 5.75, 8.5, 6.25], "texture": "#0"}
			}
		},
		{
			"from": [9.4, -11.8, -6.5],
			"to": [12, -10.3, -5],
			"rotation": {"angle": 22.5, "axis": "x", "origin": [10.4875, -8.45312, -6.0875]},
			"faces": {
				"north": {"uv": [6, 4, 5.25, 4.5], "texture": "#0"},
				"east": {"uv": [4.5, 8.25, 4, 8.75], "texture": "#0"},
				"south": {"uv": [6.75, 6.75, 6, 7.25], "texture": "#0"},
				"west": {"uv": [8.5, 6.25, 8, 6.75], "texture": "#0"},
				"up": {"uv": [6.75, 7.25, 7.5, 6.75], "texture": "#0"},
				"down": {"uv": [6.75, 1, 7.5, 1.5], "texture": "#0"}
			}
		},
		{
			"from": [8.9, -12.6, -5.8],
			"to": [9.3, -11.2, -5.1],
			"rotation": {"angle": 22.5, "axis": "x", "origin": [10.4875, -8.45312, -6.0875]},
			"faces": {
				"north": {"uv": [9.25, 3.25, 9, 3.5], "texture": "#0"},
				"east": {"uv": [9.25, 4, 9, 4.25], "texture": "#0"},
				"south": {"uv": [9.25, 3.75, 9, 4], "texture": "#0"},
				"west": {"uv": [9.25, 3.5, 9, 3.75], "texture": "#0"},
				"up": {"uv": [9, 4.5, 9.25, 4.25], "texture": "#0"},
				"down": {"uv": [9, 4.5, 9.25, 4.75], "texture": "#0"}
			}
		},
		{
			"from": [9, -11.5, -5.9],
			"to": [9.4, -11, -5],
			"rotation": {"angle": 22.5, "axis": "x", "origin": [10.4875, -8.45312, -6.0875]},
			"faces": {
				"north": {"uv": [9.25, 1.75, 9, 2], "texture": "#0"},
				"east": {"uv": [9.25, 2.5, 9, 2.75], "texture": "#0"},
				"south": {"uv": [9.25, 2.25, 9, 2.5], "texture": "#0"},
				"west": {"uv": [9.25, 2, 9, 2.25], "texture": "#0"},
				"up": {"uv": [9, 3, 9.25, 2.75], "texture": "#0"},
				"down": {"uv": [9, 3, 9.25, 3.25], "texture": "#0"}
			}
		},
		{
			"from": [9.5, -12.7, -6.7],
			"to": [9.9, -11.3, -6.3],
			"rotation": {"angle": 22.5, "axis": "x", "origin": [10.4875, -8.45312, -6.0875]},
			"faces": {
				"north": {"uv": [9.1, 5.25, 9.2, 5.6], "texture": "#0"},
				"east": {"uv": [9.1, 5.25, 9.2, 5.6], "texture": "#0"},
				"south": {"uv": [9.1, 5.25, 9.2, 5.6], "texture": "#0"},
				"west": {"uv": [9.1, 5.25, 9.2, 5.6], "texture": "#0"},
				"up": {"uv": [9.35, 6.5, 9.45, 6.6], "texture": "#0"},
				"down": {"uv": [9.35, 6.5, 9.45, 6.6], "texture": "#0"}
			}
		},
		{
			"from": [9.5, -14.1, -6.7],
			"to": [9.9, -12.7, -6.3],
			"rotation": {"angle": 22.5, "axis": "x", "origin": [10.4875, -8.45312, -6.0875]},
			"faces": {
				"north": {"uv": [3.35, 8.75, 3.45, 9.1], "texture": "#0"},
				"east": {"uv": [4.35, 8.75, 4.45, 9.1], "texture": "#0"},
				"south": {"uv": [4.1, 8.75, 4.2, 9.1], "texture": "#0"},
				"west": {"uv": [3.6, 8.75, 3.7, 9.1], "texture": "#0"},
				"up": {"uv": [9.35, 6.5, 9.45, 6.6], "texture": "#0"},
				"down": {"uv": [9.35, 5, 9.45, 5.1], "texture": "#0"}
			}
		},
		{
			"from": [10.1, -12.7, -6.7],
			"to": [10.5, -11.3, -6.3],
			"rotation": {"angle": 22.5, "axis": "x", "origin": [10.4875, -8.45312, -6.0875]},
			"faces": {
				"north": {"uv": [9.25, 5.25, 9, 5.5], "texture": "#0"},
				"east": {"uv": [9.25, 6, 9, 6.25], "texture": "#0"},
				"south": {"uv": [9.25, 5.75, 9, 6], "texture": "#0"},
				"west": {"uv": [9.25, 5.5, 9, 5.75], "texture": "#0"},
				"up": {"uv": [9, 6.5, 9.25, 6.25], "texture": "#0"},
				"down": {"uv": [9, 6.5, 9.25, 6.75], "texture": "#0"}
			}
		},
		{
			"from": [10.1, -14.9, -6.7],
			"to": [10.5, -12.7, -6.3],
			"rotation": {"angle": 22.5, "axis": "x", "origin": [10.4875, -8.45312, -6.0875]},
			"faces": {
				"north": {"uv": [3.5, 8.75, 3.25, 9.25], "texture": "#0"},
				"east": {"uv": [4.5, 8.75, 4.25, 9.25], "texture": "#0"},
				"south": {"uv": [4.25, 8.75, 4, 9.25], "texture": "#0"},
				"west": {"uv": [3.75, 8.75, 3.5, 9.25], "texture": "#0"},
				"up": {"uv": [9, 5, 9.25, 4.75], "texture": "#0"},
				"down": {"uv": [9, 5, 9.25, 5.25], "texture": "#0"}
			}
		},
		{
			"from": [10.8, -12.7, -6.7],
			"to": [11.2, -11.3, -6.3],
			"rotation": {"angle": 22.5, "axis": "x", "origin": [10.4875, -8.45312, -6.0875]},
			"faces": {
				"north": {"uv": [9.1, 5.25, 9.2, 5.6], "texture": "#0"},
				"east": {"uv": [9.1, 5.25, 9.2, 5.6], "texture": "#0"},
				"south": {"uv": [9.1, 5.25, 9.2, 5.6], "texture": "#0"},
				"west": {"uv": [9.1, 5.25, 9.2, 5.6], "texture": "#0"},
				"up": {"uv": [9.35, 6.5, 9.45, 6.6], "texture": "#0"},
				"down": {"uv": [9.35, 6.5, 9.45, 6.6], "texture": "#0"}
			}
		},
		{
			"from": [10.8, -14.4, -6.7],
			"to": [11.2, -12.7, -6.3],
			"rotation": {"angle": 22.5, "axis": "x", "origin": [10.4875, -8.45312, -6.0875]},
			"faces": {
				"north": {"uv": [3.35, 8.75, 3.45, 9.175], "texture": "#0"},
				"east": {"uv": [4.35, 8.75, 4.45, 9.175], "texture": "#0"},
				"south": {"uv": [4.1, 8.75, 4.2, 9.175], "texture": "#0"},
				"west": {"uv": [3.6, 8.75, 3.7, 9.175], "texture": "#0"},
				"up": {"uv": [9.35, 6.5, 9.45, 6.6], "texture": "#0"},
				"down": {"uv": [9.35, 5, 9.45, 5.1], "texture": "#0"}
			}
		},
		{
			"from": [11.4, -12.7, -6.7],
			"to": [11.8, -11.3, -6.3],
			"rotation": {"angle": 22.5, "axis": "x", "origin": [10.4875, -8.45312, -6.0875]},
			"faces": {
				"north": {"uv": [9.1, 5.25, 9.2, 5.6], "texture": "#0"},
				"east": {"uv": [9.1, 5.25, 9.2, 5.6], "texture": "#0"},
				"south": {"uv": [9.1, 5.25, 9.2, 5.6], "texture": "#0"},
				"west": {"uv": [9.1, 5.25, 9.2, 5.6], "texture": "#0"},
				"up": {"uv": [9.35, 6.5, 9.45, 6.6], "texture": "#0"},
				"down": {"uv": [9.35, 6.5, 9.45, 6.6], "texture": "#0"}
			}
		},
		{
			"from": [11.4, -13.6, -6.7],
			"to": [11.8, -12.7, -6.3],
			"rotation": {"angle": 22.5, "axis": "x", "origin": [10.4875, -8.45312, -6.0875]},
			"faces": {
				"north": {"uv": [3.35, 8.75, 3.45, 8.975], "texture": "#0"},
				"east": {"uv": [4.35, 8.75, 4.45, 8.975], "texture": "#0"},
				"south": {"uv": [4.1, 8.75, 4.2, 8.975], "texture": "#0"},
				"west": {"uv": [3.6, 8.75, 3.7, 8.975], "texture": "#0"},
				"up": {"uv": [9.35, 6.5, 9.45, 6.6], "texture": "#0"},
				"down": {"uv": [9.35, 5, 9.45, 5.1], "texture": "#0"}
			}
		},
		{
			"from": [1.6, 5.5, -0.1],
			"to": [2.7, 18.2, 1],
			"rotation": {"angle": 0, "axis": "y", "origin": [2.425, -7.07222, 0.14444]},
			"faces": {
				"north": {"uv": [5.5, 5.5, 5.75, 8.75], "texture": "#0"},
				"east": {"uv": [5.75, 5.75, 6, 9], "texture": "#0"},
				"south": {"uv": [5.5, 5.5, 5.75, 8.75], "texture": "#0"},
				"west": {"uv": [0.25, 6, 0.5, 9.25], "texture": "#0"},
				"up": {"uv": [7, 9.25, 6.75, 9], "texture": "#0"},
				"down": {"uv": [7.25, 9, 7, 9.25], "texture": "#0"}
			}
		},
		{
			"from": [2.1, 17.7, -0.6],
			"to": [3.7, 19.3, 1.3],
			"rotation": {"angle": 0, "axis": "y", "origin": [2.425, -7.07222, 0.14444]},
			"faces": {
				"north": {"uv": [6.5, 7.75, 7, 8.25], "texture": "#0"},
				"east": {"uv": [6.5, 7.75, 7, 8.25], "texture": "#0"},
				"south": {"uv": [6.5, 7.75, 7, 8.25], "texture": "#0"},
				"west": {"uv": [7.75, 2.75, 8.25, 3.25], "texture": "#0"},
				"up": {"uv": [6.5, 7.75, 7, 8.25], "texture": "#0"},
				"down": {"uv": [8.25, 4.75, 7.75, 5.25], "texture": "#0"}
			}
		},
		{
			"from": [1.4, 6.4, -6.1],
			"to": [2.9, 7.1, -4.6],
			"rotation": {"angle": 22.5, "axis": "x", "origin": [2.4125, -8.25313, -5.6875]},
			"faces": {
				"north": {"uv": [8, 9, 8.25, 9.25], "texture": "#0"},
				"east": {"uv": [8.5, 7.5, 9, 7.75], "texture": "#0"},
				"south": {"uv": [8.25, 9, 8.5, 9.25], "texture": "#0"},
				"west": {"uv": [8.5, 7.75, 9, 8], "texture": "#0"},
				"up": {"uv": [0.75, 9.25, 0.5, 8.75], "texture": "#0"},
				"down": {"uv": [3.25, 8.75, 3, 9.25], "texture": "#0"}
			}
		},
		{
			"from": [1.6, 5.9, -5.9],
			"to": [2.7, 6.4, -4.8],
			"rotation": {"angle": 22.5, "axis": "x", "origin": [2.4125, -8.25313, -5.6875]},
			"faces": {
				"north": {"uv": [8.5, 9, 8.75, 9.25], "texture": "#0"},
				"east": {"uv": [8.75, 9, 9, 9.25], "texture": "#0"},
				"south": {"uv": [9, 9, 9.25, 9.25], "texture": "#0"},
				"west": {"uv": [9, 0, 9.25, 0.25], "texture": "#0"},
				"up": {"uv": [9.25, 0.5, 9, 0.25], "texture": "#0"},
				"down": {"uv": [9.25, 0.5, 9, 0.75], "texture": "#0"}
			}
		},
		{
			"from": [1.4, -8, -5.9],
			"to": [1.9, 6, -4.8],
			"rotation": {"angle": 22.5, "axis": "x", "origin": [2.4125, -8.25313, -5.6875]},
			"faces": {
				"north": {"uv": [3.75, 4.5, 4, 8], "texture": "#0"},
				"east": {"uv": [2.25, 5, 2.5, 8.5], "texture": "#0"},
				"south": {"uv": [4.5, 5.25, 4.75, 8.75], "texture": "#0"},
				"west": {"uv": [4.75, 5.25, 5, 8.75], "texture": "#0"},
				"up": {"uv": [9.25, 1, 9, 0.75], "texture": "#0"},
				"down": {"uv": [9.25, 1, 9, 1.25], "texture": "#0"}
			}
		},
		{
			"from": [2.5, -8, -5.9],
			"to": [3, 6, -4.8],
			"rotation": {"angle": 22.5, "axis": "x", "origin": [2.4125, -8.25313, -5.6875]},
			"faces": {
				"north": {"uv": [5, 5.25, 5.25, 8.75], "texture": "#0"},
				"east": {"uv": [5.25, 5.25, 5.5, 8.75], "texture": "#0"},
				"south": {"uv": [2.5, 5.5, 2.75, 9], "texture": "#0"},
				"west": {"uv": [2.75, 5.5, 3, 9], "texture": "#0"},
				"up": {"uv": [9.25, 1.5, 9, 1.25], "texture": "#0"},
				"down": {"uv": [9.25, 1.5, 9, 1.75], "texture": "#0"}
			}
		},
		{
			"from": [1.2, -10.1, -6.1],
			"to": [3.2, -8, -4.6],
			"rotation": {"angle": 22.5, "axis": "x", "origin": [2.4125, -8.25313, -5.6875]},
			"faces": {
				"north": {"uv": [7.75, 5.25, 8.25, 5.75], "texture": "#0"},
				"east": {"uv": [1, 8, 1.5, 8.5], "texture": "#0"},
				"south": {"uv": [3.5, 8, 4, 8.5], "texture": "#0"},
				"west": {"uv": [7.25, 8, 7.75, 8.5], "texture": "#0"},
				"up": {"uv": [8.25, 8.5, 7.75, 8], "texture": "#0"},
				"down": {"uv": [8.5, 5.75, 8, 6.25], "texture": "#0"}
			}
		},
		{
			"from": [0.9, -11.6, -6.1],
			"to": [3.5, -10.1, -4.6],
			"rotation": {"angle": 22.5, "axis": "x", "origin": [2.4125, -8.25313, -5.6875]},
			"faces": {
				"north": {"uv": [5.25, 4, 6, 4.5], "texture": "#0"},
				"east": {"uv": [8, 6.25, 8.5, 6.75], "texture": "#0"},
				"south": {"uv": [6, 6.75, 6.75, 7.25], "texture": "#0"},
				"west": {"uv": [4, 8.25, 4.5, 8.75], "texture": "#0"},
				"up": {"uv": [7.5, 7.25, 6.75, 6.75], "texture": "#0"},
				"down": {"uv": [7.5, 1, 6.75, 1.5], "texture": "#0"}
			}
		},
		{
			"from": [3.6, -12.4, -5.4],
			"to": [4, -11, -4.7],
			"rotation": {"angle": 22.5, "axis": "x", "origin": [2.4125, -8.25313, -5.6875]},
			"faces": {
				"north": {"uv": [9, 3.25, 9.25, 3.5], "texture": "#0"},
				"east": {"uv": [9, 3.5, 9.25, 3.75], "texture": "#0"},
				"south": {"uv": [9, 3.75, 9.25, 4], "texture": "#0"},
				"west": {"uv": [9, 4, 9.25, 4.25], "texture": "#0"},
				"up": {"uv": [9.25, 4.5, 9, 4.25], "texture": "#0"},
				"down": {"uv": [9.25, 4.5, 9, 4.75], "texture": "#0"}
			}
		},
		{
			"from": [3.5, -11.3, -5.5],
			"to": [3.9, -10.8, -4.6],
			"rotation": {"angle": 22.5, "axis": "x", "origin": [2.4125, -8.25313, -5.6875]},
			"faces": {
				"north": {"uv": [9, 1.75, 9.25, 2], "texture": "#0"},
				"east": {"uv": [9, 2, 9.25, 2.25], "texture": "#0"},
				"south": {"uv": [9, 2.25, 9.25, 2.5], "texture": "#0"},
				"west": {"uv": [9, 2.5, 9.25, 2.75], "texture": "#0"},
				"up": {"uv": [9.25, 3, 9, 2.75], "texture": "#0"},
				"down": {"uv": [9.25, 3, 9, 3.25], "texture": "#0"}
			}
		},
		{
			"from": [3, -12.5, -6.3],
			"to": [3.4, -11.1, -5.9],
			"rotation": {"angle": 22.5, "axis": "x", "origin": [2.4125, -8.25313, -5.6875]},
			"faces": {
				"north": {"uv": [9, 5.25, 9.1, 5.6], "texture": "#0"},
				"east": {"uv": [9, 5.25, 9.1, 5.6], "texture": "#0"},
				"south": {"uv": [9, 5.25, 9.1, 5.6], "texture": "#0"},
				"west": {"uv": [9, 5.25, 9.1, 5.6], "texture": "#0"},
				"up": {"uv": [9.25, 6.5, 9.35, 6.6], "texture": "#0"},
				"down": {"uv": [9.25, 6.5, 9.35, 6.6], "texture": "#0"}
			}
		},
		{
			"from": [3, -13.9, -6.3],
			"to": [3.4, -12.5, -5.9],
			"rotation": {"angle": 22.5, "axis": "x", "origin": [2.4125, -8.25313, -5.6875]},
			"faces": {
				"north": {"uv": [3.25, 8.75, 3.35, 9.1], "texture": "#0"},
				"east": {"uv": [3.5, 8.75, 3.6, 9.1], "texture": "#0"},
				"south": {"uv": [4, 8.75, 4.1, 9.1], "texture": "#0"},
				"west": {"uv": [4.25, 8.75, 4.35, 9.1], "texture": "#0"},
				"up": {"uv": [9.25, 6.5, 9.35, 6.6], "texture": "#0"},
				"down": {"uv": [9.25, 5, 9.35, 5.1], "texture": "#0"}
			}
		},
		{
			"from": [2.4, -12.5, -6.3],
			"to": [2.8, -11.1, -5.9],
			"rotation": {"angle": 22.5, "axis": "x", "origin": [2.4125, -8.25313, -5.6875]},
			"faces": {
				"north": {"uv": [9, 5.25, 9.25, 5.5], "texture": "#0"},
				"east": {"uv": [9, 5.5, 9.25, 5.75], "texture": "#0"},
				"south": {"uv": [9, 5.75, 9.25, 6], "texture": "#0"},
				"west": {"uv": [9, 6, 9.25, 6.25], "texture": "#0"},
				"up": {"uv": [9.25, 6.5, 9, 6.25], "texture": "#0"},
				"down": {"uv": [9.25, 6.5, 9, 6.75], "texture": "#0"}
			}
		},
		{
			"from": [2.4, -14.7, -6.3],
			"to": [2.8, -12.5, -5.9],
			"rotation": {"angle": 22.5, "axis": "x", "origin": [2.4125, -8.25313, -5.6875]},
			"faces": {
				"north": {"uv": [3.25, 8.75, 3.5, 9.25], "texture": "#0"},
				"east": {"uv": [3.5, 8.75, 3.75, 9.25], "texture": "#0"},
				"south": {"uv": [4, 8.75, 4.25, 9.25], "texture": "#0"},
				"west": {"uv": [4.25, 8.75, 4.5, 9.25], "texture": "#0"},
				"up": {"uv": [9.25, 5, 9, 4.75], "texture": "#0"},
				"down": {"uv": [9.25, 5, 9, 5.25], "texture": "#0"}
			}
		},
		{
			"from": [1.7, -12.5, -6.3],
			"to": [2.1, -11.1, -5.9],
			"rotation": {"angle": 22.5, "axis": "x", "origin": [2.4125, -8.25313, -5.6875]},
			"faces": {
				"north": {"uv": [9, 5.25, 9.1, 5.6], "texture": "#0"},
				"east": {"uv": [9, 5.25, 9.1, 5.6], "texture": "#0"},
				"south": {"uv": [9, 5.25, 9.1, 5.6], "texture": "#0"},
				"west": {"uv": [9, 5.25, 9.1, 5.6], "texture": "#0"},
				"up": {"uv": [9.25, 6.5, 9.35, 6.6], "texture": "#0"},
				"down": {"uv": [9.25, 6.5, 9.35, 6.6], "texture": "#0"}
			}
		},
		{
			"from": [1.7, -14.2, -6.3],
			"to": [2.1, -12.5, -5.9],
			"rotation": {"angle": 22.5, "axis": "x", "origin": [2.4125, -8.25313, -5.6875]},
			"faces": {
				"north": {"uv": [3.25, 8.75, 3.35, 9.175], "texture": "#0"},
				"east": {"uv": [3.5, 8.75, 3.6, 9.175], "texture": "#0"},
				"south": {"uv": [4, 8.75, 4.1, 9.175], "texture": "#0"},
				"west": {"uv": [4.25, 8.75, 4.35, 9.175], "texture": "#0"},
				"up": {"uv": [9.25, 6.5, 9.35, 6.6], "texture": "#0"},
				"down": {"uv": [9.25, 5, 9.35, 5.1], "texture": "#0"}
			}
		},
		{
			"from": [1.1, -12.5, -6.3],
			"to": [1.5, -11.1, -5.9],
			"rotation": {"angle": 22.5, "axis": "x", "origin": [2.4125, -8.25313, -5.6875]},
			"faces": {
				"north": {"uv": [9, 5.25, 9.1, 5.6], "texture": "#0"},
				"east": {"uv": [9, 5.25, 9.1, 5.6], "texture": "#0"},
				"south": {"uv": [9, 5.25, 9.1, 5.6], "texture": "#0"},
				"west": {"uv": [9, 5.25, 9.1, 5.6], "texture": "#0"},
				"up": {"uv": [9.25, 6.5, 9.35, 6.6], "texture": "#0"},
				"down": {"uv": [9.25, 6.5, 9.35, 6.6], "texture": "#0"}
			}
		},
		{
			"from": [1.1, -13.4, -6.3],
			"to": [1.5, -12.5, -5.9],
			"rotation": {"angle": 22.5, "axis": "x", "origin": [2.4125, -8.25313, -5.6875]},
			"faces": {
				"north": {"uv": [3.25, 8.75, 3.35, 8.975], "texture": "#0"},
				"east": {"uv": [3.5, 8.75, 3.6, 8.975], "texture": "#0"},
				"south": {"uv": [4, 8.75, 4.1, 8.975], "texture": "#0"},
				"west": {"uv": [4.25, 8.75, 4.35, 8.975], "texture": "#0"},
				"up": {"uv": [9.25, 6.5, 9.35, 6.6], "texture": "#0"},
				"down": {"uv": [9.25, 5, 9.35, 5.1], "texture": "#0"}
			}
		},
		{
			"from": [4.04, -1.1, 6.92],
			"to": [5.72, 7.58, 8.78],
			"rotation": {"angle": 0, "axis": "y", "origin": [10.28, 1.7, 10.4]},
			"faces": {
				"north": {"uv": [4, 4, 4.5, 6.25], "texture": "#0"},
				"east": {"uv": [4, 4, 4.5, 6.25], "texture": "#0"},
				"south": {"uv": [4, 4, 4.5, 6.25], "texture": "#0"},
				"west": {"uv": [4, 4, 4.5, 6.25], "texture": "#0"},
				"up": {"uv": [7.5, 0.75, 7, 0.25], "texture": "#0"},
				"down": {"uv": [7.5, 4, 7, 4.5], "texture": "#0"}
			}
		},
		{
			"from": [3.8, -1.82, 6.62],
			"to": [6.02, -1.1, 9.08],
			"rotation": {"angle": 0, "axis": "y", "origin": [10.28, 2.98, 10.4]},
			"faces": {
				"north": {"uv": [8.5, 4, 9, 4.25], "texture": "#0"},
				"east": {"uv": [8.5, 4, 9, 4.25], "texture": "#0"},
				"south": {"uv": [8.5, 4, 9, 4.25], "texture": "#0"},
				"west": {"uv": [8.5, 4, 9, 4.25], "texture": "#0"},
				"up": {"uv": [6.5, 5.5, 6, 6], "texture": "#0"},
				"down": {"uv": [6.5, 5.5, 6, 6], "texture": "#0"}
			}
		},
		{
			"from": [4.16, -2.12, 7.1],
			"to": [5.66, -1.7, 8.54],
			"rotation": {"angle": 0, "axis": "y", "origin": [10.28, 2.68, 10.4]},
			"faces": {
				"north": {"uv": [8.5, 5.25, 9, 5.5], "texture": "#0"},
				"east": {"uv": [8.75, 2.25, 9, 2.5], "texture": "#0"},
				"south": {"uv": [8.5, 5.75, 9, 6], "texture": "#0"},
				"west": {"uv": [8.75, 2.75, 9, 3], "texture": "#0"},
				"up": {"uv": [9, 6.25, 8.5, 6], "texture": "#0"},
				"down": {"uv": [9, 6.25, 8.5, 6.5], "texture": "#0"}
			}
		},
		{
			"from": [3.8, -2.72, 6.62],
			"to": [6.02, -2, 9.08],
			"rotation": {"angle": 0, "axis": "y", "origin": [10.28, 2.38, 10.4]},
			"faces": {
				"north": {"uv": [8.5, 4, 9, 4.25], "texture": "#0"},
				"east": {"uv": [8.5, 4, 9, 4.25], "texture": "#0"},
				"south": {"uv": [8.5, 4, 9, 4.25], "texture": "#0"},
				"west": {"uv": [8.5, 4, 9, 4.25], "texture": "#0"},
				"up": {"uv": [2, 5, 1.5, 4.5], "texture": "#0"},
				"down": {"uv": [6.5, 5.5, 6, 6], "texture": "#0"}
			}
		},
		{
			"from": [4.04, -14.7, 6.92],
			"to": [5.72, -2.72, 8.78],
			"rotation": {"angle": 0, "axis": "y", "origin": [10.28, -9.9, 10.4]},
			"faces": {
				"north": {"uv": [1.5, 1.5, 2, 4.5], "texture": "#0"},
				"east": {"uv": [1.5, 1.5, 2, 4.5], "texture": "#0"},
				"south": {"uv": [1.5, 1.5, 2, 4.5], "texture": "#0"},
				"west": {"uv": [1.5, 1.5, 2, 4.5], "texture": "#0"},
				"up": {"uv": [2.5, 2, 2, 1.5], "texture": "#0"},
				"down": {"uv": [4, 1, 3.5, 1.5], "texture": "#0"}
			}
		},
		{
			"from": [2.84, -15.6, 5.12],
			"to": [3.38, -15.12, 6.74],
			"rotation": {"angle": 0, "axis": "y", "origin": [9.32, -10.8, 8.42]},
			"faces": {
				"north": {"uv": [5.75, 5.5, 6, 5.75], "texture": "#0"},
				"east": {"uv": [5.5, 5.25, 6, 5.5], "texture": "#0"},
				"south": {"uv": [7.75, 6.5, 8, 6.75], "texture": "#0"},
				"west": {"uv": [8.5, 0.25, 9, 0.5], "texture": "#0"},
				"up": {"uv": [4, 3, 3.75, 2.5], "texture": "#0"},
				"down": {"uv": [4, 8.5, 3.75, 9], "texture": "#0"}
			}
		},
		{
			"from": [3.08, -15.6, 6.56],
			"to": [3.68, -15.06, 7.22],
			"rotation": {"angle": 0, "axis": "y", "origin": [9.68, -10.8, 8.9]},
			"faces": {
				"north": {"uv": [8.25, 8.75, 8.5, 9], "texture": "#0"},
				"east": {"uv": [8.5, 8.75, 8.75, 9], "texture": "#0"},
				"south": {"uv": [8.75, 8.75, 9, 9], "texture": "#0"},
				"west": {"uv": [8.75, 0, 9, 0.25], "texture": "#0"},
				"up": {"uv": [9, 1, 8.75, 0.75], "texture": "#0"},
				"down": {"uv": [9, 1.5, 8.75, 1.75], "texture": "#0"}
			}
		},
		{
			"from": [3.8, -15.6, 3.62],
			"to": [4.34, -15.12, 5.6],
			"rotation": {"angle": 0, "axis": "y", "origin": [10.28, -10.8, 7.28]},
			"faces": {
				"north": {"uv": [8.75, 1.75, 9, 2], "texture": "#0"},
				"east": {"uv": [8.5, 0.5, 9, 0.75], "texture": "#0"},
				"south": {"uv": [8.75, 2, 9, 2.25], "texture": "#0"},
				"west": {"uv": [8.5, 1, 9, 1.25], "texture": "#0"},
				"up": {"uv": [8.25, 9, 8, 8.5], "texture": "#0"},
				"down": {"uv": [8.25, 9, 8, 8.5], "texture": "#0"}
			}
		},
		{
			"from": [4.64, -15.6, 3.62],
			"to": [5.18, -15.12, 5.6],
			"rotation": {"angle": 0, "axis": "y", "origin": [11.12, -10.8, 7.28]},
			"faces": {
				"north": {"uv": [8.75, 1.75, 9, 2], "texture": "#0"},
				"east": {"uv": [8.5, 0.5, 9, 0.75], "texture": "#0"},
				"south": {"uv": [0, 0, 0.225, 0.2], "texture": "#0"},
				"west": {"uv": [8.5, 1, 9, 1.25], "texture": "#0"},
				"up": {"uv": [8.25, 9, 8, 8.5], "texture": "#0"},
				"down": {"uv": [8.25, 9, 8, 8.5], "texture": "#0"}
			}
		},
		{
			"from": [5.42, -15.6, 3.62],
			"to": [5.96, -15.12, 5.6],
			"rotation": {"angle": 0, "axis": "y", "origin": [11.9, -10.8, 7.28]},
			"faces": {
				"north": {"uv": [8.75, 1.75, 9, 2], "texture": "#0"},
				"east": {"uv": [8.5, 0.5, 9, 0.75], "texture": "#0"},
				"south": {"uv": [0, 0, 0.225, 0.2], "texture": "#0"},
				"west": {"uv": [8.5, 1, 9, 1.25], "texture": "#0"},
				"up": {"uv": [8.25, 9, 8, 8.5], "texture": "#0"},
				"down": {"uv": [8.25, 9, 8, 8.5], "texture": "#0"}
			}
		},
		{
			"from": [3.68, -15.6, 5.6],
			"to": [6.08, -14.7, 9.2],
			"rotation": {"angle": 0, "axis": "y", "origin": [10.28, -10.8, 10.4]},
			"faces": {
				"north": {"uv": [8.5, 1.25, 9, 1.5], "texture": "#0"},
				"east": {"uv": [6.75, 6.5, 7.75, 6.75], "texture": "#0"},
				"south": {"uv": [8.5, 3.25, 9, 3.5], "texture": "#0"},
				"west": {"uv": [7, 0, 8, 0.25], "texture": "#0"},
				"up": {"uv": [6.5, 3.5, 6, 2.5], "texture": "#0"},
				"down": {"uv": [6.5, 3.5, 6, 4.5], "texture": "#0"}
			}
		},
		{
			"from": [7.18, -1.1, 6.92],
			"to": [8.86, 7.58, 8.78],
			"rotation": {"angle": 0, "axis": "y", "origin": [2.62, 1.7, 10.4]},
			"faces": {
				"north": {"uv": [4.5, 4, 4, 6.25], "texture": "#0"},
				"east": {"uv": [4.5, 4, 4, 6.25], "texture": "#0"},
				"south": {"uv": [4.5, 4, 4, 6.25], "texture": "#0"},
				"west": {"uv": [4.5, 4, 4, 6.25], "texture": "#0"},
				"up": {"uv": [7, 0.75, 7.5, 0.25], "texture": "#0"},
				"down": {"uv": [7, 4, 7.5, 4.5], "texture": "#0"}
			}
		},
		{
			"from": [6.88, -1.82, 6.62],
			"to": [9.1, -1.1, 9.08],
			"rotation": {"angle": 0, "axis": "y", "origin": [2.62, 2.98, 10.4]},
			"faces": {
				"north": {"uv": [9, 4, 8.5, 4.25], "texture": "#0"},
				"east": {"uv": [9, 4, 8.5, 4.25], "texture": "#0"},
				"south": {"uv": [9, 4, 8.5, 4.25], "texture": "#0"},
				"west": {"uv": [9, 4, 8.5, 4.25], "texture": "#0"},
				"up": {"uv": [6, 5.5, 6.5, 6], "texture": "#0"},
				"down": {"uv": [6, 5.5, 6.5, 6], "texture": "#0"}
			}
		},
		{
			"from": [7.24, -2.12, 7.1],
			"to": [8.74, -1.7, 8.54],
			"rotation": {"angle": 0, "axis": "y", "origin": [2.62, 2.68, 10.4]},
			"faces": {
				"north": {"uv": [9, 5.25, 8.5, 5.5], "texture": "#0"},
				"east": {"uv": [9, 2.75, 8.75, 3], "texture": "#0"},
				"south": {"uv": [9, 5.75, 8.5, 6], "texture": "#0"},
				"west": {"uv": [9, 2.25, 8.75, 2.5], "texture": "#0"},
				"up": {"uv": [8.5, 6.25, 9, 6], "texture": "#0"},
				"down": {"uv": [8.5, 6.25, 9, 6.5], "texture": "#0"}
			}
		},
		{
			"from": [6.88, -2.72, 6.62],
			"to": [9.1, -2, 9.08],
			"rotation": {"angle": 0, "axis": "y", "origin": [2.62, 2.38, 10.4]},
			"faces": {
				"north": {"uv": [9, 4, 8.5, 4.25], "texture": "#0"},
				"east": {"uv": [9, 4, 8.5, 4.25], "texture": "#0"},
				"south": {"uv": [9, 4, 8.5, 4.25], "texture": "#0"},
				"west": {"uv": [9, 4, 8.5, 4.25], "texture": "#0"},
				"up": {"uv": [1.5, 5, 2, 4.5], "texture": "#0"},
				"down": {"uv": [6, 5.5, 6.5, 6], "texture": "#0"}
			}
		},
		{
			"from": [7.18, -14.7, 6.92],
			"to": [8.86, -2.72, 8.78],
			"rotation": {"angle": 0, "axis": "y", "origin": [2.62, -9.9, 10.4]},
			"faces": {
				"north": {"uv": [2, 1.5, 1.5, 4.5], "texture": "#0"},
				"east": {"uv": [2, 1.5, 1.5, 4.5], "texture": "#0"},
				"south": {"uv": [2, 1.5, 1.5, 4.5], "texture": "#0"},
				"west": {"uv": [2, 1.5, 1.5, 4.5], "texture": "#0"},
				"up": {"uv": [2, 2, 2.5, 1.5], "texture": "#0"},
				"down": {"uv": [3.5, 1, 4, 1.5], "texture": "#0"}
			}
		},
		{
			"from": [9.52, -15.6, 5.12],
			"to": [10.06, -15.12, 6.74],
			"rotation": {"angle": 0, "axis": "y", "origin": [3.58, -10.8, 8.42]},
			"faces": {
				"north": {"uv": [6, 5.5, 5.75, 5.75], "texture": "#0"},
				"east": {"uv": [9, 0.25, 8.5, 0.5], "texture": "#0"},
				"south": {"uv": [8, 6.5, 7.75, 6.75], "texture": "#0"},
				"west": {"uv": [6, 5.25, 5.5, 5.5], "texture": "#0"},
				"up": {"uv": [3.75, 3, 4, 2.5], "texture": "#0"},
				"down": {"uv": [3.75, 8.5, 4, 9], "texture": "#0"}
			}
		},
		{
			"from": [9.22, -15.6, 6.56],
			"to": [9.82, -15.06, 7.22],
			"rotation": {"angle": 0, "axis": "y", "origin": [3.22, -10.8, 8.9]},
			"faces": {
				"north": {"uv": [8.5, 8.75, 8.25, 9], "texture": "#0"},
				"east": {"uv": [9, 0, 8.75, 0.25], "texture": "#0"},
				"south": {"uv": [9, 8.75, 8.75, 9], "texture": "#0"},
				"west": {"uv": [8.75, 8.75, 8.5, 9], "texture": "#0"},
				"up": {"uv": [8.75, 1, 9, 0.75], "texture": "#0"},
				"down": {"uv": [8.75, 1.5, 9, 1.75], "texture": "#0"}
			}
		},
		{
			"from": [8.56, -15.6, 3.62],
			"to": [9.1, -15.12, 5.6],
			"rotation": {"angle": 0, "axis": "y", "origin": [2.62, -10.8, 7.28]},
			"faces": {
				"north": {"uv": [9, 1.75, 8.75, 2], "texture": "#0"},
				"east": {"uv": [9, 1, 8.5, 1.25], "texture": "#0"},
				"south": {"uv": [9, 2, 8.75, 2.25], "texture": "#0"},
				"west": {"uv": [9, 0.5, 8.5, 0.75], "texture": "#0"},
				"up": {"uv": [8, 9, 8.25, 8.5], "texture": "#0"},
				"down": {"uv": [8, 9, 8.25, 8.5], "texture": "#0"}
			}
		},
		{
			"from": [7.72, -15.6, 3.62],
			"to": [8.26, -15.12, 5.6],
			"rotation": {"angle": 0, "axis": "y", "origin": [1.78, -10.8, 7.28]},
			"faces": {
				"north": {"uv": [9, 1.75, 8.75, 2], "texture": "#0"},
				"east": {"uv": [9, 1, 8.5, 1.25], "texture": "#0"},
				"south": {"uv": [0.225, 0, 0, 0.2], "texture": "#0"},
				"west": {"uv": [9, 0.5, 8.5, 0.75], "texture": "#0"},
				"up": {"uv": [8, 9, 8.25, 8.5], "texture": "#0"},
				"down": {"uv": [8, 9, 8.25, 8.5], "texture": "#0"}
			}
		},
		{
			"from": [6.94, -15.6, 3.62],
			"to": [7.48, -15.12, 5.6],
			"rotation": {"angle": 0, "axis": "y", "origin": [1, -10.8, 7.28]},
			"faces": {
				"north": {"uv": [9, 1.75, 8.75, 2], "texture": "#0"},
				"east": {"uv": [9, 1, 8.5, 1.25], "texture": "#0"},
				"south": {"uv": [0.225, 0, 0, 0.2], "texture": "#0"},
				"west": {"uv": [9, 0.5, 8.5, 0.75], "texture": "#0"},
				"up": {"uv": [8, 9, 8.25, 8.5], "texture": "#0"},
				"down": {"uv": [8, 9, 8.25, 8.5], "texture": "#0"}
			}
		},
		{
			"from": [6.82, -15.6, 5.6],
			"to": [9.22, -14.7, 9.2],
			"rotation": {"angle": 0, "axis": "y", "origin": [2.62, -10.8, 10.4]},
			"faces": {
				"north": {"uv": [9, 1.25, 8.5, 1.5], "texture": "#0"},
				"east": {"uv": [8, 0, 7, 0.25], "texture": "#0"},
				"south": {"uv": [9, 3.25, 8.5, 3.5], "texture": "#0"},
				"west": {"uv": [7.75, 6.5, 6.75, 6.75], "texture": "#0"},
				"up": {"uv": [6, 3.5, 6.5, 2.5], "texture": "#0"},
				"down": {"uv": [6, 3.5, 6.5, 4.5], "texture": "#0"}
			}
		}
	],
	"display": {
		"thirdperson_righthand": {
			"rotation": [75, 0, -10],
			"translation": [12.75, 15.75, 80],
			"scale": [3.99, 3.97, 4]
		},
		"head": {
			"translation": [10, 51, 0],
			"scale": [4, 4, 4]
		}
	},
	"groups": [
		{
			"name": "todo",
			"origin": [8, 8, 8],
			"children": [
				{
					"name": "cabeza",
					"origin": [10.8, 32.3, 10.1],
					"children": [0, 1, 2, 3, 4, 5, 6, 7, 8, 9, 10, 11, 12, 13, 14, 15, 16, 17, 18, 19, 20, 21, 22, 23, 24, 25, 26, 27, 28, 29, 30, 31, 32, 33, 34, 35, 36, 37, 38, 39, 40, 41, 42, 43, 44, 45, 46, 47, 48, 49]
				},
				{
					"name": "cuerpo",
					"origin": [7.332, 19.128, 6.804],
					"children": [50, 51, 52, 53, 54,
						{
							"name": "cuerpo2",
							"origin": [7.332, 19.128, 6.804],
							"children": [55,
								{
									"name": "cuerpo3",
									"origin": [7.332, 19.128, 6.804],
									"children": [56, 57, 58, 59, 60, 61, 62, 63, 64, 65, 66, 67, 68, 69, 70, 71, 72, 73, 74, 75, 76, 77, 78, 79, 80, 81, 82, 83, 84, 85, 86, 87, 88, 89, 90, 91, 92, 93, 94, 95, 96, 97, 98, 99, 100, 101]
								}
							]
						}
					]
				},
				{
					"name": "brazo1",
					"origin": [17.5, 29, 15.8],
					"children": [102, 103,
						{
							"name": "brazo1-2",
							"origin": [18.4, -2.2, 15.2],
							"children": [104, 105,
								{
									"name": "brazo1-3",
									"origin": [17.6, -1.2, 15.8],
									"children": [106, 107,
										{
											"name": "mano",
											"origin": [18.4, -2.2, 15.2],
											"children": [108, 109,
												{
													"name": "dedo1",
													"origin": [16, -1.9, 16.3],
													"children": [110,
														{
															"name": "dedo1-2",
															"origin": [10.7875, -7.15312, 7.6125],
															"children": []
														}, 111]
												},
												{
													"name": "dedo2",
													"origin": [16.5, -2.2, 15.2],
													"children": [112,
														{
															"name": "dedo2-2",
															"origin": [10.7875, -7.15312, 7.6125],
															"children": [113]
														}
													]
												},
												{
													"name": "dedo3",
													"origin": [17.1, -2.2, 15.2],
													"children": [114,
														{
															"name": "dedo3-2",
															"origin": [10.7875, -7.15312, 7.6125],
															"children": [115]
														}
													]
												},
												{
													"name": "dedo4",
													"origin": [17.8, -2.2, 15.2],
													"children": [116,
														{
															"name": "dedo4-2",
															"origin": [10.7875, -7.15312, 7.6125],
															"children": [117]
														}
													]
												},
												{
													"name": "dedo5",
													"origin": [18.4, -2.2, 15.2],
													"children": [118,
														{
															"name": "dedo5-2",
															"origin": [10.7875, -7.15312, 7.6125],
															"children": [119]
														}
													]
												}
											]
										}
									]
								}
							]
						}
					]
				},
				{
					"name": "brazo2",
					"origin": [17.5, 29, 15.8],
					"children": [120, 121,
						{
							"name": "brazo1-2",
							"origin": [18.4, -2.2, 15.2],
							"children": [122, 123,
								{
									"name": "brazo1-3",
									"origin": [17.6, -1.2, 15.8],
									"children": [124, 125,
										{
											"name": "mano",
											"origin": [18.4, -2.2, 15.2],
											"children": [126, 127,
												{
													"name": "dedo1",
													"origin": [16, -1.9, 16.3],
													"children": [128,
														{
															"name": "dedo1-2",
															"origin": [10.7875, -7.15312, 7.6125],
															"children": []
														}, 129]
												},
												{
													"name": "dedo2",
													"origin": [16.5, -2.2, 15.2],
													"children": [130,
														{
															"name": "dedo2-2",
															"origin": [10.7875, -7.15312, 7.6125],
															"children": [131]
														}
													]
												},
												{
													"name": "dedo3",
													"origin": [17.1, -2.2, 15.2],
													"children": [132,
														{
															"name": "dedo3-2",
															"origin": [10.7875, -7.15312, 7.6125],
															"children": [133]
														}
													]
												},
												{
													"name": "dedo4",
													"origin": [17.8, -2.2, 15.2],
													"children": [134,
														{
															"name": "dedo4-2",
															"origin": [10.7875, -7.15312, 7.6125],
															"children": [135]
														}
													]
												},
												{
													"name": "dedo5",
													"origin": [18.4, -2.2, 15.2],
													"children": [136,
														{
															"name": "dedo5-2",
															"origin": [10.7875, -7.15312, 7.6125],
															"children": [137]
														}
													]
												}
											]
										}
									]
								}
							]
						}
					]
				},
				{
					"name": "pierna1",
					"origin": [13.7, -8, 6.8],
					"children": [138,
						{
							"name": "pierna1-2",
							"origin": [10.28, -10.8, 10.4],
							"children": [139, 140, 141,
								{
									"name": "pierna1-3",
									"origin": [10.28, -10.8, 10.4],
									"children": [142,
										{
											"name": "pierna1-4",
											"origin": [10.28, -10.8, 10.4],
											"children": [143, 144, 145, 146, 147, 148]
										}
									]
								}
							]
						}
					]
				},
				{
					"name": "pierna2",
					"origin": [13.7, -8, 6.8],
					"children": [149,
						{
							"name": "pierna1-2",
							"origin": [10.28, -10.8, 10.4],
							"children": [150, 151, 152,
								{
									"name": "pierna1-3",
									"origin": [10.28, -10.8, 10.4],
									"children": [153,
										{
											"name": "pierna1-4",
											"origin": [10.28, -10.8, 10.4],
											"children": [154, 155, 156, 157, 158, 159]
										}
									]
								}
							]
						}
					]
				}
			]
		}
	]
}