{
	"credit": "Made with Blockbench",
	"texture_size": [64, 64],
	"textures": {
		"0": "6dt2_custom/6dt2_sirenhead/6dt2_sirenhead",
		"particle": "6dt2_custom/6dt2_sirenhead/6dt2_sirenhead"
	},
	"elements": [
		{
			"from": [5.22, 20.28, -0.8],
			"to": [7.62, 21.4, 1.56],
			"rotation": {"angle": -22.5, "axis": "x", "origin": [6.5562, 26.37038, 0.38769]},
			"faces": {
				"north": {"uv": [4.5, 8.75, 5, 9], "texture": "#0"},
				"east": {"uv": [5, 8.75, 5.5, 9], "texture": "#0"},
				"south": {"uv": [6, 8.75, 6.5, 9], "texture": "#0"},
				"west": {"uv": [6.5, 8.75, 7, 9], "texture": "#0"},
				"up": {"uv": [7, 8.75, 6.5, 8.25], "texture": "#0"},
				"down": {"uv": [8.75, 8.25, 8.25, 8.75], "texture": "#0"}
			}
		},
		{
			"from": [5.82, 21.38, -0.3],
			"to": [7.02, 22.6, 0.96],
			"rotation": {"angle": -22.5, "axis": "x", "origin": [6.5562, 26.37038, 0.38769]},
			"faces": {
				"north": {"uv": [9, 6.75, 9.25, 7], "texture": "#0"},
				"east": {"uv": [9, 7, 9.25, 7.25], "texture": "#0"},
				"south": {"uv": [9, 7.25, 9.25, 7.5], "texture": "#0"},
				"west": {"uv": [9, 7.5, 9.25, 7.75], "texture": "#0"},
				"up": {"uv": [9.25, 8, 9, 7.75], "texture": "#0"},
				"down": {"uv": [9.25, 8, 9, 8.25], "texture": "#0"}
			}
		},
		{
			"from": [6.02, 22.48, -0.1],
			"to": [6.82, 30.3, 0.76],
			"rotation": {"angle": -22.5, "axis": "x", "origin": [6.5562, 26.37038, 0.38769]},
			"faces": {
				"north": {"uv": [3.5, 6, 3.75, 8], "texture": "#0"},
				"east": {"uv": [0.5, 6.75, 0.75, 8.75], "texture": "#0"},
				"south": {"uv": [6.5, 2.5, 6.75, 4.5], "texture": "#0"},
				"west": {"uv": [0.5, 6.75, 0.75, 8.75], "texture": "#0"},
				"up": {"uv": [9.25, 8.5, 9, 8.25], "texture": "#0"},
				"down": {"uv": [9.25, 8.5, 9, 8.75], "texture": "#0"}
			}
		},
		{
			"from": [5.3808, 27.8832, -0.64],
			"to": [6.0388, 29.97, 1.3904],
			"rotation": {"angle": -22.5, "axis": "x", "origin": [6.5562, 26.37038, 0.38769]},
			"faces": {
				"north": {"uv": [5.5, 8.75, 5.75, 9.25], "texture": "#0"},
				"east": {"uv": [8.25, 1.5, 8.75, 2], "texture": "#0"},
				"south": {"uv": [7.25, 8.75, 7.5, 9.25], "texture": "#0"},
				"west": {"uv": [8.25, 2, 8.75, 2.5], "texture": "#0"},
				"up": {"uv": [7.75, 9.25, 7.5, 8.75], "texture": "#0"},
				"down": {"uv": [8, 8.75, 7.75, 9.25], "texture": "#0"}
			}
		},
		{
			"from": [6.7612, 24.3832, -0.64],
			"to": [7.4192, 26.47, 1.3904],
			"rotation": {"angle": -22.5, "axis": "x", "origin": [6.5562, 26.37038, 0.38769]},
			"faces": {
				"north": {"uv": [5.75, 8.75, 5.5, 9.25], "texture": "#0"},
				"east": {"uv": [8.75, 2, 8.25, 2.5], "texture": "#0"},
				"south": {"uv": [7.5, 8.75, 7.25, 9.25], "texture": "#0"},
				"west": {"uv": [8.75, 1.5, 8.25, 2], "texture": "#0"},
				"up": {"uv": [7.5, 9.25, 7.75, 8.75], "texture": "#0"},
				"down": {"uv": [7.75, 8.75, 8, 9.25], "texture": "#0"}
			}
		},
		{
			"from": [4.0648, 27.1312, -1.298],
			"to": [5.3808, 30.534, 2.0484],
			"rotation": {"angle": -22.5, "axis": "x", "origin": [6.5562, 26.37038, 0.38769]},
			"faces": {
				"north": {"uv": [7, 8.25, 7.25, 9], "texture": "#0"},
				"east": {"uv": [6, 1, 6.75, 1.75], "texture": "#0"},
				"south": {"uv": [8.25, 2.75, 8.5, 3.5], "texture": "#0"},
				"west": {"uv": [6, 1.75, 6.75, 2.5], "texture": "#0"},
				"up": {"uv": [8.5, 5.5, 8.25, 4.75], "texture": "#0"},
				"down": {"uv": [8.5, 7.25, 8.25, 8], "texture": "#0"}
			}
		},
		{
			"from": [7.4192, 23.6312, -1.298],
			"to": [8.7352, 27.034, 2.0484],
			"rotation": {"angle": -22.5, "axis": "x", "origin": [6.5562, 26.37038, 0.38769]},
			"faces": {
				"north": {"uv": [7.25, 8.25, 7, 9], "texture": "#0"},
				"east": {"uv": [6.75, 1.75, 6, 2.5], "texture": "#0"},
				"south": {"uv": [8.5, 2.75, 8.25, 3.5], "texture": "#0"},
				"west": {"uv": [6.75, 1, 6, 1.75], "texture": "#0"},
				"up": {"uv": [8.25, 5.5, 8.5, 4.75], "texture": "#0"},
				"down": {"uv": [8.25, 7.25, 8.5, 8], "texture": "#0"}
			}
		},
		{
			"from": [3.1248, 26.3792, -1.768],
			"to": [4.0648, 31.38, -0.9596],
			"rotation": {"angle": -22.5, "axis": "x", "origin": [6.5562, 26.37038, 0.38769]},
			"faces": {
				"north": {"uv": [1, 6.75, 1.25, 8], "texture": "#0"},
				"east": {"uv": [1.25, 6.75, 1.5, 8], "texture": "#0"},
				"south": {"uv": [6.75, 1.5, 7, 2.75], "texture": "#0"},
				"west": {"uv": [6.75, 2.75, 7, 4], "texture": "#0"},
				"up": {"uv": [1.5, 9.5, 1.25, 9.25], "texture": "#0"},
				"down": {"uv": [1.75, 9.25, 1.5, 9.5], "texture": "#0"}
			}
		},
		{
			"from": [8.7352, 22.8792, -1.768],
			"to": [9.6752, 27.88, -0.9596],
			"rotation": {"angle": -22.5, "axis": "x", "origin": [6.5562, 26.37038, 0.38769]},
			"faces": {
				"north": {"uv": [1.25, 6.75, 1, 8], "texture": "#0"},
				"east": {"uv": [7, 2.75, 6.75, 4], "texture": "#0"},
				"south": {"uv": [7, 1.5, 6.75, 2.75], "texture": "#0"},
				"west": {"uv": [1.5, 6.75, 1.25, 8], "texture": "#0"},
				"up": {"uv": [1.25, 9.5, 1.5, 9.25], "texture": "#0"},
				"down": {"uv": [1.5, 9.25, 1.75, 9.5], "texture": "#0"}
			}
		},
		{
			"from": [3.1248, 26.3792, -1.016],
			"to": [4.0648, 27.432, 1.7664],
			"rotation": {"angle": -22.5, "axis": "x", "origin": [6.5562, 26.37038, 0.38769]},
			"faces": {
				"north": {"uv": [1.75, 9.25, 2, 9.5], "texture": "#0"},
				"east": {"uv": [8.25, 3.5, 9, 3.75], "texture": "#0"},
				"south": {"uv": [2, 9.25, 2.25, 9.5], "texture": "#0"},
				"west": {"uv": [8.25, 3.75, 9, 4], "texture": "#0"},
				"up": {"uv": [1.25, 9.25, 1, 8.5], "texture": "#0"},
				"down": {"uv": [1.5, 8.5, 1.25, 9.25], "texture": "#0"}
			}
		},
		{
			"from": [8.7352, 22.8792, -1.016],
			"to": [9.6752, 23.932, 1.7664],
			"rotation": {"angle": -22.5, "axis": "x", "origin": [6.5562, 26.37038, 0.38769]},
			"faces": {
				"north": {"uv": [2, 9.25, 1.75, 9.5], "texture": "#0"},
				"east": {"uv": [9, 3.75, 8.25, 4], "texture": "#0"},
				"south": {"uv": [2.25, 9.25, 2, 9.5], "texture": "#0"},
				"west": {"uv": [9, 3.5, 8.25, 3.75], "texture": "#0"},
				"up": {"uv": [1, 9.25, 1.25, 8.5], "texture": "#0"},
				"down": {"uv": [1.25, 8.5, 1.5, 9.25], "texture": "#0"}
			}
		},
		{
			"from": [3.1248, 26.3792, 1.71],
			"to": [4.0648, 31.38, 2.5184],
			"rotation": {"angle": -22.5, "axis": "x", "origin": [6.5562, 26.37038, 0.38769]},
			"faces": {
				"north": {"uv": [6.75, 4, 7, 5.25], "texture": "#0"},
				"east": {"uv": [6.75, 5.25, 7, 6.5], "texture": "#0"},
				"south": {"uv": [7, 1.5, 7.25, 2.75], "texture": "#0"},
				"west": {"uv": [7, 2.75, 7.25, 4], "texture": "#0"},
				"up": {"uv": [2.5, 9.5, 2.25, 9.25], "texture": "#0"},
				"down": {"uv": [2.75, 9.25, 2.5, 9.5], "texture": "#0"}
			}
		},
		{
			"from": [8.7352, 22.8792, 1.71],
			"to": [9.6752, 27.88, 2.5184],
			"rotation": {"angle": -22.5, "axis": "x", "origin": [6.5562, 26.37038, 0.38769]},
			"faces": {
				"north": {"uv": [7, 4, 6.75, 5.25], "texture": "#0"},
				"east": {"uv": [7.25, 2.75, 7, 4], "texture": "#0"},
				"south": {"uv": [7.25, 1.5, 7, 2.75], "texture": "#0"},
				"west": {"uv": [7, 5.25, 6.75, 6.5], "texture": "#0"},
				"up": {"uv": [2.25, 9.5, 2.5, 9.25], "texture": "#0"},
				"down": {"uv": [2.5, 9.25, 2.75, 9.5], "texture": "#0"}
			}
		},
		{
			"from": [3.1248, 30.4212, -1.016],
			"to": [4.0648, 31.38, 1.7664],
			"rotation": {"angle": -22.5, "axis": "x", "origin": [6.5562, 26.37038, 0.38769]},
			"faces": {
				"north": {"uv": [2.75, 9.25, 3, 9.5], "texture": "#0"},
				"east": {"uv": [8.25, 5.5, 9, 5.75], "texture": "#0"},
				"south": {"uv": [3, 9.25, 3.25, 9.5], "texture": "#0"},
				"west": {"uv": [8.25, 8, 9, 8.25], "texture": "#0"},
				"up": {"uv": [1.75, 9.25, 1.5, 8.5], "texture": "#0"},
				"down": {"uv": [2, 8.5, 1.75, 9.25], "texture": "#0"}
			}
		},
		{
			"from": [8.7352, 26.9212, -1.016],
			"to": [9.6752, 27.88, 1.7664],
			"rotation": {"angle": -22.5, "axis": "x", "origin": [6.5562, 26.37038, 0.38769]},
			"faces": {
				"north": {"uv": [3, 9.25, 2.75, 9.5], "texture": "#0"},
				"east": {"uv": [9, 8, 8.25, 8.25], "texture": "#0"},
				"south": {"uv": [3.25, 9.25, 3, 9.5], "texture": "#0"},
				"west": {"uv": [9, 5.5, 8.25, 5.75], "texture": "#0"},
				"up": {"uv": [1.5, 9.25, 1.75, 8.5], "texture": "#0"},
				"down": {"uv": [1.75, 8.5, 2, 9.25], "texture": "#0"}
			}
		},
		{
			"from": [3.4068, 27.4132, -1.016],
			"to": [4.0648, 28.09, 1.7664],
			"rotation": {"angle": -22.5, "axis": "x", "origin": [6.5562, 26.37038, 0.38769]},
			"faces": {
				"north": {"uv": [3.25, 9.25, 3.5, 9.5], "texture": "#0"},
				"east": {"uv": [3, 8.5, 3.75, 8.75], "texture": "#0"},
				"south": {"uv": [3.5, 9.25, 3.75, 9.5], "texture": "#0"},
				"west": {"uv": [7.25, 8.5, 8, 8.75], "texture": "#0"},
				"up": {"uv": [2.25, 9.25, 2, 8.5], "texture": "#0"},
				"down": {"uv": [2.5, 8.5, 2.25, 9.25], "texture": "#0"}
			}
		},
		{
			"from": [8.7352, 23.9132, -1.016],
			"to": [9.3932, 24.59, 1.7664],
			"rotation": {"angle": -22.5, "axis": "x", "origin": [6.5562, 26.37038, 0.38769]},
			"faces": {
				"north": {"uv": [3.5, 9.25, 3.25, 9.5], "texture": "#0"},
				"east": {"uv": [8, 8.5, 7.25, 8.75], "texture": "#0"},
				"south": {"uv": [3.75, 9.25, 3.5, 9.5], "texture": "#0"},
				"west": {"uv": [3.75, 8.5, 3, 8.75], "texture": "#0"},
				"up": {"uv": [2, 9.25, 2.25, 8.5], "texture": "#0"},
				"down": {"uv": [2.25, 8.5, 2.5, 9.25], "texture": "#0"}
			}
		},
		{
			"from": [3.4068, 29.81, -1.016],
			"to": [4.0648, 30.4868, 1.7664],
			"rotation": {"angle": -22.5, "axis": "x", "origin": [6.5562, 26.37038, 0.38769]},
			"faces": {
				"north": {"uv": [3.25, 9.5, 3.5, 9.25], "texture": "#0"},
				"east": {"uv": [3, 8.75, 3.75, 8.5], "texture": "#0"},
				"south": {"uv": [3.5, 9.5, 3.75, 9.25], "texture": "#0"},
				"west": {"uv": [7.25, 8.75, 8, 8.5], "texture": "#0"},
				"up": {"uv": [2.5, 9.25, 2.25, 8.5], "texture": "#0"},
				"down": {"uv": [2.25, 8.5, 2, 9.25], "texture": "#0"}
			}
		},
		{
			"from": [8.7352, 26.31, -1.016],
			"to": [9.3932, 26.9868, 1.7664],
			"rotation": {"angle": -22.5, "axis": "x", "origin": [6.5562, 26.37038, 0.38769]},
			"faces": {
				"north": {"uv": [3.5, 9.5, 3.25, 9.25], "texture": "#0"},
				"east": {"uv": [8, 8.75, 7.25, 8.5], "texture": "#0"},
				"south": {"uv": [3.75, 9.5, 3.5, 9.25], "texture": "#0"},
				"west": {"uv": [3.75, 8.75, 3, 8.5], "texture": "#0"},
				"up": {"uv": [2.25, 9.25, 2.5, 8.5], "texture": "#0"},
				"down": {"uv": [2, 8.5, 2.25, 9.25], "texture": "#0"}
			}
		},
		{
			"from": [3.3128, 27.8832, 1.052],
			"to": [3.7828, 28.56, 1.4844],
			"rotation": {"angle": -22.5, "axis": "x", "origin": [6.5562, 26.37038, 0.38769]},
			"faces": {
				"north": {"uv": [3.75, 9.25, 4, 9.5], "texture": "#0"},
				"east": {"uv": [4, 9.25, 4.25, 9.5], "texture": "#0"},
				"south": {"uv": [4.25, 9.25, 4.5, 9.5], "texture": "#0"},
				"west": {"uv": [4.5, 9.25, 4.75, 9.5], "texture": "#0"},
				"up": {"uv": [5, 9.5, 4.75, 9.25], "texture": "#0"},
				"down": {"uv": [5.25, 9.25, 5, 9.5], "texture": "#0"}
			}
		},
		{
			"from": [9.0172, 24.3832, 1.052],
			"to": [9.4872, 25.06, 1.4844],
			"rotation": {"angle": -22.5, "axis": "x", "origin": [6.5562, 26.37038, 0.38769]},
			"faces": {
				"north": {"uv": [4, 9.25, 3.75, 9.5], "texture": "#0"},
				"east": {"uv": [4.75, 9.25, 4.5, 9.5], "texture": "#0"},
				"south": {"uv": [4.5, 9.25, 4.25, 9.5], "texture": "#0"},
				"west": {"uv": [4.25, 9.25, 4, 9.5], "texture": "#0"},
				"up": {"uv": [4.75, 9.5, 5, 9.25], "texture": "#0"},
				"down": {"uv": [5, 9.25, 5.25, 9.5], "texture": "#0"}
			}
		},
		{
			"from": [3.3128, 29.34, 1.052],
			"to": [3.7828, 30.0168, 1.4844],
			"rotation": {"angle": -22.5, "axis": "x", "origin": [6.5562, 26.37038, 0.38769]},
			"faces": {
				"north": {"uv": [3.75, 9.5, 4, 9.25], "texture": "#0"},
				"east": {"uv": [4, 9.5, 4.25, 9.25], "texture": "#0"},
				"south": {"uv": [4.25, 9.5, 4.5, 9.25], "texture": "#0"},
				"west": {"uv": [4.5, 9.5, 4.75, 9.25], "texture": "#0"},
				"up": {"uv": [5.25, 9.5, 5, 9.25], "texture": "#0"},
				"down": {"uv": [5, 9.25, 4.75, 9.5], "texture": "#0"}
			}
		},
		{
			"from": [9.0172, 25.84, 1.052],
			"to": [9.4872, 26.5168, 1.4844],
			"rotation": {"angle": -22.5, "axis": "x", "origin": [6.5562, 26.37038, 0.38769]},
			"faces": {
				"north": {"uv": [4, 9.5, 3.75, 9.25], "texture": "#0"},
				"east": {"uv": [4.75, 9.5, 4.5, 9.25], "texture": "#0"},
				"south": {"uv": [4.5, 9.5, 4.25, 9.25], "texture": "#0"},
				"west": {"uv": [4.25, 9.5, 4, 9.25], "texture": "#0"},
				"up": {"uv": [5, 9.5, 5.25, 9.25], "texture": "#0"},
				"down": {"uv": [4.75, 9.25, 5, 9.5], "texture": "#0"}
			}
		},
		{
			"from": [3.3128, 27.8832, 0.452],
			"to": [3.7828, 28.56, 0.8844],
			"rotation": {"angle": -22.5, "axis": "x", "origin": [6.5562, 26.37038, 0.38769]},
			"faces": {
				"north": {"uv": [3.75, 9.25, 4, 9.5], "texture": "#0"},
				"east": {"uv": [4, 9.25, 4.25, 9.5], "texture": "#0"},
				"south": {"uv": [4.25, 9.25, 4.5, 9.5], "texture": "#0"},
				"west": {"uv": [4.5, 9.25, 4.75, 9.5], "texture": "#0"},
				"up": {"uv": [5, 9.5, 4.75, 9.25], "texture": "#0"},
				"down": {"uv": [5.25, 9.25, 5, 9.5], "texture": "#0"}
			}
		},
		{
			"from": [9.0172, 24.3832, 0.452],
			"to": [9.4872, 25.06, 0.8844],
			"rotation": {"angle": -22.5, "axis": "x", "origin": [6.5562, 26.37038, 0.38769]},
			"faces": {
				"north": {"uv": [4, 9.25, 3.75, 9.5], "texture": "#0"},
				"east": {"uv": [4.75, 9.25, 4.5, 9.5], "texture": "#0"},
				"south": {"uv": [4.5, 9.25, 4.25, 9.5], "texture": "#0"},
				"west": {"uv": [4.25, 9.25, 4, 9.5], "texture": "#0"},
				"up": {"uv": [4.75, 9.5, 5, 9.25], "texture": "#0"},
				"down": {"uv": [5, 9.25, 5.25, 9.5], "texture": "#0"}
			}
		},
		{
			"from": [3.3128, 29.34, 0.452],
			"to": [3.7828, 30.0168, 0.8844],
			"rotation": {"angle": -22.5, "axis": "x", "origin": [6.5562, 26.37038, 0.38769]},
			"faces": {
				"north": {"uv": [3.75, 9.5, 4, 9.25], "texture": "#0"},
				"east": {"uv": [4, 9.5, 4.25, 9.25], "texture": "#0"},
				"south": {"uv": [4.25, 9.5, 4.5, 9.25], "texture": "#0"},
				"west": {"uv": [4.5, 9.5, 4.75, 9.25], "texture": "#0"},
				"up": {"uv": [5.25, 9.5, 5, 9.25], "texture": "#0"},
				"down": {"uv": [5, 9.25, 4.75, 9.5], "texture": "#0"}
			}
		},
		{
			"from": [9.0172, 25.84, 0.452],
			"to": [9.4872, 26.5168, 0.8844],
			"rotation": {"angle": -22.5, "axis": "x", "origin": [6.5562, 26.37038, 0.38769]},
			"faces": {
				"north": {"uv": [4, 9.5, 3.75, 9.25], "texture": "#0"},
				"east": {"uv": [4.75, 9.5, 4.5, 9.25], "texture": "#0"},
				"south": {"uv": [4.5, 9.5, 4.25, 9.25], "texture": "#0"},
				"west": {"uv": [4.25, 9.5, 4, 9.25], "texture": "#0"},
				"up": {"uv": [5, 9.5, 5.25, 9.25], "texture": "#0"},
				"down": {"uv": [4.75, 9.25, 5, 9.5], "texture": "#0"}
			}
		},
		{
			"from": [3.3128, 27.8832, -0.148],
			"to": [3.7828, 28.56, 0.2844],
			"rotation": {"angle": -22.5, "axis": "x", "origin": [6.5562, 26.37038, 0.38769]},
			"faces": {
				"north": {"uv": [3.75, 9.25, 4, 9.5], "texture": "#0"},
				"east": {"uv": [4, 9.25, 4.25, 9.5], "texture": "#0"},
				"south": {"uv": [4.25, 9.25, 4.5, 9.5], "texture": "#0"},
				"west": {"uv": [4.5, 9.25, 4.75, 9.5], "texture": "#0"},
				"up": {"uv": [5, 9.5, 4.75, 9.25], "texture": "#0"},
				"down": {"uv": [5.25, 9.25, 5, 9.5], "texture": "#0"}
			}
		},
		{
			"from": [9.0172, 24.3832, -0.148],
			"to": [9.4872, 25.06, 0.2844],
			"rotation": {"angle": -22.5, "axis": "x", "origin": [6.5562, 26.37038, 0.38769]},
			"faces": {
				"north": {"uv": [4, 9.25, 3.75, 9.5], "texture": "#0"},
				"east": {"uv": [4.75, 9.25, 4.5, 9.5], "texture": "#0"},
				"south": {"uv": [4.5, 9.25, 4.25, 9.5], "texture": "#0"},
				"west": {"uv": [4.25, 9.25, 4, 9.5], "texture": "#0"},
				"up": {"uv": [4.75, 9.5, 5, 9.25], "texture": "#0"},
				"down": {"uv": [5, 9.25, 5.25, 9.5], "texture": "#0"}
			}
		},
		{
			"from": [3.3128, 29.34, -0.148],
			"to": [3.7828, 30.0168, 0.2844],
			"rotation": {"angle": -22.5, "axis": "x", "origin": [6.5562, 26.37038, 0.38769]},
			"faces": {
				"north": {"uv": [3.75, 9.5, 4, 9.25], "texture": "#0"},
				"east": {"uv": [4, 9.5, 4.25, 9.25], "texture": "#0"},
				"south": {"uv": [4.25, 9.5, 4.5, 9.25], "texture": "#0"},
				"west": {"uv": [4.5, 9.5, 4.75, 9.25], "texture": "#0"},
				"up": {"uv": [5.25, 9.5, 5, 9.25], "texture": "#0"},
				"down": {"uv": [5, 9.25, 4.75, 9.5], "texture": "#0"}
			}
		},
		{
			"from": [9.0172, 25.84, -0.148],
			"to": [9.4872, 26.5168, 0.2844],
			"rotation": {"angle": -22.5, "axis": "x", "origin": [6.5562, 26.37038, 0.38769]},
			"faces": {
				"north": {"uv": [4, 9.5, 3.75, 9.25], "texture": "#0"},
				"east": {"uv": [4.75, 9.5, 4.5, 9.25], "texture": "#0"},
				"south": {"uv": [4.5, 9.5, 4.25, 9.25], "texture": "#0"},
				"west": {"uv": [4.25, 9.5, 4, 9.25], "texture": "#0"},
				"up": {"uv": [5, 9.5, 5.25, 9.25], "texture": "#0"},
				"down": {"uv": [4.75, 9.25, 5, 9.5], "texture": "#0"}
			}
		},
		{
			"from": [3.3128, 27.8832, -0.748],
			"to": [3.7828, 28.56, -0.3156],
			"rotation": {"angle": -22.5, "axis": "x", "origin": [6.5562, 26.37038, 0.38769]},
			"faces": {
				"north": {"uv": [3.75, 9.25, 4, 9.5], "texture": "#0"},
				"east": {"uv": [4, 9.25, 4.25, 9.5], "texture": "#0"},
				"south": {"uv": [4.25, 9.25, 4.5, 9.5], "texture": "#0"},
				"west": {"uv": [4.5, 9.25, 4.75, 9.5], "texture": "#0"},
				"up": {"uv": [5, 9.5, 4.75, 9.25], "texture": "#0"},
				"down": {"uv": [5.25, 9.25, 5, 9.5], "texture": "#0"}
			}
		},
		{
			"from": [9.0172, 24.3832, -0.748],
			"to": [9.4872, 25.06, -0.3156],
			"rotation": {"angle": -22.5, "axis": "x", "origin": [6.5562, 26.37038, 0.38769]},
			"faces": {
				"north": {"uv": [4, 9.25, 3.75, 9.5], "texture": "#0"},
				"east": {"uv": [4.75, 9.25, 4.5, 9.5], "texture": "#0"},
				"south": {"uv": [4.5, 9.25, 4.25, 9.5], "texture": "#0"},
				"west": {"uv": [4.25, 9.25, 4, 9.5], "texture": "#0"},
				"up": {"uv": [4.75, 9.5, 5, 9.25], "texture": "#0"},
				"down": {"uv": [5, 9.25, 5.25, 9.5], "texture": "#0"}
			}
		},
		{
			"from": [3.3128, 29.34, -0.748],
			"to": [3.7828, 30.0168, -0.3156],
			"rotation": {"angle": -22.5, "axis": "x", "origin": [6.5562, 26.37038, 0.38769]},
			"faces": {
				"north": {"uv": [3.75, 9.5, 4, 9.25], "texture": "#0"},
				"east": {"uv": [4, 9.5, 4.25, 9.25], "texture": "#0"},
				"south": {"uv": [4.25, 9.5, 4.5, 9.25], "texture": "#0"},
				"west": {"uv": [4.5, 9.5, 4.75, 9.25], "texture": "#0"},
				"up": {"uv": [5.25, 9.5, 5, 9.25], "texture": "#0"},
				"down": {"uv": [5, 9.25, 4.75, 9.5], "texture": "#0"}
			}
		},
		{
			"from": [9.0172, 25.84, -0.748],
			"to": [9.4872, 26.5168, -0.3156],
			"rotation": {"angle": -22.5, "axis": "x", "origin": [6.5562, 26.37038, 0.38769]},
			"faces": {
				"north": {"uv": [4, 9.5, 3.75, 9.25], "texture": "#0"},
				"east": {"uv": [4.75, 9.5, 4.5, 9.25], "texture": "#0"},
				"south": {"uv": [4.5, 9.5, 4.25, 9.25], "texture": "#0"},
				"west": {"uv": [4.25, 9.5, 4, 9.25], "texture": "#0"},
				"up": {"uv": [5, 9.5, 5.25, 9.25], "texture": "#0"},
				"down": {"uv": [4.75, 9.25, 5, 9.5], "texture": "#0"}
			}
		},
		{
			"from": [7.02, 21.38, 0.2],
			"to": [7.42, 21.8, 0.66],
			"rotation": {"angle": -22.5, "axis": "x", "origin": [6.5562, 26.37038, 0.38769]},
			"faces": {
				"north": {"uv": [9, 8.75, 9.25, 9], "texture": "#0"},
				"east": {"uv": [0.5, 9.25, 0.75, 9.5], "texture": "#0"},
				"south": {"uv": [0.25, 9.25, 0.5, 9.5], "texture": "#0"},
				"west": {"uv": [0, 0, 0.9, 2.3], "texture": "#0"},
				"up": {"uv": [1, 9.5, 0.75, 9.25], "texture": "#0"},
				"down": {"uv": [0, 0, 1.375, 0.9], "texture": "#0"}
			}
		},
		{
			"from": [7.22, 21.78, 0.2],
			"to": [7.62, 22.2, 0.66],
			"rotation": {"angle": -22.5, "axis": "x", "origin": [6.5562, 26.37038, 0.38769]},
			"faces": {
				"north": {"uv": [9, 8.75, 9.25, 9], "texture": "#0"},
				"east": {"uv": [0.5, 9.25, 0.75, 9.5], "texture": "#0"},
				"south": {"uv": [0.25, 9.25, 0.5, 9.5], "texture": "#0"},
				"west": {"uv": [0.5, 9.25, 0.75, 9.5], "texture": "#0"},
				"up": {"uv": [1, 9.5, 0.75, 9.25], "texture": "#0"},
				"down": {"uv": [1.25, 9.25, 1, 9.5], "texture": "#0"}
			}
		},
		{
			"from": [7.42, 22.18, 0.2],
			"to": [7.82, 22.8, 0.66],
			"rotation": {"angle": -22.5, "axis": "x", "origin": [6.5562, 26.37038, 0.38769]},
			"faces": {
				"north": {"uv": [9, 8.75, 9.25, 9], "texture": "#0"},
				"east": {"uv": [0.5, 9.25, 0.75, 9.5], "texture": "#0"},
				"south": {"uv": [0.25, 9.25, 0.5, 9.5], "texture": "#0"},
				"west": {"uv": [0.5, 9.25, 0.75, 9.5], "texture": "#0"},
				"up": {"uv": [1, 9.5, 0.75, 9.25], "texture": "#0"},
				"down": {"uv": [1.25, 9.25, 1, 9.5], "texture": "#0"}
			}
		},
		{
			"from": [7.22, 22.68, 0.2],
			"to": [7.62, 23.1, 0.66],
			"rotation": {"angle": -22.5, "axis": "x", "origin": [6.5562, 26.37038, 0.38769]},
			"faces": {
				"north": {"uv": [9, 8.75, 9.25, 9], "texture": "#0"},
				"east": {"uv": [0.5, 9.25, 0.75, 9.5], "texture": "#0"},
				"south": {"uv": [0.25, 9.25, 0.5, 9.5], "texture": "#0"},
				"west": {"uv": [0.5, 9.25, 0.75, 9.5], "texture": "#0"},
				"up": {"uv": [1, 9.5, 0.75, 9.25], "texture": "#0"},
				"down": {"uv": [1.25, 9.25, 1, 9.5], "texture": "#0"}
			}
		},
		{
			"from": [7.02, 23.08, 0.2],
			"to": [7.42, 23.6, 0.66],
			"rotation": {"angle": -22.5, "axis": "x", "origin": [6.5562, 26.37038, 0.38769]},
			"faces": {
				"north": {"uv": [9, 8.75, 9.25, 9], "texture": "#0"},
				"east": {"uv": [0.5, 9.25, 0.75, 9.5], "texture": "#0"},
				"south": {"uv": [0.25, 9.25, 0.5, 9.5], "texture": "#0"},
				"west": {"uv": [0.5, 9.25, 0.75, 9.5], "texture": "#0"},
				"up": {"uv": [1, 9.5, 0.75, 9.25], "texture": "#0"},
				"down": {"uv": [1.25, 9.25, 1, 9.5], "texture": "#0"}
			}
		},
		{
			"from": [5.72, 23.48, 0.2],
			"to": [7.22, 23.9, 0.66],
			"rotation": {"angle": -22.5, "axis": "x", "origin": [6.5562, 26.37038, 0.38769]},
			"faces": {
				"north": {"uv": [9, 8.75, 9.25, 9], "texture": "#0"},
				"east": {"uv": [0.5, 9.25, 0.75, 9.5], "texture": "#0"},
				"south": {"uv": [0.25, 9.25, 0.5, 9.5], "texture": "#0"},
				"west": {"uv": [0.5, 9.25, 0.75, 9.5], "texture": "#0"},
				"up": {"uv": [1, 9.5, 0.75, 9.25], "texture": "#0"},
				"down": {"uv": [1.25, 9.25, 1, 9.5], "texture": "#0"}
			}
		},
		{
			"from": [5.52, 23.78, 0.2],
			"to": [5.92, 24.7, 0.66],
			"rotation": {"angle": -22.5, "axis": "x", "origin": [6.5562, 26.37038, 0.38769]},
			"faces": {
				"north": {"uv": [9, 8.75, 9.25, 9], "texture": "#0"},
				"east": {"uv": [0, 9.25, 0.25, 9.5], "texture": "#0"},
				"south": {"uv": [0.25, 9.25, 0.5, 9.5], "texture": "#0"},
				"west": {"uv": [0.5, 9.25, 0.75, 9.5], "texture": "#0"},
				"up": {"uv": [1, 9.5, 0.75, 9.25], "texture": "#0"},
				"down": {"uv": [1.25, 9.25, 1, 9.5], "texture": "#0"}
			}
		},
		{
			"from": [5.32, 24.48, 0.2],
			"to": [5.72, 25.1, 0.66],
			"rotation": {"angle": -22.5, "axis": "x", "origin": [6.5562, 26.37038, 0.38769]},
			"faces": {
				"north": {"uv": [9, 8.75, 9.25, 9], "texture": "#0"},
				"east": {"uv": [0.5, 9.25, 0.75, 9.5], "texture": "#0"},
				"south": {"uv": [0.25, 9.25, 0.5, 9.5], "texture": "#0"},
				"west": {"uv": [0.5, 9.25, 0.75, 9.5], "texture": "#0"},
				"up": {"uv": [1, 9.5, 0.75, 9.25], "texture": "#0"},
				"down": {"uv": [1.25, 9.25, 1, 9.5], "texture": "#0"}
			}
		},
		{
			"from": [5.62, 25.08, 0.2],
			"to": [6.02, 25.6, 0.66],
			"rotation": {"angle": -22.5, "axis": "x", "origin": [6.5562, 26.37038, 0.38769]},
			"faces": {
				"north": {"uv": [9, 8.75, 9.25, 9], "texture": "#0"},
				"east": {"uv": [0, 0, 0.9, 2.3], "texture": "#0"},
				"south": {"uv": [0.25, 9.25, 0.5, 9.5], "texture": "#0"},
				"west": {"uv": [0.5, 9.25, 0.75, 9.5], "texture": "#0"},
				"up": {"uv": [1, 9.5, 0.75, 9.25], "texture": "#0"},
				"down": {"uv": [1.25, 9.25, 1, 9.5], "texture": "#0"}
			}
		},
		{
			"from": [6.72, 26.68, 0.2],
			"to": [7.12, 27.2, 0.66],
			"rotation": {"angle": -22.5, "axis": "x", "origin": [6.5562, 26.37038, 0.38769]},
			"faces": {
				"north": {"uv": [9, 8.75, 9.25, 9], "texture": "#0"},
				"east": {"uv": [0.5, 9.25, 0.75, 9.5], "texture": "#0"},
				"south": {"uv": [0.25, 9.25, 0.5, 9.5], "texture": "#0"},
				"west": {"uv": [0, 0, 0.9, 2.3], "texture": "#0"},
				"up": {"uv": [1, 9.5, 0.75, 9.25], "texture": "#0"},
				"down": {"uv": [0, 0, 1.375, 0.9], "texture": "#0"}
			}
		},
		{
			"from": [6.92, 27.08, 0.2],
			"to": [7.32, 27.8, 0.66],
			"rotation": {"angle": -22.5, "axis": "x", "origin": [6.5562, 26.37038, 0.38769]},
			"faces": {
				"north": {"uv": [9, 8.75, 9.25, 9], "texture": "#0"},
				"east": {"uv": [0.5, 9.25, 0.75, 9.5], "texture": "#0"},
				"south": {"uv": [0.25, 9.25, 0.5, 9.5], "texture": "#0"},
				"west": {"uv": [0.5, 9.25, 0.75, 9.5], "texture": "#0"},
				"up": {"uv": [1, 9.5, 0.75, 9.25], "texture": "#0"},
				"down": {"uv": [1.25, 9.25, 1, 9.5], "texture": "#0"}
			}
		},
		{
			"from": [7.12, 27.78, 0.2],
			"to": [7.52, 28.2, 0.66],
			"rotation": {"angle": -22.5, "axis": "x", "origin": [6.5562, 26.37038, 0.38769]},
			"faces": {
				"north": {"uv": [9, 8.75, 9.25, 9], "texture": "#0"},
				"east": {"uv": [0.5, 9.25, 0.75, 9.5], "texture": "#0"},
				"south": {"uv": [0.25, 9.25, 0.5, 9.5], "texture": "#0"},
				"west": {"uv": [0.5, 9.25, 0.75, 9.5], "texture": "#0"},
				"up": {"uv": [1, 9.5, 0.75, 9.25], "texture": "#0"},
				"down": {"uv": [1.25, 9.25, 1, 9.5], "texture": "#0"}
			}
		},
		{
			"from": [7.42, 28.18, 0.2],
			"to": [7.82, 28.9, 0.66],
			"rotation": {"angle": -22.5, "axis": "x", "origin": [6.5562, 26.37038, 0.38769]},
			"faces": {
				"north": {"uv": [9, 8.75, 9.25, 9], "texture": "#0"},
				"east": {"uv": [0.5, 9.25, 0.75, 9.5], "texture": "#0"},
				"south": {"uv": [0.25, 9.25, 0.5, 9.5], "texture": "#0"},
				"west": {"uv": [0.5, 9.25, 0.75, 9.5], "texture": "#0"},
				"up": {"uv": [1, 9.5, 0.75, 9.25], "texture": "#0"},
				"down": {"uv": [1.25, 9.25, 1, 9.5], "texture": "#0"}
			}
		},
		{
			"from": [7.12, 28.88, 0.2],
			"to": [7.62, 29.2, 0.66],
			"rotation": {"angle": -22.5, "axis": "x", "origin": [6.5562, 26.37038, 0.38769]},
			"faces": {
				"north": {"uv": [9, 8.75, 9.25, 9], "texture": "#0"},
				"east": {"uv": [0.5, 9.25, 0.75, 9.5], "texture": "#0"},
				"south": {"uv": [0.25, 9.25, 0.5, 9.5], "texture": "#0"},
				"west": {"uv": [0.5, 9.25, 0.75, 9.5], "texture": "#0"},
				"up": {"uv": [1, 9.5, 0.75, 9.25], "texture": "#0"},
				"down": {"uv": [1.25, 9.25, 1, 9.5], "texture": "#0"}
			}
		},
		{
			"from": [6.72, 29.18, 0.2],
			"to": [7.22, 29.5, 0.66],
			"rotation": {"angle": -22.5, "axis": "x", "origin": [6.5562, 26.37038, 0.38769]},
			"faces": {
				"north": {"uv": [9, 8.75, 9.25, 9], "texture": "#0"},
				"east": {"uv": [0.5, 9.25, 0.75, 9.5], "texture": "#0"},
				"south": {"uv": [0.25, 9.25, 0.5, 9.5], "texture": "#0"},
				"west": {"uv": [0, 0, 0.9, 2.3], "texture": "#0"},
				"up": {"uv": [1, 9.5, 0.75, 9.25], "texture": "#0"},
				"down": {"uv": [1.25, 9.25, 1, 9.5], "texture": "#0"}
			}
		},
		{
			"from": [3.38, 7.28, 3.1],
			"to": [9.56, 10.34, 5.92],
			"rotation": {"angle": -22.5, "axis": "x", "origin": [6.49425, 16.60282, 4.53721]},
			"faces": {
				"north": {"uv": [4, 3.25, 5.5, 4], "texture": "#0"},
				"east": {"uv": [4.5, 2.5, 5.25, 3.25], "texture": "#0"},
				"south": {"uv": [4, 3.25, 5.5, 4], "texture": "#0"},
				"west": {"uv": [6, 6, 6.75, 6.75], "texture": "#0"},
				"up": {"uv": [6, 1.75, 4.5, 1], "texture": "#0"},
				"down": {"uv": [6, 1.75, 4.5, 2.5], "texture": "#0"}
			}
		},
		{
			"from": [3.32, 10.34, 2.68],
			"to": [4.4, 10.82, 6.28],
			"rotation": {"angle": -22.5, "axis": "x", "origin": [6.49425, 16.60282, 4.53721]},
			"faces": {
				"north": {"uv": [8.75, 3, 9, 3.25], "texture": "#0"},
				"east": {"uv": [7, 0.75, 8, 1], "texture": "#0"},
				"south": {"uv": [8.75, 3, 9, 3.25], "texture": "#0"},
				"west": {"uv": [7, 4.5, 8, 4.75], "texture": "#0"},
				"up": {"uv": [7.25, 5.75, 7, 4.75], "texture": "#0"},
				"down": {"uv": [4.25, 7.25, 4, 8.25], "texture": "#0"}
			}
		},
		{
			"from": [8.5, 10.34, 2.68],
			"to": [9.58, 10.82, 6.28],
			"rotation": {"angle": -22.5, "axis": "x", "origin": [6.49425, 16.60282, 4.53721]},
			"faces": {
				"north": {"uv": [9, 3, 8.75, 3.25], "texture": "#0"},
				"east": {"uv": [8, 4.5, 7, 4.75], "texture": "#0"},
				"south": {"uv": [8.75, 3, 9, 3.25], "texture": "#0"},
				"west": {"uv": [8, 0.75, 7, 1], "texture": "#0"},
				"up": {"uv": [7, 5.75, 7.25, 4.75], "texture": "#0"},
				"down": {"uv": [4, 7.25, 4.25, 8.25], "texture": "#0"}
			}
		},
		{
			"from": [3.32, 10.82, 3.1],
			"to": [3.98, 11.3, 5.86],
			"rotation": {"angle": -22.5, "axis": "x", "origin": [6.49425, 16.60282, 4.53721]},
			"faces": {
				"north": {"uv": [8.75, 8.25, 9, 8.5], "texture": "#0"},
				"east": {"uv": [8, 0, 8.75, 0.25], "texture": "#0"},
				"south": {"uv": [8.75, 8.25, 9, 8.5], "texture": "#0"},
				"west": {"uv": [8, 0.75, 8.75, 1], "texture": "#0"},
				"up": {"uv": [5.5, 3.25, 5.25, 2.5], "texture": "#0"},
				"down": {"uv": [1, 8.25, 0.75, 9], "texture": "#0"}
			}
		},
		{
			"from": [8.92, 10.82, 3.1],
			"to": [9.58, 11.3, 5.86],
			"rotation": {"angle": -22.5, "axis": "x", "origin": [6.49425, 16.60282, 4.53721]},
			"faces": {
				"north": {"uv": [9, 8.25, 8.75, 8.5], "texture": "#0"},
				"east": {"uv": [8.75, 0.75, 8, 1], "texture": "#0"},
				"south": {"uv": [8.75, 8.25, 9, 8.5], "texture": "#0"},
				"west": {"uv": [8.75, 0, 8, 0.25], "texture": "#0"},
				"up": {"uv": [5.25, 3.25, 5.5, 2.5], "texture": "#0"},
				"down": {"uv": [0.75, 8.25, 1, 9], "texture": "#0"}
			}
		},
		{
			"from": [4.82, 9.98, 3.4],
			"to": [8.12, 15.5, 5.56],
			"rotation": {"angle": -22.5, "axis": "x", "origin": [6.49425, 16.60282, 4.53721]},
			"faces": {
				"north": {"uv": [3, 4.5, 3.75, 6], "texture": "#0"},
				"east": {"uv": [3, 6, 3.5, 7.5], "texture": "#0"},
				"south": {"uv": [3, 4.5, 3.75, 6], "texture": "#0"},
				"west": {"uv": [3, 6, 3.5, 7.5], "texture": "#0"},
				"up": {"uv": [3.75, 3, 3, 2.5], "texture": "#0"},
				"down": {"uv": [5.25, 4, 4.5, 4.5], "texture": "#0"}
			}
		},
		{
			"from": [3.5072, 15.1848, 2.776],
			"to": [9.4592, 21.06, 6.4816],
			"rotation": {"angle": -22.5, "axis": "x", "origin": [6.49425, 16.60282, 4.53721]},
			"faces": {
				"north": {"uv": [0, 0, 1.5, 1.5], "texture": "#0"},
				"east": {"uv": [0.5, 3, 1.5, 4.5], "texture": "#0"},
				"south": {"uv": [0, 1.5, 1.5, 3], "texture": "#0"},
				"west": {"uv": [3, 3, 4, 4.5], "texture": "#0"},
				"up": {"uv": [4, 2.5, 2.5, 1.5], "texture": "#0"},
				"down": {"uv": [5, 0, 3.5, 1], "texture": "#0"}
			}
		},
		{
			"from": [3.5072, 14.7048, 2.776],
			"to": [6.3872, 15.192, 6.4816],
			"rotation": {"angle": -22.5, "axis": "x", "origin": [6.49425, 16.60282, 4.53721]},
			"faces": {
				"north": {"uv": [8, 4.5, 8.75, 4.75], "texture": "#0"},
				"east": {"uv": [7.5, 7, 8.5, 7.25], "texture": "#0"},
				"south": {"uv": [8.25, 2.5, 9, 2.75], "texture": "#0"},
				"west": {"uv": [7.25, 7.75, 8.25, 8], "texture": "#0"},
				"up": {"uv": [5.75, 1, 5, 0], "texture": "#0"},
				"down": {"uv": [6.5, 0, 5.75, 1], "texture": "#0"}
			}
		},
		{
			"from": [6.6128, 14.7048, 2.776],
			"to": [9.4928, 15.192, 6.4816],
			"rotation": {"angle": -22.5, "axis": "x", "origin": [6.49425, 16.60282, 4.53721]},
			"faces": {
				"north": {"uv": [8.75, 4.5, 8, 4.75], "texture": "#0"},
				"east": {"uv": [8.25, 7.75, 7.25, 8], "texture": "#0"},
				"south": {"uv": [9, 2.5, 8.25, 2.75], "texture": "#0"},
				"west": {"uv": [8.5, 7, 7.5, 7.25], "texture": "#0"},
				"up": {"uv": [5, 1, 5.75, 0], "texture": "#0"},
				"down": {"uv": [5.75, 0, 6.5, 1], "texture": "#0"}
			}
		},
		{
			"from": [3.5072, 14.2248, 2.776],
			"to": [5.8112, 14.712, 6.4816],
			"rotation": {"angle": -22.5, "axis": "x", "origin": [6.49425, 16.60282, 4.53721]},
			"faces": {
				"north": {"uv": [8.5, 7, 9, 7.25], "texture": "#0"},
				"east": {"uv": [7.5, 4.25, 8.5, 4.5], "texture": "#0"},
				"south": {"uv": [8.5, 7.25, 9, 7.5], "texture": "#0"},
				"west": {"uv": [7.5, 6.75, 8.5, 7], "texture": "#0"},
				"up": {"uv": [2, 7.5, 1.5, 6.5], "texture": "#0"},
				"down": {"uv": [7, 0, 6.5, 1], "texture": "#0"}
			}
		},
		{
			"from": [7.1888, 14.2248, 2.776],
			"to": [9.4928, 14.712, 6.4816],
			"rotation": {"angle": -22.5, "axis": "x", "origin": [6.49425, 16.60282, 4.53721]},
			"faces": {
				"north": {"uv": [9, 7, 8.5, 7.25], "texture": "#0"},
				"east": {"uv": [8.5, 6.75, 7.5, 7], "texture": "#0"},
				"south": {"uv": [9, 7.25, 8.5, 7.5], "texture": "#0"},
				"west": {"uv": [8.5, 4.25, 7.5, 4.5], "texture": "#0"},
				"up": {"uv": [1.5, 7.5, 2, 6.5], "texture": "#0"},
				"down": {"uv": [6.5, 0, 7, 1], "texture": "#0"}
			}
		},
		{
			"from": [3.8912, 13.9368, 2.968],
			"to": [5.3312, 14.532, 6.2896],
			"rotation": {"angle": -22.5, "axis": "x", "origin": [6.49425, 16.60282, 4.53721]},
			"faces": {
				"north": {"uv": [0, 0, 1.375, 2.3], "texture": "#0"},
				"east": {"uv": [0, 0, 0.9, 2.3], "texture": "#0"},
				"south": {"uv": [0, 0, 1.375, 2.3], "texture": "#0"},
				"west": {"uv": [0, 0, 0.9, 2.3], "texture": "#0"},
				"up": {"uv": [0, 0, 1.375, 0.9], "texture": "#0"},
				"down": {"uv": [0, 0, 1.375, 0.9], "texture": "#0"}
			}
		},
		{
			"from": [7.6352, 13.9368, 2.968],
			"to": [9.0752, 14.532, 6.2896],
			"rotation": {"angle": -22.5, "axis": "x", "origin": [6.49425, 16.60282, 4.53721]},
			"faces": {
				"north": {"uv": [0, 0, 1.375, 2.3], "texture": "#0"},
				"east": {"uv": [0, 0, 0.9, 2.3], "texture": "#0"},
				"south": {"uv": [0, 0, 1.375, 2.3], "texture": "#0"},
				"west": {"uv": [0, 0, 0.9, 2.3], "texture": "#0"},
				"up": {"uv": [0, 0, 1.375, 0.9], "texture": "#0"},
				"down": {"uv": [0, 0, 1.375, 0.9], "texture": "#0"}
			}
		},
		{
			"from": [3.3912, 13.8368, 2.468],
			"to": [5.4312, 14.332, 6.5896],
			"rotation": {"angle": -22.5, "axis": "x", "origin": [6.49425, 16.60282, 4.53721]},
			"faces": {
				"north": {"uv": [8.5, 6.5, 9, 6.75], "texture": "#0"},
				"east": {"uv": [7, 5.75, 8, 6], "texture": "#0"},
				"south": {"uv": [8.5, 6.5, 9, 6.75], "texture": "#0"},
				"west": {"uv": [7, 6, 8, 6.25], "texture": "#0"},
				"up": {"uv": [6.5, 5.5, 6, 4.5], "texture": "#0"},
				"down": {"uv": [4.5, 6.25, 4, 7.25], "texture": "#0"}
			}
		},
		{
			"from": [7.5688, 13.8368, 2.468],
			"to": [9.6088, 14.332, 6.5896],
			"rotation": {"angle": -22.5, "axis": "x", "origin": [6.49425, 16.60282, 4.53721]},
			"faces": {
				"north": {"uv": [9, 6.5, 8.5, 6.75], "texture": "#0"},
				"east": {"uv": [8, 6, 7, 6.25], "texture": "#0"},
				"south": {"uv": [9, 6.5, 8.5, 6.75], "texture": "#0"},
				"west": {"uv": [8, 5.75, 7, 6], "texture": "#0"},
				"up": {"uv": [6, 5.5, 6.5, 4.5], "texture": "#0"},
				"down": {"uv": [4, 6.25, 4.5, 7.25], "texture": "#0"}
			}
		},
		{
			"from": [5.1912, 14.1368, 2.368],
			"to": [5.8312, 14.632, 6.6896],
			"rotation": {"angle": -22.5, "axis": "x", "origin": [6.49425, 16.60282, 4.53721]},
			"faces": {
				"north": {"uv": [0.75, 9, 1, 9.25], "texture": "#0"},
				"east": {"uv": [7, 6.25, 8, 6.5], "texture": "#0"},
				"south": {"uv": [0.75, 9, 1, 9.25], "rotation": 270, "texture": "#0"},
				"west": {"uv": [6, 7.25, 7, 7.5], "texture": "#0"},
				"up": {"uv": [4.5, 8.25, 4.25, 7.25], "texture": "#0"},
				"down": {"uv": [7.25, 7.25, 7, 8.25], "texture": "#0"}
			}
		},
		{
			"from": [7.1688, 14.1368, 2.368],
			"to": [7.8088, 14.632, 6.6896],
			"rotation": {"angle": -22.5, "axis": "x", "origin": [6.49425, 16.60282, 4.53721]},
			"faces": {
				"north": {"uv": [1, 9, 0.75, 9.25], "texture": "#0"},
				"east": {"uv": [7, 7.25, 6, 7.5], "texture": "#0"},
				"south": {"uv": [0.75, 9.25, 1, 9], "rotation": 270, "texture": "#0"},
				"west": {"uv": [8, 6.25, 7, 6.5], "texture": "#0"},
				"up": {"uv": [4.25, 8.25, 4.5, 7.25], "texture": "#0"},
				"down": {"uv": [7, 7.25, 7.25, 8.25], "texture": "#0"}
			}
		},
		{
			"from": [5.7912, 14.6368, 2.368],
			"to": [6.4312, 15.032, 6.6896],
			"rotation": {"angle": -22.5, "axis": "x", "origin": [6.49425, 16.60282, 4.53721]},
			"faces": {
				"north": {"uv": [2.75, 9, 3, 9.25], "texture": "#0"},
				"east": {"uv": [7.25, 7.25, 8.25, 7.5], "texture": "#0"},
				"south": {"uv": [2.75, 9, 3, 9.25], "rotation": 90, "texture": "#0"},
				"west": {"uv": [7.25, 1.5, 8.25, 1.75], "texture": "#0"},
				"up": {"uv": [7.5, 2.75, 7.25, 1.75], "texture": "#0"},
				"down": {"uv": [7.5, 2.75, 7.25, 3.75], "texture": "#0"}
			}
		},
		{
			"from": [6.5688, 14.6368, 2.368],
			"to": [7.2088, 15.032, 6.6896],
			"rotation": {"angle": -22.5, "axis": "x", "origin": [6.49425, 16.60282, 4.53721]},
			"faces": {
				"north": {"uv": [3, 9, 2.75, 9.25], "texture": "#0"},
				"east": {"uv": [8.25, 1.5, 7.25, 1.75], "texture": "#0"},
				"south": {"uv": [2.75, 9.25, 3, 9], "rotation": 90, "texture": "#0"},
				"west": {"uv": [8.25, 7.25, 7.25, 7.5], "texture": "#0"},
				"up": {"uv": [7.25, 2.75, 7.5, 1.75], "texture": "#0"},
				"down": {"uv": [7.25, 2.75, 7.5, 3.75], "texture": "#0"}
			}
		},
		{
			"from": [6.2912, 15.0368, 2.368],
			"to": [6.7312, 21.332, 6.6896],
			"rotation": {"angle": -22.5, "axis": "x", "origin": [6.49425, 16.60282, 4.53721]},
			"faces": {
				"north": {"uv": [6.5, 4.5, 6.75, 6], "texture": "#0"},
				"east": {"uv": [1.5, 0, 2.5, 1.5], "texture": "#0"},
				"south": {"uv": [6.5, 4.5, 6.75, 6], "texture": "#0"},
				"west": {"uv": [2.5, 0, 3.5, 1.5], "texture": "#0"},
				"up": {"uv": [7.5, 5.75, 7.25, 4.75], "texture": "#0"},
				"down": {"uv": [1.75, 7.5, 1.5, 8.5], "texture": "#0"}
			}
		},
		{
			"from": [5.6912, 16.2368, 2.368],
			"to": [6.3312, 16.632, 6.6896],
			"rotation": {"angle": -22.5, "axis": "x", "origin": [6.49425, 16.60282, 4.53721]},
			"faces": {
				"north": {"uv": [4.5, 9, 4.75, 9.25], "texture": "#0"},
				"east": {"uv": [7.25, 3.75, 8.25, 4], "texture": "#0"},
				"south": {"uv": [4.5, 9, 4.75, 9.25], "rotation": 90, "texture": "#0"},
				"west": {"uv": [6, 7.5, 7, 7.75], "texture": "#0"},
				"up": {"uv": [2, 8.5, 1.75, 7.5], "texture": "#0"},
				"down": {"uv": [3.25, 7.5, 3, 8.5], "texture": "#0"}
			}
		},
		{
			"from": [6.6688, 15.9368, 2.368],
			"to": [7.3088, 16.332, 6.6896],
			"rotation": {"angle": -22.5, "axis": "x", "origin": [6.49425, 16.60282, 4.53721]},
			"faces": {
				"north": {"uv": [4.75, 9, 4.5, 9.25], "texture": "#0"},
				"east": {"uv": [7, 7.5, 6, 7.75], "texture": "#0"},
				"south": {"uv": [4.5, 9.25, 4.75, 9], "rotation": 90, "texture": "#0"},
				"west": {"uv": [8.25, 3.75, 7.25, 4], "texture": "#0"},
				"up": {"uv": [1.75, 8.5, 2, 7.5], "texture": "#0"},
				"down": {"uv": [3, 7.5, 3.25, 8.5], "texture": "#0"}
			}
		},
		{
			"from": [4.7912, 15.8368, 2.368],
			"to": [5.7312, 16.232, 6.6896],
			"rotation": {"angle": -22.5, "axis": "x", "origin": [6.49425, 16.60282, 4.53721]},
			"faces": {
				"north": {"uv": [5, 9, 5.25, 9.25], "texture": "#0"},
				"east": {"uv": [7.25, 7.5, 8.25, 7.75], "texture": "#0"},
				"south": {"uv": [5, 9, 5.25, 9.25], "rotation": 90, "texture": "#0"},
				"west": {"uv": [7.5, 0.25, 8.5, 0.5], "texture": "#0"},
				"up": {"uv": [3.5, 8.5, 3.25, 7.5], "texture": "#0"},
				"down": {"uv": [7.75, 1.75, 7.5, 2.75], "texture": "#0"}
			}
		},
		{
			"from": [7.2688, 16.1368, 2.368],
			"to": [8.2088, 16.532, 6.6896],
			"rotation": {"angle": -22.5, "axis": "x", "origin": [6.49425, 16.60282, 4.53721]},
			"faces": {
				"north": {"uv": [5.25, 9, 5, 9.25], "texture": "#0"},
				"east": {"uv": [8.5, 0.25, 7.5, 0.5], "texture": "#0"},
				"south": {"uv": [5, 9.25, 5.25, 9], "rotation": 90, "texture": "#0"},
				"west": {"uv": [8.25, 7.5, 7.25, 7.75], "texture": "#0"},
				"up": {"uv": [3.25, 8.5, 3.5, 7.5], "texture": "#0"},
				"down": {"uv": [7.5, 1.75, 7.75, 2.75], "texture": "#0"}
			}
		},
		{
			"from": [3.8912, 15.5368, 2.368],
			"to": [4.8312, 15.932, 6.6896],
			"rotation": {"angle": -22.5, "axis": "x", "origin": [6.49425, 16.60282, 4.53721]},
			"faces": {
				"north": {"uv": [5.75, 9, 6, 9.25], "texture": "#0"},
				"east": {"uv": [7.5, 0.5, 8.5, 0.75], "texture": "#0"},
				"south": {"uv": [5.75, 9, 6, 9.25], "texture": "#0"},
				"west": {"uv": [7.5, 1, 8.5, 1.25], "texture": "#0"},
				"up": {"uv": [7.75, 3.75, 7.5, 2.75], "texture": "#0"},
				"down": {"uv": [7.75, 4.75, 7.5, 5.75], "texture": "#0"}
			}
		},
		{
			"from": [8.1688, 16.1368, 2.368],
			"to": [9.1088, 16.532, 6.6896],
			"rotation": {"angle": -22.5, "axis": "x", "origin": [6.49425, 16.60282, 4.53721]},
			"faces": {
				"north": {"uv": [6, 9, 5.75, 9.25], "texture": "#0"},
				"east": {"uv": [8.5, 1, 7.5, 1.25], "texture": "#0"},
				"south": {"uv": [6, 9, 5.75, 9.25], "texture": "#0"},
				"west": {"uv": [8.5, 0.5, 7.5, 0.75], "texture": "#0"},
				"up": {"uv": [7.5, 3.75, 7.75, 2.75], "texture": "#0"},
				"down": {"uv": [7.5, 4.75, 7.75, 5.75], "texture": "#0"}
			}
		},
		{
			"from": [3.3912, 15.8368, 2.368],
			"to": [3.9312, 16.232, 6.6896],
			"rotation": {"angle": -22.5, "axis": "x", "origin": [6.49425, 16.60282, 4.53721]},
			"faces": {
				"north": {"uv": [6.25, 9, 6.5, 9.25], "texture": "#0"},
				"east": {"uv": [7.5, 1.25, 8.5, 1.5], "texture": "#0"},
				"south": {"uv": [6.25, 9, 6.5, 9.25], "texture": "#0"},
				"west": {"uv": [7.5, 4, 8.5, 4.25], "texture": "#0"},
				"up": {"uv": [6.25, 8.75, 6, 7.75], "texture": "#0"},
				"down": {"uv": [6.5, 7.75, 6.25, 8.75], "texture": "#0"}
			}
		},
		{
			"from": [9.0688, 15.8368, 2.368],
			"to": [9.6088, 16.232, 6.6896],
			"rotation": {"angle": -22.5, "axis": "x", "origin": [6.49425, 16.60282, 4.53721]},
			"faces": {
				"north": {"uv": [6.5, 9, 6.25, 9.25], "texture": "#0"},
				"east": {"uv": [8.5, 4, 7.5, 4.25], "texture": "#0"},
				"south": {"uv": [6.5, 9, 6.25, 9.25], "texture": "#0"},
				"west": {"uv": [8.5, 1.25, 7.5, 1.5], "texture": "#0"},
				"up": {"uv": [6, 8.75, 6.25, 7.75], "texture": "#0"},
				"down": {"uv": [6.25, 7.75, 6.5, 8.75], "texture": "#0"}
			}
		},
		{
			"from": [3.3912, 17.0368, 2.368],
			"to": [4.2312, 17.432, 6.6896],
			"rotation": {"angle": -22.5, "axis": "x", "origin": [6.49425, 16.60282, 4.53721]},
			"faces": {
				"north": {"uv": [6.25, 9, 6.5, 9.25], "texture": "#0"},
				"east": {"uv": [7.25, 7.5, 8.25, 7.75], "texture": "#0"},
				"south": {"uv": [6.25, 9, 6.5, 9.25], "texture": "#0"},
				"west": {"uv": [7, 6, 8, 6.25], "texture": "#0"},
				"up": {"uv": [6.25, 8.75, 6, 7.75], "texture": "#0"},
				"down": {"uv": [6.5, 7.75, 6.25, 8.75], "texture": "#0"}
			}
		},
		{
			"from": [8.7688, 17.0368, 2.368],
			"to": [9.6088, 17.432, 6.6896],
			"rotation": {"angle": -22.5, "axis": "x", "origin": [6.49425, 16.60282, 4.53721]},
			"faces": {
				"north": {"uv": [6.5, 9, 6.25, 9.25], "texture": "#0"},
				"east": {"uv": [8, 6, 7, 6.25], "texture": "#0"},
				"south": {"uv": [6.5, 9, 6.25, 9.25], "texture": "#0"},
				"west": {"uv": [8.25, 7.5, 7.25, 7.75], "texture": "#0"},
				"up": {"uv": [6, 8.75, 6.25, 7.75], "texture": "#0"},
				"down": {"uv": [6.25, 7.75, 6.5, 8.75], "texture": "#0"}
			}
		},
		{
			"from": [4.0912, 17.2368, 2.368],
			"to": [5.0312, 17.632, 6.6896],
			"rotation": {"angle": -22.5, "axis": "x", "origin": [6.49425, 16.60282, 4.53721]},
			"faces": {
				"north": {"uv": [5.75, 9, 6, 9.25], "texture": "#0"},
				"east": {"uv": [7.25, 7.5, 8.25, 7.75], "texture": "#0"},
				"south": {"uv": [5.75, 9, 6, 9.25], "texture": "#0"},
				"west": {"uv": [7.5, 1, 8.5, 1.25], "texture": "#0"},
				"up": {"uv": [7.75, 3.75, 7.5, 2.75], "texture": "#0"},
				"down": {"uv": [7.75, 4.75, 7.5, 5.75], "texture": "#0"}
			}
		},
		{
			"from": [7.9688, 17.2368, 2.368],
			"to": [8.9088, 17.632, 6.6896],
			"rotation": {"angle": -22.5, "axis": "x", "origin": [6.49425, 16.60282, 4.53721]},
			"faces": {
				"north": {"uv": [6, 9, 5.75, 9.25], "texture": "#0"},
				"east": {"uv": [8.5, 1, 7.5, 1.25], "texture": "#0"},
				"south": {"uv": [6, 9, 5.75, 9.25], "texture": "#0"},
				"west": {"uv": [8.25, 7.5, 7.25, 7.75], "texture": "#0"},
				"up": {"uv": [7.5, 3.75, 7.75, 2.75], "texture": "#0"},
				"down": {"uv": [7.5, 4.75, 7.75, 5.75], "texture": "#0"}
			}
		},
		{
			"from": [4.7912, 17.6368, 2.368],
			"to": [5.7312, 18.032, 6.6896],
			"rotation": {"angle": -22.5, "axis": "x", "origin": [6.49425, 16.60282, 4.53721]},
			"faces": {
				"north": {"uv": [5, 9, 5.25, 9.25], "texture": "#0"},
				"east": {"uv": [7.25, 7.5, 8.25, 7.75], "texture": "#0"},
				"south": {"uv": [5, 9, 5.25, 9.25], "rotation": 90, "texture": "#0"},
				"west": {"uv": [7.5, 0.25, 8.5, 0.5], "texture": "#0"},
				"up": {"uv": [3.5, 8.5, 3.25, 7.5], "texture": "#0"},
				"down": {"uv": [7.75, 1.75, 7.5, 2.75], "texture": "#0"}
			}
		},
		{
			"from": [7.2688, 17.6368, 2.368],
			"to": [8.2088, 18.032, 6.6896],
			"rotation": {"angle": -22.5, "axis": "x", "origin": [6.49425, 16.60282, 4.53721]},
			"faces": {
				"north": {"uv": [5.25, 9, 5, 9.25], "texture": "#0"},
				"east": {"uv": [8.5, 0.25, 7.5, 0.5], "texture": "#0"},
				"south": {"uv": [5, 9.25, 5.25, 9], "rotation": 90, "texture": "#0"},
				"west": {"uv": [8.25, 7.5, 7.25, 7.75], "texture": "#0"},
				"up": {"uv": [3.25, 8.5, 3.5, 7.5], "texture": "#0"},
				"down": {"uv": [7.5, 1.75, 7.75, 2.75], "texture": "#0"}
			}
		},
		{
			"from": [5.6912, 17.7368, 2.368],
			"to": [6.3312, 18.132, 6.6896],
			"rotation": {"angle": -22.5, "axis": "x", "origin": [6.49425, 16.60282, 4.53721]},
			"faces": {
				"north": {"uv": [4.5, 9, 4.75, 9.25], "texture": "#0"},
				"east": {"uv": [0, 0, 0.9, 2.3], "texture": "#0"},
				"south": {"uv": [4.5, 9, 4.75, 9.25], "rotation": 90, "texture": "#0"},
				"west": {"uv": [6, 7.5, 7, 7.75], "texture": "#0"},
				"up": {"uv": [2, 8.5, 1.75, 7.5], "texture": "#0"},
				"down": {"uv": [3.25, 7.5, 3, 8.5], "texture": "#0"}
			}
		},
		{
			"from": [6.6688, 17.4368, 2.368],
			"to": [7.3088, 17.832, 6.6896],
			"rotation": {"angle": -22.5, "axis": "x", "origin": [6.49425, 16.60282, 4.53721]},
			"faces": {
				"north": {"uv": [4.75, 9, 4.5, 9.25], "texture": "#0"},
				"east": {"uv": [7, 7.5, 6, 7.75], "texture": "#0"},
				"south": {"uv": [4.5, 9.25, 4.75, 9], "rotation": 90, "texture": "#0"},
				"west": {"uv": [0.9, 0, 0, 2.3], "texture": "#0"},
				"up": {"uv": [1.75, 8.5, 2, 7.5], "texture": "#0"},
				"down": {"uv": [3, 7.5, 3.25, 8.5], "texture": "#0"}
			}
		},
		{
			"from": [3.3912, 18.8368, 2.368],
			"to": [3.9312, 19.232, 6.6896],
			"rotation": {"angle": -22.5, "axis": "x", "origin": [6.49425, 16.60282, 4.53721]},
			"faces": {
				"north": {"uv": [6.25, 9, 6.5, 9.25], "texture": "#0"},
				"east": {"uv": [7.25, 7.5, 8.25, 7.75], "texture": "#0"},
				"south": {"uv": [6.25, 9, 6.5, 9.25], "texture": "#0"},
				"west": {"uv": [7, 6, 8, 6.25], "texture": "#0"},
				"up": {"uv": [6.25, 8.75, 6, 7.75], "texture": "#0"},
				"down": {"uv": [6.5, 7.75, 6.25, 8.75], "texture": "#0"}
			}
		},
		{
			"from": [9.0688, 18.4368, 2.368],
			"to": [9.6088, 18.832, 6.6896],
			"rotation": {"angle": -22.5, "axis": "x", "origin": [6.49425, 16.60282, 4.53721]},
			"faces": {
				"north": {"uv": [6.5, 9, 6.25, 9.25], "texture": "#0"},
				"east": {"uv": [8, 6, 7, 6.25], "texture": "#0"},
				"south": {"uv": [6.5, 9, 6.25, 9.25], "texture": "#0"},
				"west": {"uv": [8.25, 7.5, 7.25, 7.75], "texture": "#0"},
				"up": {"uv": [6, 8.75, 6.25, 7.75], "texture": "#0"},
				"down": {"uv": [6.25, 7.75, 6.5, 8.75], "texture": "#0"}
			}
		},
		{
			"from": [3.8912, 18.5368, 2.368],
			"to": [4.8312, 18.932, 6.6896],
			"rotation": {"angle": -22.5, "axis": "x", "origin": [6.49425, 16.60282, 4.53721]},
			"faces": {
				"north": {"uv": [5.75, 9, 6, 9.25], "texture": "#0"},
				"east": {"uv": [7.25, 7.5, 8.25, 7.75], "texture": "#0"},
				"south": {"uv": [5.75, 9, 6, 9.25], "texture": "#0"},
				"west": {"uv": [7.5, 1, 8.5, 1.25], "texture": "#0"},
				"up": {"uv": [7.75, 3.75, 7.5, 2.75], "texture": "#0"},
				"down": {"uv": [7.75, 4.75, 7.5, 5.75], "texture": "#0"}
			}
		},
		{
			"from": [8.1688, 18.8368, 2.368],
			"to": [9.1088, 19.232, 6.6896],
			"rotation": {"angle": -22.5, "axis": "x", "origin": [6.49425, 16.60282, 4.53721]},
			"faces": {
				"north": {"uv": [6, 9, 5.75, 9.25], "texture": "#0"},
				"east": {"uv": [8.5, 1, 7.5, 1.25], "texture": "#0"},
				"south": {"uv": [6, 9, 5.75, 9.25], "texture": "#0"},
				"west": {"uv": [8.25, 7.5, 7.25, 7.75], "texture": "#0"},
				"up": {"uv": [7.5, 3.75, 7.75, 2.75], "texture": "#0"},
				"down": {"uv": [7.5, 4.75, 7.75, 5.75], "texture": "#0"}
			}
		},
		{
			"from": [4.7912, 18.8368, 2.368],
			"to": [5.7312, 19.232, 6.6896],
			"rotation": {"angle": -22.5, "axis": "x", "origin": [6.49425, 16.60282, 4.53721]},
			"faces": {
				"north": {"uv": [5, 9, 5.25, 9.25], "texture": "#0"},
				"east": {"uv": [7.25, 7.5, 8.25, 7.75], "texture": "#0"},
				"south": {"uv": [5, 9, 5.25, 9.25], "rotation": 90, "texture": "#0"},
				"west": {"uv": [7.5, 0.25, 8.5, 0.5], "texture": "#0"},
				"up": {"uv": [7.75, 3.75, 7.5, 2.75], "texture": "#0"},
				"down": {"uv": [7.75, 1.75, 7.5, 2.75], "texture": "#0"}
			}
		},
		{
			"from": [7.2688, 18.8368, 2.368],
			"to": [8.2088, 19.232, 6.6896],
			"rotation": {"angle": -22.5, "axis": "x", "origin": [6.49425, 16.60282, 4.53721]},
			"faces": {
				"north": {"uv": [5.25, 9, 5, 9.25], "texture": "#0"},
				"east": {"uv": [8.5, 0.25, 7.5, 0.5], "texture": "#0"},
				"south": {"uv": [5, 9.25, 5.25, 9], "rotation": 90, "texture": "#0"},
				"west": {"uv": [8.25, 7.5, 7.25, 7.75], "texture": "#0"},
				"up": {"uv": [7.5, 3.75, 7.75, 2.75], "texture": "#0"},
				"down": {"uv": [7.5, 1.75, 7.75, 2.75], "texture": "#0"}
			}
		},
		{
			"from": [5.6912, 19.2368, 2.368],
			"to": [6.3312, 19.632, 6.6896],
			"rotation": {"angle": -22.5, "axis": "x", "origin": [6.49425, 16.60282, 4.53721]},
			"faces": {
				"north": {"uv": [4.5, 9, 4.75, 9.25], "texture": "#0"},
				"east": {"uv": [0, 0, 0.9, 2.3], "texture": "#0"},
				"south": {"uv": [4.5, 9, 4.75, 9.25], "rotation": 90, "texture": "#0"},
				"west": {"uv": [6, 7.5, 7, 7.75], "texture": "#0"},
				"up": {"uv": [2, 8.5, 1.75, 7.5], "texture": "#0"},
				"down": {"uv": [3.25, 7.5, 3, 8.5], "texture": "#0"}
			}
		},
		{
			"from": [6.6688, 19.2368, 2.368],
			"to": [7.3088, 19.632, 6.6896],
			"rotation": {"angle": -22.5, "axis": "x", "origin": [6.49425, 16.60282, 4.53721]},
			"faces": {
				"north": {"uv": [4.75, 9, 4.5, 9.25], "texture": "#0"},
				"east": {"uv": [7, 7.5, 6, 7.75], "texture": "#0"},
				"south": {"uv": [4.5, 9.25, 4.75, 9], "rotation": 90, "texture": "#0"},
				"west": {"uv": [0.9, 0, 0, 2.3], "texture": "#0"},
				"up": {"uv": [1.75, 8.5, 2, 7.5], "texture": "#0"},
				"down": {"uv": [3, 7.5, 3.25, 8.5], "texture": "#0"}
			}
		},
		{
			"from": [3.3912, 20.5368, 2.368],
			"to": [3.9312, 21.132, 6.6896],
			"rotation": {"angle": -22.5, "axis": "x", "origin": [6.49425, 16.60282, 4.53721]},
			"faces": {
				"north": {"uv": [6.25, 9, 6.5, 9.25], "texture": "#0"},
				"east": {"uv": [7.25, 7.5, 8.25, 7.75], "texture": "#0"},
				"south": {"uv": [6.25, 9, 6.5, 9.25], "texture": "#0"},
				"west": {"uv": [7, 6, 8, 6.25], "texture": "#0"},
				"up": {"uv": [6.25, 8.75, 6, 7.75], "texture": "#0"},
				"down": {"uv": [6.5, 7.75, 6.25, 8.75], "texture": "#0"}
			}
		},
		{
			"from": [9.0688, 20.5368, 2.368],
			"to": [9.6088, 21.132, 6.6896],
			"rotation": {"angle": -22.5, "axis": "x", "origin": [6.49425, 16.60282, 4.53721]},
			"faces": {
				"north": {"uv": [6.5, 9, 6.25, 9.25], "texture": "#0"},
				"east": {"uv": [8, 6, 7, 6.25], "texture": "#0"},
				"south": {"uv": [6.5, 9, 6.25, 9.25], "texture": "#0"},
				"west": {"uv": [8.25, 7.5, 7.25, 7.75], "texture": "#0"},
				"up": {"uv": [6, 8.75, 6.25, 7.75], "texture": "#0"},
				"down": {"uv": [6.25, 7.75, 6.5, 8.75], "texture": "#0"}
			}
		},
		{
			"from": [3.8912, 20.2368, 2.368],
			"to": [4.8312, 20.632, 6.6896],
			"rotation": {"angle": -22.5, "axis": "x", "origin": [6.49425, 16.60282, 4.53721]},
			"faces": {
				"north": {"uv": [5.75, 9, 6, 9.25], "texture": "#0"},
				"east": {"uv": [7.25, 7.5, 8.25, 7.75], "texture": "#0"},
				"south": {"uv": [5.75, 9, 6, 9.25], "texture": "#0"},
				"west": {"uv": [7.5, 1, 8.5, 1.25], "texture": "#0"},
				"up": {"uv": [7.75, 3.75, 7.5, 2.75], "texture": "#0"},
				"down": {"uv": [7.75, 4.75, 7.5, 5.75], "texture": "#0"}
			}
		},
		{
			"from": [8.1688, 20.2368, 2.368],
			"to": [9.1088, 20.632, 6.6896],
			"rotation": {"angle": -22.5, "axis": "x", "origin": [6.49425, 16.60282, 4.53721]},
			"faces": {
				"north": {"uv": [6, 9, 5.75, 9.25], "texture": "#0"},
				"east": {"uv": [8.5, 1, 7.5, 1.25], "texture": "#0"},
				"south": {"uv": [6, 9, 5.75, 9.25], "texture": "#0"},
				"west": {"uv": [8.25, 7.5, 7.25, 7.75], "texture": "#0"},
				"up": {"uv": [7.5, 3.75, 7.75, 2.75], "texture": "#0"},
				"down": {"uv": [7.5, 4.75, 7.75, 5.75], "texture": "#0"}
			}
		},
		{
			"from": [4.7912, 20.5368, 2.368],
			"to": [5.7312, 20.932, 6.6896],
			"rotation": {"angle": -22.5, "axis": "x", "origin": [6.49425, 16.60282, 4.53721]},
			"faces": {
				"north": {"uv": [5, 9, 5.25, 9.25], "texture": "#0"},
				"east": {"uv": [7.25, 7.5, 8.25, 7.75], "texture": "#0"},
				"south": {"uv": [5, 9, 5.25, 9.25], "rotation": 90, "texture": "#0"},
				"west": {"uv": [7.5, 0.25, 8.5, 0.5], "texture": "#0"},
				"up": {"uv": [7.75, 3.75, 7.5, 2.75], "texture": "#0"},
				"down": {"uv": [7.75, 1.75, 7.5, 2.75], "texture": "#0"}
			}
		},
		{
			"from": [7.2688, 20.5368, 2.368],
			"to": [8.2088, 20.932, 6.6896],
			"rotation": {"angle": -22.5, "axis": "x", "origin": [6.49425, 16.60282, 4.53721]},
			"faces": {
				"north": {"uv": [5.25, 9, 5, 9.25], "texture": "#0"},
				"east": {"uv": [8.5, 0.25, 7.5, 0.5], "texture": "#0"},
				"south": {"uv": [5, 9.25, 5.25, 9], "rotation": 90, "texture": "#0"},
				"west": {"uv": [8.25, 7.5, 7.25, 7.75], "texture": "#0"},
				"up": {"uv": [7.5, 3.75, 7.75, 2.75], "texture": "#0"},
				"down": {"uv": [7.5, 1.75, 7.75, 2.75], "texture": "#0"}
			}
		},
		{
			"from": [5.6912, 20.9368, 2.368],
			"to": [6.3312, 21.332, 6.6896],
			"rotation": {"angle": -22.5, "axis": "x", "origin": [6.49425, 16.60282, 4.53721]},
			"faces": {
				"north": {"uv": [4.5, 9, 4.75, 9.25], "texture": "#0"},
				"east": {"uv": [0, 0, 0.9, 2.3], "texture": "#0"},
				"south": {"uv": [4.5, 9, 4.75, 9.25], "rotation": 90, "texture": "#0"},
				"west": {"uv": [7, 6, 8, 6.25], "texture": "#0"},
				"up": {"uv": [2, 8.5, 1.75, 7.5], "texture": "#0"},
				"down": {"uv": [3.25, 7.5, 3, 8.5], "texture": "#0"}
			}
		},
		{
			"from": [6.6688, 20.9368, 2.368],
			"to": [7.3088, 21.332, 6.6896],
			"rotation": {"angle": -22.5, "axis": "x", "origin": [6.49425, 16.60282, 4.53721]},
			"faces": {
				"north": {"uv": [4.75, 9, 4.5, 9.25], "texture": "#0"},
				"east": {"uv": [8, 6, 7, 6.25], "texture": "#0"},
				"south": {"uv": [4.5, 9.25, 4.75, 9], "rotation": 90, "texture": "#0"},
				"west": {"uv": [0.9, 0, 0, 2.3], "texture": "#0"},
				"up": {"uv": [1.75, 8.5, 2, 7.5], "texture": "#0"},
				"down": {"uv": [3, 7.5, 3.25, 8.5], "texture": "#0"}
			}
		},
		{
			"from": [10.2, 9.2, -6.6],
			"to": [11.3, 21.9, -5.5],
			"rotation": {"angle": 22.5, "axis": "x", "origin": [10.475, -3.37222, -6.35556]},
			"faces": {
				"north": {"uv": [5.75, 5.5, 5.5, 8.75], "texture": "#0"},
				"east": {"uv": [0.5, 6, 0.25, 9.25], "texture": "#0"},
				"south": {"uv": [5.5, 5.5, 5.75, 8.75], "texture": "#0"},
				"west": {"uv": [6, 5.75, 5.75, 9], "texture": "#0"},
				"up": {"uv": [6.75, 9.25, 7, 9], "texture": "#0"},
				"down": {"uv": [7, 9, 7.25, 9.25], "texture": "#0"}
			}
		},
		{
			"from": [9.2, 21.4, -7.1],
			"to": [10.8, 23, -5.2],
			"rotation": {"angle": 22.5, "axis": "x", "origin": [10.475, -3.37222, -6.35556]},
			"faces": {
				"north": {"uv": [7, 7.75, 6.5, 8.25], "texture": "#0"},
				"east": {"uv": [8.25, 2.75, 7.75, 3.25], "texture": "#0"},
				"south": {"uv": [6.5, 7.75, 7, 8.25], "texture": "#0"},
				"west": {"uv": [6.5, 7.75, 7, 8.25], "texture": "#0"},
				"up": {"uv": [6.5, 7.75, 7, 8.25], "texture": "#0"},
				"down": {"uv": [7.75, 4.75, 8.25, 5.25], "texture": "#0"}
			}
		},
		{
			"from": [10, 11.4, -10.6],
			"to": [11.5, 12.1, -9.1],
			"rotation": {"angle": 45, "axis": "x", "origin": [10.475, -0.47222, -10.15556]},
			"faces": {
				"north": {"uv": [8.25, 9, 8, 9.25], "texture": "#0"},
				"east": {"uv": [9, 7.75, 8.5, 8], "texture": "#0"},
				"south": {"uv": [8.5, 9, 8.25, 9.25], "texture": "#0"},
				"west": {"uv": [9, 7.5, 8.5, 7.75], "texture": "#0"},
				"up": {"uv": [0.5, 9.25, 0.75, 8.75], "texture": "#0"},
				"down": {"uv": [3, 8.75, 3.25, 9.25], "texture": "#0"}
			}
		},
		{
			"from": [10.2, 10.9, -10.4],
			"to": [11.3, 11.4, -9.3],
			"rotation": {"angle": 45, "axis": "x", "origin": [10.475, -0.47222, -10.15556]},
			"faces": {
				"north": {"uv": [8.75, 9, 8.5, 9.25], "texture": "#0"},
				"east": {"uv": [9.25, 0, 9, 0.25], "texture": "#0"},
				"south": {"uv": [9.25, 9, 9, 9.25], "texture": "#0"},
				"west": {"uv": [9, 9, 8.75, 9.25], "texture": "#0"},
				"up": {"uv": [9, 0.5, 9.25, 0.25], "texture": "#0"},
				"down": {"uv": [9, 0.5, 9.25, 0.75], "texture": "#0"}
			}
		},
		{
			"from": [11, -3, -10.4],
			"to": [11.5, 11, -9.3],
			"rotation": {"angle": 45, "axis": "x", "origin": [10.475, -0.47222, -10.15556]},
			"faces": {
				"north": {"uv": [4, 4.5, 3.75, 8], "texture": "#0"},
				"east": {"uv": [5, 5.25, 4.75, 8.75], "texture": "#0"},
				"south": {"uv": [4.75, 5.25, 4.5, 8.75], "texture": "#0"},
				"west": {"uv": [2.5, 5, 2.25, 8.5], "texture": "#0"},
				"up": {"uv": [9, 1, 9.25, 0.75], "texture": "#0"},
				"down": {"uv": [9, 1, 9.25, 1.25], "texture": "#0"}
			}
		},
		{
			"from": [9.9, -3, -10.4],
			"to": [10.4, 11, -9.3],
			"rotation": {"angle": 45, "axis": "x", "origin": [10.475, -0.47222, -10.15556]},
			"faces": {
				"north": {"uv": [5.25, 5.25, 5, 8.75], "texture": "#0"},
				"east": {"uv": [3, 5.5, 2.75, 9], "texture": "#0"},
				"south": {"uv": [2.75, 5.5, 2.5, 9], "texture": "#0"},
				"west": {"uv": [5.5, 5.25, 5.25, 8.75], "texture": "#0"},
				"up": {"uv": [9, 1.5, 9.25, 1.25], "texture": "#0"},
				"down": {"uv": [9, 1.5, 9.25, 1.75], "texture": "#0"}
			}
		},
		{
			"from": [9.51944, -5.1, -10.93056],
			"to": [11.01944, -3, -8.93056],
			"rotation": {"angle": 45, "axis": "x", "origin": [10.575, -0.47222, -10.15556]},
			"faces": {
				"north": {"uv": [1.5, 8, 1, 8.5], "texture": "#0"},
				"east": {"uv": [8.25, 5.25, 7.75, 5.75], "texture": "#0"},
				"south": {"uv": [7.75, 8, 7.25, 8.5], "texture": "#0"},
				"west": {"uv": [4, 8, 3.5, 8.5], "texture": "#0"},
				"up": {"uv": [7.75, 8.5, 8.25, 8], "rotation": 90, "texture": "#0"},
				"down": {"uv": [8, 5.75, 8.5, 6.25], "rotation": 270, "texture": "#0"}
			}
		},
		{
			"from": [9.51944, -6.6, -11.23056],
			"to": [11.01944, -5.1, -8.63056],
			"rotation": {"angle": 45, "axis": "x", "origin": [10.575, -0.47222, -10.15556]},
			"faces": {
				"north": {"uv": [8.5, 6.25, 8, 6.75], "texture": "#0"},
				"east": {"uv": [6, 4, 5.25, 4.5], "texture": "#0"},
				"south": {"uv": [4.5, 8.25, 4, 8.75], "texture": "#0"},
				"west": {"uv": [6.75, 6.75, 6, 7.25], "texture": "#0"},
				"up": {"uv": [6.75, 7.25, 7.5, 6.75], "rotation": 90, "texture": "#0"},
				"down": {"uv": [6.75, 1, 7.5, 1.5], "rotation": 270, "texture": "#0"}
			}
		},
		{
			"from": [9.61944, -7.4, -11.73056],
			"to": [10.31944, -6, -11.33056],
			"rotation": {"angle": 45, "axis": "x", "origin": [10.575, -0.47222, -10.15556]},
			"faces": {
				"north": {"uv": [9.25, 3.5, 9, 3.75], "texture": "#0"},
				"east": {"uv": [9.25, 3.25, 9, 3.5], "texture": "#0"},
				"south": {"uv": [9.25, 4, 9, 4.25], "texture": "#0"},
				"west": {"uv": [9.25, 3.75, 9, 4], "texture": "#0"},
				"up": {"uv": [9, 4.5, 9.25, 4.25], "rotation": 90, "texture": "#0"},
				"down": {"uv": [9, 4.5, 9.25, 4.75], "rotation": 270, "texture": "#0"}
			}
		},
		{
			"from": [9.51944, -6.3, -11.63056],
			"to": [10.41944, -5.8, -11.23056],
			"rotation": {"angle": 45, "axis": "x", "origin": [10.575, -0.47222, -10.15556]},
			"faces": {
				"north": {"uv": [9.25, 2, 9, 2.25], "texture": "#0"},
				"east": {"uv": [9.25, 1.75, 9, 2], "texture": "#0"},
				"south": {"uv": [9.25, 2.5, 9, 2.75], "texture": "#0"},
				"west": {"uv": [9.25, 2.25, 9, 2.5], "texture": "#0"},
				"up": {"uv": [9, 3, 9.25, 2.75], "rotation": 90, "texture": "#0"},
				"down": {"uv": [9, 3, 9.25, 3.25], "rotation": 270, "texture": "#0"}
			}
		},
		{
			"from": [10.81944, -7.5, -11.13056],
			"to": [11.21944, -6.1, -10.73056],
			"rotation": {"angle": 45, "axis": "x", "origin": [10.575, -0.47222, -10.15556]},
			"faces": {
				"north": {"uv": [9.1, 5.25, 9.2, 5.6], "texture": "#0"},
				"east": {"uv": [9.1, 5.25, 9.2, 5.6], "texture": "#0"},
				"south": {"uv": [9.1, 5.25, 9.2, 5.6], "texture": "#0"},
				"west": {"uv": [9.1, 5.25, 9.2, 5.6], "texture": "#0"},
				"up": {"uv": [9.35, 6.5, 9.45, 6.6], "rotation": 90, "texture": "#0"},
				"down": {"uv": [9.35, 6.5, 9.45, 6.6], "rotation": 270, "texture": "#0"}
			}
		},
		{
			"from": [10.81944, -8.9, -11.13056],
			"to": [11.21944, -7.5, -10.73056],
			"rotation": {"angle": 45, "axis": "x", "origin": [10.575, -0.47222, -10.15556]},
			"faces": {
				"north": {"uv": [3.6, 8.75, 3.7, 9.1], "texture": "#0"},
				"east": {"uv": [3.35, 8.75, 3.45, 9.1], "texture": "#0"},
				"south": {"uv": [4.35, 8.75, 4.45, 9.1], "texture": "#0"},
				"west": {"uv": [4.1, 8.75, 4.2, 9.1], "texture": "#0"},
				"up": {"uv": [9.35, 6.5, 9.45, 6.6], "rotation": 90, "texture": "#0"},
				"down": {"uv": [9.35, 5, 9.45, 5.1], "rotation": 270, "texture": "#0"}
			}
		},
		{
			"from": [10.81944, -7.5, -10.53056],
			"to": [11.21944, -6.1, -10.13056],
			"rotation": {"angle": 45, "axis": "x", "origin": [10.575, -0.47222, -10.15556]},
			"faces": {
				"north": {"uv": [9.25, 5.5, 9, 5.75], "texture": "#0"},
				"east": {"uv": [9.25, 5.25, 9, 5.5], "texture": "#0"},
				"south": {"uv": [9.25, 6, 9, 6.25], "texture": "#0"},
				"west": {"uv": [9.25, 5.75, 9, 6], "texture": "#0"},
				"up": {"uv": [9, 6.5, 9.25, 6.25], "rotation": 90, "texture": "#0"},
				"down": {"uv": [9, 6.5, 9.25, 6.75], "rotation": 270, "texture": "#0"}
			}
		},
		{
			"from": [10.81944, -9.7, -10.53056],
			"to": [11.21944, -7.5, -10.13056],
			"rotation": {"angle": 45, "axis": "x", "origin": [10.575, -0.47222, -10.15556]},
			"faces": {
				"north": {"uv": [3.75, 8.75, 3.5, 9.25], "texture": "#0"},
				"east": {"uv": [3.5, 8.75, 3.25, 9.25], "texture": "#0"},
				"south": {"uv": [4.5, 8.75, 4.25, 9.25], "texture": "#0"},
				"west": {"uv": [4.25, 8.75, 4, 9.25], "texture": "#0"},
				"up": {"uv": [9, 5, 9.25, 4.75], "rotation": 90, "texture": "#0"},
				"down": {"uv": [9, 5, 9.25, 5.25], "rotation": 270, "texture": "#0"}
			}
		},
		{
			"from": [10.81944, -7.5, -9.83056],
			"to": [11.21944, -6.1, -9.43056],
			"rotation": {"angle": 45, "axis": "x", "origin": [10.575, -0.47222, -10.15556]},
			"faces": {
				"north": {"uv": [9.1, 5.25, 9.2, 5.6], "texture": "#0"},
				"east": {"uv": [9.1, 5.25, 9.2, 5.6], "texture": "#0"},
				"south": {"uv": [9.1, 5.25, 9.2, 5.6], "texture": "#0"},
				"west": {"uv": [9.1, 5.25, 9.2, 5.6], "texture": "#0"},
				"up": {"uv": [9.35, 6.5, 9.45, 6.6], "rotation": 90, "texture": "#0"},
				"down": {"uv": [9.35, 6.5, 9.45, 6.6], "rotation": 270, "texture": "#0"}
			}
		},
		{
			"from": [10.81944, -9.2, -9.83056],
			"to": [11.21944, -7.5, -9.43056],
			"rotation": {"angle": 45, "axis": "x", "origin": [10.575, -0.47222, -10.15556]},
			"faces": {
				"north": {"uv": [3.6, 8.75, 3.7, 9.175], "texture": "#0"},
				"east": {"uv": [3.35, 8.75, 3.45, 9.175], "texture": "#0"},
				"south": {"uv": [4.35, 8.75, 4.45, 9.175], "texture": "#0"},
				"west": {"uv": [4.1, 8.75, 4.2, 9.175], "texture": "#0"},
				"up": {"uv": [9.35, 6.5, 9.45, 6.6], "rotation": 90, "texture": "#0"},
				"down": {"uv": [9.35, 5, 9.45, 5.1], "rotation": 270, "texture": "#0"}
			}
		},
		{
			"from": [10.81944, -7.5, -9.23056],
			"to": [11.21944, -6.1, -8.83056],
			"rotation": {"angle": 45, "axis": "x", "origin": [10.575, -0.47222, -10.15556]},
			"faces": {
				"north": {"uv": [9.1, 5.25, 9.2, 5.6], "texture": "#0"},
				"east": {"uv": [9.1, 5.25, 9.2, 5.6], "texture": "#0"},
				"south": {"uv": [9.1, 5.25, 9.2, 5.6], "texture": "#0"},
				"west": {"uv": [9.1, 5.25, 9.2, 5.6], "texture": "#0"},
				"up": {"uv": [9.35, 6.5, 9.45, 6.6], "rotation": 90, "texture": "#0"},
				"down": {"uv": [9.35, 6.5, 9.45, 6.6], "rotation": 270, "texture": "#0"}
			}
		},
		{
			"from": [10.81944, -8.4, -9.23056],
			"to": [11.21944, -7.5, -8.83056],
			"rotation": {"angle": 45, "axis": "x", "origin": [10.575, -0.47222, -10.15556]},
			"faces": {
				"north": {"uv": [3.6, 8.75, 3.7, 8.975], "texture": "#0"},
				"east": {"uv": [3.35, 8.75, 3.45, 8.975], "texture": "#0"},
				"south": {"uv": [4.35, 8.75, 4.45, 8.975], "texture": "#0"},
				"west": {"uv": [4.1, 8.75, 4.2, 8.975], "texture": "#0"},
				"up": {"uv": [9.35, 6.5, 9.45, 6.6], "rotation": 90, "texture": "#0"},
				"down": {"uv": [9.35, 5, 9.45, 5.1], "rotation": 270, "texture": "#0"}
			}
		},
		{
			"from": [1.6, 9, -6.7],
			"to": [2.7, 21.7, -5.6],
			"rotation": {"angle": 22.5, "axis": "x", "origin": [2.425, -3.57222, -6.45556]},
			"faces": {
				"north": {"uv": [5.5, 5.5, 5.75, 8.75], "texture": "#0"},
				"east": {"uv": [5.75, 5.75, 6, 9], "texture": "#0"},
				"south": {"uv": [5.5, 5.5, 5.75, 8.75], "texture": "#0"},
				"west": {"uv": [0.25, 6, 0.5, 9.25], "texture": "#0"},
				"up": {"uv": [7, 9.25, 6.75, 9], "texture": "#0"},
				"down": {"uv": [7.25, 9, 7, 9.25], "texture": "#0"}
			}
		},
		{
			"from": [2.1, 21.2, -7.2],
			"to": [3.7, 22.8, -5.3],
			"rotation": {"angle": 22.5, "axis": "x", "origin": [2.425, -3.57222, -6.45556]},
			"faces": {
				"north": {"uv": [6.5, 7.75, 7, 8.25], "texture": "#0"},
				"east": {"uv": [6.5, 7.75, 7, 8.25], "texture": "#0"},
				"south": {"uv": [6.5, 7.75, 7, 8.25], "texture": "#0"},
				"west": {"uv": [7.75, 2.75, 8.25, 3.25], "texture": "#0"},
				"up": {"uv": [6.5, 7.75, 7, 8.25], "texture": "#0"},
				"down": {"uv": [8.25, 4.75, 7.75, 5.25], "texture": "#0"}
			}
		},
		{
			"from": [1.4, 12.12391, -12.86177],
			"to": [2.9, 12.82391, -11.36177],
			"rotation": {"angle": 45, "axis": "x", "origin": [2.0375, -2.52922, -12.44927]},
			"faces": {
				"north": {"uv": [8, 9, 8.25, 9.25], "texture": "#0"},
				"east": {"uv": [8.5, 7.5, 9, 7.75], "texture": "#0"},
				"south": {"uv": [8.25, 9, 8.5, 9.25], "texture": "#0"},
				"west": {"uv": [8.5, 7.75, 9, 8], "texture": "#0"},
				"up": {"uv": [0.75, 9.25, 0.5, 8.75], "texture": "#0"},
				"down": {"uv": [3.25, 8.75, 3, 9.25], "texture": "#0"}
			}
		},
		{
			"from": [1.6, 11.62391, -12.66177],
			"to": [2.7, 12.12391, -11.56177],
			"rotation": {"angle": 45, "axis": "x", "origin": [2.0375, -2.52922, -12.44927]},
			"faces": {
				"north": {"uv": [8.5, 9, 8.75, 9.25], "texture": "#0"},
				"east": {"uv": [8.75, 9, 9, 9.25], "texture": "#0"},
				"south": {"uv": [9, 9, 9.25, 9.25], "texture": "#0"},
				"west": {"uv": [9, 0, 9.25, 0.25], "texture": "#0"},
				"up": {"uv": [9.25, 0.5, 9, 0.25], "texture": "#0"},
				"down": {"uv": [9.25, 0.5, 9, 0.75], "texture": "#0"}
			}
		},
		{
			"from": [1.4, -2.27609, -12.66177],
			"to": [1.9, 11.72391, -11.56177],
			"rotation": {"angle": 45, "axis": "x", "origin": [2.0375, -2.52922, -12.44927]},
			"faces": {
				"north": {"uv": [3.75, 4.5, 4, 8], "texture": "#0"},
				"east": {"uv": [2.25, 5, 2.5, 8.5], "texture": "#0"},
				"south": {"uv": [4.5, 5.25, 4.75, 8.75], "texture": "#0"},
				"west": {"uv": [4.75, 5.25, 5, 8.75], "texture": "#0"},
				"up": {"uv": [9.25, 1, 9, 0.75], "texture": "#0"},
				"down": {"uv": [9.25, 1, 9, 1.25], "texture": "#0"}
			}
		},
		{
			"from": [2.5, -2.27609, -12.66177],
			"to": [3, 11.72391, -11.56177],
			"rotation": {"angle": 45, "axis": "x", "origin": [2.0375, -2.52922, -12.44927]},
			"faces": {
				"north": {"uv": [5, 5.25, 5.25, 8.75], "texture": "#0"},
				"east": {"uv": [5.25, 5.25, 5.5, 8.75], "texture": "#0"},
				"south": {"uv": [2.5, 5.5, 2.75, 9], "texture": "#0"},
				"west": {"uv": [2.75, 5.5, 3, 9], "texture": "#0"},
				"up": {"uv": [9.25, 1.5, 9, 1.25], "texture": "#0"},
				"down": {"uv": [9.25, 1.5, 9, 1.75], "texture": "#0"}
			}
		},
		{
			"from": [1.69167, -4.37609, -13.27011],
			"to": [3.19167, -2.27609, -11.27011],
			"rotation": {"angle": 45, "axis": "x", "origin": [2.0375, -2.52922, -12.44927]},
			"faces": {
				"north": {"uv": [1, 8, 1.5, 8.5], "texture": "#0"},
				"east": {"uv": [3.5, 8, 4, 8.5], "texture": "#0"},
				"south": {"uv": [7.25, 8, 7.75, 8.5], "texture": "#0"},
				"west": {"uv": [7.75, 5.25, 8.25, 5.75], "texture": "#0"},
				"up": {"uv": [8.25, 8.5, 7.75, 8], "rotation": 270, "texture": "#0"},
				"down": {"uv": [8.5, 5.75, 8, 6.25], "rotation": 90, "texture": "#0"}
			}
		},
		{
			"from": [1.69167, -5.87609, -13.57011],
			"to": [3.19167, -4.37609, -10.97011],
			"rotation": {"angle": 45, "axis": "x", "origin": [2.0375, -2.52922, -12.44927]},
			"faces": {
				"north": {"uv": [8, 6.25, 8.5, 6.75], "texture": "#0"},
				"east": {"uv": [6, 6.75, 6.75, 7.25], "texture": "#0"},
				"south": {"uv": [4, 8.25, 4.5, 8.75], "texture": "#0"},
				"west": {"uv": [5.25, 4, 6, 4.5], "texture": "#0"},
				"up": {"uv": [7.5, 7.25, 6.75, 6.75], "rotation": 270, "texture": "#0"},
				"down": {"uv": [7.5, 1, 6.75, 1.5], "rotation": 90, "texture": "#0"}
			}
		},
		{
			"from": [2.39167, -6.67609, -14.07011],
			"to": [3.09167, -5.27609, -13.67011],
			"rotation": {"angle": 45, "axis": "x", "origin": [2.0375, -2.52922, -12.44927]},
			"faces": {
				"north": {"uv": [9, 3.5, 9.25, 3.75], "texture": "#0"},
				"east": {"uv": [9, 3.75, 9.25, 4], "texture": "#0"},
				"south": {"uv": [9, 4, 9.25, 4.25], "texture": "#0"},
				"west": {"uv": [9, 3.25, 9.25, 3.5], "texture": "#0"},
				"up": {"uv": [9.25, 4.5, 9, 4.25], "rotation": 270, "texture": "#0"},
				"down": {"uv": [9.25, 4.5, 9, 4.75], "rotation": 90, "texture": "#0"}
			}
		},
		{
			"from": [2.29167, -5.57609, -13.97011],
			"to": [3.19167, -5.07609, -13.57011],
			"rotation": {"angle": 45, "axis": "x", "origin": [2.0375, -2.52922, -12.44927]},
			"faces": {
				"north": {"uv": [9, 2, 9.25, 2.25], "texture": "#0"},
				"east": {"uv": [9, 2.25, 9.25, 2.5], "texture": "#0"},
				"south": {"uv": [9, 2.5, 9.25, 2.75], "texture": "#0"},
				"west": {"uv": [9, 1.75, 9.25, 2], "texture": "#0"},
				"up": {"uv": [9.25, 3, 9, 2.75], "rotation": 270, "texture": "#0"},
				"down": {"uv": [9.25, 3, 9, 3.25], "rotation": 90, "texture": "#0"}
			}
		},
		{
			"from": [1.49167, -6.77609, -13.47011],
			"to": [1.89167, -5.37609, -13.07011],
			"rotation": {"angle": 45, "axis": "x", "origin": [2.0375, -2.52922, -12.44927]},
			"faces": {
				"north": {"uv": [9, 5.25, 9.1, 5.6], "texture": "#0"},
				"east": {"uv": [9, 5.25, 9.1, 5.6], "texture": "#0"},
				"south": {"uv": [9, 5.25, 9.1, 5.6], "texture": "#0"},
				"west": {"uv": [9, 5.25, 9.1, 5.6], "texture": "#0"},
				"up": {"uv": [9.25, 6.5, 9.35, 6.6], "rotation": 270, "texture": "#0"},
				"down": {"uv": [9.25, 6.5, 9.35, 6.6], "rotation": 90, "texture": "#0"}
			}
		},
		{
			"from": [1.49167, -8.17609, -13.47011],
			"to": [1.89167, -6.77609, -13.07011],
			"rotation": {"angle": 45, "axis": "x", "origin": [2.0375, -2.52922, -12.44927]},
			"faces": {
				"north": {"uv": [3.5, 8.75, 3.6, 9.1], "texture": "#0"},
				"east": {"uv": [4, 8.75, 4.1, 9.1], "texture": "#0"},
				"south": {"uv": [4.25, 8.75, 4.35, 9.1], "texture": "#0"},
				"west": {"uv": [3.25, 8.75, 3.35, 9.1], "texture": "#0"},
				"up": {"uv": [9.25, 6.5, 9.35, 6.6], "rotation": 270, "texture": "#0"},
				"down": {"uv": [9.25, 5, 9.35, 5.1], "rotation": 90, "texture": "#0"}
			}
		},
		{
			"from": [1.49167, -6.77609, -12.87011],
			"to": [1.89167, -5.37609, -12.47011],
			"rotation": {"angle": 45, "axis": "x", "origin": [2.0375, -2.52922, -12.44927]},
			"faces": {
				"north": {"uv": [9, 5.5, 9.25, 5.75], "texture": "#0"},
				"east": {"uv": [9, 5.75, 9.25, 6], "texture": "#0"},
				"south": {"uv": [9, 6, 9.25, 6.25], "texture": "#0"},
				"west": {"uv": [9, 5.25, 9.25, 5.5], "texture": "#0"},
				"up": {"uv": [9.25, 6.5, 9, 6.25], "rotation": 270, "texture": "#0"},
				"down": {"uv": [9.25, 6.5, 9, 6.75], "rotation": 90, "texture": "#0"}
			}
		},
		{
			"from": [1.49167, -8.97609, -12.87011],
			"to": [1.89167, -6.77609, -12.47011],
			"rotation": {"angle": 45, "axis": "x", "origin": [2.0375, -2.52922, -12.44927]},
			"faces": {
				"north": {"uv": [3.5, 8.75, 3.75, 9.25], "texture": "#0"},
				"east": {"uv": [4, 8.75, 4.25, 9.25], "texture": "#0"},
				"south": {"uv": [4.25, 8.75, 4.5, 9.25], "texture": "#0"},
				"west": {"uv": [3.25, 8.75, 3.5, 9.25], "texture": "#0"},
				"up": {"uv": [9.25, 5, 9, 4.75], "rotation": 270, "texture": "#0"},
				"down": {"uv": [9.25, 5, 9, 5.25], "rotation": 90, "texture": "#0"}
			}
		},
		{
			"from": [1.49167, -6.77609, -12.17011],
			"to": [1.89167, -5.37609, -11.77011],
			"rotation": {"angle": 45, "axis": "x", "origin": [2.0375, -2.52922, -12.44927]},
			"faces": {
				"north": {"uv": [9, 5.25, 9.1, 5.6], "texture": "#0"},
				"east": {"uv": [9, 5.25, 9.1, 5.6], "texture": "#0"},
				"south": {"uv": [9, 5.25, 9.1, 5.6], "texture": "#0"},
				"west": {"uv": [9, 5.25, 9.1, 5.6], "texture": "#0"},
				"up": {"uv": [9.25, 6.5, 9.35, 6.6], "rotation": 270, "texture": "#0"},
				"down": {"uv": [9.25, 6.5, 9.35, 6.6], "rotation": 90, "texture": "#0"}
			}
		},
		{
			"from": [1.49167, -8.47609, -12.17011],
			"to": [1.89167, -6.77609, -11.77011],
			"rotation": {"angle": 45, "axis": "x", "origin": [2.0375, -2.52922, -12.44927]},
			"faces": {
				"north": {"uv": [3.5, 8.75, 3.6, 9.175], "texture": "#0"},
				"east": {"uv": [4, 8.75, 4.1, 9.175], "texture": "#0"},
				"south": {"uv": [4.25, 8.75, 4.35, 9.175], "texture": "#0"},
				"west": {"uv": [3.25, 8.75, 3.35, 9.175], "texture": "#0"},
				"up": {"uv": [9.25, 6.5, 9.35, 6.6], "rotation": 270, "texture": "#0"},
				"down": {"uv": [9.25, 5, 9.35, 5.1], "rotation": 90, "texture": "#0"}
			}
		},
		{
			"from": [1.49167, -6.77609, -11.57011],
			"to": [1.89167, -5.37609, -11.17011],
			"rotation": {"angle": 45, "axis": "x", "origin": [2.0375, -2.52922, -12.44927]},
			"faces": {
				"north": {"uv": [9, 5.25, 9.1, 5.6], "texture": "#0"},
				"east": {"uv": [9, 5.25, 9.1, 5.6], "texture": "#0"},
				"south": {"uv": [9, 5.25, 9.1, 5.6], "texture": "#0"},
				"west": {"uv": [9, 5.25, 9.1, 5.6], "texture": "#0"},
				"up": {"uv": [9.25, 6.5, 9.35, 6.6], "rotation": 270, "texture": "#0"},
				"down": {"uv": [9.25, 6.5, 9.35, 6.6], "rotation": 90, "texture": "#0"}
			}
		},
		{
			"from": [1.49167, -7.67609, -11.57011],
			"to": [1.89167, -6.77609, -11.17011],
			"rotation": {"angle": 45, "axis": "x", "origin": [2.0375, -2.52922, -12.44927]},
			"faces": {
				"north": {"uv": [3.5, 8.75, 3.6, 8.975], "texture": "#0"},
				"east": {"uv": [4, 8.75, 4.1, 8.975], "texture": "#0"},
				"south": {"uv": [4.25, 8.75, 4.35, 8.975], "texture": "#0"},
				"west": {"uv": [3.25, 8.75, 3.35, 8.975], "texture": "#0"},
				"up": {"uv": [9.25, 6.5, 9.35, 6.6], "rotation": 270, "texture": "#0"},
				"down": {"uv": [9.25, 5, 9.35, 5.1], "rotation": 90, "texture": "#0"}
			}
		},
		{
			"from": [4.04, -1.1, 6.92],
			"to": [5.72, 7.58, 8.78],
			"rotation": {"angle": 0, "axis": "y", "origin": [10.28, 1.7, 10.4]},
			"faces": {
				"north": {"uv": [4, 4, 4.5, 6.25], "texture": "#0"},
				"east": {"uv": [4, 4, 4.5, 6.25], "texture": "#0"},
				"south": {"uv": [4, 4, 4.5, 6.25], "texture": "#0"},
				"west": {"uv": [4, 4, 4.5, 6.25], "texture": "#0"},
				"up": {"uv": [7.5, 0.75, 7, 0.25], "texture": "#0"},
				"down": {"uv": [7.5, 4, 7, 4.5], "texture": "#0"}
			}
		},
		{
			"from": [3.8, -1.82, 6.62],
			"to": [6.02, -1.1, 9.08],
			"rotation": {"angle": 0, "axis": "y", "origin": [10.28, 2.98, 10.4]},
			"faces": {
				"north": {"uv": [8.5, 4, 9, 4.25], "texture": "#0"},
				"east": {"uv": [8.5, 4, 9, 4.25], "texture": "#0"},
				"south": {"uv": [8.5, 4, 9, 4.25], "texture": "#0"},
				"west": {"uv": [8.5, 4, 9, 4.25], "texture": "#0"},
				"up": {"uv": [6.5, 5.5, 6, 6], "texture": "#0"},
				"down": {"uv": [6.5, 5.5, 6, 6], "texture": "#0"}
			}
		},
		{
			"from": [4.16, -2.12, 7.1],
			"to": [5.66, -1.7, 8.54],
			"rotation": {"angle": 0, "axis": "y", "origin": [10.28, 2.68, 10.4]},
			"faces": {
				"north": {"uv": [8.5, 5.25, 9, 5.5], "texture": "#0"},
				"east": {"uv": [8.75, 2.25, 9, 2.5], "texture": "#0"},
				"south": {"uv": [8.5, 5.75, 9, 6], "texture": "#0"},
				"west": {"uv": [8.75, 2.75, 9, 3], "texture": "#0"},
				"up": {"uv": [9, 6.25, 8.5, 6], "texture": "#0"},
				"down": {"uv": [9, 6.25, 8.5, 6.5], "texture": "#0"}
			}
		},
		{
			"from": [3.8, -2.72, 6.62],
			"to": [6.02, -2, 9.08],
			"rotation": {"angle": 0, "axis": "y", "origin": [10.28, 2.38, 10.4]},
			"faces": {
				"north": {"uv": [8.5, 4, 9, 4.25], "texture": "#0"},
				"east": {"uv": [8.5, 4, 9, 4.25], "texture": "#0"},
				"south": {"uv": [8.5, 4, 9, 4.25], "texture": "#0"},
				"west": {"uv": [8.5, 4, 9, 4.25], "texture": "#0"},
				"up": {"uv": [2, 5, 1.5, 4.5], "texture": "#0"},
				"down": {"uv": [6.5, 5.5, 6, 6], "texture": "#0"}
			}
		},
		{
			"from": [4.04, -14.7, 6.92],
			"to": [5.72, -2.72, 8.78],
			"rotation": {"angle": 0, "axis": "y", "origin": [10.28, -9.9, 10.4]},
			"faces": {
				"north": {"uv": [1.5, 1.5, 2, 4.5], "texture": "#0"},
				"east": {"uv": [1.5, 1.5, 2, 4.5], "texture": "#0"},
				"south": {"uv": [1.5, 1.5, 2, 4.5], "texture": "#0"},
				"west": {"uv": [1.5, 1.5, 2, 4.5], "texture": "#0"},
				"up": {"uv": [2.5, 2, 2, 1.5], "texture": "#0"},
				"down": {"uv": [4, 1, 3.5, 1.5], "texture": "#0"}
			}
		},
		{
			"from": [2.84, -15.6, 5.12],
			"to": [3.38, -15.12, 6.74],
			"rotation": {"angle": 0, "axis": "y", "origin": [9.32, -10.8, 8.42]},
			"faces": {
				"north": {"uv": [5.75, 5.5, 6, 5.75], "texture": "#0"},
				"east": {"uv": [5.5, 5.25, 6, 5.5], "texture": "#0"},
				"south": {"uv": [7.75, 6.5, 8, 6.75], "texture": "#0"},
				"west": {"uv": [8.5, 0.25, 9, 0.5], "texture": "#0"},
				"up": {"uv": [4, 3, 3.75, 2.5], "texture": "#0"},
				"down": {"uv": [4, 8.5, 3.75, 9], "texture": "#0"}
			}
		},
		{
			"from": [3.08, -15.6, 6.56],
			"to": [3.68, -15.06, 7.22],
			"rotation": {"angle": 0, "axis": "y", "origin": [9.68, -10.8, 8.9]},
			"faces": {
				"north": {"uv": [8.25, 8.75, 8.5, 9], "texture": "#0"},
				"east": {"uv": [8.5, 8.75, 8.75, 9], "texture": "#0"},
				"south": {"uv": [8.75, 8.75, 9, 9], "texture": "#0"},
				"west": {"uv": [8.75, 0, 9, 0.25], "texture": "#0"},
				"up": {"uv": [9, 1, 8.75, 0.75], "texture": "#0"},
				"down": {"uv": [9, 1.5, 8.75, 1.75], "texture": "#0"}
			}
		},
		{
			"from": [3.8, -15.6, 3.62],
			"to": [4.34, -15.12, 5.6],
			"rotation": {"angle": 0, "axis": "y", "origin": [10.28, -10.8, 7.28]},
			"faces": {
				"north": {"uv": [8.75, 1.75, 9, 2], "texture": "#0"},
				"east": {"uv": [8.5, 0.5, 9, 0.75], "texture": "#0"},
				"south": {"uv": [8.75, 2, 9, 2.25], "texture": "#0"},
				"west": {"uv": [8.5, 1, 9, 1.25], "texture": "#0"},
				"up": {"uv": [8.25, 9, 8, 8.5], "texture": "#0"},
				"down": {"uv": [8.25, 9, 8, 8.5], "texture": "#0"}
			}
		},
		{
			"from": [4.64, -15.6, 3.62],
			"to": [5.18, -15.12, 5.6],
			"rotation": {"angle": 0, "axis": "y", "origin": [11.12, -10.8, 7.28]},
			"faces": {
				"north": {"uv": [8.75, 1.75, 9, 2], "texture": "#0"},
				"east": {"uv": [8.5, 0.5, 9, 0.75], "texture": "#0"},
				"south": {"uv": [0, 0, 0.225, 0.2], "texture": "#0"},
				"west": {"uv": [8.5, 1, 9, 1.25], "texture": "#0"},
				"up": {"uv": [8.25, 9, 8, 8.5], "texture": "#0"},
				"down": {"uv": [8.25, 9, 8, 8.5], "texture": "#0"}
			}
		},
		{
			"from": [5.42, -15.6, 3.62],
			"to": [5.96, -15.12, 5.6],
			"rotation": {"angle": 0, "axis": "y", "origin": [11.9, -10.8, 7.28]},
			"faces": {
				"north": {"uv": [8.75, 1.75, 9, 2], "texture": "#0"},
				"east": {"uv": [8.5, 0.5, 9, 0.75], "texture": "#0"},
				"south": {"uv": [0, 0, 0.225, 0.2], "texture": "#0"},
				"west": {"uv": [8.5, 1, 9, 1.25], "texture": "#0"},
				"up": {"uv": [8.25, 9, 8, 8.5], "texture": "#0"},
				"down": {"uv": [8.25, 9, 8, 8.5], "texture": "#0"}
			}
		},
		{
			"from": [3.68, -15.6, 5.6],
			"to": [6.08, -14.7, 9.2],
			"rotation": {"angle": 0, "axis": "y", "origin": [10.28, -10.8, 10.4]},
			"faces": {
				"north": {"uv": [8.5, 1.25, 9, 1.5], "texture": "#0"},
				"east": {"uv": [6.75, 6.5, 7.75, 6.75], "texture": "#0"},
				"south": {"uv": [8.5, 3.25, 9, 3.5], "texture": "#0"},
				"west": {"uv": [7, 0, 8, 0.25], "texture": "#0"},
				"up": {"uv": [6.5, 3.5, 6, 2.5], "texture": "#0"},
				"down": {"uv": [6.5, 3.5, 6, 4.5], "texture": "#0"}
			}
		},
		{
			"from": [7.18, -1.1, 6.92],
			"to": [8.86, 7.58, 8.78],
			"rotation": {"angle": 0, "axis": "y", "origin": [2.62, 1.7, 10.4]},
			"faces": {
				"north": {"uv": [4.5, 4, 4, 6.25], "texture": "#0"},
				"east": {"uv": [4.5, 4, 4, 6.25], "texture": "#0"},
				"south": {"uv": [4.5, 4, 4, 6.25], "texture": "#0"},
				"west": {"uv": [4.5, 4, 4, 6.25], "texture": "#0"},
				"up": {"uv": [7, 0.75, 7.5, 0.25], "texture": "#0"},
				"down": {"uv": [7, 4, 7.5, 4.5], "texture": "#0"}
			}
		},
		{
			"from": [6.88, -1.82, 6.62],
			"to": [9.1, -1.1, 9.08],
			"rotation": {"angle": 0, "axis": "y", "origin": [2.62, 2.98, 10.4]},
			"faces": {
				"north": {"uv": [9, 4, 8.5, 4.25], "texture": "#0"},
				"east": {"uv": [9, 4, 8.5, 4.25], "texture": "#0"},
				"south": {"uv": [9, 4, 8.5, 4.25], "texture": "#0"},
				"west": {"uv": [9, 4, 8.5, 4.25], "texture": "#0"},
				"up": {"uv": [6, 5.5, 6.5, 6], "texture": "#0"},
				"down": {"uv": [6, 5.5, 6.5, 6], "texture": "#0"}
			}
		},
		{
			"from": [7.24, -2.12, 7.1],
			"to": [8.74, -1.7, 8.54],
			"rotation": {"angle": 0, "axis": "y", "origin": [2.62, 2.68, 10.4]},
			"faces": {
				"north": {"uv": [9, 5.25, 8.5, 5.5], "texture": "#0"},
				"east": {"uv": [9, 2.75, 8.75, 3], "texture": "#0"},
				"south": {"uv": [9, 5.75, 8.5, 6], "texture": "#0"},
				"west": {"uv": [9, 2.25, 8.75, 2.5], "texture": "#0"},
				"up": {"uv": [8.5, 6.25, 9, 6], "texture": "#0"},
				"down": {"uv": [8.5, 6.25, 9, 6.5], "texture": "#0"}
			}
		},
		{
			"from": [6.88, -2.72, 6.62],
			"to": [9.1, -2, 9.08],
			"rotation": {"angle": 0, "axis": "y", "origin": [2.62, 2.38, 10.4]},
			"faces": {
				"north": {"uv": [9, 4, 8.5, 4.25], "texture": "#0"},
				"east": {"uv": [9, 4, 8.5, 4.25], "texture": "#0"},
				"south": {"uv": [9, 4, 8.5, 4.25], "texture": "#0"},
				"west": {"uv": [9, 4, 8.5, 4.25], "texture": "#0"},
				"up": {"uv": [1.5, 5, 2, 4.5], "texture": "#0"},
				"down": {"uv": [6, 5.5, 6.5, 6], "texture": "#0"}
			}
		},
		{
			"from": [7.18, -14.7, 6.92],
			"to": [8.86, -2.72, 8.78],
			"rotation": {"angle": 0, "axis": "y", "origin": [2.62, -9.9, 10.4]},
			"faces": {
				"north": {"uv": [2, 1.5, 1.5, 4.5], "texture": "#0"},
				"east": {"uv": [2, 1.5, 1.5, 4.5], "texture": "#0"},
				"south": {"uv": [2, 1.5, 1.5, 4.5], "texture": "#0"},
				"west": {"uv": [2, 1.5, 1.5, 4.5], "texture": "#0"},
				"up": {"uv": [2, 2, 2.5, 1.5], "texture": "#0"},
				"down": {"uv": [3.5, 1, 4, 1.5], "texture": "#0"}
			}
		},
		{
			"from": [9.52, -15.6, 5.12],
			"to": [10.06, -15.12, 6.74],
			"rotation": {"angle": 0, "axis": "y", "origin": [3.58, -10.8, 8.42]},
			"faces": {
				"north": {"uv": [6, 5.5, 5.75, 5.75], "texture": "#0"},
				"east": {"uv": [9, 0.25, 8.5, 0.5], "texture": "#0"},
				"south": {"uv": [8, 6.5, 7.75, 6.75], "texture": "#0"},
				"west": {"uv": [6, 5.25, 5.5, 5.5], "texture": "#0"},
				"up": {"uv": [3.75, 3, 4, 2.5], "texture": "#0"},
				"down": {"uv": [3.75, 8.5, 4, 9], "texture": "#0"}
			}
		},
		{
			"from": [9.22, -15.6, 6.56],
			"to": [9.82, -15.06, 7.22],
			"rotation": {"angle": 0, "axis": "y", "origin": [3.22, -10.8, 8.9]},
			"faces": {
				"north": {"uv": [8.5, 8.75, 8.25, 9], "texture": "#0"},
				"east": {"uv": [9, 0, 8.75, 0.25], "texture": "#0"},
				"south": {"uv": [9, 8.75, 8.75, 9], "texture": "#0"},
				"west": {"uv": [8.75, 8.75, 8.5, 9], "texture": "#0"},
				"up": {"uv": [8.75, 1, 9, 0.75], "texture": "#0"},
				"down": {"uv": [8.75, 1.5, 9, 1.75], "texture": "#0"}
			}
		},
		{
			"from": [8.56, -15.6, 3.62],
			"to": [9.1, -15.12, 5.6],
			"rotation": {"angle": 0, "axis": "y", "origin": [2.62, -10.8, 7.28]},
			"faces": {
				"north": {"uv": [9, 1.75, 8.75, 2], "texture": "#0"},
				"east": {"uv": [9, 1, 8.5, 1.25], "texture": "#0"},
				"south": {"uv": [9, 2, 8.75, 2.25], "texture": "#0"},
				"west": {"uv": [9, 0.5, 8.5, 0.75], "texture": "#0"},
				"up": {"uv": [8, 9, 8.25, 8.5], "texture": "#0"},
				"down": {"uv": [8, 9, 8.25, 8.5], "texture": "#0"}
			}
		},
		{
			"from": [7.72, -15.6, 3.62],
			"to": [8.26, -15.12, 5.6],
			"rotation": {"angle": 0, "axis": "y", "origin": [1.78, -10.8, 7.28]},
			"faces": {
				"north": {"uv": [9, 1.75, 8.75, 2], "texture": "#0"},
				"east": {"uv": [9, 1, 8.5, 1.25], "texture": "#0"},
				"south": {"uv": [0.225, 0, 0, 0.2], "texture": "#0"},
				"west": {"uv": [9, 0.5, 8.5, 0.75], "texture": "#0"},
				"up": {"uv": [8, 9, 8.25, 8.5], "texture": "#0"},
				"down": {"uv": [8, 9, 8.25, 8.5], "texture": "#0"}
			}
		},
		{
			"from": [6.94, -15.6, 3.62],
			"to": [7.48, -15.12, 5.6],
			"rotation": {"angle": 0, "axis": "y", "origin": [1, -10.8, 7.28]},
			"faces": {
				"north": {"uv": [9, 1.75, 8.75, 2], "texture": "#0"},
				"east": {"uv": [9, 1, 8.5, 1.25], "texture": "#0"},
				"south": {"uv": [0.225, 0, 0, 0.2], "texture": "#0"},
				"west": {"uv": [9, 0.5, 8.5, 0.75], "texture": "#0"},
				"up": {"uv": [8, 9, 8.25, 8.5], "texture": "#0"},
				"down": {"uv": [8, 9, 8.25, 8.5], "texture": "#0"}
			}
		},
		{
			"from": [6.82, -15.6, 5.6],
			"to": [9.22, -14.7, 9.2],
			"rotation": {"angle": 0, "axis": "y", "origin": [2.62, -10.8, 10.4]},
			"faces": {
				"north": {"uv": [9, 1.25, 8.5, 1.5], "texture": "#0"},
				"east": {"uv": [8, 0, 7, 0.25], "texture": "#0"},
				"south": {"uv": [9, 3.25, 8.5, 3.5], "texture": "#0"},
				"west": {"uv": [7.75, 6.5, 6.75, 6.75], "texture": "#0"},
				"up": {"uv": [6, 3.5, 6.5, 2.5], "texture": "#0"},
				"down": {"uv": [6, 3.5, 6.5, 4.5], "texture": "#0"}
			}
		}
	],
	"display": {
		"thirdperson_righthand": {
			"rotation": [75, 0, -10],
			"translation": [12.75, 15.75, 80],
			"scale": [4, 4, 4]
		},
		"head": {
			"translation": [10, 51, 0],
			"scale": [4, 4, 4]
		}
	},
	"groups": [
		{
			"name": "todo",
			"origin": [8, 8, 8],
			"children": [
				{
					"name": "cabeza",
					"origin": [10.8, 32.3, 10.1],
					"children": [0, 1, 2, 3, 4, 5, 6, 7, 8, 9, 10, 11, 12, 13, 14, 15, 16, 17, 18, 19, 20, 21, 22, 23, 24, 25, 26, 27, 28, 29, 30, 31, 32, 33, 34, 35, 36, 37, 38, 39, 40, 41, 42, 43, 44, 45, 46, 47, 48, 49]
				},
				{
					"name": "cuerpo",
					"origin": [7.332, 19.128, 6.804],
					"children": [50, 51, 52, 53, 54,
						{
							"name": "cuerpo2",
							"origin": [7.332, 19.128, 6.804],
							"children": [55,
								{
									"name": "cuerpo3",
									"origin": [7.332, 19.128, 6.804],
									"children": [56, 57, 58, 59, 60, 61, 62, 63, 64, 65, 66, 67, 68, 69, 70, 71, 72, 73, 74, 75, 76, 77, 78, 79, 80, 81, 82, 83, 84, 85, 86, 87, 88, 89, 90, 91, 92, 93, 94, 95, 96, 97, 98, 99, 100, 101]
								}
							]
						}
					]
				},
				{
					"name": "brazo1",
					"origin": [17.5, 29, 15.8],
					"children": [102, 103,
						{
							"name": "brazo1-2",
							"origin": [18.4, -2.2, 15.2],
							"children": [104, 105,
								{
									"name": "brazo1-3",
									"origin": [17.6, -1.2, 15.8],
									"children": [106, 107,
										{
											"name": "mano",
											"origin": [18.4, -2.2, 15.2],
											"children": [108, 109,
												{
													"name": "dedo1",
													"origin": [16, -1.9, 16.3],
													"children": [110,
														{
															"name": "dedo1-2",
															"origin": [10.7875, -7.15312, 7.6125],
															"children": []
														}, 111]
												},
												{
													"name": "dedo2",
													"origin": [16.5, -2.2, 15.2],
													"children": [112,
														{
															"name": "dedo2-2",
															"origin": [10.7875, -7.15312, 7.6125],
															"children": [113]
														}
													]
												},
												{
													"name": "dedo3",
													"origin": [17.1, -2.2, 15.2],
													"children": [114,
														{
															"name": "dedo3-2",
															"origin": [10.7875, -7.15312, 7.6125],
															"children": [115]
														}
													]
												},
												{
													"name": "dedo4",
													"origin": [17.8, -2.2, 15.2],
													"children": [116,
														{
															"name": "dedo4-2",
															"origin": [10.7875, -7.15312, 7.6125],
															"children": [117]
														}
													]
												},
												{
													"name": "dedo5",
													"origin": [18.4, -2.2, 15.2],
													"children": [118,
														{
															"name": "dedo5-2",
															"origin": [10.7875, -7.15312, 7.6125],
															"children": [119]
														}
													]
												}
											]
										}
									]
								}
							]
						}
					]
				},
				{
					"name": "brazo2",
					"origin": [17.5, 29, 15.8],
					"children": [120, 121,
						{
							"name": "brazo1-2",
							"origin": [18.4, -2.2, 15.2],
							"children": [122, 123,
								{
									"name": "brazo1-3",
									"origin": [17.6, -1.2, 15.8],
									"children": [124, 125,
										{
											"name": "mano",
											"origin": [18.4, -2.2, 15.2],
											"children": [126, 127,
												{
													"name": "dedo1",
													"origin": [16, -1.9, 16.3],
													"children": [128,
														{
															"name": "dedo1-2",
															"origin": [10.7875, -7.15312, 7.6125],
															"children": []
														}, 129]
												},
												{
													"name": "dedo2",
													"origin": [16.5, -2.2, 15.2],
													"children": [130,
														{
															"name": "dedo2-2",
															"origin": [10.7875, -7.15312, 7.6125],
															"children": [131]
														}
													]
												},
												{
													"name": "dedo3",
													"origin": [17.1, -2.2, 15.2],
													"children": [132,
														{
															"name": "dedo3-2",
															"origin": [10.7875, -7.15312, 7.6125],
															"children": [133]
														}
													]
												},
												{
													"name": "dedo4",
													"origin": [17.8, -2.2, 15.2],
													"children": [134,
														{
															"name": "dedo4-2",
															"origin": [10.7875, -7.15312, 7.6125],
															"children": [135]
														}
													]
												},
												{
													"name": "dedo5",
													"origin": [18.4, -2.2, 15.2],
													"children": [136,
														{
															"name": "dedo5-2",
															"origin": [10.7875, -7.15312, 7.6125],
															"children": [137]
														}
													]
												}
											]
										}
									]
								}
							]
						}
					]
				},
				{
					"name": "pierna1",
					"origin": [13.7, -8, 6.8],
					"children": [138,
						{
							"name": "pierna1-2",
							"origin": [10.28, -10.8, 10.4],
							"children": [139, 140, 141,
								{
									"name": "pierna1-3",
									"origin": [10.28, -10.8, 10.4],
									"children": [142,
										{
											"name": "pierna1-4",
											"origin": [10.28, -10.8, 10.4],
											"children": [143, 144, 145, 146, 147, 148]
										}
									]
								}
							]
						}
					]
				},
				{
					"name": "pierna2",
					"origin": [13.7, -8, 6.8],
					"children": [149,
						{
							"name": "pierna1-2",
							"origin": [10.28, -10.8, 10.4],
							"children": [150, 151, 152,
								{
									"name": "pierna1-3",
									"origin": [10.28, -10.8, 10.4],
									"children": [153,
										{
											"name": "pierna1-4",
											"origin": [10.28, -10.8, 10.4],
											"children": [154, 155, 156, 157, 158, 159]
										}
									]
								}
							]
						}
					]
				}
			]
		}
	]
}