{
	"credit": "Made with Blockbench",
	"texture_size": [64, 64],
	"textures": {
		"0": "6dt2_custom/6dt2_slenderman/6dt2_slenderman",
		"particle": "6dt2_custom/6dt2_slenderman/6dt2_slenderman"
	},
	"elements": [
		{
			"from": [3.8, -0.6, 7.6],
			"to": [6.2, 8.1, 11],
			"rotation": {"angle": 0, "axis": "y", "origin": [12, 9.2, 15]},
			"faces": {
				"north": {"uv": [6.75, 7.5, 7.25, 9.75], "texture": "#0"},
				"east": {"uv": [3, 5.5, 3.75, 7.75], "texture": "#0"},
				"south": {"uv": [4.5, 8.25, 5, 10.5], "texture": "#0"},
				"west": {"uv": [3.75, 5.5, 4.5, 7.75], "texture": "#0"},
				"up": {"uv": [10, 1.5, 9.5, 0.75], "texture": "#0"},
				"down": {"uv": [10, 2.25, 9.5, 3], "texture": "#0"}
			}
		},
		{
			"from": [6.2, 4.4, 7.6],
			"to": [6.7, 8.1, 11],
			"rotation": {"angle": 0, "axis": "y", "origin": [14.4, 9.2, 15]},
			"faces": {
				"north": {"uv": [1.5, 6, 1.75, 7], "texture": "#0"},
				"east": {"uv": [5.75, 8.5, 6.5, 9.5], "texture": "#0"},
				"south": {"uv": [6.5, 0, 6.75, 1], "texture": "#0"},
				"west": {"uv": [7.25, 8.5, 8, 9.5], "texture": "#0"},
				"up": {"uv": [6.75, 1.75, 6.5, 1], "texture": "#0"},
				"down": {"uv": [6.75, 3, 6.5, 3.75], "texture": "#0"}
			}
		},
		{
			"from": [4, -14.5, 7.8],
			"to": [6, -0.6, 10.9],
			"rotation": {"angle": 0, "axis": "y", "origin": [12, -6.5, 15]},
			"faces": {
				"north": {"uv": [0.75, 2.5, 1.25, 6], "texture": "#0"},
				"east": {"uv": [2.25, 2.25, 3, 5.75], "texture": "#0"},
				"south": {"uv": [1.25, 2.5, 1.75, 6], "texture": "#0"},
				"west": {"uv": [0, 2.5, 0.75, 6], "texture": "#0"},
				"up": {"uv": [6.75, 10.25, 6.25, 9.5], "texture": "#0"},
				"down": {"uv": [7.75, 9.5, 7.25, 10.25], "texture": "#0"}
			}
		},
		{
			"from": [4.4, -16, 5.5],
			"to": [5.6, -15.5, 6.2],
			"rotation": {"angle": 0, "axis": "y", "origin": [12, -8, 11.2]},
			"faces": {
				"north": {"uv": [4.5, 5.5, 4.75, 5.75], "texture": "#0"},
				"east": {"uv": [6.5, 1.75, 6.75, 2], "texture": "#0"},
				"south": {"uv": [6.5, 3.75, 6.75, 4], "texture": "#0"},
				"west": {"uv": [8.5, 5.25, 8.75, 5.5], "texture": "#0"},
				"up": {"uv": [6.75, 9.5, 6.5, 9.25], "texture": "#0"},
				"down": {"uv": [8, 9.5, 7.75, 9.75], "texture": "#0"}
			}
		},
		{
			"from": [4.2, -16, 6.2],
			"to": [5.8, -15.2, 7],
			"rotation": {"angle": 0, "axis": "y", "origin": [12, -8, 12]},
			"faces": {
				"north": {"uv": [1.75, 5.5, 2.25, 5.75], "texture": "#0"},
				"east": {"uv": [10.25, 7.75, 10.5, 8], "texture": "#0"},
				"south": {"uv": [7.25, 5.5, 7.75, 5.75], "texture": "#0"},
				"west": {"uv": [10.25, 8, 10.5, 8.25], "texture": "#0"},
				"up": {"uv": [5.5, 8.5, 5, 8.25], "texture": "#0"},
				"down": {"uv": [9.5, 2.25, 9, 2.5], "texture": "#0"}
			}
		},
		{
			"from": [4, -16, 7],
			"to": [6, -15, 11],
			"rotation": {"angle": 0, "axis": "y", "origin": [12, -8, 15]},
			"faces": {
				"north": {"uv": [1, 10.25, 1.5, 10.5], "texture": "#0"},
				"east": {"uv": [9.5, 4.5, 10.5, 4.75], "texture": "#0"},
				"south": {"uv": [1.5, 10.25, 2, 10.5], "texture": "#0"},
				"west": {"uv": [9.5, 5.75, 10.5, 6], "texture": "#0"},
				"up": {"uv": [4.5, 10, 4, 9], "texture": "#0"},
				"down": {"uv": [9.5, 0.75, 9, 1.75], "texture": "#0"}
			}
		},
		{
			"from": [4.2, -16, 11],
			"to": [5.8, -15.3, 11.4],
			"rotation": {"angle": 0, "axis": "y", "origin": [12, -8, 18]},
			"faces": {
				"north": {"uv": [2, 10.25, 2.5, 10.5], "texture": "#0"},
				"east": {"uv": [10.25, 8.25, 10.5, 8.5], "texture": "#0"},
				"south": {"uv": [3.5, 10.25, 4, 10.5], "texture": "#0"},
				"west": {"uv": [10.25, 8.5, 10.5, 8.75], "texture": "#0"},
				"up": {"uv": [5.5, 10.5, 5, 10.25], "texture": "#0"},
				"down": {"uv": [6.25, 10.25, 5.75, 10.5], "texture": "#0"}
			}
		},
		{
			"from": [4.2, -15, 8],
			"to": [5.8, -14.5, 10.7],
			"rotation": {"angle": 0, "axis": "y", "origin": [12, -7, 15]},
			"faces": {
				"north": {"uv": [6.25, 10.25, 6.75, 10.5], "texture": "#0"},
				"east": {"uv": [2.25, 2, 3, 2.25], "texture": "#0"},
				"south": {"uv": [6.75, 10.25, 7.25, 10.5], "texture": "#0"},
				"west": {"uv": [10, 1.25, 10.75, 1.5], "texture": "#0"},
				"up": {"uv": [3, 7.75, 2.5, 7], "texture": "#0"},
				"down": {"uv": [6.25, 9.5, 5.75, 10.25], "texture": "#0"}
			}
		},
		{
			"from": [8, -0.6, 7.6],
			"to": [10.4, 8.1, 11],
			"rotation": {"angle": 0, "axis": "y", "origin": [9.01875, -9.35, 8.74375]},
			"faces": {
				"north": {"uv": [7.25, 7.5, 6.75, 9.75], "texture": "#0"},
				"east": {"uv": [4.5, 5.5, 3.75, 7.75], "texture": "#0"},
				"south": {"uv": [5, 8.25, 4.5, 10.5], "texture": "#0"},
				"west": {"uv": [3.75, 5.5, 3, 7.75], "texture": "#0"},
				"up": {"uv": [9.5, 1.5, 10, 0.75], "texture": "#0"},
				"down": {"uv": [9.5, 2.25, 10, 3], "texture": "#0"}
			}
		},
		{
			"from": [7.5, 4.4, 7.6],
			"to": [8, 8.1, 11],
			"rotation": {"angle": 0, "axis": "y", "origin": [9.01875, -9.35, 8.74375]},
			"faces": {
				"north": {"uv": [1.75, 6, 1.5, 7], "texture": "#0"},
				"east": {"uv": [8, 8.5, 7.25, 9.5], "texture": "#0"},
				"south": {"uv": [6.75, 0, 6.5, 1], "texture": "#0"},
				"west": {"uv": [6.5, 8.5, 5.75, 9.5], "texture": "#0"},
				"up": {"uv": [6.5, 1.75, 6.75, 1], "texture": "#0"},
				"down": {"uv": [6.5, 3, 6.75, 3.75], "texture": "#0"}
			}
		},
		{
			"from": [8.2, -14.5, 7.8],
			"to": [10.2, -0.6, 10.9],
			"rotation": {"angle": 0, "axis": "y", "origin": [9.01875, -9.35, 8.74375]},
			"faces": {
				"north": {"uv": [1.25, 2.5, 0.75, 6], "texture": "#0"},
				"east": {"uv": [0.75, 2.5, 0, 6], "texture": "#0"},
				"south": {"uv": [1.75, 2.5, 1.25, 6], "texture": "#0"},
				"west": {"uv": [3, 2.25, 2.25, 5.75], "texture": "#0"},
				"up": {"uv": [6.25, 10.25, 6.75, 9.5], "texture": "#0"},
				"down": {"uv": [7.25, 9.5, 7.75, 10.25], "texture": "#0"}
			}
		},
		{
			"from": [8.6, -16, 5.5],
			"to": [9.8, -15.5, 6.2],
			"rotation": {"angle": 0, "axis": "y", "origin": [9.01875, -9.35, 8.74375]},
			"faces": {
				"north": {"uv": [4.75, 5.5, 4.5, 5.75], "texture": "#0"},
				"east": {"uv": [8.75, 5.25, 8.5, 5.5], "texture": "#0"},
				"south": {"uv": [6.75, 3.75, 6.5, 4], "texture": "#0"},
				"west": {"uv": [6.75, 1.75, 6.5, 2], "texture": "#0"},
				"up": {"uv": [6.5, 9.5, 6.75, 9.25], "texture": "#0"},
				"down": {"uv": [7.75, 9.5, 8, 9.75], "texture": "#0"}
			}
		},
		{
			"from": [8.4, -16, 6.2],
			"to": [10, -15.2, 7],
			"rotation": {"angle": 0, "axis": "y", "origin": [9.01875, -9.35, 8.74375]},
			"faces": {
				"north": {"uv": [2.25, 5.5, 1.75, 5.75], "texture": "#0"},
				"east": {"uv": [10.5, 8, 10.25, 8.25], "texture": "#0"},
				"south": {"uv": [7.75, 5.5, 7.25, 5.75], "texture": "#0"},
				"west": {"uv": [10.5, 7.75, 10.25, 8], "texture": "#0"},
				"up": {"uv": [5, 8.5, 5.5, 8.25], "texture": "#0"},
				"down": {"uv": [9, 2.25, 9.5, 2.5], "texture": "#0"}
			}
		},
		{
			"from": [8.2, -16, 7],
			"to": [10.2, -15, 11],
			"rotation": {"angle": 0, "axis": "y", "origin": [9.01875, -9.35, 8.74375]},
			"faces": {
				"north": {"uv": [1.5, 10.25, 1, 10.5], "texture": "#0"},
				"east": {"uv": [10.5, 5.75, 9.5, 6], "texture": "#0"},
				"south": {"uv": [2, 10.25, 1.5, 10.5], "texture": "#0"},
				"west": {"uv": [10.5, 4.5, 9.5, 4.75], "texture": "#0"},
				"up": {"uv": [4, 10, 4.5, 9], "texture": "#0"},
				"down": {"uv": [9, 0.75, 9.5, 1.75], "texture": "#0"}
			}
		},
		{
			"from": [8.4, -16, 11],
			"to": [10, -15.3, 11.4],
			"rotation": {"angle": 0, "axis": "y", "origin": [9.01875, -9.35, 8.74375]},
			"faces": {
				"north": {"uv": [2.5, 10.25, 2, 10.5], "texture": "#0"},
				"east": {"uv": [10.5, 8.5, 10.25, 8.75], "texture": "#0"},
				"south": {"uv": [4, 10.25, 3.5, 10.5], "texture": "#0"},
				"west": {"uv": [10.5, 8.25, 10.25, 8.5], "texture": "#0"},
				"up": {"uv": [5, 10.5, 5.5, 10.25], "texture": "#0"},
				"down": {"uv": [5.75, 10.25, 6.25, 10.5], "texture": "#0"}
			}
		},
		{
			"from": [8.4, -15, 8],
			"to": [10, -14.5, 10.7],
			"rotation": {"angle": 0, "axis": "y", "origin": [9.01875, -9.35, 8.74375]},
			"faces": {
				"north": {"uv": [6.75, 10.25, 6.25, 10.5], "texture": "#0"},
				"east": {"uv": [10.75, 1.25, 10, 1.5], "texture": "#0"},
				"south": {"uv": [7.25, 10.25, 6.75, 10.5], "texture": "#0"},
				"west": {"uv": [3, 2, 2.25, 2.25], "texture": "#0"},
				"up": {"uv": [2.5, 7.75, 3, 7], "texture": "#0"},
				"down": {"uv": [5.75, 9.5, 6.25, 10.25], "texture": "#0"}
			}
		},
		{
			"from": [6.7, 6.5, 7.6],
			"to": [7.4, 8.1, 11],
			"rotation": {"angle": 0, "axis": "y", "origin": [14.9, 9.2, 15]},
			"faces": {
				"north": {"uv": [5.5, 7, 5.75, 7.5], "texture": "#0"},
				"east": {"uv": [9.25, 8.75, 10, 9.25], "texture": "#0"},
				"south": {"uv": [7.25, 10.25, 7.5, 10.75], "texture": "#0"},
				"west": {"uv": [9.5, 3, 10.25, 3.5], "texture": "#0"},
				"up": {"uv": [6.75, 9.25, 6.5, 8.5], "texture": "#0"},
				"down": {"uv": [8.25, 8.5, 8, 9.25], "texture": "#0"}
			}
		},
		{
			"from": [3.4, 8.1, 7.3],
			"to": [10.7, 13.4, 11.3],
			"rotation": {"angle": 0, "axis": "y", "origin": [12, 16.1, 15]},
			"faces": {
				"north": {"uv": [3, 3, 4.75, 4.25], "texture": "#0"},
				"east": {"uv": [4.5, 7, 5.5, 8.25], "texture": "#0"},
				"south": {"uv": [3, 4.25, 4.75, 5.5], "texture": "#0"},
				"west": {"uv": [7.25, 7.25, 8.25, 8.5], "texture": "#0"},
				"up": {"uv": [6.5, 4, 4.75, 3], "texture": "#0"},
				"down": {"uv": [6.75, 2, 5, 3], "texture": "#0"}
			}
		},
		{
			"from": [3, 13.4, 7.3],
			"to": [11.1, 16.9, 11.3],
			"rotation": {"angle": 0, "axis": "y", "origin": [12, 21.4, 15]},
			"faces": {
				"north": {"uv": [4.75, 4, 6.75, 4.75], "texture": "#0"},
				"east": {"uv": [7.25, 6.5, 8.25, 7.25], "texture": "#0"},
				"south": {"uv": [5.75, 5.75, 7.75, 6.5], "texture": "#0"},
				"west": {"uv": [8.5, 2.5, 9.5, 3.25], "texture": "#0"},
				"up": {"uv": [5, 3, 3, 2], "texture": "#0"},
				"down": {"uv": [6.5, 0, 4.5, 1], "texture": "#0"}
			}
		},
		{
			"from": [2.5, 16.9, 7.3],
			"to": [11.5, 22.2, 11.3],
			"rotation": {"angle": 0, "axis": "y", "origin": [12, 24.9, 15]},
			"faces": {
				"north": {"uv": [0, 0, 2.25, 1.25], "texture": "#0"},
				"east": {"uv": [7.25, 0, 8.25, 1.25], "texture": "#0"},
				"south": {"uv": [0, 1.25, 2.25, 2.5], "texture": "#0"},
				"west": {"uv": [7.25, 1.25, 8.25, 2.5], "texture": "#0"},
				"up": {"uv": [4.5, 1, 2.25, 0], "texture": "#0"},
				"down": {"uv": [4.5, 1, 2.25, 2], "texture": "#0"}
			}
		},
		{
			"from": [2.9, 22.2, 7.3],
			"to": [11.1, 22.9, 11.3],
			"rotation": {"angle": 0, "axis": "y", "origin": [12, 30.2, 15]},
			"faces": {
				"north": {"uv": [8.75, 6, 10.75, 6.25], "texture": "#0"},
				"east": {"uv": [2.5, 9.75, 3.5, 10], "texture": "#0"},
				"south": {"uv": [8.75, 6.25, 10.75, 6.5], "texture": "#0"},
				"west": {"uv": [7.75, 9.75, 8.75, 10], "texture": "#0"},
				"up": {"uv": [6.5, 2, 4.5, 1], "texture": "#0"},
				"down": {"uv": [6.75, 4.75, 4.75, 5.75], "texture": "#0"}
			}
		},
		{
			"from": [4, 22.9, 7.3],
			"to": [9.9, 23.4, 11.3],
			"rotation": {"angle": 0, "axis": "y", "origin": [12, 30.9, 15]},
			"faces": {
				"north": {"uv": [9, 7.5, 10.5, 7.75], "texture": "#0"},
				"east": {"uv": [8.75, 9.75, 9.75, 10], "texture": "#0"},
				"south": {"uv": [9.5, 1.5, 11, 1.75], "texture": "#0"},
				"west": {"uv": [9.75, 9.75, 10.75, 10], "texture": "#0"},
				"up": {"uv": [1.5, 7, 0, 6], "texture": "#0"},
				"down": {"uv": [7.25, 6.5, 5.75, 7.5], "texture": "#0"}
			}
		},
		{
			"name": "cuello",
			"from": [5.5, 23.3, 8],
			"to": [8.3, 24.8, 10.5],
			"rotation": {"angle": 0, "axis": "y", "origin": [6.90833, 26.45833, 8.39167]},
			"faces": {
				"north": {"uv": [10, 2.75, 10.75, 3], "texture": "#0"},
				"east": {"uv": [10, 8.75, 10.75, 9], "texture": "#0"},
				"south": {"uv": [10, 9, 10.75, 9.25], "texture": "#0"},
				"west": {"uv": [10, 9.25, 10.75, 9.5], "texture": "#0"},
				"up": {"uv": [9.5, 6, 8.75, 5.25], "texture": "#0"},
				"down": {"uv": [3.25, 9, 2.5, 9.75], "texture": "#0"}
			}
		},
		{
			"from": [4.9, 25.61924, 6.47732],
			"to": [9, 27.51924, 10.97732],
			"rotation": {"angle": 0, "axis": "y", "origin": [6.90833, 26.29295, 8.53866]},
			"faces": {
				"north": {"uv": [9, 1.75, 10, 2.25], "texture": "#0"},
				"east": {"uv": [8.25, 7.75, 9.5, 8.25], "texture": "#0"},
				"south": {"uv": [9, 6.5, 10, 7], "texture": "#0"},
				"west": {"uv": [8.5, 4.75, 9.75, 5.25], "texture": "#0"},
				"up": {"uv": [3.5, 9, 2.5, 7.75], "texture": "#0"},
				"down": {"uv": [4.5, 7.75, 3.5, 9], "texture": "#0"}
			}
		},
		{
			"from": [4.5, 26.61924, 6.37732],
			"to": [9.3, 30.41924, 11.27732],
			"rotation": {"angle": 0, "axis": "y", "origin": [6.90833, 26.29295, 8.53866]},
			"faces": {
				"north": {"uv": [7.25, 2.5, 8.5, 3.5], "texture": "#0"},
				"east": {"uv": [7.25, 3.5, 8.5, 4.5], "texture": "#0"},
				"south": {"uv": [7.25, 4.5, 8.5, 5.5], "texture": "#0"},
				"west": {"uv": [5.5, 7.5, 6.75, 8.5], "texture": "#0"},
				"up": {"uv": [3, 7, 1.75, 5.75], "texture": "#0"},
				"down": {"uv": [5.75, 5.75, 4.5, 7], "texture": "#0"}
			}
		},
		{
			"from": [4.9, 29.51924, 6.67732],
			"to": [8.9, 31.21924, 10.87732],
			"rotation": {"angle": 0, "axis": "y", "origin": [6.90833, 26.29295, 8.53866]},
			"faces": {
				"north": {"uv": [9, 7, 10, 7.5], "texture": "#0"},
				"east": {"uv": [8, 9.25, 9, 9.75], "texture": "#0"},
				"south": {"uv": [9, 9.25, 10, 9.75], "texture": "#0"},
				"west": {"uv": [9.25, 8.25, 10.25, 8.75], "texture": "#0"},
				"up": {"uv": [8.75, 6.5, 7.75, 5.5], "texture": "#0"},
				"down": {"uv": [9.25, 8.25, 8.25, 9.25], "texture": "#0"}
			}
		},
		{
			"from": [5.3, 25, 7.2],
			"to": [5.3, 25.6, 10.6],
			"rotation": {"angle": 0, "axis": "y", "origin": [6.90833, 26.29295, 8.53866]},
			"faces": {
				"north": {"uv": [0, 0.15, 0, 0], "texture": "#0"},
				"east": {"uv": [10.5, 10.25, 12, 10], "texture": "#0"},
				"south": {"uv": [0, 0.15, 0, 0], "texture": "#0"},
				"west": {"uv": [10.5, 10.25, 12, 10], "texture": "#0"},
				"up": {"uv": [0, 0.85, 0, 0], "texture": "#0"},
				"down": {"uv": [0, 0.85, 0, 0], "texture": "#0"}
			}
		},
		{
			"from": [5.2, 25, 7.1],
			"to": [8.6, 25.6, 7.1],
			"rotation": {"angle": 0, "axis": "y", "origin": [6.90833, 26.29295, 8.53866]},
			"faces": {
				"north": {"uv": [10.5, 10.25, 12, 10], "texture": "#0"},
				"east": {"uv": [0, 0.15, 0, 0], "texture": "#0"},
				"south": {"uv": [10.5, 10.25, 12, 10], "texture": "#0"},
				"west": {"uv": [0, 0.15, 0, 0], "texture": "#0"},
				"up": {"uv": [0, 0, 0, 0.85], "rotation": 270, "texture": "#0"},
				"down": {"uv": [0, 0, 0, 0.85], "rotation": 90, "texture": "#0"}
			}
		},
		{
			"from": [8.5, 25, 7.2],
			"to": [8.5, 25.6, 10.6],
			"rotation": {"angle": 0, "axis": "y", "origin": [6.90833, 26.29295, 8.53866]},
			"faces": {
				"north": {"uv": [0, 0.15, 0, 0], "texture": "#0"},
				"east": {"uv": [10.5, 10.25, 12, 10], "texture": "#0"},
				"south": {"uv": [0, 0.15, 0, 0], "texture": "#0"},
				"west": {"uv": [10.5, 10.25, 12, 10], "texture": "#0"},
				"up": {"uv": [0, 0.85, 0, 0], "texture": "#0"},
				"down": {"uv": [0, 0.85, 0, 0], "texture": "#0"}
			}
		},
		{
			"from": [5.2, 25.6, 7],
			"to": [8.6, 26.2, 7],
			"rotation": {"angle": 0, "axis": "y", "origin": [6.9, 24.95316, 8.22281]},
			"faces": {
				"north": {"uv": [10.5, 10, 12, 10.25], "texture": "#0"},
				"east": {"uv": [0, 0, 0, 0.15], "texture": "#0"},
				"south": {"uv": [10.5, 10, 12, 10.25], "texture": "#0"},
				"west": {"uv": [0, 0, 0, 0.15], "texture": "#0"},
				"up": {"uv": [0, 0, 0, 0.85], "rotation": 90, "texture": "#0"},
				"down": {"uv": [0, 0, 0, 0.85], "rotation": 270, "texture": "#0"}
			}
		},
		{
			"from": [5.3, 25.6, 7.1],
			"to": [5.3, 26.2, 10.5],
			"rotation": {"angle": 0, "axis": "y", "origin": [6.9, 24.95316, 8.22281]},
			"faces": {
				"north": {"uv": [0, 0, 0, 0.15], "texture": "#0"},
				"east": {"uv": [10.5, 10, 12, 10.25], "texture": "#0"},
				"south": {"uv": [0, 0, 0, 0.15], "texture": "#0"},
				"west": {"uv": [10.5, 10, 12, 10.25], "texture": "#0"},
				"up": {"uv": [0, 0, 0, 0.85], "texture": "#0"},
				"down": {"uv": [0, 0, 0, 0.85], "texture": "#0"}
			}
		},
		{
			"from": [8.5, 25.6, 7.1],
			"to": [8.5, 26.2, 10.5],
			"rotation": {"angle": 0, "axis": "y", "origin": [6.9, 24.95316, 8.22281]},
			"faces": {
				"north": {"uv": [0, 0, 0, 0.15], "texture": "#0"},
				"east": {"uv": [10.5, 10, 12, 10.25], "texture": "#0"},
				"south": {"uv": [0, 0, 0, 0.15], "texture": "#0"},
				"west": {"uv": [10.5, 10, 12, 10.25], "texture": "#0"},
				"up": {"uv": [0, 0, 0, 0.85], "texture": "#0"},
				"down": {"uv": [0, 0, 0, 0.85], "texture": "#0"}
			}
		},
		{
			"from": [5.1, 24.13289, 6.80703],
			"to": [8.7, 25.63289, 7.80703],
			"rotation": {"angle": 0, "axis": "y", "origin": [6.9, 24.95316, 8.22281]},
			"faces": {
				"north": {"uv": [9.75, 0, 10.75, 0.25], "texture": "#0"},
				"east": {"uv": [10.25, 10, 10.5, 10.25], "texture": "#0"},
				"south": {"uv": [9.75, 0.25, 10.75, 0.5], "texture": "#0"},
				"west": {"uv": [0, 10.5, 0.25, 10.75], "texture": "#0"},
				"up": {"uv": [10.75, 0.75, 9.75, 0.5], "texture": "#0"},
				"down": {"uv": [10.75, 4.75, 9.75, 5], "texture": "#0"}
			}
		},
		{
			"from": [5.1, 24.73289, 7.80703],
			"to": [8.7, 25.63289, 10.60703],
			"rotation": {"angle": 0, "axis": "y", "origin": [6.9, 24.95316, 8.22281]},
			"faces": {
				"north": {"uv": [9.75, 5, 10.75, 5.25], "texture": "#0"},
				"east": {"uv": [10, 9.5, 10.75, 9.75], "texture": "#0"},
				"south": {"uv": [0, 10, 1, 10.25], "texture": "#0"},
				"west": {"uv": [0, 10.25, 0.75, 10.5], "texture": "#0"},
				"up": {"uv": [9.5, 4, 8.5, 3.25], "texture": "#0"},
				"down": {"uv": [9.5, 4, 8.5, 4.75], "texture": "#0"}
			}
		},
		{
			"from": [-0.1, 17.5, 8.3],
			"to": [2.5, 19.4, 10.3],
			"rotation": {"angle": 0, "axis": "y", "origin": [0.77667, 1.60333, 9.26]},
			"faces": {
				"north": {"uv": [3, 10, 3.5, 10.5], "texture": "#0"},
				"east": {"uv": [4, 10, 4.5, 10.5], "texture": "#0"},
				"south": {"uv": [7.75, 10, 8.25, 10.5], "texture": "#0"},
				"west": {"uv": [8.25, 10, 8.75, 10.5], "texture": "#0"},
				"up": {"uv": [9.25, 10.5, 8.75, 10], "texture": "#0"},
				"down": {"uv": [9.75, 10, 9.25, 10.5], "texture": "#0"}
			}
		},
		{
			"from": [-0.1, 19.4, 8.3],
			"to": [2.5, 21.7, 10.3],
			"rotation": {"angle": 0, "axis": "y", "origin": [0.77667, 1.60333, 9.26]},
			"faces": {
				"north": {"uv": [9.5, 5.25, 10.25, 5.75], "texture": "#0"},
				"east": {"uv": [6.75, 9.75, 7.25, 10.25], "texture": "#0"},
				"south": {"uv": [9.5, 7.75, 10.25, 8.25], "texture": "#0"},
				"west": {"uv": [2.5, 10, 3, 10.5], "texture": "#0"},
				"up": {"uv": [1.75, 10.25, 1, 9.75], "texture": "#0"},
				"down": {"uv": [2.5, 9.75, 1.75, 10.25], "texture": "#0"}
			}
		},
		{
			"from": [0.7, 21.7, 8.3],
			"to": [2.5, 22.2, 10.3],
			"rotation": {"angle": 0, "axis": "y", "origin": [0.77667, 1.60333, 9.26]},
			"faces": {
				"north": {"uv": [10.25, 3, 10.75, 3.25], "texture": "#0"},
				"east": {"uv": [10.25, 3.25, 10.75, 3.5], "texture": "#0"},
				"south": {"uv": [10.25, 3.5, 10.75, 3.75], "texture": "#0"},
				"west": {"uv": [10.25, 3.75, 10.75, 4], "texture": "#0"},
				"up": {"uv": [4, 10.25, 3.5, 9.75], "texture": "#0"},
				"down": {"uv": [5.5, 9.75, 5, 10.25], "texture": "#0"}
			}
		},
		{
			"from": [1.3, 19.7, 7.7],
			"to": [2.5, 22.1, 10.8],
			"rotation": {"angle": 0, "axis": "y", "origin": [0.77667, 1.60333, 9.26]},
			"faces": {
				"north": {"uv": [7.5, 10.25, 7.75, 10.75], "texture": "#0"},
				"east": {"uv": [9.5, 3.5, 10.25, 4], "texture": "#0"},
				"south": {"uv": [10.25, 10.25, 10.5, 10.75], "texture": "#0"},
				"west": {"uv": [9.5, 4, 10.25, 4.5], "texture": "#0"},
				"up": {"uv": [5.75, 10.5, 5.5, 9.75], "texture": "#0"},
				"down": {"uv": [1, 10.25, 0.75, 11], "texture": "#0"}
			}
		},
		{
			"from": [-0.9, 14.3, 8.3],
			"to": [1.1, 17.5, 10.3],
			"rotation": {"angle": 0, "axis": "y", "origin": [0.77667, 1.60333, 9.26]},
			"faces": {
				"north": {"uv": [6.75, 3, 7.25, 4.0625], "texture": "#0"},
				"east": {"uv": [6.75, 3.4375, 7.25, 4.5], "texture": "#0"},
				"south": {"uv": [6.75, 3.4375, 7.25, 4.5], "texture": "#0"},
				"west": {"uv": [6.75, 3.4375, 7.25, 4.5], "texture": "#0"},
				"up": {"uv": [10.25, 10.5, 9.75, 10], "texture": "#0"},
				"down": {"uv": [10.5, 0.75, 10, 1.25], "texture": "#0"}
			}
		},
		{
			"from": [-1.7, 11.1, 8.3],
			"to": [0.3, 14.3, 10.3],
			"rotation": {"angle": 0, "axis": "y", "origin": [0.77667, 1.60333, 9.26]},
			"faces": {
				"north": {"uv": [6.75, 3.4375, 7.25, 4.5], "texture": "#0"},
				"east": {"uv": [6.75, 3.4375, 7.25, 4.5], "texture": "#0"},
				"south": {"uv": [6.75, 3.4375, 7.25, 4.5], "texture": "#0"},
				"west": {"uv": [6.75, 3.4375, 7.25, 4.5], "texture": "#0"},
				"up": {"uv": [10.25, 10.5, 9.75, 10], "texture": "#0"},
				"down": {"uv": [10.5, 0.75, 10, 1.25], "texture": "#0"}
			}
		},
		{
			"from": [-2.5, 7.9, 8.3],
			"to": [-0.5, 11.1, 10.3],
			"rotation": {"angle": 0, "axis": "y", "origin": [0.77667, 1.60333, 9.26]},
			"faces": {
				"north": {"uv": [6.75, 3.4375, 7.25, 4.5], "texture": "#0"},
				"east": {"uv": [6.75, 3.4375, 7.25, 4.5], "texture": "#0"},
				"south": {"uv": [6.75, 3.4375, 7.25, 4.5], "texture": "#0"},
				"west": {"uv": [6.75, 3.4375, 7.25, 4.5], "texture": "#0"},
				"up": {"uv": [10.25, 10.5, 9.75, 10], "texture": "#0"},
				"down": {"uv": [10.5, 0.75, 10, 1.25], "texture": "#0"}
			}
		},
		{
			"from": [-3.3, 4.7, 8.3],
			"to": [-1.3, 7.9, 10.3],
			"rotation": {"angle": 0, "axis": "y", "origin": [0.77667, 1.60333, 9.26]},
			"faces": {
				"north": {"uv": [6.75, 3.4375, 7.25, 4.5], "texture": "#0"},
				"east": {"uv": [6.75, 3.4375, 7.25, 4.5], "texture": "#0"},
				"south": {"uv": [6.75, 3.4375, 7.25, 4.5], "texture": "#0"},
				"west": {"uv": [6.75, 3.4375, 7.25, 4.5], "texture": "#0"},
				"up": {"uv": [10.25, 10.5, 9.75, 10], "texture": "#0"},
				"down": {"uv": [10.5, 0.75, 10, 1.25], "texture": "#0"}
			}
		},
		{
			"from": [-4.1, 1.5, 8.3],
			"to": [-2.1, 4.7, 10.3],
			"rotation": {"angle": 0, "axis": "y", "origin": [0.77667, 1.60333, 9.26]},
			"faces": {
				"north": {"uv": [6.75, 3.4375, 7.25, 4.5], "texture": "#0"},
				"east": {"uv": [6.75, 3.4375, 7.25, 4.5], "texture": "#0"},
				"south": {"uv": [6.75, 3.4375, 7.25, 4.5], "texture": "#0"},
				"west": {"uv": [6.75, 3.4375, 7.25, 4.5], "texture": "#0"},
				"up": {"uv": [10.25, 10.5, 9.75, 10], "texture": "#0"},
				"down": {"uv": [10.5, 0.75, 10, 1.25], "texture": "#0"}
			}
		},
		{
			"from": [-4.9, -1.7, 8.3],
			"to": [-2.9, 1.5, 10.3],
			"rotation": {"angle": 0, "axis": "y", "origin": [0.77667, 1.60333, 9.26]},
			"faces": {
				"north": {"uv": [6.75, 3.4375, 7.25, 4.5], "texture": "#0"},
				"east": {"uv": [6.75, 3.4375, 7.25, 4.5], "texture": "#0"},
				"south": {"uv": [6.75, 3.4375, 7.25, 4.5], "texture": "#0"},
				"west": {"uv": [6.75, 3.4375, 7.25, 4.5], "texture": "#0"},
				"up": {"uv": [10.25, 10.5, 9.75, 10], "texture": "#0"},
				"down": {"uv": [10.5, 0.75, 10, 1.25], "texture": "#0"}
			}
		},
		{
			"from": [-5.7, -5.6, 8.3],
			"to": [-3.7, -1.7, 10.3],
			"rotation": {"angle": 0, "axis": "y", "origin": [0.77667, 1.60333, 9.26]},
			"faces": {
				"north": {"uv": [6.75, 2.9375, 7.25, 3.375], "rotation": 180, "texture": "#0"},
				"east": {"uv": [6.75, 2.9375, 7.25, 3.375], "rotation": 180, "texture": "#0"},
				"south": {"uv": [6.75, 2.9375, 7.25, 3.375], "rotation": 180, "texture": "#0"},
				"west": {"uv": [6.75, 2.9375, 7.25, 3.375], "rotation": 180, "texture": "#0"},
				"up": {"uv": [10.25, 10.5, 9.75, 10], "texture": "#0"},
				"down": {"uv": [10, 2.25, 10.5, 2.75], "texture": "#0"}
			}
		},
		{
			"from": [-5.6, -6.4, 8.4],
			"to": [-3.8, -5.6, 10.2],
			"rotation": {"angle": 0, "axis": "y", "origin": [0.77667, 1.60333, 9.26]},
			"faces": {
				"north": {"uv": [10.25, 4, 10.75, 4.25], "texture": "#0"},
				"east": {"uv": [10.25, 5.5, 10.75, 5.75], "texture": "#0"},
				"south": {"uv": [10.25, 4, 10.75, 4.25], "texture": "#0"},
				"west": {"uv": [10.25, 5.5, 10.75, 5.75], "texture": "#0"},
				"up": {"uv": [10.5, 7, 10, 6.5], "texture": "#0"},
				"down": {"uv": [10.25, 5.5, 10.75, 5.75], "texture": "#0"}
			}
		},
		{
			"from": [-5.6, -7.4, 8.4],
			"to": [-3.9, -6.4, 10.2],
			"rotation": {"angle": 0, "axis": "y", "origin": [0.77667, 1.60333, 9.26]},
			"faces": {
				"north": {"uv": [10.25, 4, 10.75, 4.25], "texture": "#0"},
				"east": {"uv": [10.25, 5.5, 10.75, 5.75], "texture": "#0"},
				"south": {"uv": [10.25, 4, 10.75, 4.25], "texture": "#0"},
				"west": {"uv": [10.25, 5.5, 10.75, 5.75], "texture": "#0"},
				"up": {"uv": [10.5, 7, 10, 6.5], "texture": "#0"},
				"down": {"uv": [10.25, 5.5, 10.75, 5.75], "texture": "#0"}
			}
		},
		{
			"from": [-5.7, -9.5, 8.5],
			"to": [-5.2, -8.3, 9],
			"rotation": {"angle": 0, "axis": "y", "origin": [0.77667, 1.60333, 9.26]},
			"faces": {
				"north": {"uv": [2, 10.5, 2.25, 10.75], "texture": "#0"},
				"east": {"uv": [2.25, 10.5, 2.5, 10.75], "texture": "#0"},
				"south": {"uv": [2.5, 10.5, 2.75, 10.75], "texture": "#0"},
				"west": {"uv": [2.75, 10.5, 3, 10.75], "texture": "#0"},
				"up": {"uv": [3.25, 10.75, 3, 10.5], "texture": "#0"},
				"down": {"uv": [3.5, 10.5, 3.25, 10.75], "texture": "#0"}
			}
		},
		{
			"from": [-5.7, -8.3, 8.5],
			"to": [-5.2, -7.3, 9],
			"rotation": {"angle": 0, "axis": "y", "origin": [0.77667, 1.60333, 9.26]},
			"faces": {
				"north": {"uv": [3.5, 10.5, 3.75, 10.75], "texture": "#0"},
				"east": {"uv": [3.75, 10.5, 4, 10.75], "texture": "#0"},
				"south": {"uv": [4, 10.5, 4.25, 10.75], "texture": "#0"},
				"west": {"uv": [4.25, 10.5, 4.5, 10.75], "texture": "#0"},
				"up": {"uv": [4.75, 10.75, 4.5, 10.5], "texture": "#0"},
				"down": {"uv": [5, 10.5, 4.75, 10.75], "texture": "#0"}
			}
		},
		{
			"from": [-5.7, -9.5, 9.1],
			"to": [-5.2, -8.3, 9.6],
			"rotation": {"angle": 0, "axis": "y", "origin": [0.77667, 1.60333, 9.26]},
			"faces": {
				"north": {"uv": [2, 10.5, 2.25, 10.75], "texture": "#0"},
				"east": {"uv": [2.25, 10.5, 2.5, 10.75], "texture": "#0"},
				"south": {"uv": [2.5, 10.5, 2.75, 10.75], "texture": "#0"},
				"west": {"uv": [2.75, 10.5, 3, 10.75], "texture": "#0"},
				"up": {"uv": [3.25, 10.75, 3, 10.5], "texture": "#0"},
				"down": {"uv": [3.5, 10.5, 3.25, 10.75], "texture": "#0"}
			}
		},
		{
			"from": [-5.7, -8.3, 9.1],
			"to": [-5.2, -7.3, 9.6],
			"rotation": {"angle": 0, "axis": "y", "origin": [0.77667, 1.60333, 9.26]},
			"faces": {
				"north": {"uv": [3.5, 10.5, 3.75, 10.75], "texture": "#0"},
				"east": {"uv": [3.75, 10.5, 4, 10.75], "texture": "#0"},
				"south": {"uv": [4, 10.5, 4.25, 10.75], "texture": "#0"},
				"west": {"uv": [4.25, 10.5, 4.5, 10.75], "texture": "#0"},
				"up": {"uv": [4.75, 10.75, 4.5, 10.5], "texture": "#0"},
				"down": {"uv": [5, 10.5, 4.75, 10.75], "texture": "#0"}
			}
		},
		{
			"from": [-5.7, -9.5, 9.7],
			"to": [-5.2, -8.3, 10.2],
			"rotation": {"angle": 0, "axis": "y", "origin": [0.77667, 1.60333, 9.26]},
			"faces": {
				"north": {"uv": [2, 10.5, 2.25, 10.75], "texture": "#0"},
				"east": {"uv": [2.25, 10.5, 2.5, 10.75], "texture": "#0"},
				"south": {"uv": [2.5, 10.5, 2.75, 10.75], "texture": "#0"},
				"west": {"uv": [2.75, 10.5, 3, 10.75], "texture": "#0"},
				"up": {"uv": [3.25, 10.75, 3, 10.5], "texture": "#0"},
				"down": {"uv": [3.5, 10.5, 3.25, 10.75], "texture": "#0"}
			}
		},
		{
			"from": [-5.7, -8.3, 9.7],
			"to": [-5.2, -7.3, 10.2],
			"rotation": {"angle": 0, "axis": "y", "origin": [0.77667, 1.60333, 9.26]},
			"faces": {
				"north": {"uv": [3.5, 10.5, 3.75, 10.75], "texture": "#0"},
				"east": {"uv": [3.75, 10.5, 4, 10.75], "texture": "#0"},
				"south": {"uv": [4, 10.5, 4.25, 10.75], "texture": "#0"},
				"west": {"uv": [4.25, 10.5, 4.5, 10.75], "texture": "#0"},
				"up": {"uv": [4.75, 10.75, 4.5, 10.5], "texture": "#0"},
				"down": {"uv": [5, 10.5, 4.75, 10.75], "texture": "#0"}
			}
		},
		{
			"from": [-4.6, -8.4, 8.2],
			"to": [-4, -7, 8.7],
			"rotation": {"angle": 0, "axis": "y", "origin": [0.77667, 1.60333, 9.26]},
			"faces": {
				"north": {"uv": [0.25, 10.5, 0.5, 10.75], "texture": "#0"},
				"east": {"uv": [0.5, 10.5, 0.75, 10.75], "texture": "#0"},
				"south": {"uv": [1, 10.5, 1.25, 10.75], "texture": "#0"},
				"west": {"uv": [1.25, 10.5, 1.5, 10.75], "texture": "#0"},
				"up": {"uv": [1.75, 10.75, 1.5, 10.5], "texture": "#0"},
				"down": {"uv": [2, 10.5, 1.75, 10.75], "texture": "#0"}
			}
		},
		{
			"from": [11.4, 17.5, 8.3],
			"to": [14, 19.4, 10.3],
			"rotation": {"angle": 0, "axis": "y", "origin": [15.22333, 1.60333, 9.26]},
			"faces": {
				"north": {"uv": [3.5, 10, 3, 10.5], "texture": "#0"},
				"east": {"uv": [8.75, 10, 8.25, 10.5], "texture": "#0"},
				"south": {"uv": [8.25, 10, 7.75, 10.5], "texture": "#0"},
				"west": {"uv": [4.5, 10, 4, 10.5], "texture": "#0"},
				"up": {"uv": [8.75, 10.5, 9.25, 10], "texture": "#0"},
				"down": {"uv": [9.25, 10, 9.75, 10.5], "texture": "#0"}
			}
		},
		{
			"from": [11.4, 19.4, 8.3],
			"to": [14, 21.7, 10.3],
			"rotation": {"angle": 0, "axis": "y", "origin": [15.22333, 1.60333, 9.26]},
			"faces": {
				"north": {"uv": [10.25, 5.25, 9.5, 5.75], "texture": "#0"},
				"east": {"uv": [3, 10, 2.5, 10.5], "texture": "#0"},
				"south": {"uv": [10.25, 7.75, 9.5, 8.25], "texture": "#0"},
				"west": {"uv": [7.25, 9.75, 6.75, 10.25], "texture": "#0"},
				"up": {"uv": [1, 10.25, 1.75, 9.75], "texture": "#0"},
				"down": {"uv": [1.75, 9.75, 2.5, 10.25], "texture": "#0"}
			}
		},
		{
			"from": [11.4, 21.7, 8.3],
			"to": [13.2, 22.2, 10.3],
			"rotation": {"angle": 0, "axis": "y", "origin": [15.22333, 1.60333, 9.26]},
			"faces": {
				"north": {"uv": [10.75, 3, 10.25, 3.25], "texture": "#0"},
				"east": {"uv": [10.75, 3.75, 10.25, 4], "texture": "#0"},
				"south": {"uv": [10.75, 3.5, 10.25, 3.75], "texture": "#0"},
				"west": {"uv": [10.75, 3.25, 10.25, 3.5], "texture": "#0"},
				"up": {"uv": [3.5, 10.25, 4, 9.75], "texture": "#0"},
				"down": {"uv": [5, 9.75, 5.5, 10.25], "texture": "#0"}
			}
		},
		{
			"from": [11.4, 19.7, 7.7],
			"to": [12.6, 22.1, 10.8],
			"rotation": {"angle": 0, "axis": "y", "origin": [15.22333, 1.60333, 9.26]},
			"faces": {
				"north": {"uv": [7.75, 10.25, 7.5, 10.75], "texture": "#0"},
				"east": {"uv": [10.25, 4, 9.5, 4.5], "texture": "#0"},
				"south": {"uv": [10.5, 10.25, 10.25, 10.75], "texture": "#0"},
				"west": {"uv": [10.25, 3.5, 9.5, 4], "texture": "#0"},
				"up": {"uv": [5.5, 10.5, 5.75, 9.75], "texture": "#0"},
				"down": {"uv": [0.75, 10.25, 1, 11], "texture": "#0"}
			}
		},
		{
			"from": [12.8, 14.3, 8.3],
			"to": [14.8, 17.5, 10.3],
			"rotation": {"angle": 0, "axis": "y", "origin": [15.22333, 1.60333, 9.26]},
			"faces": {
				"north": {"uv": [7.25, 3, 6.75, 4.0625], "texture": "#0"},
				"east": {"uv": [7.25, 3.4375, 6.75, 4.5], "texture": "#0"},
				"south": {"uv": [7.25, 3.4375, 6.75, 4.5], "texture": "#0"},
				"west": {"uv": [7.25, 3.4375, 6.75, 4.5], "texture": "#0"},
				"up": {"uv": [9.75, 10.5, 10.25, 10], "texture": "#0"},
				"down": {"uv": [10, 0.75, 10.5, 1.25], "texture": "#0"}
			}
		},
		{
			"from": [13.6, 11.1, 8.3],
			"to": [15.6, 14.3, 10.3],
			"rotation": {"angle": 0, "axis": "y", "origin": [15.22333, 1.60333, 9.26]},
			"faces": {
				"north": {"uv": [7.25, 3.4375, 6.75, 4.5], "texture": "#0"},
				"east": {"uv": [7.25, 3.4375, 6.75, 4.5], "texture": "#0"},
				"south": {"uv": [7.25, 3.4375, 6.75, 4.5], "texture": "#0"},
				"west": {"uv": [7.25, 3.4375, 6.75, 4.5], "texture": "#0"},
				"up": {"uv": [9.75, 10.5, 10.25, 10], "texture": "#0"},
				"down": {"uv": [10, 0.75, 10.5, 1.25], "texture": "#0"}
			}
		},
		{
			"from": [14.4, 7.9, 8.3],
			"to": [16.4, 11.1, 10.3],
			"rotation": {"angle": 0, "axis": "y", "origin": [15.22333, 1.60333, 9.26]},
			"faces": {
				"north": {"uv": [7.25, 3.4375, 6.75, 4.5], "texture": "#0"},
				"east": {"uv": [7.25, 3.4375, 6.75, 4.5], "texture": "#0"},
				"south": {"uv": [7.25, 3.4375, 6.75, 4.5], "texture": "#0"},
				"west": {"uv": [7.25, 3.4375, 6.75, 4.5], "texture": "#0"},
				"up": {"uv": [9.75, 10.5, 10.25, 10], "texture": "#0"},
				"down": {"uv": [10, 0.75, 10.5, 1.25], "texture": "#0"}
			}
		},
		{
			"from": [15.2, 4.7, 8.3],
			"to": [17.2, 7.9, 10.3],
			"rotation": {"angle": 0, "axis": "y", "origin": [15.22333, 1.60333, 9.26]},
			"faces": {
				"north": {"uv": [7.25, 3.4375, 6.75, 4.5], "texture": "#0"},
				"east": {"uv": [7.25, 3.4375, 6.75, 4.5], "texture": "#0"},
				"south": {"uv": [7.25, 3.4375, 6.75, 4.5], "texture": "#0"},
				"west": {"uv": [7.25, 3.4375, 6.75, 4.5], "texture": "#0"},
				"up": {"uv": [9.75, 10.5, 10.25, 10], "texture": "#0"},
				"down": {"uv": [10, 0.75, 10.5, 1.25], "texture": "#0"}
			}
		},
		{
			"from": [16, 1.5, 8.3],
			"to": [18, 4.7, 10.3],
			"rotation": {"angle": 0, "axis": "y", "origin": [15.22333, 1.60333, 9.26]},
			"faces": {
				"north": {"uv": [7.25, 3.4375, 6.75, 4.5], "texture": "#0"},
				"east": {"uv": [7.25, 3.4375, 6.75, 4.5], "texture": "#0"},
				"south": {"uv": [7.25, 3.4375, 6.75, 4.5], "texture": "#0"},
				"west": {"uv": [7.25, 3.4375, 6.75, 4.5], "texture": "#0"},
				"up": {"uv": [9.75, 10.5, 10.25, 10], "texture": "#0"},
				"down": {"uv": [10, 0.75, 10.5, 1.25], "texture": "#0"}
			}
		},
		{
			"from": [16.8, -1.7, 8.3],
			"to": [18.8, 1.5, 10.3],
			"rotation": {"angle": 0, "axis": "y", "origin": [15.22333, 1.60333, 9.26]},
			"faces": {
				"north": {"uv": [7.25, 3.4375, 6.75, 4.5], "texture": "#0"},
				"east": {"uv": [7.25, 3.4375, 6.75, 4.5], "texture": "#0"},
				"south": {"uv": [7.25, 3.4375, 6.75, 4.5], "texture": "#0"},
				"west": {"uv": [7.25, 3.4375, 6.75, 4.5], "texture": "#0"},
				"up": {"uv": [9.75, 10.5, 10.25, 10], "texture": "#0"},
				"down": {"uv": [10, 0.75, 10.5, 1.25], "texture": "#0"}
			}
		},
		{
			"from": [17.6, -5.6, 8.3],
			"to": [19.6, -1.7, 10.3],
			"rotation": {"angle": 0, "axis": "y", "origin": [15.22333, 1.60333, 9.26]},
			"faces": {
				"north": {"uv": [7.25, 2.9375, 6.75, 3.375], "rotation": 180, "texture": "#0"},
				"east": {"uv": [7.25, 2.9375, 6.75, 3.375], "rotation": 180, "texture": "#0"},
				"south": {"uv": [7.25, 2.9375, 6.75, 3.375], "rotation": 180, "texture": "#0"},
				"west": {"uv": [7.25, 2.9375, 6.75, 3.375], "rotation": 180, "texture": "#0"},
				"up": {"uv": [9.75, 10.5, 10.25, 10], "texture": "#0"},
				"down": {"uv": [10.5, 2.25, 10, 2.75], "texture": "#0"}
			}
		},
		{
			"from": [17.7, -6.4, 8.4],
			"to": [19.5, -5.6, 10.2],
			"rotation": {"angle": 0, "axis": "y", "origin": [15.22333, 1.60333, 9.26]},
			"faces": {
				"north": {"uv": [10.75, 4, 10.25, 4.25], "texture": "#0"},
				"east": {"uv": [10.75, 5.5, 10.25, 5.75], "texture": "#0"},
				"south": {"uv": [10.75, 4, 10.25, 4.25], "texture": "#0"},
				"west": {"uv": [10.75, 5.5, 10.25, 5.75], "texture": "#0"},
				"up": {"uv": [10, 7, 10.5, 6.5], "texture": "#0"},
				"down": {"uv": [10.75, 5.5, 10.25, 5.75], "texture": "#0"}
			}
		},
		{
			"from": [17.8, -7.4, 8.4],
			"to": [19.5, -6.4, 10.2],
			"rotation": {"angle": 0, "axis": "y", "origin": [15.22333, 1.60333, 9.26]},
			"faces": {
				"north": {"uv": [10.75, 4, 10.25, 4.25], "texture": "#0"},
				"east": {"uv": [10.75, 5.5, 10.25, 5.75], "texture": "#0"},
				"south": {"uv": [10.75, 4, 10.25, 4.25], "texture": "#0"},
				"west": {"uv": [10.75, 5.5, 10.25, 5.75], "texture": "#0"},
				"up": {"uv": [10, 7, 10.5, 6.5], "texture": "#0"},
				"down": {"uv": [10.75, 5.5, 10.25, 5.75], "texture": "#0"}
			}
		},
		{
			"from": [19.1, -9.5, 8.5],
			"to": [19.6, -8.3, 9],
			"rotation": {"angle": 0, "axis": "y", "origin": [15.22333, 1.60333, 9.26]},
			"faces": {
				"north": {"uv": [2.25, 10.5, 2, 10.75], "texture": "#0"},
				"east": {"uv": [3, 10.5, 2.75, 10.75], "texture": "#0"},
				"south": {"uv": [2.75, 10.5, 2.5, 10.75], "texture": "#0"},
				"west": {"uv": [2.5, 10.5, 2.25, 10.75], "texture": "#0"},
				"up": {"uv": [3, 10.75, 3.25, 10.5], "texture": "#0"},
				"down": {"uv": [3.25, 10.5, 3.5, 10.75], "texture": "#0"}
			}
		},
		{
			"from": [19.1, -8.3, 8.5],
			"to": [19.6, -7.3, 9],
			"rotation": {"angle": 0, "axis": "y", "origin": [15.22333, 1.60333, 9.26]},
			"faces": {
				"north": {"uv": [3.75, 10.5, 3.5, 10.75], "texture": "#0"},
				"east": {"uv": [4.5, 10.5, 4.25, 10.75], "texture": "#0"},
				"south": {"uv": [4.25, 10.5, 4, 10.75], "texture": "#0"},
				"west": {"uv": [4, 10.5, 3.75, 10.75], "texture": "#0"},
				"up": {"uv": [4.5, 10.75, 4.75, 10.5], "texture": "#0"},
				"down": {"uv": [4.75, 10.5, 5, 10.75], "texture": "#0"}
			}
		},
		{
			"from": [19.1, -9.5, 9.1],
			"to": [19.6, -8.3, 9.6],
			"rotation": {"angle": 0, "axis": "y", "origin": [15.22333, 1.60333, 9.26]},
			"faces": {
				"north": {"uv": [2.25, 10.5, 2, 10.75], "texture": "#0"},
				"east": {"uv": [3, 10.5, 2.75, 10.75], "texture": "#0"},
				"south": {"uv": [2.75, 10.5, 2.5, 10.75], "texture": "#0"},
				"west": {"uv": [2.5, 10.5, 2.25, 10.75], "texture": "#0"},
				"up": {"uv": [3, 10.75, 3.25, 10.5], "texture": "#0"},
				"down": {"uv": [3.25, 10.5, 3.5, 10.75], "texture": "#0"}
			}
		},
		{
			"from": [19.1, -8.3, 9.1],
			"to": [19.6, -7.3, 9.6],
			"rotation": {"angle": 0, "axis": "y", "origin": [15.22333, 1.60333, 9.26]},
			"faces": {
				"north": {"uv": [3.75, 10.5, 3.5, 10.75], "texture": "#0"},
				"east": {"uv": [4.5, 10.5, 4.25, 10.75], "texture": "#0"},
				"south": {"uv": [4.25, 10.5, 4, 10.75], "texture": "#0"},
				"west": {"uv": [4, 10.5, 3.75, 10.75], "texture": "#0"},
				"up": {"uv": [4.5, 10.75, 4.75, 10.5], "texture": "#0"},
				"down": {"uv": [4.75, 10.5, 5, 10.75], "texture": "#0"}
			}
		},
		{
			"from": [19.1, -9.5, 9.7],
			"to": [19.6, -8.3, 10.2],
			"rotation": {"angle": 0, "axis": "y", "origin": [15.22333, 1.60333, 9.26]},
			"faces": {
				"north": {"uv": [2.25, 10.5, 2, 10.75], "texture": "#0"},
				"east": {"uv": [3, 10.5, 2.75, 10.75], "texture": "#0"},
				"south": {"uv": [2.75, 10.5, 2.5, 10.75], "texture": "#0"},
				"west": {"uv": [2.5, 10.5, 2.25, 10.75], "texture": "#0"},
				"up": {"uv": [3, 10.75, 3.25, 10.5], "texture": "#0"},
				"down": {"uv": [3.25, 10.5, 3.5, 10.75], "texture": "#0"}
			}
		},
		{
			"from": [19.1, -8.3, 9.7],
			"to": [19.6, -7.3, 10.2],
			"rotation": {"angle": 0, "axis": "y", "origin": [15.22333, 1.60333, 9.26]},
			"faces": {
				"north": {"uv": [3.75, 10.5, 3.5, 10.75], "texture": "#0"},
				"east": {"uv": [4.5, 10.5, 4.25, 10.75], "texture": "#0"},
				"south": {"uv": [4.25, 10.5, 4, 10.75], "texture": "#0"},
				"west": {"uv": [4, 10.5, 3.75, 10.75], "texture": "#0"},
				"up": {"uv": [4.5, 10.75, 4.75, 10.5], "texture": "#0"},
				"down": {"uv": [4.75, 10.5, 5, 10.75], "texture": "#0"}
			}
		},
		{
			"from": [17.9, -8.4, 8.2],
			"to": [18.5, -7, 8.7],
			"rotation": {"angle": 0, "axis": "y", "origin": [15.22333, 1.60333, 9.26]},
			"faces": {
				"north": {"uv": [0.5, 10.5, 0.25, 10.75], "texture": "#0"},
				"east": {"uv": [1.5, 10.5, 1.25, 10.75], "texture": "#0"},
				"south": {"uv": [1.25, 10.5, 1, 10.75], "texture": "#0"},
				"west": {"uv": [0.75, 10.5, 0.5, 10.75], "texture": "#0"},
				"up": {"uv": [1.5, 10.75, 1.75, 10.5], "texture": "#0"},
				"down": {"uv": [1.75, 10.5, 2, 10.75], "texture": "#0"}
			}
		}
	],
	"display": {
		"head": {
			"translation": [1.5, -4.5, -2.25],
			"scale": [1.73633, 1.67188, 1.92188]
		}
	},
	"groups": [
		{
			"name": "group",
			"origin": [16.1, 33.5, 22],
			"children": [
				{
					"name": "pierna1",
					"origin": [14.4, 9.2, 15],
					"children": [0, 1,
						{
							"name": "pierna2",
							"origin": [12, -6.5, 15],
							"children": [2,
								{
									"name": "zapato",
									"origin": [12, -7, 15],
									"children": [3, 4, 5, 6, 7]
								}
							]
						}
					]
				},
				{
					"name": "pierna2",
					"origin": [14.4, 9.2, 15],
					"children": [8, 9,
						{
							"name": "pierna2",
							"origin": [12, -6.5, 15],
							"children": [10,
								{
									"name": "zapato",
									"origin": [12, -7, 15],
									"children": [11, 12, 13, 14, 15]
								}
							]
						}
					]
				},
				{
					"name": "cuerpo",
					"origin": [12, 30.9, 15],
					"children": [16,
						{
							"name": "cuerpo2",
							"origin": [12, 30.9, 15],
							"children": [17,
								{
									"name": "cuerpo3",
									"origin": [12, 30.9, 15],
									"children": [18,
										{
											"name": "cuerpo4",
											"origin": [12, 30.9, 15],
											"children": [19, 20, 21]
										}
									]
								}
							]
						}
					]
				},
				{
					"name": "cabeza",
					"origin": [12.4, 33, 15],
					"children": [22,
						{
							"name": "cabeza2",
							"origin": [12.4, 33, 15],
							"children": [
								{
									"name": "boca1",
									"origin": [12.4, 37.7, 15],
									"children": [23, 24, 25, 26, 27, 28]
								},
								{
									"name": "boca2",
									"origin": [12.4, 33, 15],
									"children": [29, 30, 31, 32, 33]
								}
							]
						}
					]
				},
				{
					"name": "brazo1",
					"origin": [3, 25.2, 15],
					"children": [34, 35, 36, 37,
						{
							"name": "brazo2",
							"origin": [2.6, 20.9, 14.9],
							"children": [38, 39, 40, 41, 42, 43, 44,
								{
									"name": "brazo3",
									"origin": [2.6, 10.3, 14.9],
									"children": [
										{
											"name": "mano",
											"origin": [2.6, 0, 15],
											"children": [45, 46,
												{
													"name": "dedo1",
													"origin": [2.2, -1.7, 15],
													"children": [47, 48]
												},
												{
													"name": "dedo2",
													"origin": [2.2, -1.7, 15.6],
													"children": [49, 50]
												},
												{
													"name": "dedo3",
													"origin": [2.2, -1.7, 16.2],
													"children": [51, 52]
												},
												{
													"name": "pulgar",
													"origin": [3.3, -1.4, 13.4],
													"children": [53]
												}
											]
										}
									]
								}
							]
						}
					]
				},
				{
					"name": "brazo1",
					"origin": [3, 25.2, 15],
					"children": [54, 55, 56, 57,
						{
							"name": "brazo2",
							"origin": [2.6, 20.9, 14.9],
							"children": [58, 59, 60, 61, 62, 63, 64,
								{
									"name": "brazo3",
									"origin": [2.6, 10.3, 14.9],
									"children": [
										{
											"name": "mano",
											"origin": [2.6, 0, 15],
											"children": [65, 66,
												{
													"name": "dedo1",
													"origin": [2.2, -1.7, 15],
													"children": [67, 68]
												},
												{
													"name": "dedo2",
													"origin": [2.2, -1.7, 15.6],
													"children": [69, 70]
												},
												{
													"name": "dedo3",
													"origin": [2.2, -1.7, 16.2],
													"children": [71, 72]
												},
												{
													"name": "pulgar",
													"origin": [3.3, -1.4, 13.4],
													"children": [73]
												}
											]
										}
									]
								}
							]
						}
					]
				}
			]
		}
	]
}