{
	"credit": "Made with Blockbench",
	"texture_size": [64, 64],
	"textures": {
		"0": "6dt2_custom/6dt2_slenderman/6dt2_slenderman",
		"particle": "6dt2_custom/6dt2_slenderman/6dt2_slenderman"
	},
	"elements": [
		{
			"from": [6.382, 10.994, 12.496],
			"to": [7.966, 16.736, 14.74],
			"rotation": {"angle": 0, "axis": "y", "origin": [11.794, 17.462, 17.38]},
			"faces": {
				"north": {"uv": [6.75, 7.5, 7.25, 9.75], "texture": "#0"},
				"east": {"uv": [3, 5.5, 3.75, 7.75], "texture": "#0"},
				"south": {"uv": [4.5, 8.25, 5, 10.5], "texture": "#0"},
				"west": {"uv": [3.75, 5.5, 4.5, 7.75], "texture": "#0"},
				"up": {"uv": [10, 1.5, 9.5, 0.75], "texture": "#0"},
				"down": {"uv": [10, 2.25, 9.5, 3], "texture": "#0"}
			}
		},
		{
			"from": [7.966, 14.294, 12.496],
			"to": [8.296, 16.736, 14.74],
			"rotation": {"angle": 0, "axis": "y", "origin": [13.378, 17.462, 17.38]},
			"faces": {
				"north": {"uv": [1.5, 6, 1.75, 7], "texture": "#0"},
				"east": {"uv": [5.75, 8.5, 6.5, 9.5], "texture": "#0"},
				"south": {"uv": [6.5, 0, 6.75, 1], "texture": "#0"},
				"west": {"uv": [7.25, 8.5, 8, 9.5], "texture": "#0"},
				"up": {"uv": [6.75, 1.75, 6.5, 1], "texture": "#0"},
				"down": {"uv": [6.75, 3, 6.5, 3.75], "texture": "#0"}
			}
		},
		{
			"from": [6.514, 1.82, 12.628],
			"to": [7.834, 10.994, 14.674],
			"rotation": {"angle": 0, "axis": "y", "origin": [11.794, 7.1, 17.38]},
			"faces": {
				"north": {"uv": [0.75, 2.5, 1.25, 6], "texture": "#0"},
				"east": {"uv": [2.25, 2.25, 3, 5.75], "texture": "#0"},
				"south": {"uv": [1.25, 2.5, 1.75, 6], "texture": "#0"},
				"west": {"uv": [0, 2.5, 0.75, 6], "texture": "#0"},
				"up": {"uv": [6.75, 10.25, 6.25, 9.5], "texture": "#0"},
				"down": {"uv": [7.75, 9.5, 7.25, 10.25], "texture": "#0"}
			}
		},
		{
			"from": [6.778, 0.83, 11.11],
			"to": [7.57, 1.16, 11.572],
			"rotation": {"angle": 0, "axis": "y", "origin": [11.794, 6.11, 14.872]},
			"faces": {
				"north": {"uv": [4.5, 5.5, 4.75, 5.75], "texture": "#0"},
				"east": {"uv": [6.5, 1.75, 6.75, 2], "texture": "#0"},
				"south": {"uv": [6.5, 3.75, 6.75, 4], "texture": "#0"},
				"west": {"uv": [8.5, 5.25, 8.75, 5.5], "texture": "#0"},
				"up": {"uv": [6.75, 9.5, 6.5, 9.25], "texture": "#0"},
				"down": {"uv": [8, 9.5, 7.75, 9.75], "texture": "#0"}
			}
		},
		{
			"from": [6.646, 0.83, 11.572],
			"to": [7.702, 1.358, 12.1],
			"rotation": {"angle": 0, "axis": "y", "origin": [11.794, 6.11, 15.4]},
			"faces": {
				"north": {"uv": [1.75, 5.5, 2.25, 5.75], "texture": "#0"},
				"east": {"uv": [10.25, 7.75, 10.5, 8], "texture": "#0"},
				"south": {"uv": [7.25, 5.5, 7.75, 5.75], "texture": "#0"},
				"west": {"uv": [10.25, 8, 10.5, 8.25], "texture": "#0"},
				"up": {"uv": [5.5, 8.5, 5, 8.25], "texture": "#0"},
				"down": {"uv": [9.5, 2.25, 9, 2.5], "texture": "#0"}
			}
		},
		{
			"from": [6.514, 0.83, 12.1],
			"to": [7.834, 1.49, 14.74],
			"rotation": {"angle": 0, "axis": "y", "origin": [11.794, 6.11, 17.38]},
			"faces": {
				"north": {"uv": [1, 10.25, 1.5, 10.5], "texture": "#0"},
				"east": {"uv": [9.5, 4.5, 10.5, 4.75], "texture": "#0"},
				"south": {"uv": [1.5, 10.25, 2, 10.5], "texture": "#0"},
				"west": {"uv": [9.5, 5.75, 10.5, 6], "texture": "#0"},
				"up": {"uv": [4.5, 10, 4, 9], "texture": "#0"},
				"down": {"uv": [9.5, 0.75, 9, 1.75], "texture": "#0"}
			}
		},
		{
			"from": [6.646, 0.83, 14.74],
			"to": [7.702, 1.292, 15.004],
			"rotation": {"angle": 0, "axis": "y", "origin": [11.794, 6.11, 19.36]},
			"faces": {
				"north": {"uv": [2, 10.25, 2.5, 10.5], "texture": "#0"},
				"east": {"uv": [10.25, 8.25, 10.5, 8.5], "texture": "#0"},
				"south": {"uv": [3.5, 10.25, 4, 10.5], "texture": "#0"},
				"west": {"uv": [10.25, 8.5, 10.5, 8.75], "texture": "#0"},
				"up": {"uv": [5.5, 10.5, 5, 10.25], "texture": "#0"},
				"down": {"uv": [6.25, 10.25, 5.75, 10.5], "texture": "#0"}
			}
		},
		{
			"from": [6.646, 1.49, 12.76],
			"to": [7.702, 1.82, 14.542],
			"rotation": {"angle": 0, "axis": "y", "origin": [11.794, 6.77, 17.38]},
			"faces": {
				"north": {"uv": [6.25, 10.25, 6.75, 10.5], "texture": "#0"},
				"east": {"uv": [2.25, 2, 3, 2.25], "texture": "#0"},
				"south": {"uv": [6.75, 10.25, 7.25, 10.5], "texture": "#0"},
				"west": {"uv": [10, 1.25, 10.75, 1.5], "texture": "#0"},
				"up": {"uv": [3, 7.75, 2.5, 7], "texture": "#0"},
				"down": {"uv": [6.25, 9.5, 5.75, 10.25], "texture": "#0"}
			}
		},
		{
			"from": [9.154, 10.994, 12.496],
			"to": [10.738, 16.736, 14.74],
			"rotation": {"angle": 0, "axis": "y", "origin": [9.82638, 5.219, 13.25088]},
			"faces": {
				"north": {"uv": [7.25, 7.5, 6.75, 9.75], "texture": "#0"},
				"east": {"uv": [4.5, 5.5, 3.75, 7.75], "texture": "#0"},
				"south": {"uv": [5, 8.25, 4.5, 10.5], "texture": "#0"},
				"west": {"uv": [3.75, 5.5, 3, 7.75], "texture": "#0"},
				"up": {"uv": [9.5, 1.5, 10, 0.75], "texture": "#0"},
				"down": {"uv": [9.5, 2.25, 10, 3], "texture": "#0"}
			}
		},
		{
			"from": [8.824, 14.294, 12.496],
			"to": [9.154, 16.736, 14.74],
			"rotation": {"angle": 0, "axis": "y", "origin": [9.82638, 5.219, 13.25088]},
			"faces": {
				"north": {"uv": [1.75, 6, 1.5, 7], "texture": "#0"},
				"east": {"uv": [8, 8.5, 7.25, 9.5], "texture": "#0"},
				"south": {"uv": [6.75, 0, 6.5, 1], "texture": "#0"},
				"west": {"uv": [6.5, 8.5, 5.75, 9.5], "texture": "#0"},
				"up": {"uv": [6.5, 1.75, 6.75, 1], "texture": "#0"},
				"down": {"uv": [6.5, 3, 6.75, 3.75], "texture": "#0"}
			}
		},
		{
			"from": [9.286, 1.82, 12.628],
			"to": [10.606, 10.994, 14.674],
			"rotation": {"angle": 0, "axis": "y", "origin": [9.82638, 5.219, 13.25088]},
			"faces": {
				"north": {"uv": [1.25, 2.5, 0.75, 6], "texture": "#0"},
				"east": {"uv": [0.75, 2.5, 0, 6], "texture": "#0"},
				"south": {"uv": [1.75, 2.5, 1.25, 6], "texture": "#0"},
				"west": {"uv": [3, 2.25, 2.25, 5.75], "texture": "#0"},
				"up": {"uv": [6.25, 10.25, 6.75, 9.5], "texture": "#0"},
				"down": {"uv": [7.25, 9.5, 7.75, 10.25], "texture": "#0"}
			}
		},
		{
			"from": [9.55, 0.83, 11.11],
			"to": [10.342, 1.16, 11.572],
			"rotation": {"angle": 0, "axis": "y", "origin": [9.82638, 5.219, 13.25088]},
			"faces": {
				"north": {"uv": [4.75, 5.5, 4.5, 5.75], "texture": "#0"},
				"east": {"uv": [8.75, 5.25, 8.5, 5.5], "texture": "#0"},
				"south": {"uv": [6.75, 3.75, 6.5, 4], "texture": "#0"},
				"west": {"uv": [6.75, 1.75, 6.5, 2], "texture": "#0"},
				"up": {"uv": [6.5, 9.5, 6.75, 9.25], "texture": "#0"},
				"down": {"uv": [7.75, 9.5, 8, 9.75], "texture": "#0"}
			}
		},
		{
			"from": [9.418, 0.83, 11.572],
			"to": [10.474, 1.358, 12.1],
			"rotation": {"angle": 0, "axis": "y", "origin": [9.82638, 5.219, 13.25088]},
			"faces": {
				"north": {"uv": [2.25, 5.5, 1.75, 5.75], "texture": "#0"},
				"east": {"uv": [10.5, 8, 10.25, 8.25], "texture": "#0"},
				"south": {"uv": [7.75, 5.5, 7.25, 5.75], "texture": "#0"},
				"west": {"uv": [10.5, 7.75, 10.25, 8], "texture": "#0"},
				"up": {"uv": [5, 8.5, 5.5, 8.25], "texture": "#0"},
				"down": {"uv": [9, 2.25, 9.5, 2.5], "texture": "#0"}
			}
		},
		{
			"from": [9.286, 0.83, 12.1],
			"to": [10.606, 1.49, 14.74],
			"rotation": {"angle": 0, "axis": "y", "origin": [9.82638, 5.219, 13.25088]},
			"faces": {
				"north": {"uv": [1.5, 10.25, 1, 10.5], "texture": "#0"},
				"east": {"uv": [10.5, 5.75, 9.5, 6], "texture": "#0"},
				"south": {"uv": [2, 10.25, 1.5, 10.5], "texture": "#0"},
				"west": {"uv": [10.5, 4.5, 9.5, 4.75], "texture": "#0"},
				"up": {"uv": [4, 10, 4.5, 9], "texture": "#0"},
				"down": {"uv": [9, 0.75, 9.5, 1.75], "texture": "#0"}
			}
		},
		{
			"from": [9.418, 0.83, 14.74],
			"to": [10.474, 1.292, 15.004],
			"rotation": {"angle": 0, "axis": "y", "origin": [9.82638, 5.219, 13.25088]},
			"faces": {
				"north": {"uv": [2.5, 10.25, 2, 10.5], "texture": "#0"},
				"east": {"uv": [10.5, 8.5, 10.25, 8.75], "texture": "#0"},
				"south": {"uv": [4, 10.25, 3.5, 10.5], "texture": "#0"},
				"west": {"uv": [10.5, 8.25, 10.25, 8.5], "texture": "#0"},
				"up": {"uv": [5, 10.5, 5.5, 10.25], "texture": "#0"},
				"down": {"uv": [5.75, 10.25, 6.25, 10.5], "texture": "#0"}
			}
		},
		{
			"from": [9.418, 1.49, 12.76],
			"to": [10.474, 1.82, 14.542],
			"rotation": {"angle": 0, "axis": "y", "origin": [9.82638, 5.219, 13.25088]},
			"faces": {
				"north": {"uv": [6.75, 10.25, 6.25, 10.5], "texture": "#0"},
				"east": {"uv": [10.75, 1.25, 10, 1.5], "texture": "#0"},
				"south": {"uv": [7.25, 10.25, 6.75, 10.5], "texture": "#0"},
				"west": {"uv": [3, 2, 2.25, 2.25], "texture": "#0"},
				"up": {"uv": [2.5, 7.75, 3, 7], "texture": "#0"},
				"down": {"uv": [5.75, 9.5, 6.25, 10.25], "texture": "#0"}
			}
		},
		{
			"from": [8.296, 15.68, 12.496],
			"to": [8.758, 16.736, 14.74],
			"rotation": {"angle": 0, "axis": "y", "origin": [13.708, 17.462, 17.38]},
			"faces": {
				"north": {"uv": [5.5, 7, 5.75, 7.5], "texture": "#0"},
				"east": {"uv": [9.25, 8.75, 10, 9.25], "texture": "#0"},
				"south": {"uv": [7.25, 10.25, 7.5, 10.75], "texture": "#0"},
				"west": {"uv": [9.5, 3, 10.25, 3.5], "texture": "#0"},
				"up": {"uv": [6.75, 9.25, 6.5, 8.5], "texture": "#0"},
				"down": {"uv": [8.25, 8.5, 8, 9.25], "texture": "#0"}
			}
		},
		{
			"from": [6.118, 16.736, 12.298],
			"to": [10.936, 20.234, 14.938],
			"rotation": {"angle": 0, "axis": "y", "origin": [11.794, 22.016, 17.38]},
			"faces": {
				"north": {"uv": [3, 3, 4.75, 4.25], "texture": "#0"},
				"east": {"uv": [4.5, 7, 5.5, 8.25], "texture": "#0"},
				"south": {"uv": [3, 4.25, 4.75, 5.5], "texture": "#0"},
				"west": {"uv": [7.25, 7.25, 8.25, 8.5], "texture": "#0"},
				"up": {"uv": [6.5, 4, 4.75, 3], "texture": "#0"},
				"down": {"uv": [6.75, 2, 5, 3], "texture": "#0"}
			}
		},
		{
			"from": [5.854, 20.234, 12.298],
			"to": [11.2, 22.544, 14.938],
			"rotation": {"angle": 0, "axis": "y", "origin": [11.794, 25.514, 17.38]},
			"faces": {
				"north": {"uv": [4.75, 4, 6.75, 4.75], "texture": "#0"},
				"east": {"uv": [7.25, 6.5, 8.25, 7.25], "texture": "#0"},
				"south": {"uv": [5.75, 5.75, 7.75, 6.5], "texture": "#0"},
				"west": {"uv": [8.5, 2.5, 9.5, 3.25], "texture": "#0"},
				"up": {"uv": [5, 3, 3, 2], "texture": "#0"},
				"down": {"uv": [6.5, 0, 4.5, 1], "texture": "#0"}
			}
		},
		{
			"from": [5.524, 22.544, 12.298],
			"to": [11.464, 26.042, 14.938],
			"rotation": {"angle": 0, "axis": "y", "origin": [11.794, 27.824, 17.38]},
			"faces": {
				"north": {"uv": [0, 0, 2.25, 1.25], "texture": "#0"},
				"east": {"uv": [7.25, 0, 8.25, 1.25], "texture": "#0"},
				"south": {"uv": [0, 1.25, 2.25, 2.5], "texture": "#0"},
				"west": {"uv": [7.25, 1.25, 8.25, 2.5], "texture": "#0"},
				"up": {"uv": [4.5, 1, 2.25, 0], "texture": "#0"},
				"down": {"uv": [4.5, 1, 2.25, 2], "texture": "#0"}
			}
		},
		{
			"from": [5.788, 26.042, 12.298],
			"to": [11.2, 26.504, 14.938],
			"rotation": {"angle": 0, "axis": "y", "origin": [11.794, 31.322, 17.38]},
			"faces": {
				"north": {"uv": [8.75, 6, 10.75, 6.25], "texture": "#0"},
				"east": {"uv": [2.5, 9.75, 3.5, 10], "texture": "#0"},
				"south": {"uv": [8.75, 6.25, 10.75, 6.5], "texture": "#0"},
				"west": {"uv": [7.75, 9.75, 8.75, 10], "texture": "#0"},
				"up": {"uv": [6.5, 2, 4.5, 1], "texture": "#0"},
				"down": {"uv": [6.75, 4.75, 4.75, 5.75], "texture": "#0"}
			}
		},
		{
			"from": [6.514, 26.504, 12.298],
			"to": [10.408, 26.834, 14.938],
			"rotation": {"angle": 0, "axis": "y", "origin": [11.794, 31.784, 17.38]},
			"faces": {
				"north": {"uv": [9, 7.5, 10.5, 7.75], "texture": "#0"},
				"east": {"uv": [8.75, 9.75, 9.75, 10], "texture": "#0"},
				"south": {"uv": [9.5, 1.5, 11, 1.75], "texture": "#0"},
				"west": {"uv": [9.75, 9.75, 10.75, 10], "texture": "#0"},
				"up": {"uv": [1.5, 7, 0, 6], "texture": "#0"},
				"down": {"uv": [7.25, 6.5, 5.75, 7.5], "texture": "#0"}
			}
		},
		{
			"from": [5.88426, 27.67265, 15],
			"to": [8.38426, 29.27265, 16.6],
			"rotation": {"angle": -22.5, "axis": "z", "origin": [-2.86574, 28.47265, 15.8]},
			"faces": {
				"north": {"uv": [8.1875, 6.5, 9, 7.75], "rotation": 90, "texture": "#0"},
				"east": {"uv": [8.1875, 6.5, 9, 7.75], "rotation": 90, "texture": "#0"},
				"south": {"uv": [8.1875, 6.5, 9, 7.75], "rotation": 90, "texture": "#0"},
				"west": {"uv": [8.1875, 6.5, 9, 7.75], "rotation": 90, "texture": "#0"},
				"up": {"uv": [8.1875, 6.5, 9, 7.75], "rotation": 90, "texture": "#0"},
				"down": {"uv": [8.1875, 6.5, 9, 7.75], "rotation": 90, "texture": "#0"}
			}
		},
		{
			"from": [3.38426, 27.17265, 15],
			"to": [5.88426, 28.77265, 16.6],
			"rotation": {"angle": -22.5, "axis": "z", "origin": [-2.86574, 28.47265, 15.8]},
			"faces": {
				"north": {"uv": [8.1875, 6.5, 9, 7.75], "rotation": 90, "texture": "#0"},
				"east": {"uv": [8.1875, 6.5, 9, 7.75], "rotation": 90, "texture": "#0"},
				"south": {"uv": [8.1875, 6.5, 9, 7.75], "rotation": 90, "texture": "#0"},
				"west": {"uv": [8.1875, 6.5, 9, 7.75], "rotation": 90, "texture": "#0"},
				"up": {"uv": [8.1875, 6.5, 9, 7.75], "rotation": 90, "texture": "#0"},
				"down": {"uv": [8.1875, 6.5, 9, 7.75], "rotation": 90, "texture": "#0"}
			}
		},
		{
			"from": [0.88426, 27.67265, 15],
			"to": [3.38426, 29.27265, 16.6],
			"rotation": {"angle": -22.5, "axis": "z", "origin": [-2.86574, 28.47265, 15.8]},
			"faces": {
				"north": {"uv": [8.1875, 6.5, 9, 7.75], "rotation": 90, "texture": "#0"},
				"east": {"uv": [8.1875, 6.5, 9, 7.75], "rotation": 90, "texture": "#0"},
				"south": {"uv": [8.1875, 6.5, 9, 7.75], "rotation": 90, "texture": "#0"},
				"west": {"uv": [8.1875, 6.5, 9, 7.75], "rotation": 90, "texture": "#0"},
				"up": {"uv": [8.1875, 6.5, 9, 7.75], "rotation": 90, "texture": "#0"},
				"down": {"uv": [8.1875, 6.5, 9, 7.75], "rotation": 90, "texture": "#0"}
			}
		},
		{
			"from": [-1.61574, 28.57265, 15.2],
			"to": [0.88426, 29.77265, 16.4],
			"rotation": {"angle": -22.5, "axis": "z", "origin": [-2.86574, 28.47265, 15.8]},
			"faces": {
				"north": {"uv": [8.1875, 6.5, 9, 7.75], "rotation": 90, "texture": "#0"},
				"east": {"uv": [8.1875, 6.5, 9, 7.75], "rotation": 90, "texture": "#0"},
				"south": {"uv": [8.1875, 6.5, 9, 7.75], "rotation": 90, "texture": "#0"},
				"west": {"uv": [8.1875, 6.5, 9, 7.75], "rotation": 90, "texture": "#0"},
				"up": {"uv": [8.1875, 6.5, 9, 7.75], "rotation": 90, "texture": "#0"},
				"down": {"uv": [8.1875, 6.5, 9, 7.75], "rotation": 90, "texture": "#0"}
			}
		},
		{
			"from": [-4.11574, 28.97265, 15.2],
			"to": [-1.61574, 30.17265, 16.4],
			"rotation": {"angle": -22.5, "axis": "z", "origin": [-2.86574, 28.47265, 15.8]},
			"faces": {
				"north": {"uv": [8.1875, 6.5, 9, 7.75], "rotation": 90, "texture": "#0"},
				"east": {"uv": [8.1875, 6.5, 9, 7.75], "rotation": 90, "texture": "#0"},
				"south": {"uv": [8.1875, 6.5, 9, 7.75], "rotation": 90, "texture": "#0"},
				"west": {"uv": [8.1875, 6.5, 9, 7.75], "rotation": 90, "texture": "#0"},
				"up": {"uv": [8.1875, 6.5, 9, 7.75], "rotation": 90, "texture": "#0"},
				"down": {"uv": [8.1875, 6.5, 9, 7.75], "rotation": 90, "texture": "#0"}
			}
		},
		{
			"from": [-6.61574, 29.87265, 15.4],
			"to": [-4.11574, 30.67265, 16.2],
			"rotation": {"angle": -22.5, "axis": "z", "origin": [-2.86574, 28.47265, 15.8]},
			"faces": {
				"north": {"uv": [8.1875, 6.5, 9, 7.75], "rotation": 90, "texture": "#0"},
				"east": {"uv": [8.1875, 6.5, 9, 7.75], "rotation": 90, "texture": "#0"},
				"south": {"uv": [8.1875, 6.5, 9, 7.75], "rotation": 90, "texture": "#0"},
				"west": {"uv": [8.1875, 6.5, 9, 7.75], "rotation": 90, "texture": "#0"},
				"up": {"uv": [8.1875, 6.5, 9, 7.75], "rotation": 90, "texture": "#0"},
				"down": {"uv": [8.1875, 6.5, 9, 7.75], "rotation": 90, "texture": "#0"}
			}
		},
		{
			"from": [-9.11574, 29.67265, 15.4],
			"to": [-6.61574, 30.47265, 16.2],
			"rotation": {"angle": -22.5, "axis": "z", "origin": [-2.86574, 28.47265, 15.8]},
			"faces": {
				"north": {"uv": [8.1875, 6.5, 9, 7.75], "rotation": 90, "texture": "#0"},
				"east": {"uv": [8.1875, 6.5, 9, 7.75], "rotation": 90, "texture": "#0"},
				"south": {"uv": [8.1875, 6.5, 9, 7.75], "rotation": 90, "texture": "#0"},
				"west": {"uv": [8.1875, 6.5, 9, 7.75], "rotation": 90, "texture": "#0"},
				"up": {"uv": [8.1875, 6.5, 9, 7.75], "rotation": 90, "texture": "#0"},
				"down": {"uv": [8.1875, 6.5, 9, 7.75], "rotation": 90, "texture": "#0"}
			}
		},
		{
			"from": [-11.61574, 29.67265, 15.5],
			"to": [-9.11574, 30.27265, 16.1],
			"rotation": {"angle": -22.5, "axis": "z", "origin": [-2.86574, 28.47265, 15.8]},
			"faces": {
				"north": {"uv": [8.1875, 6.5, 9, 7.75], "rotation": 90, "texture": "#0"},
				"east": {"uv": [8.1875, 6.5, 9, 7.75], "rotation": 90, "texture": "#0"},
				"south": {"uv": [8.1875, 6.5, 9, 7.75], "rotation": 90, "texture": "#0"},
				"west": {"uv": [8.1875, 6.5, 9, 7.75], "rotation": 90, "texture": "#0"},
				"up": {"uv": [8.1875, 6.5, 9, 7.75], "rotation": 90, "texture": "#0"},
				"down": {"uv": [8.1875, 6.5, 9, 7.75], "rotation": 90, "texture": "#0"}
			}
		},
		{
			"from": [-14.11574, 29.67265, 15.6],
			"to": [-11.61574, 30.07265, 16],
			"rotation": {"angle": -22.5, "axis": "z", "origin": [-2.86574, 28.47265, 15.8]},
			"faces": {
				"north": {"uv": [8.1875, 6.5, 9, 7.75], "rotation": 90, "texture": "#0"},
				"east": {"uv": [8.1875, 6.5, 9, 7.75], "rotation": 90, "texture": "#0"},
				"south": {"uv": [8.1875, 6.5, 9, 7.75], "rotation": 90, "texture": "#0"},
				"west": {"uv": [8.1875, 6.5, 9, 7.75], "rotation": 90, "texture": "#0"},
				"up": {"uv": [8.1875, 6.5, 9, 7.75], "rotation": 90, "texture": "#0"},
				"down": {"uv": [8.1875, 6.5, 9, 7.75], "rotation": 90, "texture": "#0"}
			}
		},
		{
			"from": [16.28426, 12.12735, 15],
			"to": [18.78426, 13.72735, 16.6],
			"rotation": {"angle": 22.5, "axis": "z", "origin": [-2.86574, -12.47265, 15.8]},
			"faces": {
				"north": {"uv": [9, 6.5, 8.1875, 7.75], "rotation": 90, "texture": "#0"},
				"east": {"uv": [9, 6.5, 8.1875, 7.75], "rotation": 90, "texture": "#0"},
				"south": {"uv": [9, 6.5, 8.1875, 7.75], "rotation": 90, "texture": "#0"},
				"west": {"uv": [9, 6.5, 8.1875, 7.75], "rotation": 90, "texture": "#0"},
				"up": {"uv": [9, 6.5, 8.1875, 7.75], "rotation": 90, "texture": "#0"},
				"down": {"uv": [9, 6.5, 8.1875, 7.75], "rotation": 90, "texture": "#0"}
			}
		},
		{
			"from": [13.78426, 12.62735, 15],
			"to": [16.28426, 14.22735, 16.6],
			"rotation": {"angle": 22.5, "axis": "z", "origin": [-2.86574, -12.47265, 15.8]},
			"faces": {
				"north": {"uv": [9, 6.5, 8.1875, 7.75], "rotation": 90, "texture": "#0"},
				"east": {"uv": [9, 6.5, 8.1875, 7.75], "rotation": 90, "texture": "#0"},
				"south": {"uv": [9, 6.5, 8.1875, 7.75], "rotation": 90, "texture": "#0"},
				"west": {"uv": [9, 6.5, 8.1875, 7.75], "rotation": 90, "texture": "#0"},
				"up": {"uv": [9, 6.5, 8.1875, 7.75], "rotation": 90, "texture": "#0"},
				"down": {"uv": [9, 6.5, 8.1875, 7.75], "rotation": 90, "texture": "#0"}
			}
		},
		{
			"from": [11.28426, 12.12735, 15],
			"to": [13.78426, 13.72735, 16.6],
			"rotation": {"angle": 22.5, "axis": "z", "origin": [-2.86574, -12.47265, 15.8]},
			"faces": {
				"north": {"uv": [9, 6.5, 8.1875, 7.75], "rotation": 90, "texture": "#0"},
				"east": {"uv": [9, 6.5, 8.1875, 7.75], "rotation": 90, "texture": "#0"},
				"south": {"uv": [9, 6.5, 8.1875, 7.75], "rotation": 90, "texture": "#0"},
				"west": {"uv": [9, 6.5, 8.1875, 7.75], "rotation": 90, "texture": "#0"},
				"up": {"uv": [9, 6.5, 8.1875, 7.75], "rotation": 90, "texture": "#0"},
				"down": {"uv": [9, 6.5, 8.1875, 7.75], "rotation": 90, "texture": "#0"}
			}
		},
		{
			"from": [8.78426, 11.62735, 15.2],
			"to": [11.28426, 12.82735, 16.4],
			"rotation": {"angle": 22.5, "axis": "z", "origin": [-2.86574, -12.47265, 15.8]},
			"faces": {
				"north": {"uv": [9, 6.5, 8.1875, 7.75], "rotation": 90, "texture": "#0"},
				"east": {"uv": [9, 6.5, 8.1875, 7.75], "rotation": 90, "texture": "#0"},
				"south": {"uv": [9, 6.5, 8.1875, 7.75], "rotation": 90, "texture": "#0"},
				"west": {"uv": [9, 6.5, 8.1875, 7.75], "rotation": 90, "texture": "#0"},
				"up": {"uv": [9, 6.5, 8.1875, 7.75], "rotation": 90, "texture": "#0"},
				"down": {"uv": [9, 6.5, 8.1875, 7.75], "rotation": 90, "texture": "#0"}
			}
		},
		{
			"from": [6.28426, 11.22735, 15.2],
			"to": [8.78426, 12.42735, 16.4],
			"rotation": {"angle": 22.5, "axis": "z", "origin": [-2.86574, -12.47265, 15.8]},
			"faces": {
				"north": {"uv": [9, 6.5, 8.1875, 7.75], "rotation": 90, "texture": "#0"},
				"east": {"uv": [9, 6.5, 8.1875, 7.75], "rotation": 90, "texture": "#0"},
				"south": {"uv": [9, 6.5, 8.1875, 7.75], "rotation": 90, "texture": "#0"},
				"west": {"uv": [9, 6.5, 8.1875, 7.75], "rotation": 90, "texture": "#0"},
				"up": {"uv": [9, 6.5, 8.1875, 7.75], "rotation": 90, "texture": "#0"},
				"down": {"uv": [9, 6.5, 8.1875, 7.75], "rotation": 90, "texture": "#0"}
			}
		},
		{
			"from": [3.78426, 10.72735, 15.4],
			"to": [6.28426, 11.52735, 16.2],
			"rotation": {"angle": 22.5, "axis": "z", "origin": [-2.86574, -12.47265, 15.8]},
			"faces": {
				"north": {"uv": [9, 6.5, 8.1875, 7.75], "rotation": 90, "texture": "#0"},
				"east": {"uv": [9, 6.5, 8.1875, 7.75], "rotation": 90, "texture": "#0"},
				"south": {"uv": [9, 6.5, 8.1875, 7.75], "rotation": 90, "texture": "#0"},
				"west": {"uv": [9, 6.5, 8.1875, 7.75], "rotation": 90, "texture": "#0"},
				"up": {"uv": [9, 6.5, 8.1875, 7.75], "rotation": 90, "texture": "#0"},
				"down": {"uv": [9, 6.5, 8.1875, 7.75], "rotation": 90, "texture": "#0"}
			}
		},
		{
			"from": [1.28426, 10.92735, 15.4],
			"to": [3.78426, 11.72735, 16.2],
			"rotation": {"angle": 22.5, "axis": "z", "origin": [-2.86574, -12.47265, 15.8]},
			"faces": {
				"north": {"uv": [9, 6.5, 8.1875, 7.75], "rotation": 90, "texture": "#0"},
				"east": {"uv": [9, 6.5, 8.1875, 7.75], "rotation": 90, "texture": "#0"},
				"south": {"uv": [9, 6.5, 8.1875, 7.75], "rotation": 90, "texture": "#0"},
				"west": {"uv": [9, 6.5, 8.1875, 7.75], "rotation": 90, "texture": "#0"},
				"up": {"uv": [9, 6.5, 8.1875, 7.75], "rotation": 90, "texture": "#0"},
				"down": {"uv": [9, 6.5, 8.1875, 7.75], "rotation": 90, "texture": "#0"}
			}
		},
		{
			"from": [-1.21574, 11.12735, 15.5],
			"to": [1.28426, 11.72735, 16.1],
			"rotation": {"angle": 22.5, "axis": "z", "origin": [-2.86574, -12.47265, 15.8]},
			"faces": {
				"north": {"uv": [9, 6.5, 8.1875, 7.75], "rotation": 90, "texture": "#0"},
				"east": {"uv": [9, 6.5, 8.1875, 7.75], "rotation": 90, "texture": "#0"},
				"south": {"uv": [9, 6.5, 8.1875, 7.75], "rotation": 90, "texture": "#0"},
				"west": {"uv": [9, 6.5, 8.1875, 7.75], "rotation": 90, "texture": "#0"},
				"up": {"uv": [9, 6.5, 8.1875, 7.75], "rotation": 90, "texture": "#0"},
				"down": {"uv": [9, 6.5, 8.1875, 7.75], "rotation": 90, "texture": "#0"}
			}
		},
		{
			"from": [-3.71574, 11.32735, 15.6],
			"to": [-1.21574, 11.72735, 16],
			"rotation": {"angle": 22.5, "axis": "z", "origin": [-2.86574, -12.47265, 15.8]},
			"faces": {
				"north": {"uv": [9, 6.5, 8.1875, 7.75], "rotation": 90, "texture": "#0"},
				"east": {"uv": [9, 6.5, 8.1875, 7.75], "rotation": 90, "texture": "#0"},
				"south": {"uv": [9, 6.5, 8.1875, 7.75], "rotation": 90, "texture": "#0"},
				"west": {"uv": [9, 6.5, 8.1875, 7.75], "rotation": 90, "texture": "#0"},
				"up": {"uv": [9, 6.5, 8.1875, 7.75], "rotation": 90, "texture": "#0"},
				"down": {"uv": [9, 6.5, 8.1875, 7.75], "rotation": 90, "texture": "#0"}
			}
		},
		{
			"from": [4.98426, 20.92735, 15],
			"to": [7.48426, 22.52735, 16.6],
			"rotation": {"angle": 0, "axis": "z", "origin": [-2.86574, -12.47265, 15.8]},
			"faces": {
				"north": {"uv": [9, 6.5, 8.1875, 7.75], "rotation": 90, "texture": "#0"},
				"east": {"uv": [9, 6.5, 8.1875, 7.75], "rotation": 90, "texture": "#0"},
				"south": {"uv": [9, 6.5, 8.1875, 7.75], "rotation": 90, "texture": "#0"},
				"west": {"uv": [9, 6.5, 8.1875, 7.75], "rotation": 90, "texture": "#0"},
				"up": {"uv": [9, 6.5, 8.1875, 7.75], "rotation": 90, "texture": "#0"},
				"down": {"uv": [9, 6.5, 8.1875, 7.75], "rotation": 90, "texture": "#0"}
			}
		},
		{
			"from": [2.48426, 21.42735, 15],
			"to": [4.98426, 23.02735, 16.6],
			"rotation": {"angle": 0, "axis": "z", "origin": [-2.86574, -12.47265, 15.8]},
			"faces": {
				"north": {"uv": [9, 6.5, 8.1875, 7.75], "rotation": 90, "texture": "#0"},
				"east": {"uv": [9, 6.5, 8.1875, 7.75], "rotation": 90, "texture": "#0"},
				"south": {"uv": [9, 6.5, 8.1875, 7.75], "rotation": 90, "texture": "#0"},
				"west": {"uv": [9, 6.5, 8.1875, 7.75], "rotation": 90, "texture": "#0"},
				"up": {"uv": [9, 6.5, 8.1875, 7.75], "rotation": 90, "texture": "#0"},
				"down": {"uv": [9, 6.5, 8.1875, 7.75], "rotation": 90, "texture": "#0"}
			}
		},
		{
			"from": [-0.01574, 20.92735, 15],
			"to": [2.48426, 22.52735, 16.6],
			"rotation": {"angle": 0, "axis": "z", "origin": [-2.86574, -12.47265, 15.8]},
			"faces": {
				"north": {"uv": [9, 6.5, 8.1875, 7.75], "rotation": 90, "texture": "#0"},
				"east": {"uv": [9, 6.5, 8.1875, 7.75], "rotation": 90, "texture": "#0"},
				"south": {"uv": [9, 6.5, 8.1875, 7.75], "rotation": 90, "texture": "#0"},
				"west": {"uv": [9, 6.5, 8.1875, 7.75], "rotation": 90, "texture": "#0"},
				"up": {"uv": [9, 6.5, 8.1875, 7.75], "rotation": 90, "texture": "#0"},
				"down": {"uv": [9, 6.5, 8.1875, 7.75], "rotation": 90, "texture": "#0"}
			}
		},
		{
			"from": [-2.51574, 20.42735, 15.2],
			"to": [-0.01574, 21.62735, 16.4],
			"rotation": {"angle": 0, "axis": "z", "origin": [-2.86574, -12.47265, 15.8]},
			"faces": {
				"north": {"uv": [9, 6.5, 8.1875, 7.75], "rotation": 90, "texture": "#0"},
				"east": {"uv": [9, 6.5, 8.1875, 7.75], "rotation": 90, "texture": "#0"},
				"south": {"uv": [9, 6.5, 8.1875, 7.75], "rotation": 90, "texture": "#0"},
				"west": {"uv": [9, 6.5, 8.1875, 7.75], "rotation": 90, "texture": "#0"},
				"up": {"uv": [9, 6.5, 8.1875, 7.75], "rotation": 90, "texture": "#0"},
				"down": {"uv": [9, 6.5, 8.1875, 7.75], "rotation": 90, "texture": "#0"}
			}
		},
		{
			"from": [-5.01574, 20.02735, 15.2],
			"to": [-2.51574, 21.22735, 16.4],
			"rotation": {"angle": 0, "axis": "z", "origin": [-2.86574, -12.47265, 15.8]},
			"faces": {
				"north": {"uv": [9, 6.5, 8.1875, 7.75], "rotation": 90, "texture": "#0"},
				"east": {"uv": [9, 6.5, 8.1875, 7.75], "rotation": 90, "texture": "#0"},
				"south": {"uv": [9, 6.5, 8.1875, 7.75], "rotation": 90, "texture": "#0"},
				"west": {"uv": [9, 6.5, 8.1875, 7.75], "rotation": 90, "texture": "#0"},
				"up": {"uv": [9, 6.5, 8.1875, 7.75], "rotation": 90, "texture": "#0"},
				"down": {"uv": [9, 6.5, 8.1875, 7.75], "rotation": 90, "texture": "#0"}
			}
		},
		{
			"from": [-7.51574, 19.52735, 15.4],
			"to": [-5.01574, 20.32735, 16.2],
			"rotation": {"angle": 0, "axis": "z", "origin": [-2.86574, -12.47265, 15.8]},
			"faces": {
				"north": {"uv": [9, 6.5, 8.1875, 7.75], "rotation": 90, "texture": "#0"},
				"east": {"uv": [9, 6.5, 8.1875, 7.75], "rotation": 90, "texture": "#0"},
				"south": {"uv": [9, 6.5, 8.1875, 7.75], "rotation": 90, "texture": "#0"},
				"west": {"uv": [9, 6.5, 8.1875, 7.75], "rotation": 90, "texture": "#0"},
				"up": {"uv": [9, 6.5, 8.1875, 7.75], "rotation": 90, "texture": "#0"},
				"down": {"uv": [9, 6.5, 8.1875, 7.75], "rotation": 90, "texture": "#0"}
			}
		},
		{
			"from": [-10.01574, 19.72735, 15.4],
			"to": [-7.51574, 20.52735, 16.2],
			"rotation": {"angle": 0, "axis": "z", "origin": [-2.86574, -12.47265, 15.8]},
			"faces": {
				"north": {"uv": [9, 6.5, 8.1875, 7.75], "rotation": 90, "texture": "#0"},
				"east": {"uv": [9, 6.5, 8.1875, 7.75], "rotation": 90, "texture": "#0"},
				"south": {"uv": [9, 6.5, 8.1875, 7.75], "rotation": 90, "texture": "#0"},
				"west": {"uv": [9, 6.5, 8.1875, 7.75], "rotation": 90, "texture": "#0"},
				"up": {"uv": [9, 6.5, 8.1875, 7.75], "rotation": 90, "texture": "#0"},
				"down": {"uv": [9, 6.5, 8.1875, 7.75], "rotation": 90, "texture": "#0"}
			}
		},
		{
			"from": [-12.51574, 19.92735, 15.5],
			"to": [-10.01574, 20.52735, 16.1],
			"rotation": {"angle": 0, "axis": "z", "origin": [-2.86574, -12.47265, 15.8]},
			"faces": {
				"north": {"uv": [9, 6.5, 8.1875, 7.75], "rotation": 90, "texture": "#0"},
				"east": {"uv": [9, 6.5, 8.1875, 7.75], "rotation": 90, "texture": "#0"},
				"south": {"uv": [9, 6.5, 8.1875, 7.75], "rotation": 90, "texture": "#0"},
				"west": {"uv": [9, 6.5, 8.1875, 7.75], "rotation": 90, "texture": "#0"},
				"up": {"uv": [9, 6.5, 8.1875, 7.75], "rotation": 90, "texture": "#0"},
				"down": {"uv": [9, 6.5, 8.1875, 7.75], "rotation": 90, "texture": "#0"}
			}
		},
		{
			"from": [-15.01574, 20.12735, 15.6],
			"to": [-12.51574, 20.52735, 16],
			"rotation": {"angle": 0, "axis": "z", "origin": [-2.86574, -12.47265, 15.8]},
			"faces": {
				"north": {"uv": [9, 6.5, 8.1875, 7.75], "rotation": 90, "texture": "#0"},
				"east": {"uv": [9, 6.5, 8.1875, 7.75], "rotation": 90, "texture": "#0"},
				"south": {"uv": [9, 6.5, 8.1875, 7.75], "rotation": 90, "texture": "#0"},
				"west": {"uv": [9, 6.5, 8.1875, 7.75], "rotation": 90, "texture": "#0"},
				"up": {"uv": [9, 6.5, 8.1875, 7.75], "rotation": 90, "texture": "#0"},
				"down": {"uv": [9, 6.5, 8.1875, 7.75], "rotation": 90, "texture": "#0"}
			}
		},
		{
			"from": [8.71574, 27.27265, 15],
			"to": [11.21574, 28.87265, 16.6],
			"rotation": {"angle": 22.5, "axis": "z", "origin": [18.86574, 28.47265, 15.8]},
			"faces": {
				"north": {"uv": [8.1875, 7.75, 9, 6.5], "rotation": 90, "texture": "#0"},
				"east": {"uv": [8.1875, 7.75, 9, 6.5], "rotation": 90, "texture": "#0"},
				"south": {"uv": [8.1875, 7.75, 9, 6.5], "rotation": 90, "texture": "#0"},
				"west": {"uv": [8.1875, 7.75, 9, 6.5], "rotation": 90, "texture": "#0"},
				"up": {"uv": [8.1875, 7.75, 9, 6.5], "rotation": 90, "texture": "#0"},
				"down": {"uv": [8.1875, 7.75, 9, 6.5], "rotation": 90, "texture": "#0"}
			}
		},
		{
			"from": [11.21574, 26.77265, 15],
			"to": [13.71574, 28.37265, 16.6],
			"rotation": {"angle": 22.5, "axis": "z", "origin": [18.86574, 28.47265, 15.8]},
			"faces": {
				"north": {"uv": [8.1875, 7.75, 9, 6.5], "rotation": 90, "texture": "#0"},
				"east": {"uv": [8.1875, 7.75, 9, 6.5], "rotation": 90, "texture": "#0"},
				"south": {"uv": [8.1875, 7.75, 9, 6.5], "rotation": 90, "texture": "#0"},
				"west": {"uv": [8.1875, 7.75, 9, 6.5], "rotation": 90, "texture": "#0"},
				"up": {"uv": [8.1875, 7.75, 9, 6.5], "rotation": 90, "texture": "#0"},
				"down": {"uv": [8.1875, 7.75, 9, 6.5], "rotation": 90, "texture": "#0"}
			}
		},
		{
			"from": [13.71574, 27.27265, 15],
			"to": [16.21574, 28.87265, 16.6],
			"rotation": {"angle": 22.5, "axis": "z", "origin": [18.86574, 28.47265, 15.8]},
			"faces": {
				"north": {"uv": [8.1875, 7.75, 9, 6.5], "rotation": 90, "texture": "#0"},
				"east": {"uv": [8.1875, 7.75, 9, 6.5], "rotation": 90, "texture": "#0"},
				"south": {"uv": [8.1875, 7.75, 9, 6.5], "rotation": 90, "texture": "#0"},
				"west": {"uv": [8.1875, 7.75, 9, 6.5], "rotation": 90, "texture": "#0"},
				"up": {"uv": [8.1875, 7.75, 9, 6.5], "rotation": 90, "texture": "#0"},
				"down": {"uv": [8.1875, 7.75, 9, 6.5], "rotation": 90, "texture": "#0"}
			}
		},
		{
			"from": [16.21574, 28.17265, 15.2],
			"to": [18.71574, 29.37265, 16.4],
			"rotation": {"angle": 22.5, "axis": "z", "origin": [18.86574, 28.47265, 15.8]},
			"faces": {
				"north": {"uv": [8.1875, 7.75, 9, 6.5], "rotation": 90, "texture": "#0"},
				"east": {"uv": [8.1875, 7.75, 9, 6.5], "rotation": 90, "texture": "#0"},
				"south": {"uv": [8.1875, 7.75, 9, 6.5], "rotation": 90, "texture": "#0"},
				"west": {"uv": [8.1875, 7.75, 9, 6.5], "rotation": 90, "texture": "#0"},
				"up": {"uv": [8.1875, 7.75, 9, 6.5], "rotation": 90, "texture": "#0"},
				"down": {"uv": [8.1875, 7.75, 9, 6.5], "rotation": 90, "texture": "#0"}
			}
		},
		{
			"from": [18.71574, 28.57265, 15.2],
			"to": [21.21574, 29.77265, 16.4],
			"rotation": {"angle": 22.5, "axis": "z", "origin": [18.86574, 28.47265, 15.8]},
			"faces": {
				"north": {"uv": [8.1875, 7.75, 9, 6.5], "rotation": 90, "texture": "#0"},
				"east": {"uv": [8.1875, 7.75, 9, 6.5], "rotation": 90, "texture": "#0"},
				"south": {"uv": [8.1875, 7.75, 9, 6.5], "rotation": 90, "texture": "#0"},
				"west": {"uv": [8.1875, 7.75, 9, 6.5], "rotation": 90, "texture": "#0"},
				"up": {"uv": [8.1875, 7.75, 9, 6.5], "rotation": 90, "texture": "#0"},
				"down": {"uv": [8.1875, 7.75, 9, 6.5], "rotation": 90, "texture": "#0"}
			}
		},
		{
			"from": [21.21574, 29.47265, 15.4],
			"to": [23.71574, 30.27265, 16.2],
			"rotation": {"angle": 22.5, "axis": "z", "origin": [18.86574, 28.47265, 15.8]},
			"faces": {
				"north": {"uv": [8.1875, 7.75, 9, 6.5], "rotation": 90, "texture": "#0"},
				"east": {"uv": [8.1875, 7.75, 9, 6.5], "rotation": 90, "texture": "#0"},
				"south": {"uv": [8.1875, 7.75, 9, 6.5], "rotation": 90, "texture": "#0"},
				"west": {"uv": [8.1875, 7.75, 9, 6.5], "rotation": 90, "texture": "#0"},
				"up": {"uv": [8.1875, 7.75, 9, 6.5], "rotation": 90, "texture": "#0"},
				"down": {"uv": [8.1875, 7.75, 9, 6.5], "rotation": 90, "texture": "#0"}
			}
		},
		{
			"from": [23.71574, 29.27265, 15.4],
			"to": [26.21574, 30.07265, 16.2],
			"rotation": {"angle": 22.5, "axis": "z", "origin": [18.86574, 28.47265, 15.8]},
			"faces": {
				"north": {"uv": [8.1875, 7.75, 9, 6.5], "rotation": 90, "texture": "#0"},
				"east": {"uv": [8.1875, 7.75, 9, 6.5], "rotation": 90, "texture": "#0"},
				"south": {"uv": [8.1875, 7.75, 9, 6.5], "rotation": 90, "texture": "#0"},
				"west": {"uv": [8.1875, 7.75, 9, 6.5], "rotation": 90, "texture": "#0"},
				"up": {"uv": [8.1875, 7.75, 9, 6.5], "rotation": 90, "texture": "#0"},
				"down": {"uv": [8.1875, 7.75, 9, 6.5], "rotation": 90, "texture": "#0"}
			}
		},
		{
			"from": [26.21574, 29.27265, 15.5],
			"to": [28.71574, 29.87265, 16.1],
			"rotation": {"angle": 22.5, "axis": "z", "origin": [18.86574, 28.47265, 15.8]},
			"faces": {
				"north": {"uv": [8.1875, 7.75, 9, 6.5], "rotation": 90, "texture": "#0"},
				"east": {"uv": [8.1875, 7.75, 9, 6.5], "rotation": 90, "texture": "#0"},
				"south": {"uv": [8.1875, 7.75, 9, 6.5], "rotation": 90, "texture": "#0"},
				"west": {"uv": [8.1875, 7.75, 9, 6.5], "rotation": 90, "texture": "#0"},
				"up": {"uv": [8.1875, 7.75, 9, 6.5], "rotation": 90, "texture": "#0"},
				"down": {"uv": [8.1875, 7.75, 9, 6.5], "rotation": 90, "texture": "#0"}
			}
		},
		{
			"from": [28.71574, 29.27265, 15.6],
			"to": [31.21574, 29.67265, 16],
			"rotation": {"angle": 22.5, "axis": "z", "origin": [18.86574, 28.47265, 15.8]},
			"faces": {
				"north": {"uv": [8.1875, 7.75, 9, 6.5], "rotation": 90, "texture": "#0"},
				"east": {"uv": [8.1875, 7.75, 9, 6.5], "rotation": 90, "texture": "#0"},
				"south": {"uv": [8.1875, 7.75, 9, 6.5], "rotation": 90, "texture": "#0"},
				"west": {"uv": [8.1875, 7.75, 9, 6.5], "rotation": 90, "texture": "#0"},
				"up": {"uv": [8.1875, 7.75, 9, 6.5], "rotation": 90, "texture": "#0"},
				"down": {"uv": [8.1875, 7.75, 9, 6.5], "rotation": 90, "texture": "#0"}
			}
		},
		{
			"from": [-1.88426, 12.72735, 15],
			"to": [0.61574, 14.32735, 16.6],
			"rotation": {"angle": -22.5, "axis": "z", "origin": [18.86574, -12.47265, 15.8]},
			"faces": {
				"north": {"uv": [9, 7.75, 8.1875, 6.5], "rotation": 90, "texture": "#0"},
				"east": {"uv": [9, 7.75, 8.1875, 6.5], "rotation": 90, "texture": "#0"},
				"south": {"uv": [9, 7.75, 8.1875, 6.5], "rotation": 90, "texture": "#0"},
				"west": {"uv": [9, 7.75, 8.1875, 6.5], "rotation": 90, "texture": "#0"},
				"up": {"uv": [9, 7.75, 8.1875, 6.5], "rotation": 90, "texture": "#0"},
				"down": {"uv": [9, 7.75, 8.1875, 6.5], "rotation": 90, "texture": "#0"}
			}
		},
		{
			"from": [0.61574, 13.22735, 15],
			"to": [3.11574, 14.82735, 16.6],
			"rotation": {"angle": -22.5, "axis": "z", "origin": [18.86574, -12.47265, 15.8]},
			"faces": {
				"north": {"uv": [9, 7.75, 8.1875, 6.5], "rotation": 90, "texture": "#0"},
				"east": {"uv": [9, 7.75, 8.1875, 6.5], "rotation": 90, "texture": "#0"},
				"south": {"uv": [9, 7.75, 8.1875, 6.5], "rotation": 90, "texture": "#0"},
				"west": {"uv": [9, 7.75, 8.1875, 6.5], "rotation": 90, "texture": "#0"},
				"up": {"uv": [9, 7.75, 8.1875, 6.5], "rotation": 90, "texture": "#0"},
				"down": {"uv": [9, 7.75, 8.1875, 6.5], "rotation": 90, "texture": "#0"}
			}
		},
		{
			"from": [3.11574, 12.72735, 15],
			"to": [5.61574, 14.32735, 16.6],
			"rotation": {"angle": -22.5, "axis": "z", "origin": [18.86574, -12.47265, 15.8]},
			"faces": {
				"north": {"uv": [9, 7.75, 8.1875, 6.5], "rotation": 90, "texture": "#0"},
				"east": {"uv": [9, 7.75, 8.1875, 6.5], "rotation": 90, "texture": "#0"},
				"south": {"uv": [9, 7.75, 8.1875, 6.5], "rotation": 90, "texture": "#0"},
				"west": {"uv": [9, 7.75, 8.1875, 6.5], "rotation": 90, "texture": "#0"},
				"up": {"uv": [9, 7.75, 8.1875, 6.5], "rotation": 90, "texture": "#0"},
				"down": {"uv": [9, 7.75, 8.1875, 6.5], "rotation": 90, "texture": "#0"}
			}
		},
		{
			"from": [5.61574, 12.22735, 15.2],
			"to": [8.11574, 13.42735, 16.4],
			"rotation": {"angle": -22.5, "axis": "z", "origin": [18.86574, -12.47265, 15.8]},
			"faces": {
				"north": {"uv": [9, 7.75, 8.1875, 6.5], "rotation": 90, "texture": "#0"},
				"east": {"uv": [9, 7.75, 8.1875, 6.5], "rotation": 90, "texture": "#0"},
				"south": {"uv": [9, 7.75, 8.1875, 6.5], "rotation": 90, "texture": "#0"},
				"west": {"uv": [9, 7.75, 8.1875, 6.5], "rotation": 90, "texture": "#0"},
				"up": {"uv": [9, 7.75, 8.1875, 6.5], "rotation": 90, "texture": "#0"},
				"down": {"uv": [9, 7.75, 8.1875, 6.5], "rotation": 90, "texture": "#0"}
			}
		},
		{
			"from": [8.11574, 11.82735, 15.2],
			"to": [10.61574, 13.02735, 16.4],
			"rotation": {"angle": -22.5, "axis": "z", "origin": [18.86574, -12.47265, 15.8]},
			"faces": {
				"north": {"uv": [9, 7.75, 8.1875, 6.5], "rotation": 90, "texture": "#0"},
				"east": {"uv": [9, 7.75, 8.1875, 6.5], "rotation": 90, "texture": "#0"},
				"south": {"uv": [9, 7.75, 8.1875, 6.5], "rotation": 90, "texture": "#0"},
				"west": {"uv": [9, 7.75, 8.1875, 6.5], "rotation": 90, "texture": "#0"},
				"up": {"uv": [9, 7.75, 8.1875, 6.5], "rotation": 90, "texture": "#0"},
				"down": {"uv": [9, 7.75, 8.1875, 6.5], "rotation": 90, "texture": "#0"}
			}
		},
		{
			"from": [10.61574, 11.32735, 15.4],
			"to": [13.11574, 12.12735, 16.2],
			"rotation": {"angle": -22.5, "axis": "z", "origin": [18.86574, -12.47265, 15.8]},
			"faces": {
				"north": {"uv": [9, 7.75, 8.1875, 6.5], "rotation": 90, "texture": "#0"},
				"east": {"uv": [9, 7.75, 8.1875, 6.5], "rotation": 90, "texture": "#0"},
				"south": {"uv": [9, 7.75, 8.1875, 6.5], "rotation": 90, "texture": "#0"},
				"west": {"uv": [9, 7.75, 8.1875, 6.5], "rotation": 90, "texture": "#0"},
				"up": {"uv": [9, 7.75, 8.1875, 6.5], "rotation": 90, "texture": "#0"},
				"down": {"uv": [9, 7.75, 8.1875, 6.5], "rotation": 90, "texture": "#0"}
			}
		},
		{
			"from": [13.11574, 11.52735, 15.4],
			"to": [15.61574, 12.32735, 16.2],
			"rotation": {"angle": -22.5, "axis": "z", "origin": [18.86574, -12.47265, 15.8]},
			"faces": {
				"north": {"uv": [9, 7.75, 8.1875, 6.5], "rotation": 90, "texture": "#0"},
				"east": {"uv": [9, 7.75, 8.1875, 6.5], "rotation": 90, "texture": "#0"},
				"south": {"uv": [9, 7.75, 8.1875, 6.5], "rotation": 90, "texture": "#0"},
				"west": {"uv": [9, 7.75, 8.1875, 6.5], "rotation": 90, "texture": "#0"},
				"up": {"uv": [9, 7.75, 8.1875, 6.5], "rotation": 90, "texture": "#0"},
				"down": {"uv": [9, 7.75, 8.1875, 6.5], "rotation": 90, "texture": "#0"}
			}
		},
		{
			"from": [15.61574, 11.72735, 15.5],
			"to": [18.11574, 12.32735, 16.1],
			"rotation": {"angle": -22.5, "axis": "z", "origin": [18.86574, -12.47265, 15.8]},
			"faces": {
				"north": {"uv": [9, 7.75, 8.1875, 6.5], "rotation": 90, "texture": "#0"},
				"east": {"uv": [9, 7.75, 8.1875, 6.5], "rotation": 90, "texture": "#0"},
				"south": {"uv": [9, 7.75, 8.1875, 6.5], "rotation": 90, "texture": "#0"},
				"west": {"uv": [9, 7.75, 8.1875, 6.5], "rotation": 90, "texture": "#0"},
				"up": {"uv": [9, 7.75, 8.1875, 6.5], "rotation": 90, "texture": "#0"},
				"down": {"uv": [9, 7.75, 8.1875, 6.5], "rotation": 90, "texture": "#0"}
			}
		},
		{
			"from": [18.11574, 11.92735, 15.6],
			"to": [20.61574, 12.32735, 16],
			"rotation": {"angle": -22.5, "axis": "z", "origin": [18.86574, -12.47265, 15.8]},
			"faces": {
				"north": {"uv": [9, 7.75, 8.1875, 6.5], "rotation": 90, "texture": "#0"},
				"east": {"uv": [9, 7.75, 8.1875, 6.5], "rotation": 90, "texture": "#0"},
				"south": {"uv": [9, 7.75, 8.1875, 6.5], "rotation": 90, "texture": "#0"},
				"west": {"uv": [9, 7.75, 8.1875, 6.5], "rotation": 90, "texture": "#0"},
				"up": {"uv": [9, 7.75, 8.1875, 6.5], "rotation": 90, "texture": "#0"},
				"down": {"uv": [9, 7.75, 8.1875, 6.5], "rotation": 90, "texture": "#0"}
			}
		},
		{
			"from": [9.41574, 20.92735, 15],
			"to": [11.91574, 22.52735, 16.6],
			"rotation": {"angle": 0, "axis": "z", "origin": [18.86574, -12.47265, 15.8]},
			"faces": {
				"north": {"uv": [9, 7.75, 8.1875, 6.5], "rotation": 90, "texture": "#0"},
				"east": {"uv": [9, 7.75, 8.1875, 6.5], "rotation": 90, "texture": "#0"},
				"south": {"uv": [9, 7.75, 8.1875, 6.5], "rotation": 90, "texture": "#0"},
				"west": {"uv": [9, 7.75, 8.1875, 6.5], "rotation": 90, "texture": "#0"},
				"up": {"uv": [9, 7.75, 8.1875, 6.5], "rotation": 90, "texture": "#0"},
				"down": {"uv": [9, 7.75, 8.1875, 6.5], "rotation": 90, "texture": "#0"}
			}
		},
		{
			"from": [11.91574, 21.42735, 15],
			"to": [14.41574, 23.02735, 16.6],
			"rotation": {"angle": 0, "axis": "z", "origin": [18.86574, -12.47265, 15.8]},
			"faces": {
				"north": {"uv": [9, 7.75, 8.1875, 6.5], "rotation": 90, "texture": "#0"},
				"east": {"uv": [9, 7.75, 8.1875, 6.5], "rotation": 90, "texture": "#0"},
				"south": {"uv": [9, 7.75, 8.1875, 6.5], "rotation": 90, "texture": "#0"},
				"west": {"uv": [9, 7.75, 8.1875, 6.5], "rotation": 90, "texture": "#0"},
				"up": {"uv": [9, 7.75, 8.1875, 6.5], "rotation": 90, "texture": "#0"},
				"down": {"uv": [9, 7.75, 8.1875, 6.5], "rotation": 90, "texture": "#0"}
			}
		},
		{
			"from": [14.41574, 20.92735, 15],
			"to": [16.91574, 22.52735, 16.6],
			"rotation": {"angle": 0, "axis": "z", "origin": [18.86574, -12.47265, 15.8]},
			"faces": {
				"north": {"uv": [9, 7.75, 8.1875, 6.5], "rotation": 90, "texture": "#0"},
				"east": {"uv": [9, 7.75, 8.1875, 6.5], "rotation": 90, "texture": "#0"},
				"south": {"uv": [9, 7.75, 8.1875, 6.5], "rotation": 90, "texture": "#0"},
				"west": {"uv": [9, 7.75, 8.1875, 6.5], "rotation": 90, "texture": "#0"},
				"up": {"uv": [9, 7.75, 8.1875, 6.5], "rotation": 90, "texture": "#0"},
				"down": {"uv": [9, 7.75, 8.1875, 6.5], "rotation": 90, "texture": "#0"}
			}
		},
		{
			"from": [16.91574, 20.42735, 15.2],
			"to": [19.41574, 21.62735, 16.4],
			"rotation": {"angle": 0, "axis": "z", "origin": [18.86574, -12.47265, 15.8]},
			"faces": {
				"north": {"uv": [9, 7.75, 8.1875, 6.5], "rotation": 90, "texture": "#0"},
				"east": {"uv": [9, 7.75, 8.1875, 6.5], "rotation": 90, "texture": "#0"},
				"south": {"uv": [9, 7.75, 8.1875, 6.5], "rotation": 90, "texture": "#0"},
				"west": {"uv": [9, 7.75, 8.1875, 6.5], "rotation": 90, "texture": "#0"},
				"up": {"uv": [9, 7.75, 8.1875, 6.5], "rotation": 90, "texture": "#0"},
				"down": {"uv": [9, 7.75, 8.1875, 6.5], "rotation": 90, "texture": "#0"}
			}
		},
		{
			"from": [19.41574, 20.02735, 15.2],
			"to": [21.91574, 21.22735, 16.4],
			"rotation": {"angle": 0, "axis": "z", "origin": [18.86574, -12.47265, 15.8]},
			"faces": {
				"north": {"uv": [9, 7.75, 8.1875, 6.5], "rotation": 90, "texture": "#0"},
				"east": {"uv": [9, 7.75, 8.1875, 6.5], "rotation": 90, "texture": "#0"},
				"south": {"uv": [9, 7.75, 8.1875, 6.5], "rotation": 90, "texture": "#0"},
				"west": {"uv": [9, 7.75, 8.1875, 6.5], "rotation": 90, "texture": "#0"},
				"up": {"uv": [9, 7.75, 8.1875, 6.5], "rotation": 90, "texture": "#0"},
				"down": {"uv": [9, 7.75, 8.1875, 6.5], "rotation": 90, "texture": "#0"}
			}
		},
		{
			"from": [21.91574, 19.52735, 15.4],
			"to": [24.41574, 20.32735, 16.2],
			"rotation": {"angle": 0, "axis": "z", "origin": [18.86574, -12.47265, 15.8]},
			"faces": {
				"north": {"uv": [9, 7.75, 8.1875, 6.5], "rotation": 90, "texture": "#0"},
				"east": {"uv": [9, 7.75, 8.1875, 6.5], "rotation": 90, "texture": "#0"},
				"south": {"uv": [9, 7.75, 8.1875, 6.5], "rotation": 90, "texture": "#0"},
				"west": {"uv": [9, 7.75, 8.1875, 6.5], "rotation": 90, "texture": "#0"},
				"up": {"uv": [9, 7.75, 8.1875, 6.5], "rotation": 90, "texture": "#0"},
				"down": {"uv": [9, 7.75, 8.1875, 6.5], "rotation": 90, "texture": "#0"}
			}
		},
		{
			"from": [24.41574, 19.72735, 15.4],
			"to": [26.91574, 20.52735, 16.2],
			"rotation": {"angle": 0, "axis": "z", "origin": [18.86574, -12.47265, 15.8]},
			"faces": {
				"north": {"uv": [9, 7.75, 8.1875, 6.5], "rotation": 90, "texture": "#0"},
				"east": {"uv": [9, 7.75, 8.1875, 6.5], "rotation": 90, "texture": "#0"},
				"south": {"uv": [9, 7.75, 8.1875, 6.5], "rotation": 90, "texture": "#0"},
				"west": {"uv": [9, 7.75, 8.1875, 6.5], "rotation": 90, "texture": "#0"},
				"up": {"uv": [9, 7.75, 8.1875, 6.5], "rotation": 90, "texture": "#0"},
				"down": {"uv": [9, 7.75, 8.1875, 6.5], "rotation": 90, "texture": "#0"}
			}
		},
		{
			"from": [26.91574, 19.92735, 15.5],
			"to": [29.41574, 20.52735, 16.1],
			"rotation": {"angle": 0, "axis": "z", "origin": [18.86574, -12.47265, 15.8]},
			"faces": {
				"north": {"uv": [9, 7.75, 8.1875, 6.5], "rotation": 90, "texture": "#0"},
				"east": {"uv": [9, 7.75, 8.1875, 6.5], "rotation": 90, "texture": "#0"},
				"south": {"uv": [9, 7.75, 8.1875, 6.5], "rotation": 90, "texture": "#0"},
				"west": {"uv": [9, 7.75, 8.1875, 6.5], "rotation": 90, "texture": "#0"},
				"up": {"uv": [9, 7.75, 8.1875, 6.5], "rotation": 90, "texture": "#0"},
				"down": {"uv": [9, 7.75, 8.1875, 6.5], "rotation": 90, "texture": "#0"}
			}
		},
		{
			"from": [29.41574, 20.12735, 15.6],
			"to": [31.91574, 20.52735, 16],
			"rotation": {"angle": 0, "axis": "z", "origin": [18.86574, -12.47265, 15.8]},
			"faces": {
				"north": {"uv": [9, 7.75, 8.1875, 6.5], "rotation": 90, "texture": "#0"},
				"east": {"uv": [9, 7.75, 8.1875, 6.5], "rotation": 90, "texture": "#0"},
				"south": {"uv": [9, 7.75, 8.1875, 6.5], "rotation": 90, "texture": "#0"},
				"west": {"uv": [9, 7.75, 8.1875, 6.5], "rotation": 90, "texture": "#0"},
				"up": {"uv": [9, 7.75, 8.1875, 6.5], "rotation": 90, "texture": "#0"},
				"down": {"uv": [9, 7.75, 8.1875, 6.5], "rotation": 90, "texture": "#0"}
			}
		},
		{
			"name": "cuello",
			"from": [7.504, 26.768, 12.76],
			"to": [9.352, 27.758, 14.41],
			"rotation": {"angle": 0, "axis": "y", "origin": [8.4335, 28.8525, 13.0185]},
			"faces": {
				"north": {"uv": [10, 2.75, 10.75, 3], "texture": "#0"},
				"east": {"uv": [10, 8.75, 10.75, 9], "texture": "#0"},
				"south": {"uv": [10, 9, 10.75, 9.25], "texture": "#0"},
				"west": {"uv": [10, 9.25, 10.75, 9.5], "texture": "#0"},
				"up": {"uv": [9.5, 6, 8.75, 5.25], "texture": "#0"},
				"down": {"uv": [3.25, 9, 2.5, 9.75], "texture": "#0"}
			}
		},
		{
			"from": [7.108, 28.2987, 11.75503],
			"to": [9.814, 29.5527, 14.72503],
			"rotation": {"angle": 0, "axis": "y", "origin": [8.4335, 28.74335, 13.11552]},
			"faces": {
				"north": {"uv": [9, 1.75, 10, 2.25], "texture": "#0"},
				"east": {"uv": [8.25, 7.75, 9.5, 8.25], "texture": "#0"},
				"south": {"uv": [9, 6.5, 10, 7], "texture": "#0"},
				"west": {"uv": [8.5, 4.75, 9.75, 5.25], "texture": "#0"},
				"up": {"uv": [3.5, 9, 2.5, 7.75], "texture": "#0"},
				"down": {"uv": [4.5, 7.75, 3.5, 9], "texture": "#0"}
			}
		},
		{
			"from": [6.844, 28.9587, 11.68903],
			"to": [10.012, 31.4667, 14.92303],
			"rotation": {"angle": 0, "axis": "y", "origin": [8.4335, 28.74335, 13.11552]},
			"faces": {
				"north": {"uv": [7.25, 2.5, 8.5, 3.5], "texture": "#0"},
				"east": {"uv": [7.25, 3.5, 8.5, 4.5], "texture": "#0"},
				"south": {"uv": [7.25, 4.5, 8.5, 5.5], "texture": "#0"},
				"west": {"uv": [5.5, 7.5, 6.75, 8.5], "texture": "#0"},
				"up": {"uv": [3, 7, 1.75, 5.75], "texture": "#0"},
				"down": {"uv": [5.75, 5.75, 4.5, 7], "texture": "#0"}
			}
		},
		{
			"from": [7.108, 30.8727, 11.88703],
			"to": [9.748, 31.9947, 14.65903],
			"rotation": {"angle": 0, "axis": "y", "origin": [8.4335, 28.74335, 13.11552]},
			"faces": {
				"north": {"uv": [9, 7, 10, 7.5], "texture": "#0"},
				"east": {"uv": [8, 9.25, 9, 9.75], "texture": "#0"},
				"south": {"uv": [9, 9.25, 10, 9.75], "texture": "#0"},
				"west": {"uv": [9.25, 8.25, 10.25, 8.75], "texture": "#0"},
				"up": {"uv": [8.75, 6.5, 7.75, 5.5], "texture": "#0"},
				"down": {"uv": [9.25, 8.25, 8.25, 9.25], "texture": "#0"}
			}
		},
		{
			"from": [7.372, 27.89, 12.232],
			"to": [7.372, 28.286, 14.476],
			"rotation": {"angle": 0, "axis": "y", "origin": [8.4335, 28.74335, 13.11552]},
			"faces": {
				"north": {"uv": [0, 0.15, 0, 0], "texture": "#0"},
				"east": {"uv": [10.5, 10.25, 12, 10], "texture": "#0"},
				"south": {"uv": [0, 0.15, 0, 0], "texture": "#0"},
				"west": {"uv": [10.5, 10.25, 12, 10], "texture": "#0"},
				"up": {"uv": [0, 0.85, 0, 0], "texture": "#0"},
				"down": {"uv": [0, 0.85, 0, 0], "texture": "#0"}
			}
		},
		{
			"from": [7.306, 27.89, 12.166],
			"to": [9.55, 28.286, 12.166],
			"rotation": {"angle": 0, "axis": "y", "origin": [8.4335, 28.74335, 13.11552]},
			"faces": {
				"north": {"uv": [10.5, 10.25, 12, 10], "texture": "#0"},
				"east": {"uv": [0, 0.15, 0, 0], "texture": "#0"},
				"south": {"uv": [10.5, 10.25, 12, 10], "texture": "#0"},
				"west": {"uv": [0, 0.15, 0, 0], "texture": "#0"},
				"up": {"uv": [0, 0, 0, 0.85], "rotation": 270, "texture": "#0"},
				"down": {"uv": [0, 0, 0, 0.85], "rotation": 90, "texture": "#0"}
			}
		},
		{
			"from": [9.484, 27.89, 12.232],
			"to": [9.484, 28.286, 14.476],
			"rotation": {"angle": 0, "axis": "y", "origin": [8.4335, 28.74335, 13.11552]},
			"faces": {
				"north": {"uv": [0, 0.15, 0, 0], "texture": "#0"},
				"east": {"uv": [10.5, 10.25, 12, 10], "texture": "#0"},
				"south": {"uv": [0, 0.15, 0, 0], "texture": "#0"},
				"west": {"uv": [10.5, 10.25, 12, 10], "texture": "#0"},
				"up": {"uv": [0, 0.85, 0, 0], "texture": "#0"},
				"down": {"uv": [0, 0.85, 0, 0], "texture": "#0"}
			}
		},
		{
			"from": [7.306, 28.286, 12.1],
			"to": [9.55, 28.682, 12.1],
			"rotation": {"angle": 0, "axis": "y", "origin": [8.428, 27.85909, 12.90705]},
			"faces": {
				"north": {"uv": [10.5, 10, 12, 10.25], "texture": "#0"},
				"east": {"uv": [0, 0, 0, 0.15], "texture": "#0"},
				"south": {"uv": [10.5, 10, 12, 10.25], "texture": "#0"},
				"west": {"uv": [0, 0, 0, 0.15], "texture": "#0"},
				"up": {"uv": [0, 0, 0, 0.85], "rotation": 90, "texture": "#0"},
				"down": {"uv": [0, 0, 0, 0.85], "rotation": 270, "texture": "#0"}
			}
		},
		{
			"from": [7.372, 28.286, 12.166],
			"to": [7.372, 28.682, 14.41],
			"rotation": {"angle": 0, "axis": "y", "origin": [8.428, 27.85909, 12.90705]},
			"faces": {
				"north": {"uv": [0, 0, 0, 0.15], "texture": "#0"},
				"east": {"uv": [10.5, 10, 12, 10.25], "texture": "#0"},
				"south": {"uv": [0, 0, 0, 0.15], "texture": "#0"},
				"west": {"uv": [10.5, 10, 12, 10.25], "texture": "#0"},
				"up": {"uv": [0, 0, 0, 0.85], "texture": "#0"},
				"down": {"uv": [0, 0, 0, 0.85], "texture": "#0"}
			}
		},
		{
			"from": [9.484, 28.286, 12.166],
			"to": [9.484, 28.682, 14.41],
			"rotation": {"angle": 0, "axis": "y", "origin": [8.428, 27.85909, 12.90705]},
			"faces": {
				"north": {"uv": [0, 0, 0, 0.15], "texture": "#0"},
				"east": {"uv": [10.5, 10, 12, 10.25], "texture": "#0"},
				"south": {"uv": [0, 0, 0, 0.15], "texture": "#0"},
				"west": {"uv": [10.5, 10, 12, 10.25], "texture": "#0"},
				"up": {"uv": [0, 0, 0, 0.85], "texture": "#0"},
				"down": {"uv": [0, 0, 0, 0.85], "texture": "#0"}
			}
		},
		{
			"from": [7.24, 27.31771, 11.97264],
			"to": [9.616, 28.30771, 12.63264],
			"rotation": {"angle": 0, "axis": "y", "origin": [8.428, 27.85909, 12.90705]},
			"faces": {
				"north": {"uv": [9.75, 0, 10.75, 0.25], "texture": "#0"},
				"east": {"uv": [10.25, 10, 10.5, 10.25], "texture": "#0"},
				"south": {"uv": [9.75, 0.25, 10.75, 0.5], "texture": "#0"},
				"west": {"uv": [0, 10.5, 0.25, 10.75], "texture": "#0"},
				"up": {"uv": [10.75, 0.75, 9.75, 0.5], "texture": "#0"},
				"down": {"uv": [10.75, 4.75, 9.75, 5], "texture": "#0"}
			}
		},
		{
			"from": [7.24, 27.71371, 12.63264],
			"to": [9.616, 28.30771, 14.48064],
			"rotation": {"angle": 0, "axis": "y", "origin": [8.428, 27.85909, 12.90705]},
			"faces": {
				"north": {"uv": [9.75, 5, 10.75, 5.25], "texture": "#0"},
				"east": {"uv": [10, 9.5, 10.75, 9.75], "texture": "#0"},
				"south": {"uv": [0, 10, 1, 10.25], "texture": "#0"},
				"west": {"uv": [0, 10.25, 0.75, 10.5], "texture": "#0"},
				"up": {"uv": [9.5, 4, 8.5, 3.25], "texture": "#0"},
				"down": {"uv": [9.5, 4, 8.5, 4.75], "texture": "#0"}
			}
		},
		{
			"from": [3.808, 22.94, 12.958],
			"to": [5.524, 24.194, 14.278],
			"rotation": {"angle": 0, "axis": "y", "origin": [4.3866, 12.4482, 13.5916]},
			"faces": {
				"north": {"uv": [3, 10, 3.5, 10.5], "texture": "#0"},
				"east": {"uv": [4, 10, 4.5, 10.5], "texture": "#0"},
				"south": {"uv": [7.75, 10, 8.25, 10.5], "texture": "#0"},
				"west": {"uv": [8.25, 10, 8.75, 10.5], "texture": "#0"},
				"up": {"uv": [9.25, 10.5, 8.75, 10], "texture": "#0"},
				"down": {"uv": [9.75, 10, 9.25, 10.5], "texture": "#0"}
			}
		},
		{
			"from": [3.808, 24.194, 12.958],
			"to": [5.524, 25.712, 14.278],
			"rotation": {"angle": 0, "axis": "y", "origin": [4.3866, 12.4482, 13.5916]},
			"faces": {
				"north": {"uv": [9.5, 5.25, 10.25, 5.75], "texture": "#0"},
				"east": {"uv": [6.75, 9.75, 7.25, 10.25], "texture": "#0"},
				"south": {"uv": [9.5, 7.75, 10.25, 8.25], "texture": "#0"},
				"west": {"uv": [2.5, 10, 3, 10.5], "texture": "#0"},
				"up": {"uv": [1.75, 10.25, 1, 9.75], "texture": "#0"},
				"down": {"uv": [2.5, 9.75, 1.75, 10.25], "texture": "#0"}
			}
		},
		{
			"from": [4.336, 25.712, 12.958],
			"to": [5.524, 26.042, 14.278],
			"rotation": {"angle": 0, "axis": "y", "origin": [4.3866, 12.4482, 13.5916]},
			"faces": {
				"north": {"uv": [10.25, 3, 10.75, 3.25], "texture": "#0"},
				"east": {"uv": [10.25, 3.25, 10.75, 3.5], "texture": "#0"},
				"south": {"uv": [10.25, 3.5, 10.75, 3.75], "texture": "#0"},
				"west": {"uv": [10.25, 3.75, 10.75, 4], "texture": "#0"},
				"up": {"uv": [4, 10.25, 3.5, 9.75], "texture": "#0"},
				"down": {"uv": [5.5, 9.75, 5, 10.25], "texture": "#0"}
			}
		},
		{
			"from": [4.732, 24.392, 12.562],
			"to": [5.524, 25.976, 14.608],
			"rotation": {"angle": 0, "axis": "y", "origin": [4.3866, 12.4482, 13.5916]},
			"faces": {
				"north": {"uv": [7.5, 10.25, 7.75, 10.75], "texture": "#0"},
				"east": {"uv": [9.5, 3.5, 10.25, 4], "texture": "#0"},
				"south": {"uv": [10.25, 10.25, 10.5, 10.75], "texture": "#0"},
				"west": {"uv": [9.5, 4, 10.25, 4.5], "texture": "#0"},
				"up": {"uv": [5.75, 10.5, 5.5, 9.75], "texture": "#0"},
				"down": {"uv": [1, 10.25, 0.75, 11], "texture": "#0"}
			}
		},
		{
			"from": [3.342, 20.828, 12.958],
			"to": [4.662, 22.94, 14.278],
			"rotation": {"angle": 0, "axis": "y", "origin": [4.3866, 12.4482, 13.5916]},
			"faces": {
				"north": {"uv": [6.75, 3, 7.25, 4.0625], "texture": "#0"},
				"east": {"uv": [6.75, 3.4375, 7.25, 4.5], "texture": "#0"},
				"south": {"uv": [6.75, 3.4375, 7.25, 4.5], "texture": "#0"},
				"west": {"uv": [6.75, 3.4375, 7.25, 4.5], "texture": "#0"},
				"up": {"uv": [10.25, 10.5, 9.75, 10], "texture": "#0"},
				"down": {"uv": [10.5, 0.75, 10, 1.25], "texture": "#0"}
			}
		},
		{
			"from": [2.976, 18.716, 12.958],
			"to": [4.296, 20.828, 14.278],
			"rotation": {"angle": 0, "axis": "y", "origin": [4.3866, 12.4482, 13.5916]},
			"faces": {
				"north": {"uv": [6.75, 3.4375, 7.25, 4.5], "texture": "#0"},
				"east": {"uv": [6.75, 3.4375, 7.25, 4.5], "texture": "#0"},
				"south": {"uv": [6.75, 3.4375, 7.25, 4.5], "texture": "#0"},
				"west": {"uv": [6.75, 3.4375, 7.25, 4.5], "texture": "#0"},
				"up": {"uv": [10.25, 10.5, 9.75, 10], "texture": "#0"},
				"down": {"uv": [10.5, 0.75, 10, 1.25], "texture": "#0"}
			}
		},
		{
			"from": [2.61, 16.604, 12.958],
			"to": [3.93, 18.716, 14.278],
			"rotation": {"angle": 0, "axis": "y", "origin": [4.3866, 12.4482, 13.5916]},
			"faces": {
				"north": {"uv": [6.75, 3.4375, 7.25, 4.5], "texture": "#0"},
				"east": {"uv": [6.75, 3.4375, 7.25, 4.5], "texture": "#0"},
				"south": {"uv": [6.75, 3.4375, 7.25, 4.5], "texture": "#0"},
				"west": {"uv": [6.75, 3.4375, 7.25, 4.5], "texture": "#0"},
				"up": {"uv": [10.25, 10.5, 9.75, 10], "texture": "#0"},
				"down": {"uv": [10.5, 0.75, 10, 1.25], "texture": "#0"}
			}
		},
		{
			"from": [2.244, 14.492, 12.958],
			"to": [3.564, 16.604, 14.278],
			"rotation": {"angle": 0, "axis": "y", "origin": [4.3866, 12.4482, 13.5916]},
			"faces": {
				"north": {"uv": [6.75, 3.4375, 7.25, 4.5], "texture": "#0"},
				"east": {"uv": [6.75, 3.4375, 7.25, 4.5], "texture": "#0"},
				"south": {"uv": [6.75, 3.4375, 7.25, 4.5], "texture": "#0"},
				"west": {"uv": [6.75, 3.4375, 7.25, 4.5], "texture": "#0"},
				"up": {"uv": [10.25, 10.5, 9.75, 10], "texture": "#0"},
				"down": {"uv": [10.5, 0.75, 10, 1.25], "texture": "#0"}
			}
		},
		{
			"from": [1.878, 12.38, 12.958],
			"to": [3.198, 14.492, 14.278],
			"rotation": {"angle": 0, "axis": "y", "origin": [4.3866, 12.4482, 13.5916]},
			"faces": {
				"north": {"uv": [6.75, 3.4375, 7.25, 4.5], "texture": "#0"},
				"east": {"uv": [6.75, 3.4375, 7.25, 4.5], "texture": "#0"},
				"south": {"uv": [6.75, 3.4375, 7.25, 4.5], "texture": "#0"},
				"west": {"uv": [6.75, 3.4375, 7.25, 4.5], "texture": "#0"},
				"up": {"uv": [10.25, 10.5, 9.75, 10], "texture": "#0"},
				"down": {"uv": [10.5, 0.75, 10, 1.25], "texture": "#0"}
			}
		},
		{
			"from": [1.512, 10.268, 12.958],
			"to": [2.832, 12.38, 14.278],
			"rotation": {"angle": 0, "axis": "y", "origin": [4.3866, 12.4482, 13.5916]},
			"faces": {
				"north": {"uv": [6.75, 3.4375, 7.25, 4.5], "texture": "#0"},
				"east": {"uv": [6.75, 3.4375, 7.25, 4.5], "texture": "#0"},
				"south": {"uv": [6.75, 3.4375, 7.25, 4.5], "texture": "#0"},
				"west": {"uv": [6.75, 3.4375, 7.25, 4.5], "texture": "#0"},
				"up": {"uv": [10.25, 10.5, 9.75, 10], "texture": "#0"},
				"down": {"uv": [10.5, 0.75, 10, 1.25], "texture": "#0"}
			}
		},
		{
			"from": [1.146, 7.694, 12.958],
			"to": [2.466, 10.268, 14.278],
			"rotation": {"angle": 0, "axis": "y", "origin": [4.3866, 12.4482, 13.5916]},
			"faces": {
				"north": {"uv": [6.75, 2.9375, 7.25, 3.375], "rotation": 180, "texture": "#0"},
				"east": {"uv": [6.75, 2.9375, 7.25, 3.375], "rotation": 180, "texture": "#0"},
				"south": {"uv": [6.75, 2.9375, 7.25, 3.375], "rotation": 180, "texture": "#0"},
				"west": {"uv": [6.75, 2.9375, 7.25, 3.375], "rotation": 180, "texture": "#0"},
				"up": {"uv": [10.25, 10.5, 9.75, 10], "texture": "#0"},
				"down": {"uv": [10, 2.25, 10.5, 2.75], "texture": "#0"}
			}
		},
		{
			"from": [1.212, 7.166, 13.024],
			"to": [2.4, 7.694, 14.212],
			"rotation": {"angle": 0, "axis": "y", "origin": [4.3866, 12.4482, 13.5916]},
			"faces": {
				"north": {"uv": [10.25, 4, 10.75, 4.25], "texture": "#0"},
				"east": {"uv": [10.25, 5.5, 10.75, 5.75], "texture": "#0"},
				"south": {"uv": [10.25, 4, 10.75, 4.25], "texture": "#0"},
				"west": {"uv": [10.25, 5.5, 10.75, 5.75], "texture": "#0"},
				"up": {"uv": [10.5, 7, 10, 6.5], "texture": "#0"},
				"down": {"uv": [10.25, 5.5, 10.75, 5.75], "texture": "#0"}
			}
		},
		{
			"from": [1.212, 6.506, 13.024],
			"to": [2.334, 7.166, 14.212],
			"rotation": {"angle": 0, "axis": "y", "origin": [4.3866, 12.4482, 13.5916]},
			"faces": {
				"north": {"uv": [10.25, 4, 10.75, 4.25], "texture": "#0"},
				"east": {"uv": [10.25, 5.5, 10.75, 5.75], "texture": "#0"},
				"south": {"uv": [10.25, 4, 10.75, 4.25], "texture": "#0"},
				"west": {"uv": [10.25, 5.5, 10.75, 5.75], "texture": "#0"},
				"up": {"uv": [10.5, 7, 10, 6.5], "texture": "#0"},
				"down": {"uv": [10.25, 5.5, 10.75, 5.75], "texture": "#0"}
			}
		},
		{
			"from": [1.146, 5.12, 13.09],
			"to": [1.476, 5.912, 13.42],
			"rotation": {"angle": 0, "axis": "y", "origin": [4.3866, 12.4482, 13.5916]},
			"faces": {
				"north": {"uv": [2, 10.5, 2.25, 10.75], "texture": "#0"},
				"east": {"uv": [2.25, 10.5, 2.5, 10.75], "texture": "#0"},
				"south": {"uv": [2.5, 10.5, 2.75, 10.75], "texture": "#0"},
				"west": {"uv": [2.75, 10.5, 3, 10.75], "texture": "#0"},
				"up": {"uv": [3.25, 10.75, 3, 10.5], "texture": "#0"},
				"down": {"uv": [3.5, 10.5, 3.25, 10.75], "texture": "#0"}
			}
		},
		{
			"from": [1.146, 5.912, 13.09],
			"to": [1.476, 6.572, 13.42],
			"rotation": {"angle": 0, "axis": "y", "origin": [4.3866, 12.4482, 13.5916]},
			"faces": {
				"north": {"uv": [3.5, 10.5, 3.75, 10.75], "texture": "#0"},
				"east": {"uv": [3.75, 10.5, 4, 10.75], "texture": "#0"},
				"south": {"uv": [4, 10.5, 4.25, 10.75], "texture": "#0"},
				"west": {"uv": [4.25, 10.5, 4.5, 10.75], "texture": "#0"},
				"up": {"uv": [4.75, 10.75, 4.5, 10.5], "texture": "#0"},
				"down": {"uv": [5, 10.5, 4.75, 10.75], "texture": "#0"}
			}
		},
		{
			"from": [1.146, 5.12, 13.486],
			"to": [1.476, 5.912, 13.816],
			"rotation": {"angle": 0, "axis": "y", "origin": [4.3866, 12.4482, 13.5916]},
			"faces": {
				"north": {"uv": [2, 10.5, 2.25, 10.75], "texture": "#0"},
				"east": {"uv": [2.25, 10.5, 2.5, 10.75], "texture": "#0"},
				"south": {"uv": [2.5, 10.5, 2.75, 10.75], "texture": "#0"},
				"west": {"uv": [2.75, 10.5, 3, 10.75], "texture": "#0"},
				"up": {"uv": [3.25, 10.75, 3, 10.5], "texture": "#0"},
				"down": {"uv": [3.5, 10.5, 3.25, 10.75], "texture": "#0"}
			}
		},
		{
			"from": [1.146, 5.912, 13.486],
			"to": [1.476, 6.572, 13.816],
			"rotation": {"angle": 0, "axis": "y", "origin": [4.3866, 12.4482, 13.5916]},
			"faces": {
				"north": {"uv": [3.5, 10.5, 3.75, 10.75], "texture": "#0"},
				"east": {"uv": [3.75, 10.5, 4, 10.75], "texture": "#0"},
				"south": {"uv": [4, 10.5, 4.25, 10.75], "texture": "#0"},
				"west": {"uv": [4.25, 10.5, 4.5, 10.75], "texture": "#0"},
				"up": {"uv": [4.75, 10.75, 4.5, 10.5], "texture": "#0"},
				"down": {"uv": [5, 10.5, 4.75, 10.75], "texture": "#0"}
			}
		},
		{
			"from": [1.146, 5.12, 13.882],
			"to": [1.476, 5.912, 14.212],
			"rotation": {"angle": 0, "axis": "y", "origin": [4.3866, 12.4482, 13.5916]},
			"faces": {
				"north": {"uv": [2, 10.5, 2.25, 10.75], "texture": "#0"},
				"east": {"uv": [2.25, 10.5, 2.5, 10.75], "texture": "#0"},
				"south": {"uv": [2.5, 10.5, 2.75, 10.75], "texture": "#0"},
				"west": {"uv": [2.75, 10.5, 3, 10.75], "texture": "#0"},
				"up": {"uv": [3.25, 10.75, 3, 10.5], "texture": "#0"},
				"down": {"uv": [3.5, 10.5, 3.25, 10.75], "texture": "#0"}
			}
		},
		{
			"from": [1.146, 5.912, 13.882],
			"to": [1.476, 6.572, 14.212],
			"rotation": {"angle": 0, "axis": "y", "origin": [4.3866, 12.4482, 13.5916]},
			"faces": {
				"north": {"uv": [3.5, 10.5, 3.75, 10.75], "texture": "#0"},
				"east": {"uv": [3.75, 10.5, 4, 10.75], "texture": "#0"},
				"south": {"uv": [4, 10.5, 4.25, 10.75], "texture": "#0"},
				"west": {"uv": [4.25, 10.5, 4.5, 10.75], "texture": "#0"},
				"up": {"uv": [4.75, 10.75, 4.5, 10.5], "texture": "#0"},
				"down": {"uv": [5, 10.5, 4.75, 10.75], "texture": "#0"}
			}
		},
		{
			"from": [1.872, 5.846, 12.892],
			"to": [2.268, 6.77, 13.222],
			"rotation": {"angle": 0, "axis": "y", "origin": [4.3866, 12.4482, 13.5916]},
			"faces": {
				"north": {"uv": [0.25, 10.5, 0.5, 10.75], "texture": "#0"},
				"east": {"uv": [0.5, 10.5, 0.75, 10.75], "texture": "#0"},
				"south": {"uv": [1, 10.5, 1.25, 10.75], "texture": "#0"},
				"west": {"uv": [1.25, 10.5, 1.5, 10.75], "texture": "#0"},
				"up": {"uv": [1.75, 10.75, 1.5, 10.5], "texture": "#0"},
				"down": {"uv": [2, 10.5, 1.75, 10.75], "texture": "#0"}
			}
		},
		{
			"from": [11.476, 22.94, 12.958],
			"to": [13.192, 24.194, 14.278],
			"rotation": {"angle": 0, "axis": "y", "origin": [11.6134, 12.4482, 13.5916]},
			"faces": {
				"north": {"uv": [3.5, 10, 3, 10.5], "texture": "#0"},
				"east": {"uv": [8.75, 10, 8.25, 10.5], "texture": "#0"},
				"south": {"uv": [8.25, 10, 7.75, 10.5], "texture": "#0"},
				"west": {"uv": [4.5, 10, 4, 10.5], "texture": "#0"},
				"up": {"uv": [8.75, 10.5, 9.25, 10], "texture": "#0"},
				"down": {"uv": [9.25, 10, 9.75, 10.5], "texture": "#0"}
			}
		},
		{
			"from": [11.476, 24.194, 12.958],
			"to": [13.192, 25.712, 14.278],
			"rotation": {"angle": 0, "axis": "y", "origin": [11.6134, 12.4482, 13.5916]},
			"faces": {
				"north": {"uv": [10.25, 5.25, 9.5, 5.75], "texture": "#0"},
				"east": {"uv": [3, 10, 2.5, 10.5], "texture": "#0"},
				"south": {"uv": [10.25, 7.75, 9.5, 8.25], "texture": "#0"},
				"west": {"uv": [7.25, 9.75, 6.75, 10.25], "texture": "#0"},
				"up": {"uv": [1, 10.25, 1.75, 9.75], "texture": "#0"},
				"down": {"uv": [1.75, 9.75, 2.5, 10.25], "texture": "#0"}
			}
		},
		{
			"from": [11.476, 25.712, 12.958],
			"to": [12.664, 26.042, 14.278],
			"rotation": {"angle": 0, "axis": "y", "origin": [11.6134, 12.4482, 13.5916]},
			"faces": {
				"north": {"uv": [10.75, 3, 10.25, 3.25], "texture": "#0"},
				"east": {"uv": [10.75, 3.75, 10.25, 4], "texture": "#0"},
				"south": {"uv": [10.75, 3.5, 10.25, 3.75], "texture": "#0"},
				"west": {"uv": [10.75, 3.25, 10.25, 3.5], "texture": "#0"},
				"up": {"uv": [3.5, 10.25, 4, 9.75], "texture": "#0"},
				"down": {"uv": [5, 9.75, 5.5, 10.25], "texture": "#0"}
			}
		},
		{
			"from": [11.476, 24.392, 12.562],
			"to": [12.268, 25.976, 14.608],
			"rotation": {"angle": 0, "axis": "y", "origin": [11.6134, 12.4482, 13.5916]},
			"faces": {
				"north": {"uv": [7.75, 10.25, 7.5, 10.75], "texture": "#0"},
				"east": {"uv": [10.25, 4, 9.5, 4.5], "texture": "#0"},
				"south": {"uv": [10.5, 10.25, 10.25, 10.75], "texture": "#0"},
				"west": {"uv": [10.25, 3.5, 9.5, 4], "texture": "#0"},
				"up": {"uv": [5.5, 10.5, 5.75, 9.75], "texture": "#0"},
				"down": {"uv": [0.75, 10.25, 1, 11], "texture": "#0"}
			}
		},
		{
			"from": [12.338, 20.828, 12.958],
			"to": [13.658, 22.94, 14.278],
			"rotation": {"angle": 0, "axis": "y", "origin": [11.6134, 12.4482, 13.5916]},
			"faces": {
				"north": {"uv": [7.25, 3, 6.75, 4.0625], "texture": "#0"},
				"east": {"uv": [7.25, 3.4375, 6.75, 4.5], "texture": "#0"},
				"south": {"uv": [7.25, 3.4375, 6.75, 4.5], "texture": "#0"},
				"west": {"uv": [7.25, 3.4375, 6.75, 4.5], "texture": "#0"},
				"up": {"uv": [9.75, 10.5, 10.25, 10], "texture": "#0"},
				"down": {"uv": [10, 0.75, 10.5, 1.25], "texture": "#0"}
			}
		},
		{
			"from": [12.704, 18.716, 12.958],
			"to": [14.024, 20.828, 14.278],
			"rotation": {"angle": 0, "axis": "y", "origin": [11.6134, 12.4482, 13.5916]},
			"faces": {
				"north": {"uv": [7.25, 3.4375, 6.75, 4.5], "texture": "#0"},
				"east": {"uv": [7.25, 3.4375, 6.75, 4.5], "texture": "#0"},
				"south": {"uv": [7.25, 3.4375, 6.75, 4.5], "texture": "#0"},
				"west": {"uv": [7.25, 3.4375, 6.75, 4.5], "texture": "#0"},
				"up": {"uv": [9.75, 10.5, 10.25, 10], "texture": "#0"},
				"down": {"uv": [10, 0.75, 10.5, 1.25], "texture": "#0"}
			}
		},
		{
			"from": [13.07, 16.604, 12.958],
			"to": [14.39, 18.716, 14.278],
			"rotation": {"angle": 0, "axis": "y", "origin": [11.6134, 12.4482, 13.5916]},
			"faces": {
				"north": {"uv": [7.25, 3.4375, 6.75, 4.5], "texture": "#0"},
				"east": {"uv": [7.25, 3.4375, 6.75, 4.5], "texture": "#0"},
				"south": {"uv": [7.25, 3.4375, 6.75, 4.5], "texture": "#0"},
				"west": {"uv": [7.25, 3.4375, 6.75, 4.5], "texture": "#0"},
				"up": {"uv": [9.75, 10.5, 10.25, 10], "texture": "#0"},
				"down": {"uv": [10, 0.75, 10.5, 1.25], "texture": "#0"}
			}
		},
		{
			"from": [13.436, 14.492, 12.958],
			"to": [14.756, 16.604, 14.278],
			"rotation": {"angle": 0, "axis": "y", "origin": [11.6134, 12.4482, 13.5916]},
			"faces": {
				"north": {"uv": [7.25, 3.4375, 6.75, 4.5], "texture": "#0"},
				"east": {"uv": [7.25, 3.4375, 6.75, 4.5], "texture": "#0"},
				"south": {"uv": [7.25, 3.4375, 6.75, 4.5], "texture": "#0"},
				"west": {"uv": [7.25, 3.4375, 6.75, 4.5], "texture": "#0"},
				"up": {"uv": [9.75, 10.5, 10.25, 10], "texture": "#0"},
				"down": {"uv": [10, 0.75, 10.5, 1.25], "texture": "#0"}
			}
		},
		{
			"from": [13.802, 12.38, 12.958],
			"to": [15.122, 14.492, 14.278],
			"rotation": {"angle": 0, "axis": "y", "origin": [11.6134, 12.4482, 13.5916]},
			"faces": {
				"north": {"uv": [7.25, 3.4375, 6.75, 4.5], "texture": "#0"},
				"east": {"uv": [7.25, 3.4375, 6.75, 4.5], "texture": "#0"},
				"south": {"uv": [7.25, 3.4375, 6.75, 4.5], "texture": "#0"},
				"west": {"uv": [7.25, 3.4375, 6.75, 4.5], "texture": "#0"},
				"up": {"uv": [9.75, 10.5, 10.25, 10], "texture": "#0"},
				"down": {"uv": [10, 0.75, 10.5, 1.25], "texture": "#0"}
			}
		},
		{
			"from": [14.168, 10.268, 12.958],
			"to": [15.488, 12.38, 14.278],
			"rotation": {"angle": 0, "axis": "y", "origin": [11.6134, 12.4482, 13.5916]},
			"faces": {
				"north": {"uv": [7.25, 3.4375, 6.75, 4.5], "texture": "#0"},
				"east": {"uv": [7.25, 3.4375, 6.75, 4.5], "texture": "#0"},
				"south": {"uv": [7.25, 3.4375, 6.75, 4.5], "texture": "#0"},
				"west": {"uv": [7.25, 3.4375, 6.75, 4.5], "texture": "#0"},
				"up": {"uv": [9.75, 10.5, 10.25, 10], "texture": "#0"},
				"down": {"uv": [10, 0.75, 10.5, 1.25], "texture": "#0"}
			}
		},
		{
			"from": [14.534, 7.694, 12.958],
			"to": [15.854, 10.268, 14.278],
			"rotation": {"angle": 0, "axis": "y", "origin": [11.6134, 12.4482, 13.5916]},
			"faces": {
				"north": {"uv": [7.25, 2.9375, 6.75, 3.375], "rotation": 180, "texture": "#0"},
				"east": {"uv": [7.25, 2.9375, 6.75, 3.375], "rotation": 180, "texture": "#0"},
				"south": {"uv": [7.25, 2.9375, 6.75, 3.375], "rotation": 180, "texture": "#0"},
				"west": {"uv": [7.25, 2.9375, 6.75, 3.375], "rotation": 180, "texture": "#0"},
				"up": {"uv": [9.75, 10.5, 10.25, 10], "texture": "#0"},
				"down": {"uv": [10.5, 2.25, 10, 2.75], "texture": "#0"}
			}
		},
		{
			"from": [14.6, 7.166, 13.024],
			"to": [15.788, 7.694, 14.212],
			"rotation": {"angle": 0, "axis": "y", "origin": [11.6134, 12.4482, 13.5916]},
			"faces": {
				"north": {"uv": [10.75, 4, 10.25, 4.25], "texture": "#0"},
				"east": {"uv": [10.75, 5.5, 10.25, 5.75], "texture": "#0"},
				"south": {"uv": [10.75, 4, 10.25, 4.25], "texture": "#0"},
				"west": {"uv": [10.75, 5.5, 10.25, 5.75], "texture": "#0"},
				"up": {"uv": [10, 7, 10.5, 6.5], "texture": "#0"},
				"down": {"uv": [10.75, 5.5, 10.25, 5.75], "texture": "#0"}
			}
		},
		{
			"from": [14.666, 6.506, 13.024],
			"to": [15.788, 7.166, 14.212],
			"rotation": {"angle": 0, "axis": "y", "origin": [11.6134, 12.4482, 13.5916]},
			"faces": {
				"north": {"uv": [10.75, 4, 10.25, 4.25], "texture": "#0"},
				"east": {"uv": [10.75, 5.5, 10.25, 5.75], "texture": "#0"},
				"south": {"uv": [10.75, 4, 10.25, 4.25], "texture": "#0"},
				"west": {"uv": [10.75, 5.5, 10.25, 5.75], "texture": "#0"},
				"up": {"uv": [10, 7, 10.5, 6.5], "texture": "#0"},
				"down": {"uv": [10.75, 5.5, 10.25, 5.75], "texture": "#0"}
			}
		},
		{
			"from": [15.524, 5.12, 13.09],
			"to": [15.854, 5.912, 13.42],
			"rotation": {"angle": 0, "axis": "y", "origin": [11.6134, 12.4482, 13.5916]},
			"faces": {
				"north": {"uv": [2.25, 10.5, 2, 10.75], "texture": "#0"},
				"east": {"uv": [3, 10.5, 2.75, 10.75], "texture": "#0"},
				"south": {"uv": [2.75, 10.5, 2.5, 10.75], "texture": "#0"},
				"west": {"uv": [2.5, 10.5, 2.25, 10.75], "texture": "#0"},
				"up": {"uv": [3, 10.75, 3.25, 10.5], "texture": "#0"},
				"down": {"uv": [3.25, 10.5, 3.5, 10.75], "texture": "#0"}
			}
		},
		{
			"from": [15.524, 5.912, 13.09],
			"to": [15.854, 6.572, 13.42],
			"rotation": {"angle": 0, "axis": "y", "origin": [11.6134, 12.4482, 13.5916]},
			"faces": {
				"north": {"uv": [3.75, 10.5, 3.5, 10.75], "texture": "#0"},
				"east": {"uv": [4.5, 10.5, 4.25, 10.75], "texture": "#0"},
				"south": {"uv": [4.25, 10.5, 4, 10.75], "texture": "#0"},
				"west": {"uv": [4, 10.5, 3.75, 10.75], "texture": "#0"},
				"up": {"uv": [4.5, 10.75, 4.75, 10.5], "texture": "#0"},
				"down": {"uv": [4.75, 10.5, 5, 10.75], "texture": "#0"}
			}
		},
		{
			"from": [15.524, 5.12, 13.486],
			"to": [15.854, 5.912, 13.816],
			"rotation": {"angle": 0, "axis": "y", "origin": [11.6134, 12.4482, 13.5916]},
			"faces": {
				"north": {"uv": [2.25, 10.5, 2, 10.75], "texture": "#0"},
				"east": {"uv": [3, 10.5, 2.75, 10.75], "texture": "#0"},
				"south": {"uv": [2.75, 10.5, 2.5, 10.75], "texture": "#0"},
				"west": {"uv": [2.5, 10.5, 2.25, 10.75], "texture": "#0"},
				"up": {"uv": [3, 10.75, 3.25, 10.5], "texture": "#0"},
				"down": {"uv": [3.25, 10.5, 3.5, 10.75], "texture": "#0"}
			}
		},
		{
			"from": [15.524, 5.912, 13.486],
			"to": [15.854, 6.572, 13.816],
			"rotation": {"angle": 0, "axis": "y", "origin": [11.6134, 12.4482, 13.5916]},
			"faces": {
				"north": {"uv": [3.75, 10.5, 3.5, 10.75], "texture": "#0"},
				"east": {"uv": [4.5, 10.5, 4.25, 10.75], "texture": "#0"},
				"south": {"uv": [4.25, 10.5, 4, 10.75], "texture": "#0"},
				"west": {"uv": [4, 10.5, 3.75, 10.75], "texture": "#0"},
				"up": {"uv": [4.5, 10.75, 4.75, 10.5], "texture": "#0"},
				"down": {"uv": [4.75, 10.5, 5, 10.75], "texture": "#0"}
			}
		},
		{
			"from": [15.524, 5.12, 13.882],
			"to": [15.854, 5.912, 14.212],
			"rotation": {"angle": 0, "axis": "y", "origin": [11.6134, 12.4482, 13.5916]},
			"faces": {
				"north": {"uv": [2.25, 10.5, 2, 10.75], "texture": "#0"},
				"east": {"uv": [3, 10.5, 2.75, 10.75], "texture": "#0"},
				"south": {"uv": [2.75, 10.5, 2.5, 10.75], "texture": "#0"},
				"west": {"uv": [2.5, 10.5, 2.25, 10.75], "texture": "#0"},
				"up": {"uv": [3, 10.75, 3.25, 10.5], "texture": "#0"},
				"down": {"uv": [3.25, 10.5, 3.5, 10.75], "texture": "#0"}
			}
		},
		{
			"from": [15.524, 5.912, 13.882],
			"to": [15.854, 6.572, 14.212],
			"rotation": {"angle": 0, "axis": "y", "origin": [11.6134, 12.4482, 13.5916]},
			"faces": {
				"north": {"uv": [3.75, 10.5, 3.5, 10.75], "texture": "#0"},
				"east": {"uv": [4.5, 10.5, 4.25, 10.75], "texture": "#0"},
				"south": {"uv": [4.25, 10.5, 4, 10.75], "texture": "#0"},
				"west": {"uv": [4, 10.5, 3.75, 10.75], "texture": "#0"},
				"up": {"uv": [4.5, 10.75, 4.75, 10.5], "texture": "#0"},
				"down": {"uv": [4.75, 10.5, 5, 10.75], "texture": "#0"}
			}
		},
		{
			"from": [14.732, 5.846, 12.892],
			"to": [15.128, 6.77, 13.222],
			"rotation": {"angle": 0, "axis": "y", "origin": [11.6134, 12.4482, 13.5916]},
			"faces": {
				"north": {"uv": [0.5, 10.5, 0.25, 10.75], "texture": "#0"},
				"east": {"uv": [1.5, 10.5, 1.25, 10.75], "texture": "#0"},
				"south": {"uv": [1.25, 10.5, 1, 10.75], "texture": "#0"},
				"west": {"uv": [0.75, 10.5, 0.5, 10.75], "texture": "#0"},
				"up": {"uv": [1.5, 10.75, 1.75, 10.5], "texture": "#0"},
				"down": {"uv": [1.75, 10.5, 2, 10.75], "texture": "#0"}
			}
		}
	],
	"display": {
		"head": {
			"translation": [-1.25, -26.5, -14],
			"scale": [2.54, 2.54, 2.54]
		}
	},
	"groups": [
		{
			"name": "group",
			"origin": [16.1, 33.5, 22],
			"children": [
				{
					"name": "pierna1",
					"origin": [14.4, 9.2, 15],
					"children": [0, 1,
						{
							"name": "pierna2",
							"origin": [12, -6.5, 15],
							"children": [2,
								{
									"name": "zapato",
									"origin": [12, -7, 15],
									"children": [3, 4, 5, 6, 7]
								}
							]
						}
					]
				},
				{
					"name": "pierna2",
					"origin": [14.4, 9.2, 15],
					"children": [8, 9,
						{
							"name": "pierna2",
							"origin": [12, -6.5, 15],
							"children": [10,
								{
									"name": "zapato",
									"origin": [12, -7, 15],
									"children": [11, 12, 13, 14, 15]
								}
							]
						}
					]
				},
				{
					"name": "cuerpo",
					"origin": [12, 30.9, 15],
					"children": [16,
						{
							"name": "cuerpo2",
							"origin": [12, 30.9, 15],
							"children": [17,
								{
									"name": "cuerpo3",
									"origin": [12, 30.9, 15],
									"children": [18,
										{
											"name": "cuerpo4",
											"origin": [12, 30.9, 15],
											"children": [19, 20, 21]
										},
										{
											"name": "tentaculos",
											"origin": [3.55635, 24.74874, 17.5],
											"children": [
												{
													"name": "tentaculo1",
													"origin": [3.55635, 24.74874, 17.5],
													"children": [22, 23, 24, 25, 26, 27, 28, 29, 30]
												},
												{
													"name": "tentaculo1",
													"origin": [3.55635, 24.74874, 17.5],
													"children": [31, 32, 33, 34, 35, 36, 37, 38, 39]
												},
												{
													"name": "tentaculo1",
													"origin": [3.55635, 24.74874, 17.5],
													"children": [40, 41, 42, 43, 44, 45, 46, 47, 48]
												},
												{
													"name": "tentaculo1",
													"origin": [3.55635, 24.74874, 17.5],
													"children": [49, 50, 51, 52, 53, 54, 55, 56, 57]
												},
												{
													"name": "tentaculo1",
													"origin": [3.55635, 24.74874, 17.5],
													"children": [58, 59, 60, 61, 62, 63, 64, 65, 66]
												},
												{
													"name": "tentaculo1",
													"origin": [3.55635, 24.74874, 17.5],
													"children": [67, 68, 69, 70, 71, 72, 73, 74, 75]
												}
											]
										}
									]
								}
							]
						}
					]
				},
				{
					"name": "cabeza",
					"origin": [12.4, 33, 15],
					"children": [76,
						{
							"name": "cabeza2",
							"origin": [12.4, 33, 15],
							"children": [
								{
									"name": "boca1",
									"origin": [12.4, 37.7, 15],
									"children": [77, 78, 79, 80, 81, 82]
								},
								{
									"name": "boca2",
									"origin": [12.4, 33, 15],
									"children": [83, 84, 85, 86, 87]
								}
							]
						}
					]
				},
				{
					"name": "brazo1",
					"origin": [3, 25.2, 15],
					"children": [88, 89, 90, 91,
						{
							"name": "brazo2",
							"origin": [2.6, 20.9, 14.9],
							"children": [92, 93, 94, 95, 96, 97, 98,
								{
									"name": "brazo3",
									"origin": [2.6, 10.3, 14.9],
									"children": [
										{
											"name": "mano",
											"origin": [2.6, 0, 15],
											"children": [99, 100,
												{
													"name": "dedo1",
													"origin": [2.2, -1.7, 15],
													"children": [101, 102]
												},
												{
													"name": "dedo2",
													"origin": [2.2, -1.7, 15.6],
													"children": [103, 104]
												},
												{
													"name": "dedo3",
													"origin": [2.2, -1.7, 16.2],
													"children": [105, 106]
												},
												{
													"name": "pulgar",
													"origin": [3.3, -1.4, 13.4],
													"children": [107]
												}
											]
										}
									]
								}
							]
						}
					]
				},
				{
					"name": "brazo1",
					"origin": [3, 25.2, 15],
					"children": [108, 109, 110, 111,
						{
							"name": "brazo2",
							"origin": [2.6, 20.9, 14.9],
							"children": [112, 113, 114, 115, 116, 117, 118,
								{
									"name": "brazo3",
									"origin": [2.6, 10.3, 14.9],
									"children": [
										{
											"name": "mano",
											"origin": [2.6, 0, 15],
											"children": [119, 120,
												{
													"name": "dedo1",
													"origin": [2.2, -1.7, 15],
													"children": [121, 122]
												},
												{
													"name": "dedo2",
													"origin": [2.2, -1.7, 15.6],
													"children": [123, 124]
												},
												{
													"name": "dedo3",
													"origin": [2.2, -1.7, 16.2],
													"children": [125, 126]
												},
												{
													"name": "pulgar",
													"origin": [3.3, -1.4, 13.4],
													"children": [127]
												}
											]
										}
									]
								}
							]
						}
					]
				}
			]
		}
	]
}